event_id,client_id,segment,usual_window_kwh,acceptance_rate,month_to_date_kwh,projected_month_kwh,steg_band_millimes,projected_band_millimes,usual_evening_kwh,segment_median_evening_kwh,vs_similar_households_pct,comparison_message,peak_start,peak_end,as_of
1,C002,Large evening-peak households,1.10313,,52.306133333333335,353.7796654545455,96,341,3.0334266666666663,3.5564541666666667,-14.706431616696891,You use 15% less than households like yours in the evening.,2025-01-06 21:00:00,2025-01-06 23:00:00,2025-01-05 14:00:00
1,C007,Large evening-peak households,2.934883333333333,,70.33115833333332,475.6943799999999,96,341,4.16762,3.5564541666666667,17.18469589912237,You use 17% more than households like yours in the evening.,2025-01-06 21:00:00,2025-01-06 23:00:00,2025-01-05 14:00:00
1,C009,Large evening-peak households,1.5609266666666666,,55.7589,377.1329236363636,96,341,3.301786666666666,3.5564541666666667,-7.160713679003794,You use 7% less than households like yours in the evening.,2025-01-06 21:00:00,2025-01-06 23:00:00,2025-01-05 14:00:00
1,C010,Large evening-peak households,1.807665,,64.84750833333334,438.6049654545455,96,341,3.2765866666666668,3.5564541666666667,-7.869284598775228,You use 8% less than households like yours in the evening.,2025-01-06 21:00:00,2025-01-06 23:00:00,2025-01-05 14:00:00
1,C011,Large evening-peak households,2.209783333333333,,56.76784166666667,383.95703818181823,96,341,3.2241233333333335,3.5564541666666667,-9.344443025532211,You use 9% less than households like yours in the evening.,2025-01-06 21:00:00,2025-01-06 23:00:00,2025-01-05 14:00:00
1,C013,Large evening-peak households,1.6786883333333331,,62.75168333333333,424.4295672727273,96,341,2.9590266666666665,3.5564541666666667,-16.79840290364115,You use 17% less than households like yours in the evening.,2025-01-06 21:00:00,2025-01-06 23:00:00,2025-01-05 14:00:00
1,C015,Large evening-peak households,3.3576183333333334,,75.40925,510.04074545454546,96,414,5.461695000000001,3.5564541666666667,53.571359113536566,You use 54% more than households like yours in the evening.,2025-01-06 21:00:00,2025-01-06 23:00:00,2025-01-05 14:00:00
1,C016,Large evening-peak households,1.9359283333333335,,53.67722499999999,363.05323090909087,96,341,3.0536966666666663,3.5564541666666667,-14.136481912579136,You use 14% less than households like yours in the evening.,2025-01-06 21:00:00,2025-01-06 23:00:00,2025-01-05 14:00:00
1,C021,Large evening-peak households,2.6684416666666664,,71.70695,484.99973454545466,96,341,4.54591,3.5564541666666667,27.821413884850198,You use 28% more than households like yours in the evening.,2025-01-06 21:00:00,2025-01-06 23:00:00,2025-01-05 14:00:00
1,C022,Large evening-peak households,3.4160933333333334,,84.60898333333334,572.2643963636365,96,414,6.04978,3.5564541666666667,70.10707059582988,You use 70% more than households like yours in the evening.,2025-01-06 21:00:00,2025-01-06 23:00:00,2025-01-05 14:00:00
1,C023,Large evening-peak households,1.7372799999999997,,52.88126666666667,357.66965818181825,96,341,3.4151716666666667,3.5564541666666667,-3.9725663084368867,In the evening you use about the same as households like yours.,2025-01-06 21:00:00,2025-01-06 23:00:00,2025-01-05 14:00:00
1,C027,Large evening-peak households,0.62515,,42.08125833333333,284.6223290909091,62,218,1.5261766666666667,3.5564541666666667,-57.08712680818559,You use 57% less than households like yours in the evening.,2025-01-06 21:00:00,2025-01-06 23:00:00,2025-01-05 14:00:00
1,C029,Large evening-peak households,2.144565,,65.051425,439.98418363636364,96,341,3.949205,3.5564541666666667,11.043326159365186,You use 11% more than households like yours in the evening.,2025-01-06 21:00:00,2025-01-06 23:00:00,2025-01-05 14:00:00
1,C031,Large evening-peak households,2.7790533333333336,,61.41724166666667,415.40388909090916,96,341,4.807721666666667,3.5564541666666667,35.183006482346066,You use 35% more than households like yours in the evening.,2025-01-06 21:00:00,2025-01-06 23:00:00,2025-01-05 14:00:00
1,C033,Large evening-peak households,2.2774333333333336,,70.80714999999998,478.91381454545444,96,341,4.02715,3.5564541666666667,13.234975379269365,You use 13% more than households like yours in the evening.,2025-01-06 21:00:00,2025-01-06 23:00:00,2025-01-05 14:00:00
1,C034,Large evening-peak households,2.2027200000000002,,61.50421666666668,415.99215636363647,96,341,3.6977366666666667,3.5564541666666667,3.972566308436898,In the evening you use about the same as households like yours.,2025-01-06 21:00:00,2025-01-06 23:00:00,2025-01-05 14:00:00
1,C035,Large evening-peak households,1.6037716666666668,,51.36298333333333,347.40054181818186,96,341,2.427766666666667,3.5564541666666667,-31.736315079743516,You use 32% less than households like yours in the evening.,2025-01-06 21:00:00,2025-01-06 23:00:00,2025-01-05 14:00:00
1,C042,Large evening-peak households,2.4670383333333334,,66.77351666666667,451.6317854545455,96,341,4.353358333333333,3.5564541666666667,22.407266600980137,You use 22% more than households like yours in the evening.,2025-01-06 21:00:00,2025-01-06 23:00:00,2025-01-05 14:00:00
1,C005,"Daytime-occupied, high base load",2.6260649999999996,,82.44019999999999,557.5955345454545,96,414,5.146855,4.746429999999999,8.436340575969759,You use 8% more than households like yours in the evening.,2025-01-06 21:00:00,2025-01-06 23:00:00,2025-01-05 14:00:00
1,C019,"Daytime-occupied, high base load",1.9527100000000002,,64.51830000000001,436.3783200000001,96,341,3.0186400000000004,4.746429999999999,-36.401885206355075,You use 36% less than households like yours in the evening.,2025-01-06 21:00:00,2025-01-06 23:00:00,2025-01-05 14:00:00
1,C024,"Daytime-occupied, high base load",1.3471133333333334,,53.646874999999994,362.84795454545457,96,341,3.5331583333333327,4.746429999999999,-25.561773094023653,You use 26% less than households like yours in the evening.,2025-01-06 21:00:00,2025-01-06 23:00:00,2025-01-05 14:00:00
1,C037,"Daytime-occupied, high base load",3.1051200000000003,,70.78912500000001,478.7919000000001,96,341,5.01908,4.746429999999999,5.744317307955682,You use 6% more than households like yours in the evening.,2025-01-06 21:00:00,2025-01-06 23:00:00,2025-01-05 14:00:00
1,C041,"Daytime-occupied, high base load",2.0013933333333336,,76.94889166666667,520.4543218181818,96,414,4.746429999999999,4.746429999999999,0.0,In the evening you use about the same as households like yours.,2025-01-06 21:00:00,2025-01-06 23:00:00,2025-01-05 14:00:00
1,C044,"Daytime-occupied, high base load",2.4681100000000002,,69.295875,468.6921,96,341,4.170066666666667,4.746429999999999,-12.143091404135998,You use 12% less than households like yours in the evening.,2025-01-06 21:00:00,2025-01-06 23:00:00,2025-01-05 14:00:00
1,C047,"Daytime-occupied, high base load",2.962108333333333,,85.26556666666667,576.7052872727273,96,414,5.176161666666667,4.746429999999999,9.053787091912625,You use 9% more than households like yours in the evening.,2025-01-06 21:00:00,2025-01-06 23:00:00,2025-01-05 14:00:00
1,C001,Medium AC users,1.8099316666666667,,55.379599999999996,374.5674763636364,96,341,2.2168166666666664,2.2640116666666663,-2.0845740635906607,In the evening you use about the same as households like yours.,2025-01-06 21:00:00,2025-01-06 23:00:00,2025-01-05 14:00:00
1,C004,Medium AC users,1.3919133333333336,,47.560633333333335,321.68282909090914,62,341,2.501095,2.2640116666666663,10.471824718217748,You use 10% more than households like yours in the evening.,2025-01-06 21:00:00,2025-01-06 23:00:00,2025-01-05 14:00:00
1,C008,Medium AC users,0.9716983333333333,,41.61096666666666,281.44144727272726,62,218,1.9532833333333333,2.2640116666666663,-13.724678980600057,You use 14% less than households like yours in the evening.,2025-01-06 21:00:00,2025-01-06 23:00:00,2025-01-05 14:00:00
1,C012,Medium AC users,1.2783733333333334,,43.48568333333333,294.12134909090906,62,218,2.604526666666667,2.2640116666666663,15.04033768966153,You use 15% more than households like yours in the evening.,2025-01-06 21:00:00,2025-01-06 23:00:00,2025-01-05 14:00:00
1,C014,Medium AC users,0.7174466666666666,,42.21556666666666,285.53074181818175,62,218,1.5132883333333331,2.2640116666666663,-33.158986960461775,You use 33% less than households like yours in the evening.,2025-01-06 21:00:00,2025-01-06 23:00:00,2025-01-05 14:00:00
1,C017,Medium AC users,1.9575883333333333,,47.917208333333335,324.09457272727275,62,341,2.7154866666666666,2.2640116666666663,19.94137250470589,You use 20% more than households like yours in the evening.,2025-01-06 21:00:00,2025-01-06 23:00:00,2025-01-05 14:00:00
1,C020,Medium AC users,2.2273566666666667,,53.419291666666666,361.30866363636363,96,341,3.1383933333333336,2.2640116666666663,38.62089933282149,You use 39% more than households like yours in the evening.,2025-01-06 21:00:00,2025-01-06 23:00:00,2025-01-05 14:00:00
1,C025,Medium AC users,0.6696116666666667,,33.97134166666666,229.76980181818178,62,218,1.425615,2.2640116666666663,-37.03146406047671,You use 37% less than households like yours in the evening.,2025-01-06 21:00:00,2025-01-06 23:00:00,2025-01-05 14:00:00
1,C028,Medium AC users,1.9508416666666666,,53.166675,359.6000563636364,96,341,2.2640116666666663,2.2640116666666663,0.0,In the evening you use about the same as households like yours.,2025-01-06 21:00:00,2025-01-06 23:00:00,2025-01-05 14:00:00
1,C030,Medium AC users,1.1348833333333332,,38.68686666666667,261.6638981818182,62,218,2.1501683333333332,2.2640116666666663,-5.028389871371386,You use 5% less than households like yours in the evening.,2025-01-06 21:00:00,2025-01-06 23:00:00,2025-01-05 14:00:00
1,C032,Medium AC users,1.7035699999999998,,47.11574166666666,318.6737436363636,62,341,3.4957183333333335,2.2640116666666663,54.403724362433394,You use 54% more than households like yours in the evening.,2025-01-06 21:00:00,2025-01-06 23:00:00,2025-01-05 14:00:00
1,C036,Medium AC users,1.8905833333333333,,55.74371666666667,377.0302290909092,96,341,2.45864,2.2640116666666663,8.596613533351949,You use 9% more than households like yours in the evening.,2025-01-06 21:00:00,2025-01-06 23:00:00,2025-01-05 14:00:00
1,C038,Medium AC users,0.5723116666666666,,29.024166666666666,196.3089090909091,62,176,1.23027,2.2640116666666663,-45.65973231881166,You use 46% less than households like yours in the evening.,2025-01-06 21:00:00,2025-01-06 23:00:00,2025-01-05 14:00:00
1,C039,Medium AC users,0.40676666666666667,,24.9869,169.00230545454545,62,176,0.9361433333333334,2.2640116666666663,-58.65112591439825,You use 59% less than households like yours in the evening.,2025-01-06 21:00:00,2025-01-06 23:00:00,2025-01-05 14:00:00
1,C040,Medium AC users,1.3546633333333333,,35.89675833333333,242.79262,62,218,1.8733,2.2640116666666663,-17.257493519983324,You use 17% less than households like yours in the evening.,2025-01-06 21:00:00,2025-01-06 23:00:00,2025-01-05 14:00:00
1,C048,Medium AC users,1.7676100000000001,,54.463274999999996,368.3697872727273,96,341,3.31263,2.2640116666666663,46.316825516947446,You use 46% more than households like yours in the evening.,2025-01-06 21:00:00,2025-01-06 23:00:00,2025-01-05 14:00:00
1,C049,Medium AC users,1.8190033333333333,,53.86740833333332,364.3395618181818,96,341,3.4075966666666666,2.2640116666666663,50.511444655394165,You use 51% more than households like yours in the evening.,2025-01-06 21:00:00,2025-01-06 23:00:00,2025-01-05 14:00:00
1,C003,Low consumers without AC,2.398166666666667,,65.51274166666667,443.10436181818187,96,341,4.552506666666667,2.4642166666666663,84.7445773842939,You use 85% more than households like yours in the evening.,2025-01-06 21:00:00,2025-01-06 23:00:00,2025-01-05 14:00:00
1,C006,Low consumers without AC,1.873435,,41.46830833333333,280.4765581818182,62,218,2.779945,2.4642166666666663,12.81252324944373,You use 13% more than households like yours in the evening.,2025-01-06 21:00:00,2025-01-06 23:00:00,2025-01-05 14:00:00
1,C018,Low consumers without AC,1.7680433333333334,,38.945225,263.41134,62,218,2.3691166666666668,2.4642166666666663,-3.859238568037149,In the evening you use about the same as households like yours.,2025-01-06 21:00:00,2025-01-06 23:00:00,2025-01-05 14:00:00
1,C026,Low consumers without AC,1.8915333333333333,,48.569575,328.50694363636364,62,341,2.5573166666666665,2.4642166666666663,3.778076873651548,In the evening you use about the same as households like yours.,2025-01-06 21:00:00,2025-01-06 23:00:00,2025-01-05 14:00:00
1,C043,Low consumers without AC,0.7348833333333333,,38.3147,259.14669818181824,62,218,1.33443,2.4642166666666663,-45.847700080485346,You use 46% less than households like yours in the evening.,2025-01-06 21:00:00,2025-01-06 23:00:00,2025-01-05 14:00:00
1,C045,Low consumers without AC,0.8510466666666666,,48.13634999999999,325.57676727272724,62,341,2.3711166666666665,2.4642166666666663,-3.778076873651526,In the evening you use about the same as households like yours.,2025-01-06 21:00:00,2025-01-06 23:00:00,2025-01-05 14:00:00
1,C046,Low consumers without AC,1.715175,,33.11703333333333,223.9915709090909,62,218,2.268355,2.4642166666666663,-7.948232365931007,You use 8% less than households like yours in the evening.,2025-01-06 21:00:00,2025-01-06 23:00:00,2025-01-05 14:00:00
1,C050,Low consumers without AC,1.7697749999999999,,44.048983333333325,297.93130545454545,62,218,2.81747,2.4642166666666663,14.335319540354297,You use 14% more than households like yours in the evening.,2025-01-06 21:00:00,2025-01-06 23:00:00,2025-01-05 14:00:00
2,C002,Large evening-peak households,2.1700033333333333,,62.97751666666667,349.6662119402986,96,341,4.004246666666667,5.02883,-20.37418909236012,You use 20% less than households like yours in the evening.,2025-01-07 20:00:00,2025-01-07 22:00:00,2025-01-06 14:00:00
2,C007,Large evening-peak households,2.9516199999999997,,82.22345833333333,456.52427611940294,96,341,4.79993,5.02883,-4.551754583073997,In the evening you use about the same as households like yours.,2025-01-07 20:00:00,2025-01-07 22:00:00,2025-01-06 14:00:00
2,C009,Large evening-peak households,1.9577533333333332,,63.64671666666667,353.3817701492537,96,341,3.67493,5.02883,-26.92276334654383,You use 27% less than households like yours in the evening.,2025-01-07 20:00:00,2025-01-07 22:00:00,2025-01-06 14:00:00
2,C010,Large evening-peak households,2.700156666666667,,81.31230833333333,451.4653537313433,96,341,4.756656666666666,5.02883,-5.4122595779402705,You use 5% less than households like yours in the evening.,2025-01-07 20:00:00,2025-01-07 22:00:00,2025-01-06 14:00:00
2,C011,Large evening-peak households,2.8447166666666663,,78.8469,437.7768179104478,96,341,4.713456666666667,5.02883,-6.271306314457503,You use 6% less than households like yours in the evening.,2025-01-07 20:00:00,2025-01-07 22:00:00,2025-01-06 14:00:00
2,C013,Large evening-peak households,1.96404,,74.19342500000002,411.9396134328359,96,341,3.8134433333333333,5.02883,-24.168378463115015,You use 24% less than households like yours in the evening.,2025-01-07 20:00:00,2025-01-07 22:00:00,2025-01-06 14:00:00
2,C015,Large evening-peak households,4.5931766666666665,,100.96591666666666,560.5868805970149,176,414,7.269445,5.02883,44.555393600499514,You use 45% more than households like yours in the evening.,2025-01-07 20:00:00,2025-01-07 22:00:00,2025-01-06 14:00:00
2,C016,Large evening-peak households,3.4513366666666663,,79.26181666666668,440.0805343283583,96,341,5.133193333333334,5.02883,2.075300484075493,In the evening you use about the same as households like yours.,2025-01-07 20:00:00,2025-01-07 22:00:00,2025-01-06 14:00:00
2,C021,Large evening-peak households,3.48395,,91.83680833333332,509.8998910447761,96,414,6.273263333333333,5.02883,24.745981338270195,You use 25% more than households like yours in the evening.,2025-01-07 20:00:00,2025-01-07 22:00:00,2025-01-06 14:00:00
2,C022,Large evening-peak households,4.9891950000000005,,108.49279166666668,602.3778880597016,176,414,8.5614,5.02883,70.2463594911739,You use 70% more than households like yours in the evening.,2025-01-07 20:00:00,2025-01-07 22:00:00,2025-01-06 14:00:00
2,C023,Large evening-peak households,3.1681766666666666,,70.77728333333333,392.9723791044776,96,341,5.146551666666666,5.02883,2.3409354992446785,In the evening you use about the same as households like yours.,2025-01-07 20:00:00,2025-01-07 22:00:00,2025-01-06 14:00:00
2,C027,Large evening-peak households,0.9965900000000001,,47.90001666666667,265.9523313432836,62,218,1.6450100000000003,5.02883,-67.2884149991151,You use 67% less than households like yours in the evening.,2025-01-07 20:00:00,2025-01-07 22:00:00,2025-01-06 14:00:00
2,C029,Large evening-peak households,3.599694999999999,,90.11391666666667,500.33398507462687,96,414,6.2425733333333335,5.02883,24.13570021920275,You use 24% more than households like yours in the evening.,2025-01-07 20:00:00,2025-01-07 22:00:00,2025-01-06 14:00:00
2,C031,Large evening-peak households,3.1873266666666664,,72.42761666666667,402.13542388059705,96,341,5.3820049999999995,5.02883,7.023005351145284,You use 7% more than households like yours in the evening.,2025-01-07 20:00:00,2025-01-07 22:00:00,2025-01-06 14:00:00
2,C033,Large evening-peak households,2.8693999999999997,,81.86888333333333,454.5555910447761,96,341,4.98095,5.02883,-0.9521101329732828,In the evening you use about the same as households like yours.,2025-01-07 20:00:00,2025-01-07 22:00:00,2025-01-06 14:00:00
2,C034,Large evening-peak households,3.5528333333333335,,79.67543333333333,442.3770328358209,96,341,5.07671,5.02883,0.9521101329732717,In the evening you use about the same as households like yours.,2025-01-07 20:00:00,2025-01-07 22:00:00,2025-01-06 14:00:00
2,C035,Large evening-peak households,2.5844633333333333,,68.59001666666667,380.828152238806,96,341,4.367473333333334,5.02883,-13.15130292069261,You use 13% less than households like yours in the evening.,2025-01-07 20:00:00,2025-01-07 22:00:00,2025-01-06 14:00:00
2,C042,Large evening-peak households,3.0340649999999996,,87.79595833333333,487.46412686567163,96,341,6.02777,5.02883,19.864262661493836,You use 20% more than households like yours in the evening.,2025-01-07 20:00:00,2025-01-07 22:00:00,2025-01-06 14:00:00
2,C005,"Daytime-occupied, high base load",3.1775066666666665,,94.19669166666667,523.0025268656716,96,414,6.187428333333334,5.914796666666666,4.6093159584522425,In the evening you use about the same as households like yours.,2025-01-07 20:00:00,2025-01-07 22:00:00,2025-01-06 14:00:00
2,C019,"Daytime-occupied, high base load",2.699746666666667,,83.33438333333334,462.6923970149254,96,341,4.703426666666667,5.914796666666666,-20.480332093692688,You use 20% less than households like yours in the evening.,2025-01-07 20:00:00,2025-01-07 22:00:00,2025-01-06 14:00:00
2,C024,"Daytime-occupied, high base load",3.372063333333333,,77.389175,429.68318059701494,96,341,5.346338333333334,5.914796666666666,-9.610784028078712,You use 10% less than households like yours in the evening.,2025-01-07 20:00:00,2025-01-07 22:00:00,2025-01-06 14:00:00
2,C037,"Daytime-occupied, high base load",4.21081,,86.10323333333334,478.0657134328358,96,341,6.058436666666667,5.914796666666666,2.428485848203321,In the evening you use about the same as households like yours.,2025-01-07 20:00:00,2025-01-07 22:00:00,2025-01-06 14:00:00
2,C041,"Daytime-occupied, high base load",2.9424066666666664,,89.80222499999999,498.60339850746266,96,341,5.337226666666667,5.914796666666666,-9.764832716142946,You use 10% less than households like yours in the evening.,2025-01-07 20:00:00,2025-01-07 22:00:00,2025-01-06 14:00:00
2,C044,"Daytime-occupied, high base load",3.030643333333334,,89.65918333333333,497.80919701492536,96,341,5.914796666666666,5.914796666666666,0.0,In the evening you use about the same as households like yours.,2025-01-07 20:00:00,2025-01-07 22:00:00,2025-01-06 14:00:00
2,C047,"Daytime-occupied, high base load",3.5649116666666663,,99.10736666666665,550.2677671641791,96,414,6.2981516666666675,5.914796666666666,6.481287888735565,You use 6% more than households like yours in the evening.,2025-01-07 20:00:00,2025-01-07 22:00:00,2025-01-06 14:00:00
2,C001,Medium AC users,1.6756816666666665,,64.1072,355.93848358208965,96,341,2.5422233333333333,2.8627333333333334,-11.195943270999742,You use 11% less than households like yours in the evening.,2025-01-07 20:00:00,2025-01-07 22:00:00,2025-01-06 14:00:00
2,C004,Medium AC users,1.4315483333333334,,61.037075,338.89241641791045,96,341,2.856655,2.8627333333333334,-0.212326215039238,In the evening you use about the same as households like yours.,2025-01-07 20:00:00,2025-01-07 22:00:00,2025-01-06 14:00:00
2,C008,Medium AC users,2.026768333333333,,57.99868333333333,322.02254029850747,96,341,3.2543100000000003,2.8627333333333334,13.6784192263804,You use 14% more than households like yours in the evening.,2025-01-07 20:00:00,2025-01-07 22:00:00,2025-01-06 14:00:00
2,C012,Medium AC users,2.3630799999999996,,52.698425,292.5942402985075,96,218,3.281386666666667,2.8627333333333334,14.624251880487193,You use 15% more than households like yours in the evening.,2025-01-07 20:00:00,2025-01-07 22:00:00,2025-01-06 14:00:00
2,C014,Medium AC users,1.4490199999999998,,59.97355833333333,332.9875179104477,96,341,2.3830216666666666,2.8627333333333334,-16.757120234740697,You use 17% less than households like yours in the evening.,2025-01-07 20:00:00,2025-01-07 22:00:00,2025-01-06 14:00:00
2,C017,Medium AC users,1.5189833333333331,,57.49545833333333,319.22851492537313,96,341,2.91817,2.8627333333333334,1.9364942595654577,In the evening you use about the same as households like yours.,2025-01-07 20:00:00,2025-01-07 22:00:00,2025-01-06 14:00:00
2,C020,Medium AC users,2.0836233333333327,,62.43014166666667,346.62705522388063,96,341,3.4333766666666663,2.8627333333333334,19.93351342539762,You use 20% more than households like yours in the evening.,2025-01-07 20:00:00,2025-01-07 22:00:00,2025-01-06 14:00:00
2,C025,Medium AC users,0.7337366666666667,,38.323175,212.77941940298507,62,218,1.639411666666667,2.8627333333333334,-42.73264479169092,You use 43% less than households like yours in the evening.,2025-01-07 20:00:00,2025-01-07 22:00:00,2025-01-06 14:00:00
2,C028,Medium AC users,1.4865549999999998,,65.851675,365.6242253731343,96,341,2.8627333333333334,2.8627333333333334,0.0,In the evening you use about the same as households like yours.,2025-01-07 20:00:00,2025-01-07 22:00:00,2025-01-06 14:00:00
2,C030,Medium AC users,1.2972316666666668,,49.33233333333334,273.9048955223881,62,218,2.5535716666666666,2.8627333333333334,-10.7995272583312,You use 11% less than households like yours in the evening.,2025-01-07 20:00:00,2025-01-07 22:00:00,2025-01-06 14:00:00
2,C032,Medium AC users,2.548426666666667,,64.13225833333334,356.0776134328359,96,341,4.826616666666666,2.8627333333333334,68.60168603432615,You use 69% more than households like yours in the evening.,2025-01-07 20:00:00,2025-01-07 22:00:00,2025-01-06 14:00:00
2,C036,Medium AC users,2.1231,,72.55934166666667,402.8667925373135,96,341,3.9704366666666666,2.8627333333333334,38.69390559139283,You use 39% more than households like yours in the evening.,2025-01-07 20:00:00,2025-01-07 22:00:00,2025-01-06 14:00:00
2,C038,Medium AC users,0.7178366666666666,,33.715625,187.19720149253735,62,176,1.551253333333333,2.8627333333333334,-45.812160871894,You use 46% less than households like yours in the evening.,2025-01-07 20:00:00,2025-01-07 22:00:00,2025-01-06 14:00:00
2,C039,Medium AC users,0.4718,,29.554225,164.09211492537312,62,176,0.9929866666666667,2.8627333333333334,-65.31333690412427,You use 65% less than households like yours in the evening.,2025-01-07 20:00:00,2025-01-07 22:00:00,2025-01-06 14:00:00
2,C040,Medium AC users,1.2240466666666667,,40.916675,227.17915074626868,62,218,2.1477133333333334,2.8627333333333334,-24.976828671898655,You use 25% less than households like yours in the evening.,2025-01-07 20:00:00,2025-01-07 22:00:00,2025-01-06 14:00:00
2,C048,Medium AC users,2.5372966666666668,,74.2877,412.46305074626866,96,341,4.755413333333333,2.8627333333333334,66.11443608672364,You use 66% more than households like yours in the evening.,2025-01-07 20:00:00,2025-01-07 22:00:00,2025-01-06 14:00:00
2,C049,Medium AC users,2.6885533333333336,,69.60475833333334,386.4622402985075,96,341,4.742576666666666,2.8627333333333334,65.6660301343704,You use 66% more than households like yours in the evening.,2025-01-07 20:00:00,2025-01-07 22:00:00,2025-01-06 14:00:00
2,C003,Low consumers without AC,2.756253333333334,,78.61309166666666,436.47865820895527,96,341,4.952256666666667,3.195238333333333,54.98864716925134,You use 55% more than households like yours in the evening.,2025-01-07 20:00:00,2025-01-07 22:00:00,2025-01-06 14:00:00
2,C006,Low consumers without AC,2.245885,,50.21241666666667,278.791328358209,96,218,3.473308333333333,3.195238333333333,8.702637205466669,You use 9% more than households like yours in the evening.,2025-01-07 20:00:00,2025-01-07 22:00:00,2025-01-06 14:00:00
2,C018,Low consumers without AC,1.5883433333333334,,50.804975,282.08135373134326,96,218,3.001653333333333,3.195238333333333,-6.058546493401906,You use 6% less than households like yours in the evening.,2025-01-07 20:00:00,2025-01-07 22:00:00,2025-01-06 14:00:00
2,C026,Low consumers without AC,2.296243333333333,,64.35934166666667,357.33843432835823,96,341,3.4234333333333327,3.195238333333333,7.141720779305438,You use 7% more than households like yours in the evening.,2025-01-07 20:00:00,2025-01-07 22:00:00,2025-01-06 14:00:00
2,C043,Low consumers without AC,0.8173699999999998,,43.23260833333333,240.0377656716418,62,218,1.5083,3.195238333333333,-52.79538354728886,You use 53% less than households like yours in the evening.,2025-01-07 20:00:00,2025-01-07 22:00:00,2025-01-06 14:00:00
2,C045,Low consumers without AC,1.09098,,54.67111666666666,303.5470955223881,96,341,2.489533333333333,3.195238333333333,-22.086145895220135,You use 22% less than households like yours in the evening.,2025-01-07 20:00:00,2025-01-07 22:00:00,2025-01-06 14:00:00
2,C046,Low consumers without AC,1.572576666666667,,40.27820833333334,223.63423134328363,62,218,2.3758516666666667,3.195238333333333,-25.64399212786943,You use 26% less than households like yours in the evening.,2025-01-07 20:00:00,2025-01-07 22:00:00,2025-01-06 14:00:00
2,C050,Low consumers without AC,2.159923333333334,,52.85165,293.44498208955224,96,218,3.3888233333333333,3.195238333333333,6.058546493401895,You use 6% more than households like yours in the evening.,2025-01-07 20:00:00,2025-01-07 22:00:00,2025-01-06 14:00:00
3,C002,Large evening-peak households,1.8083361111111111,0.0,89.14033333333333,364.39784615384616,96,341,3.3368722222222225,4.190691666666666,-20.374189092360094,You use 20% less than households like yours in the evening.,2025-01-09 20:00:00,2025-01-09 22:00:00,2025-01-08 14:00:00
3,C007,Large evening-peak households,2.459683333333333,0.5,113.302125,463.1691263736264,176,341,3.9999416666666665,4.190691666666666,-4.551754583073986,In the evening you use about the same as households like yours.,2025-01-09 20:00:00,2025-01-09 22:00:00,2025-01-08 14:00:00
3,C009,Large evening-peak households,1.631461111111111,0.5,92.68263333333334,378.8784571428572,96,341,3.0624416666666665,4.190691666666666,-26.92276334654382,You use 27% less than households like yours in the evening.,2025-01-09 20:00:00,2025-01-09 22:00:00,2025-01-08 14:00:00
3,C010,Large evening-peak households,2.2501305555555557,1.0,107.1567,438.0471692307692,176,341,3.9638805555555554,4.190691666666666,-5.412259577940248,You use 5% less than households like yours in the evening.,2025-01-09 20:00:00,2025-01-09 22:00:00,2025-01-08 14:00:00
3,C011,Large evening-peak households,2.370597222222222,1.0,112.71438333333333,460.7664901098901,176,341,3.9278805555555554,4.190691666666666,-6.271306314457492,You use 6% less than households like yours in the evening.,2025-01-09 20:00:00,2025-01-09 22:00:00,2025-01-08 14:00:00
3,C013,Large evening-peak households,1.6367,0.5,92.41119166666667,377.7688274725275,96,341,3.1778694444444446,4.190691666666666,-24.16837846311499,You use 24% less than households like yours in the evening.,2025-01-09 20:00:00,2025-01-09 22:00:00,2025-01-08 14:00:00
3,C015,Large evening-peak households,3.827647222222222,0.5,127.936025,522.9912230769231,176,414,6.057870833333333,4.190691666666666,44.555393600499535,You use 45% more than households like yours in the evening.,2025-01-09 20:00:00,2025-01-09 22:00:00,2025-01-08 14:00:00
3,C016,Large evening-peak households,2.8761138888888884,0.5,122.94922500000001,502.6056230769231,176,414,4.277661111111112,4.190691666666666,2.075300484075515,In the evening you use about the same as households like yours.,2025-01-09 20:00:00,2025-01-09 22:00:00,2025-01-08 14:00:00
3,C021,Large evening-peak households,2.9032916666666666,0.5,129.63889166666667,529.9523923076923,176,414,5.227719444444444,4.190691666666666,24.74598133827022,You use 25% more than households like yours in the evening.,2025-01-09 20:00:00,2025-01-09 22:00:00,2025-01-08 14:00:00
3,C022,Large evening-peak households,4.1576625,1.0,147.48151666666666,602.8914747252746,176,414,7.1345,4.190691666666666,70.24635949117393,You use 70% more than households like yours in the evening.,2025-01-09 20:00:00,2025-01-09 22:00:00,2025-01-08 14:00:00
3,C023,Large evening-peak households,2.640147222222222,0.0,107.59244999999999,439.8284769230769,176,341,4.288793055555556,4.190691666666666,2.3409354992447007,In the evening you use about the same as households like yours.,2025-01-09 20:00:00,2025-01-09 22:00:00,2025-01-08 14:00:00
3,C027,Large evening-peak households,0.8304916666666667,0.5,69.56955,284.39420439560445,96,218,1.370841666666667,4.190691666666666,-67.28841499911509,You use 67% less than households like yours in the evening.,2025-01-09 20:00:00,2025-01-09 22:00:00,2025-01-08 14:00:00
3,C029,Large evening-peak households,2.9997458333333324,1.0,129.93929166666666,531.1804010989011,176,414,5.2021444444444445,4.190691666666666,24.13570021920277,You use 24% more than households like yours in the evening.,2025-01-09 20:00:00,2025-01-09 22:00:00,2025-01-08 14:00:00
3,C031,Large evening-peak households,2.656105555555555,0.5,111.24023333333332,454.7402945054945,176,341,4.485004166666666,4.190691666666666,7.023005351145306,You use 7% more than households like yours in the evening.,2025-01-09 20:00:00,2025-01-09 22:00:00,2025-01-08 14:00:00
3,C033,Large evening-peak households,2.3911666666666664,1.0,106.54525000000001,435.5476153846155,176,341,4.150791666666667,4.190691666666666,-0.9521101329732606,In the evening you use about the same as households like yours.,2025-01-09 20:00:00,2025-01-09 22:00:00,2025-01-08 14:00:00
3,C034,Large evening-peak households,2.9606944444444445,1.0,119.55412500000001,488.7267527472528,176,341,4.230591666666666,4.190691666666666,0.9521101329732717,In the evening you use about the same as households like yours.,2025-01-09 20:00:00,2025-01-09 22:00:00,2025-01-08 14:00:00
3,C035,Large evening-peak households,2.1537194444444445,1.0,108.1617,442.1555208791209,176,341,3.6395611111111115,4.190691666666666,-13.151302920692597,You use 13% less than households like yours in the evening.,2025-01-09 20:00:00,2025-01-09 22:00:00,2025-01-08 14:00:00
3,C042,Large evening-peak households,2.5283874999999996,0.5,122.06924999999998,499.0083626373626,176,341,5.023141666666667,4.190691666666666,19.864262661493836,You use 20% more than households like yours in the evening.,2025-01-09 20:00:00,2025-01-09 22:00:00,2025-01-08 14:00:00
3,C005,"Daytime-occupied, high base load",2.647922222222222,0.0,124.68800833333333,509.7136164835165,176,414,5.156190277777778,4.928997222222222,4.6093159584522425,In the evening you use about the same as households like yours.,2025-01-09 20:00:00,2025-01-09 22:00:00,2025-01-08 14:00:00
3,C019,"Daytime-occupied, high base load",2.249788888888889,1.0,111.27703333333332,454.8907296703296,176,341,3.919522222222222,4.928997222222222,-20.48033209369271,You use 20% less than households like yours in the evening.,2025-01-09 20:00:00,2025-01-09 22:00:00,2025-01-08 14:00:00
3,C024,"Daytime-occupied, high base load",2.8100527777777775,0.0,111.20323333333334,454.5890417582418,176,341,4.455281944444445,4.928997222222222,-9.610784028078722,You use 10% less than households like yours in the evening.,2025-01-09 20:00:00,2025-01-09 22:00:00,2025-01-08 14:00:00
3,C037,"Daytime-occupied, high base load",3.509008333333334,0.5,119.01395,486.51856483516485,176,341,5.048697222222223,4.928997222222222,2.428485848203299,In the evening you use about the same as households like yours.,2025-01-09 20:00:00,2025-01-09 22:00:00,2025-01-08 14:00:00
3,C041,"Daytime-occupied, high base load",2.4520055555555555,1.0,120.49120833333333,492.55746703296705,176,341,4.447688888888889,4.928997222222222,-9.764832716142946,You use 10% less than households like yours in the evening.,2025-01-09 20:00:00,2025-01-09 22:00:00,2025-01-08 14:00:00
3,C044,"Daytime-occupied, high base load",2.5255361111111116,1.0,127.92310833333335,522.9384208791209,176,414,4.928997222222222,4.928997222222222,0.0,In the evening you use about the same as households like yours.,2025-01-09 20:00:00,2025-01-09 22:00:00,2025-01-08 14:00:00
3,C047,"Daytime-occupied, high base load",2.970759722222222,0.5,126.90386666666666,518.7718505494505,176,414,5.248459722222223,4.928997222222222,6.481287888735565,You use 6% more than households like yours in the evening.,2025-01-09 20:00:00,2025-01-09 22:00:00,2025-01-08 14:00:00
3,C001,Medium AC users,1.3964013888888889,0.5,94.07090833333334,384.55360329670333,96,341,2.1185194444444444,2.385611111111111,-11.195943270999742,You use 11% less than households like yours in the evening.,2025-01-09 20:00:00,2025-01-09 22:00:00,2025-01-08 14:00:00
3,C004,Medium AC users,1.1929569444444446,0.5,95.45656666666667,390.21805274725284,96,341,2.380545833333333,2.385611111111111,-0.212326215039238,In the evening you use about the same as households like yours.,2025-01-09 20:00:00,2025-01-09 22:00:00,2025-01-08 14:00:00
3,C008,Medium AC users,1.6889736111111109,1.0,91.45365,373.8544813186813,96,341,2.7119250000000004,2.385611111111111,13.6784192263804,You use 14% more than households like yours in the evening.,2025-01-09 20:00:00,2025-01-09 22:00:00,2025-01-08 14:00:00
3,C012,Medium AC users,1.9692333333333332,0.0,71.33855,291.6257208791209,96,218,2.734488888888889,2.385611111111111,14.624251880487193,You use 15% more than households like yours in the evening.,2025-01-09 20:00:00,2025-01-09 22:00:00,2025-01-08 14:00:00
3,C014,Medium AC users,1.2075166666666666,1.0,91.90155833333333,375.6854912087912,96,341,1.9858513888888887,2.385611111111111,-16.757120234740697,You use 17% less than households like yours in the evening.,2025-01-09 20:00:00,2025-01-09 22:00:00,2025-01-08 14:00:00
3,C017,Medium AC users,1.2658194444444442,1.0,75.7432,309.63154285714285,96,341,2.431808333333333,2.385611111111111,1.9364942595654577,In the evening you use about the same as households like yours.,2025-01-09 20:00:00,2025-01-09 22:00:00,2025-01-08 14:00:00
3,C020,Medium AC users,1.7363527777777774,0.0,87.87265,359.21566813186814,96,341,2.861147222222222,2.385611111111111,19.933513425397642,You use 20% more than households like yours in the evening.,2025-01-09 20:00:00,2025-01-09 22:00:00,2025-01-08 14:00:00
3,C025,Medium AC users,0.6114472222222223,1.0,47.62260833333333,194.67703626373626,62,176,1.3661763888888891,2.385611111111111,-42.73264479169091,You use 43% less than households like yours in the evening.,2025-01-09 20:00:00,2025-01-09 22:00:00,2025-01-08 14:00:00
3,C028,Medium AC users,1.2387958333333333,0.5,96.76015,395.54698681318683,96,341,2.385611111111111,2.385611111111111,0.0,In the evening you use about the same as households like yours.,2025-01-09 20:00:00,2025-01-09 22:00:00,2025-01-08 14:00:00
3,C030,Medium AC users,1.081026388888889,1.0,67.00825833333333,273.92386923076924,96,218,2.127976388888889,2.385611111111111,-10.799527258331187,You use 11% less than households like yours in the evening.,2025-01-09 20:00:00,2025-01-09 22:00:00,2025-01-08 14:00:00
3,C032,Medium AC users,2.123688888888889,0.5,91.23681666666667,372.96808571428573,96,341,4.022180555555555,2.385611111111111,68.60168603432615,You use 69% more than households like yours in the evening.,2025-01-09 20:00:00,2025-01-09 22:00:00,2025-01-08 14:00:00
3,C036,Medium AC users,1.7692499999999998,0.5,103.93229166666667,424.86607142857144,176,341,3.308697222222222,2.385611111111111,38.69390559139285,You use 39% more than households like yours in the evening.,2025-01-09 20:00:00,2025-01-09 22:00:00,2025-01-08 14:00:00
3,C038,Medium AC users,0.5981972222222222,0.5,48.56048333333333,198.5109868131868,62,176,1.292711111111111,2.385611111111111,-45.812160871893994,You use 46% less than households like yours in the evening.,2025-01-09 20:00:00,2025-01-09 22:00:00,2025-01-08 14:00:00
3,C039,Medium AC users,0.39316666666666666,0.5,60.217375000000004,246.1633351648352,96,218,0.8274888888888889,2.385611111111111,-65.31333690412427,You use 65% less than households like yours in the evening.,2025-01-09 20:00:00,2025-01-09 22:00:00,2025-01-08 14:00:00
3,C040,Medium AC users,1.020038888888889,1.0,49.93570833333334,204.13278571428575,62,218,1.7897611111111111,2.385611111111111,-24.976828671898645,You use 25% less than households like yours in the evening.,2025-01-09 20:00:00,2025-01-09 22:00:00,2025-01-08 14:00:00
3,C048,Medium AC users,2.114413888888889,1.0,91.03759166666667,372.15367142857144,96,341,3.9628444444444444,2.385611111111111,66.11443608672364,You use 66% more than households like yours in the evening.,2025-01-09 20:00:00,2025-01-09 22:00:00,2025-01-08 14:00:00
3,C049,Medium AC users,2.2404611111111112,1.0,85.12565,347.9861736263736,96,341,3.9521472222222216,2.385611111111111,65.6660301343704,You use 66% more than households like yours in the evening.,2025-01-09 20:00:00,2025-01-09 22:00:00,2025-01-08 14:00:00
3,C003,Low consumers without AC,2.296877777777778,1.0,112.79930000000002,461.113621978022,176,341,4.126880555555556,2.662698611111111,54.98864716925136,You use 55% more than households like yours in the evening.,2025-01-09 20:00:00,2025-01-09 22:00:00,2025-01-08 14:00:00
3,C006,Low consumers without AC,1.8715708333333332,0.0,71.27765,291.37676703296705,96,218,2.8944236111111112,2.662698611111111,8.70263720546669,You use 9% more than households like yours in the evening.,2025-01-09 20:00:00,2025-01-09 22:00:00,2025-01-08 14:00:00
3,C018,Low consumers without AC,1.3236194444444445,1.0,72.09688333333332,294.7257208791209,96,218,2.5013777777777775,2.662698611111111,-6.058546493401906,You use 6% less than households like yours in the evening.,2025-01-09 20:00:00,2025-01-09 22:00:00,2025-01-08 14:00:00
3,C026,Low consumers without AC,1.9135361111111109,1.0,85.54419166666668,349.69713516483523,96,341,2.8528611111111104,2.662698611111111,7.141720779305438,You use 7% more than households like yours in the evening.,2025-01-09 20:00:00,2025-01-09 22:00:00,2025-01-08 14:00:00
3,C043,Low consumers without AC,0.6811416666666665,0.5,67.70373333333333,276.7669098901099,96,218,1.2569166666666667,2.662698611111111,-52.79538354728886,You use 53% less than households like yours in the evening.,2025-01-09 20:00:00,2025-01-09 22:00:00,2025-01-08 14:00:00
3,C045,Low consumers without AC,0.90915,1.0,93.39498333333333,381.7904813186813,96,341,2.074611111111111,2.662698611111111,-22.08614589522012,You use 22% less than households like yours in the evening.,2025-01-09 20:00:00,2025-01-09 22:00:00,2025-01-08 14:00:00
3,C046,Low consumers without AC,1.3104805555555556,1.0,57.755449999999996,236.09920219780219,96,218,1.9798763888888888,2.662698611111111,-25.64399212786943,You use 26% less than households like yours in the evening.,2025-01-09 20:00:00,2025-01-09 22:00:00,2025-01-08 14:00:00
3,C050,Low consumers without AC,1.7999361111111114,0.5,68.50246666666666,280.03206153846156,96,218,2.824019444444444,2.662698611111111,6.058546493401895,You use 6% more than households like yours in the evening.,2025-01-09 20:00:00,2025-01-09 22:00:00,2025-01-08 14:00:00
4,C002,Large evening-peak households,1.4134722222222222,0.0,105.13515000000001,379.7114155339806,176,341,4.697305555555555,5.75890625,-18.434068004570214,You use 18% less than households like yours in the evening.,2025-01-10 22:00:00,2025-01-11 00:00:00,2025-01-09 14:00:00
4,C007,Large evening-peak households,2.934340277777778,0.5,134.73945833333335,486.6318300970874,176,341,6.020461111111111,5.75890625,4.5417454245085365,In the evening you use about the same as households like yours.,2025-01-10 22:00:00,2025-01-11 00:00:00,2025-01-09 14:00:00
4,C009,Large evening-peak households,1.9716319444444446,0.5,108.78418333333333,392.8904485436893,176,341,4.7395861111111115,5.75890625,-17.69989117098214,You use 18% less than households like yours in the evening.,2025-01-10 22:00:00,2025-01-11 00:00:00,2025-01-09 14:00:00
4,C010,Large evening-peak households,2.441913888888889,1.0,119.91724166666665,433.09916407766985,176,341,4.7328222222222225,5.75890625,-17.81734209994784,You use 18% less than households like yours in the evening.,2025-01-10 22:00:00,2025-01-11 00:00:00,2025-01-09 14:00:00
4,C011,Large evening-peak households,2.6183833333333335,1.0,130.10195833333333,469.88280097087375,176,341,5.327427777777777,5.75890625,-7.492368402806049,You use 7% less than households like yours in the evening.,2025-01-10 22:00:00,2025-01-11 00:00:00,2025-01-09 14:00:00
4,C013,Large evening-peak households,2.5982749999999997,0.5,111.73656666666668,403.55342524271845,176,341,4.7489375,5.75890625,-17.53750983530943,You use 18% less than households like yours in the evening.,2025-01-10 22:00:00,2025-01-11 00:00:00,2025-01-09 14:00:00
4,C015,Large evening-peak households,3.339309722222222,0.5,146.00900000000001,527.3334757281553,176,414,7.645456944444445,5.75890625,32.758836705224105,You use 33% more than households like yours in the evening.,2025-01-10 22:00:00,2025-01-11 00:00:00,2025-01-09 14:00:00
4,C016,Large evening-peak households,2.4261166666666667,0.5,138.90785,501.68660388349514,176,414,5.625402777777777,5.75890625,-2.318208813040201,In the evening you use about the same as households like yours.,2025-01-10 22:00:00,2025-01-11 00:00:00,2025-01-09 14:00:00
4,C021,Large evening-peak households,3.6552583333333337,0.5,147.09663333333333,531.261627184466,176,414,6.813284722222222,5.75890625,18.308658388426146,You use 18% more than households like yours in the evening.,2025-01-10 22:00:00,2025-01-11 00:00:00,2025-01-09 14:00:00
4,C022,Large evening-peak households,4.054072222222222,1.0,170.77554999999998,616.7815980582524,176,414,9.051430555555555,5.75890625,57.1727366729673,You use 57% more than households like yours in the evening.,2025-01-10 22:00:00,2025-01-11 00:00:00,2025-01-09 14:00:00
4,C023,Large evening-peak households,2.4857527777777775,0.0,128.9768416666667,465.8192728155341,176,341,5.892409722222223,5.75890625,2.3182088130402123,In the evening you use about the same as households like yours.,2025-01-10 22:00:00,2025-01-11 00:00:00,2025-01-09 14:00:00
4,C027,Large evening-peak households,1.5291569444444446,0.5,86.80314166666666,313.5026087378641,96,341,2.910226388888889,5.75890625,-49.46564047836534,You use 49% less than households like yours in the evening.,2025-01-10 22:00:00,2025-01-11 00:00:00,2025-01-09 14:00:00
4,C029,Large evening-peak households,2.9754000000000005,1.0,151.53594999999999,547.2948873786406,176,414,6.759823611111112,5.75890625,17.380337822153514,You use 17% more than households like yours in the evening.,2025-01-10 22:00:00,2025-01-11 00:00:00,2025-01-09 14:00:00
4,C031,Large evening-peak households,2.3636555555555554,0.5,128.87176666666667,465.4397786407767,176,341,6.047415277777778,5.75890625,5.009788582298547,You use 5% more than households like yours in the evening.,2025-01-10 22:00:00,2025-01-11 00:00:00,2025-01-09 14:00:00
4,C033,Large evening-peak households,2.044652777777778,1.0,123.91388333333333,447.53363689320383,176,341,6.045141666666666,5.75890625,4.970308670447032,In the evening you use about the same as households like yours.,2025-01-10 22:00:00,2025-01-11 00:00:00,2025-01-09 14:00:00
4,C034,Large evening-peak households,2.4429472222222217,1.0,136.15275833333334,491.73617572815533,176,341,5.4953513888888885,5.75890625,-4.576474241286899,In the evening you use about the same as households like yours.,2025-01-10 22:00:00,2025-01-11 00:00:00,2025-01-09 14:00:00
4,C035,Large evening-peak households,2.0077805555555557,1.0,126.55086666666668,457.05749902912623,176,341,5.227423611111111,5.75890625,-9.228881593425642,You use 9% less than households like yours in the evening.,2025-01-10 22:00:00,2025-01-11 00:00:00,2025-01-09 14:00:00
4,C042,Large evening-peak households,2.7856236111111112,0.5,139.39336666666668,503.4401203883495,176,414,6.462094444444445,5.75890625,12.21044698278333,You use 12% more than households like yours in the evening.,2025-01-10 22:00:00,2025-01-11 00:00:00,2025-01-09 14:00:00
4,C005,"Daytime-occupied, high base load",2.372809722222222,0.0,145.98496666666665,527.2466757281552,176,414,6.415733333333333,6.269213888888889,2.337126265609224,In the evening you use about the same as households like yours.,2025-01-10 22:00:00,2025-01-11 00:00:00,2025-01-09 14:00:00
4,C019,"Daytime-occupied, high base load",2.4705388888888886,1.0,122.86263333333335,443.7368893203884,176,341,4.512469444444444,6.269213888888889,-28.0217659754435,You use 28% less than households like yours in the evening.,2025-01-10 22:00:00,2025-01-11 00:00:00,2025-01-09 14:00:00
4,C024,"Daytime-occupied, high base load",1.7756569444444443,0.0,128.8216,465.25859417475726,176,341,5.841976388888888,6.269213888888889,-6.814849637802389,You use 7% less than households like yours in the evening.,2025-01-10 22:00:00,2025-01-11 00:00:00,2025-01-09 14:00:00
4,C037,"Daytime-occupied, high base load",2.0798694444444448,0.5,134.32608333333332,485.13886407766984,176,341,6.135466666666667,6.269213888888889,-2.133397019030836,In the evening you use about the same as households like yours.,2025-01-10 22:00:00,2025-01-11 00:00:00,2025-01-09 14:00:00
4,C041,"Daytime-occupied, high base load",2.5436,1.0,140.5267166666667,507.53338446601947,176,414,6.269213888888889,6.269213888888889,0.0,In the evening you use about the same as households like yours.,2025-01-10 22:00:00,2025-01-11 00:00:00,2025-01-09 14:00:00
4,C044,"Daytime-occupied, high base load",3.6512472222222225,1.0,150.24366666666668,542.6276116504855,176,414,6.6276111111111105,6.269213888888889,5.7167809006711146,You use 6% more than households like yours in the evening.,2025-01-10 22:00:00,2025-01-11 00:00:00,2025-01-09 14:00:00
4,C047,"Daytime-occupied, high base load",3.3870069444444444,0.5,150.24511666666666,542.6328485436893,176,414,7.048329166666666,6.269213888888889,12.427639120091683,You use 12% more than households like yours in the evening.,2025-01-10 22:00:00,2025-01-11 00:00:00,2025-01-09 14:00:00
4,C001,Medium AC users,2.506298611111111,0.5,108.42387500000001,391.589140776699,176,341,3.5427111111111116,2.9952194444444444,18.278849908047935,You use 18% more than households like yours in the evening.,2025-01-10 22:00:00,2025-01-11 00:00:00,2025-01-09 14:00:00
4,C004,Medium AC users,2.171761111111111,0.5,115.54110833333333,417.29409999999996,176,341,3.6426125000000003,2.9952194444444444,21.614211164271957,You use 22% more than households like yours in the evening.,2025-01-10 22:00:00,2025-01-11 00:00:00,2025-01-09 14:00:00
4,C008,Medium AC users,1.4305111111111113,1.0,97.35136666666668,351.59911067961167,96,341,2.9952194444444444,2.9952194444444444,0.0,In the evening you use about the same as households like yours.,2025-01-10 22:00:00,2025-01-11 00:00:00,2025-01-09 14:00:00
4,C012,Medium AC users,1.1499666666666666,0.0,81.1794,293.1916194174757,96,218,3.226227777777778,2.9952194444444444,7.712567897547862,You use 8% more than households like yours in the evening.,2025-01-10 22:00:00,2025-01-11 00:00:00,2025-01-09 14:00:00
4,C014,Medium AC users,1.4137611111111112,1.0,103.892,375.2215922330097,176,341,2.5329375,2.9952194444444444,-15.433992501013183,You use 15% less than households like yours in the evening.,2025-01-10 22:00:00,2025-01-11 00:00:00,2025-01-09 14:00:00
4,C017,Medium AC users,2.068315277777778,1.0,81.97068333333334,296.0494582524272,96,218,2.5663583333333335,2.9952194444444444,-14.318186665974197,You use 14% less than households like yours in the evening.,2025-01-10 22:00:00,2025-01-11 00:00:00,2025-01-09 14:00:00
4,C020,Medium AC users,2.5771722222222224,0.0,101.35631666666666,366.0635902912621,176,341,4.213586111111112,2.9952194444444444,40.67704184167551,You use 41% more than households like yours in the evening.,2025-01-10 22:00:00,2025-01-11 00:00:00,2025-01-09 14:00:00
4,C025,Medium AC users,0.8729305555555555,1.0,53.174125000000004,192.04635436893204,96,176,1.7169736111111111,2.9952194444444444,-42.67619975906051,You use 43% less than households like yours in the evening.,2025-01-10 22:00:00,2025-01-11 00:00:00,2025-01-09 14:00:00
4,C028,Medium AC users,2.240076388888889,0.5,102.43918333333332,369.9745262135921,176,341,2.7578250000000004,2.9952194444444444,-7.925778022200181,You use 8% less than households like yours in the evening.,2025-01-10 22:00:00,2025-01-11 00:00:00,2025-01-09 14:00:00
4,C030,Medium AC users,1.198986111111111,1.0,75.26342500000001,271.82518543689326,96,218,2.375225,2.9952194444444444,-20.6994664646163,You use 21% less than households like yours in the evening.,2025-01-10 22:00:00,2025-01-11 00:00:00,2025-01-09 14:00:00
4,C032,Medium AC users,2.5097694444444443,0.5,107.54976666666667,388.43216699029125,176,341,5.304225,2.9952194444444444,77.08969570955198,You use 77% more than households like yours in the evening.,2025-01-10 22:00:00,2025-01-11 00:00:00,2025-01-09 14:00:00
4,C036,Medium AC users,2.8911805555555556,0.5,109.52043333333333,395.5495262135922,176,341,3.6843416666666666,2.9952194444444444,23.00740346422401,You use 23% more than households like yours in the evening.,2025-01-10 22:00:00,2025-01-11 00:00:00,2025-01-09 14:00:00
4,C038,Medium AC users,0.8312541666666666,0.5,53.75568333333334,194.14673980582523,96,176,1.6313833333333332,2.9952194444444444,-45.53376259762084,You use 46% less than households like yours in the evening.,2025-01-10 22:00:00,2025-01-11 00:00:00,2025-01-09 14:00:00
4,C039,Medium AC users,0.5300847222222221,0.5,65.12659166666667,235.214486407767,96,218,1.0737444444444444,2.9952194444444444,-64.15139309955957,You use 64% less than households like yours in the evening.,2025-01-10 22:00:00,2025-01-11 00:00:00,2025-01-09 14:00:00
4,C040,Medium AC users,1.2067958333333333,1.0,54.52854166666667,196.9380339805825,96,176,2.058688888888889,2.9952194444444444,-31.267510542262254,You use 31% less than households like yours in the evening.,2025-01-10 22:00:00,2025-01-11 00:00:00,2025-01-09 14:00:00
4,C048,Medium AC users,2.2342791666666666,1.0,101.25426666666667,365.69502135922323,176,341,4.440733333333333,2.9952194444444444,48.26070061644528,You use 48% more than households like yours in the evening.,2025-01-10 22:00:00,2025-01-11 00:00:00,2025-01-09 14:00:00
4,C049,Medium AC users,2.1544097222222223,1.0,91.49896666666667,330.4622873786408,96,341,4.2220555555555555,2.9952194444444444,40.95980724840231,You use 41% more than households like yours in the evening.,2025-01-10 22:00:00,2025-01-11 00:00:00,2025-01-09 14:00:00
4,C003,Low consumers without AC,2.2849,1.0,129.37977500000002,467.2745271844661,176,341,5.5404638888888895,3.48033125,59.19357931486808,You use 59% more than households like yours in the evening.,2025-01-10 22:00:00,2025-01-11 00:00:00,2025-01-09 14:00:00
4,C006,Low consumers without AC,1.796226388888889,0.0,84.52612499999998,305.27882038834946,96,341,3.9012236111111114,3.48033125,12.093456940660797,You use 12% more than households like yours in the evening.,2025-01-10 22:00:00,2025-01-11 00:00:00,2025-01-09 14:00:00
4,C018,Low consumers without AC,1.231938888888889,1.0,79.767025,288.0906145631068,96,218,2.8472055555555555,3.48033125,-18.19153548802127,You use 18% less than households like yours in the evening.,2025-01-10 22:00:00,2025-01-11 00:00:00,2025-01-09 14:00:00
4,C026,Low consumers without AC,2.6873027777777776,1.0,105.95255,382.6635786407767,176,341,4.555633333333333,3.48033125,30.896544210650447,You use 31% more than households like yours in the evening.,2025-01-10 22:00:00,2025-01-11 00:00:00,2025-01-09 14:00:00
4,C043,Low consumers without AC,1.4874416666666666,0.5,85.21641666666666,307.77191262135915,96,341,3.044013888888889,3.48033125,-12.536661879845813,You use 13% less than households like yours in the evening.,2025-01-10 22:00:00,2025-01-11 00:00:00,2025-01-09 14:00:00
4,C045,Low consumers without AC,1.3419527777777776,1.0,113.21498333333334,408.8929495145631,176,341,3.4319208333333333,3.48033125,-1.3909715251002819,In the evening you use about the same as households like yours.,2025-01-10 22:00:00,2025-01-11 00:00:00,2025-01-09 14:00:00
4,C046,Low consumers without AC,1.092251388888889,1.0,64.49268333333333,232.92503106796116,96,218,2.4313430555555553,3.48033125,-30.14046994648698,You use 30% less than households like yours in the evening.,2025-01-10 22:00:00,2025-01-11 00:00:00,2025-01-09 14:00:00
4,C050,Low consumers without AC,1.2784069444444444,0.5,79.02688333333333,285.41748155339803,96,218,3.5287416666666664,3.48033125,1.3909715251002819,In the evening you use about the same as households like yours.,2025-01-10 22:00:00,2025-01-11 00:00:00,2025-01-09 14:00:00
5,C002,Large evening-peak households,1.211547619047619,0.25,138.94235833333335,406.9807661417323,176,341,4.026261904761904,4.936205357142858,-18.434068004570236,You use 18% less than households like yours in the evening.,2025-01-12 22:00:00,2025-01-13 00:00:00,2025-01-11 14:00:00
5,C007,Large evening-peak households,2.5151488095238093,0.75,160.64580833333335,470.5530763779528,176,341,5.160395238095238,4.936205357142858,4.541745424508514,In the evening you use about the same as households like yours.,2025-01-12 22:00:00,2025-01-13 00:00:00,2025-01-11 14:00:00
5,C009,Large evening-peak households,1.6899702380952382,0.5,125.254025,366.885805511811,176,341,4.062502380952381,4.936205357142858,-17.699891170982152,You use 18% less than households like yours in the evening.,2025-01-12 22:00:00,2025-01-13 00:00:00,2025-01-11 14:00:00
5,C010,Large evening-peak households,2.0930690476190477,0.75,152.281825,446.05384960629914,176,341,4.056704761904762,4.936205357142858,-17.81734209994785,You use 18% less than households like yours in the evening.,2025-01-12 22:00:00,2025-01-13 00:00:00,2025-01-11 14:00:00
5,C011,Large evening-peak households,2.2443285714285715,0.5,144.95609166666668,424.5957960629921,176,341,4.566366666666666,4.936205357142858,-7.4923684028060595,You use 7% less than households like yours in the evening.,2025-01-12 22:00:00,2025-01-13 00:00:00,2025-01-11 14:00:00
5,C013,Large evening-peak households,2.227092857142857,0.5,123.51370000000001,361.7881606299213,176,341,4.070517857142858,4.936205357142858,-17.53750983530944,You use 18% less than households like yours in the evening.,2025-01-12 22:00:00,2025-01-13 00:00:00,2025-01-11 14:00:00
5,C015,Large evening-peak households,2.862265476190476,0.5,186.82083333333333,547.2232283464566,176,414,6.55324880952381,4.936205357142858,32.758836705224084,You use 33% more than households like yours in the evening.,2025-01-12 22:00:00,2025-01-13 00:00:00,2025-01-11 14:00:00
5,C016,Large evening-peak households,2.0795285714285714,0.75,178.0419083333333,521.5085818897637,176,414,4.821773809523809,4.936205357142858,-2.318208813040201,In the evening you use about the same as households like yours.,2025-01-12 22:00:00,2025-01-13 00:00:00,2025-01-11 14:00:00
5,C021,Large evening-peak households,3.133078571428572,0.75,187.23230833333332,548.4284937007873,176,414,5.839958333333334,4.936205357142858,18.308658388426124,You use 18% more than households like yours in the evening.,2025-01-12 22:00:00,2025-01-13 00:00:00,2025-01-11 14:00:00
5,C022,Large evening-peak households,3.4749190476190472,0.75,197.82231666666667,579.4480456692913,176,414,7.758369047619047,4.936205357142858,57.172736672967275,You use 57% more than households like yours in the evening.,2025-01-12 22:00:00,2025-01-13 00:00:00,2025-01-11 14:00:00
5,C023,Large evening-peak households,2.130645238095238,0.25,159.7921166666667,468.0524992125985,176,341,5.050636904761906,4.936205357142858,2.3182088130402123,In the evening you use about the same as households like yours.,2025-01-12 22:00:00,2025-01-13 00:00:00,2025-01-11 14:00:00
5,C027,Large evening-peak households,1.3107059523809526,0.5,113.67790833333335,332.9778102362205,176,341,2.494479761904762,4.936205357142858,-49.46564047836534,You use 49% less than households like yours in the evening.,2025-01-12 22:00:00,2025-01-13 00:00:00,2025-01-11 14:00:00
5,C029,Large evening-peak households,2.5503428571428577,0.75,186.830575,547.2517629921259,176,414,5.794134523809524,4.936205357142858,17.380337822153493,You use 17% more than households like yours in the evening.,2025-01-12 22:00:00,2025-01-13 00:00:00,2025-01-11 14:00:00
5,C031,Large evening-peak households,2.025990476190476,0.5,157.70575833333334,461.94127637795276,176,341,5.18349880952381,4.936205357142858,5.009788582298547,You use 5% more than households like yours in the evening.,2025-01-12 22:00:00,2025-01-13 00:00:00,2025-01-11 14:00:00
5,C033,Large evening-peak households,1.752559523809524,1.0,166.34581666666668,487.2491637795276,176,341,5.18155,4.936205357142858,4.970308670447032,In the evening you use about the same as households like yours.,2025-01-12 22:00:00,2025-01-13 00:00:00,2025-01-11 14:00:00
5,C034,Large evening-peak households,2.0939547619047616,0.75,163.58955833333334,479.1757141732283,176,341,4.71030119047619,4.936205357142858,-4.57647424128692,In the evening you use about the same as households like yours.,2025-01-12 22:00:00,2025-01-13 00:00:00,2025-01-11 14:00:00
5,C035,Large evening-peak households,1.720954761904762,1.0,154.09494999999998,451.3647354330708,176,341,4.480648809523809,4.936205357142858,-9.228881593425653,You use 9% less than households like yours in the evening.,2025-01-12 22:00:00,2025-01-13 00:00:00,2025-01-11 14:00:00
5,C042,Large evening-peak households,2.3876773809523812,0.75,179.926425,527.0285834645669,176,414,5.5389380952380955,4.936205357142858,12.210446982783306,You use 12% more than households like yours in the evening.,2025-01-12 22:00:00,2025-01-13 00:00:00,2025-01-11 14:00:00
5,C005,"Daytime-occupied, high base load",2.033836904761905,0.5,190.3161583333333,557.4615031496062,176,414,5.4992,5.373611904761906,2.337126265609224,In the evening you use about the same as households like yours.,2025-01-12 22:00:00,2025-01-13 00:00:00,2025-01-11 14:00:00
5,C019,"Daytime-occupied, high base load",2.117604761904762,1.0,146.39545833333335,428.8118937007874,176,341,3.867830952380952,5.373611904761906,-28.021765975443515,You use 28% less than households like yours in the evening.,2025-01-12 22:00:00,2025-01-13 00:00:00,2025-01-11 14:00:00
5,C024,"Daytime-occupied, high base load",1.5219916666666666,0.5,170.82755833333334,500.3767850393701,176,414,5.007408333333332,5.373611904761906,-6.8148496378024,You use 7% less than households like yours in the evening.,2025-01-12 22:00:00,2025-01-13 00:00:00,2025-01-11 14:00:00
5,C037,"Daytime-occupied, high base load",1.7827452380952382,0.75,173.131,507.123874015748,176,414,5.258971428571429,5.373611904761906,-2.133397019030836,In the evening you use about the same as households like yours.,2025-01-12 22:00:00,2025-01-13 00:00:00,2025-01-11 14:00:00
5,C041,"Daytime-occupied, high base load",2.180228571428571,1.0,166.72435833333333,488.3579629921259,176,341,5.373611904761906,5.373611904761906,0.0,In the evening you use about the same as households like yours.,2025-01-12 22:00:00,2025-01-13 00:00:00,2025-01-11 14:00:00
5,C044,"Daytime-occupied, high base load",3.1296404761904766,0.75,188.9403166666667,553.4314787401576,176,414,5.680809523809523,5.373611904761906,5.716780900671092,You use 6% more than households like yours in the evening.,2025-01-12 22:00:00,2025-01-13 00:00:00,2025-01-11 14:00:00
5,C047,"Daytime-occupied, high base load",2.9031488095238096,0.75,188.88576666666668,553.2716944881889,176,414,6.041424999999999,5.373611904761906,12.42763912009166,You use 12% more than households like yours in the evening.,2025-01-12 22:00:00,2025-01-13 00:00:00,2025-01-11 14:00:00
5,C001,Medium AC users,2.1482559523809526,0.75,137.45225,402.6160393700787,176,341,3.036609523809524,2.5673309523809524,18.278849908047935,You use 18% more than households like yours in the evening.,2025-01-12 22:00:00,2025-01-13 00:00:00,2025-01-11 14:00:00
5,C004,Medium AC users,1.8615095238095236,0.5,140.84631666666667,412.55771496062994,176,341,3.122239285714286,2.5673309523809524,21.614211164271957,You use 22% more than households like yours in the evening.,2025-01-12 22:00:00,2025-01-13 00:00:00,2025-01-11 14:00:00
5,C008,Medium AC users,1.226152380952381,1.0,126.26739166666667,369.8540921259842,176,341,2.5673309523809524,2.5673309523809524,0.0,In the evening you use about the same as households like yours.,2025-01-12 22:00:00,2025-01-13 00:00:00,2025-01-11 14:00:00
5,C012,Medium AC users,0.9856857142857143,0.25,98.02853333333334,287.13869606299215,96,218,2.7653380952380955,2.5673309523809524,7.712567897547862,You use 8% more than households like yours in the evening.,2025-01-12 22:00:00,2025-01-13 00:00:00,2025-01-11 14:00:00
5,C014,Medium AC users,1.2117952380952381,0.75,130.90936666666664,383.45105826771646,176,341,2.171089285714286,2.5673309523809524,-15.433992501013183,You use 15% less than households like yours in the evening.,2025-01-12 22:00:00,2025-01-13 00:00:00,2025-01-11 14:00:00
5,C017,Medium AC users,1.7728416666666666,0.5,112.24300833333334,328.7747960629921,176,341,2.1997357142857146,2.5673309523809524,-14.318186665974197,You use 14% less than households like yours in the evening.,2025-01-12 22:00:00,2025-01-13 00:00:00,2025-01-11 14:00:00
5,C020,Medium AC users,2.209004761904762,0.5,126.69905,371.1184771653543,176,341,3.6116452380952384,2.5673309523809524,40.67704184167549,You use 41% more than households like yours in the evening.,2025-01-12 22:00:00,2025-01-13 00:00:00,2025-01-11 14:00:00
5,C025,Medium AC users,0.7482261904761904,1.0,69.81075833333334,204.4850559055118,96,218,1.4716916666666666,2.5673309523809524,-42.67619975906051,You use 43% less than households like yours in the evening.,2025-01-12 22:00:00,2025-01-13 00:00:00,2025-01-11 14:00:00
5,C028,Medium AC users,1.9200654761904763,0.5,123.64348333333332,362.1683133858267,176,341,2.3638500000000002,2.5673309523809524,-7.925778022200181,You use 8% less than households like yours in the evening.,2025-01-12 22:00:00,2025-01-13 00:00:00,2025-01-11 14:00:00
5,C030,Medium AC users,1.0277023809523809,0.5,97.35171666666668,285.1562094488189,96,218,2.0359071428571425,2.5673309523809524,-20.69946646461631,You use 21% less than households like yours in the evening.,2025-01-12 22:00:00,2025-01-13 00:00:00,2025-01-11 14:00:00
5,C032,Medium AC users,2.1512309523809523,0.75,125.25334166666664,366.88380393700777,176,341,4.546478571428572,2.5673309523809524,77.08969570955198,You use 77% more than households like yours in the evening.,2025-01-12 22:00:00,2025-01-13 00:00:00,2025-01-11 14:00:00
5,C036,Medium AC users,2.478154761904762,0.25,134.85595833333332,395.01115354330705,176,341,3.158007142857143,2.5673309523809524,23.00740346422401,You use 23% more than households like yours in the evening.,2025-01-12 22:00:00,2025-01-13 00:00:00,2025-01-11 14:00:00
5,C038,Medium AC users,0.7125035714285713,0.5,65.65350000000001,192.3078897637795,96,176,1.3983285714285714,2.5673309523809524,-45.53376259762084,You use 46% less than households like yours in the evening.,2025-01-12 22:00:00,2025-01-13 00:00:00,2025-01-11 14:00:00
5,C039,Medium AC users,0.4543583333333333,0.75,80.78200833333332,236.62131574803146,96,218,0.9203523809523809,2.5673309523809524,-64.15139309955957,You use 64% less than households like yours in the evening.,2025-01-12 22:00:00,2025-01-13 00:00:00,2025-01-11 14:00:00
5,C040,Medium AC users,1.0343964285714284,0.5,66.17496666666668,193.8353354330709,96,176,1.764590476190476,2.5673309523809524,-31.267510542262254,You use 31% less than households like yours in the evening.,2025-01-12 22:00:00,2025-01-13 00:00:00,2025-01-11 14:00:00
5,C048,Medium AC users,1.9150964285714285,1.0,118.94749166666668,348.4131251968504,176,341,3.8063428571428566,2.5673309523809524,48.26070061644525,You use 48% more than households like yours in the evening.,2025-01-12 22:00:00,2025-01-13 00:00:00,2025-01-11 14:00:00
5,C049,Medium AC users,1.8466369047619047,1.0,121.23566666666667,355.1154960629921,176,341,3.6189047619047616,2.5673309523809524,40.95980724840229,You use 41% more than households like yours in the evening.,2025-01-12 22:00:00,2025-01-13 00:00:00,2025-01-11 14:00:00
5,C003,Low consumers without AC,1.9584857142857142,0.75,148.69848333333334,435.55776220472444,176,341,4.748969047619048,2.9831410714285713,59.19357931486808,You use 59% more than households like yours in the evening.,2025-01-12 22:00:00,2025-01-13 00:00:00,2025-01-11 14:00:00
5,C006,Low consumers without AC,1.5396226190476192,0.0,98.61486666666667,288.85614488188975,96,218,3.3439059523809527,2.9831410714285713,12.093456940660797,You use 12% more than households like yours in the evening.,2025-01-12 22:00:00,2025-01-13 00:00:00,2025-01-11 14:00:00
5,C018,Low consumers without AC,1.055947619047619,1.0,97.13979166666667,284.5354527559055,96,218,2.4404619047619045,2.9831410714285713,-18.19153548802128,You use 18% less than households like yours in the evening.,2025-01-12 22:00:00,2025-01-13 00:00:00,2025-01-11 14:00:00
5,C026,Low consumers without AC,2.303402380952381,1.0,144.9601,424.60753700787404,176,341,3.904828571428571,2.9831410714285713,30.896544210650422,You use 31% more than households like yours in the evening.,2025-01-12 22:00:00,2025-01-13 00:00:00,2025-01-11 14:00:00
5,C043,Low consumers without AC,1.27495,0.25,115.56964166666667,338.5189503937008,176,341,2.6091547619047617,2.9831410714285713,-12.536661879845813,You use 13% less than households like yours in the evening.,2025-01-12 22:00:00,2025-01-13 00:00:00,2025-01-11 14:00:00
5,C045,Low consumers without AC,1.150245238095238,1.0,146.58961666666664,429.3806094488188,176,341,2.9416464285714286,2.9831410714285713,-1.3909715251002819,In the evening you use about the same as households like yours.,2025-01-12 22:00:00,2025-01-13 00:00:00,2025-01-11 14:00:00
5,C046,Low consumers without AC,0.9362154761904763,0.75,82.34223333333333,241.1914236220472,96,218,2.0840083333333332,2.9831410714285713,-30.14046994648697,You use 30% less than households like yours in the evening.,2025-01-12 22:00:00,2025-01-13 00:00:00,2025-01-11 14:00:00
5,C050,Low consumers without AC,1.095777380952381,0.75,100.92839166666666,295.63276929133855,176,218,3.024635714285714,2.9831410714285713,1.3909715251002819,In the evening you use about the same as households like yours.,2025-01-12 22:00:00,2025-01-13 00:00:00,2025-01-11 14:00:00
6,C002,Large evening-peak households,1.6710690476190475,0.25,148.52738333333332,397.4977453237409,176,341,4.472661904761905,6.167920238095237,-27.48508845595672,You use 27% less than households like yours in the evening.,2025-01-13 21:00:00,2025-01-13 23:00:00,2025-01-12 14:00:00
6,C007,Large evening-peak households,3.5121761904761906,0.75,178.84965,478.64798417266184,176,341,5.980466666666666,6.167920238095237,-3.039169836710809,In the evening you use about the same as households like yours.,2025-01-13 21:00:00,2025-01-13 23:00:00,2025-01-12 14:00:00
6,C009,Large evening-peak households,2.6823690476190474,0.5,147.92484166666668,395.8851877697842,176,341,5.63582619047619,6.167920238095237,-8.626798451974915,You use 9% less than households like yours in the evening.,2025-01-13 21:00:00,2025-01-13 23:00:00,2025-01-12 14:00:00
6,C010,Large evening-peak households,3.0028107142857143,0.75,172.0126416666667,460.3503791366907,176,341,5.415580952380952,6.167920238095237,-12.19761697091305,You use 12% less than households like yours in the evening.,2025-01-13 21:00:00,2025-01-13 23:00:00,2025-01-12 14:00:00
6,C011,Large evening-peak households,3.1544738095238096,0.5,159.00905,425.5494,176,341,5.119926190476191,6.167920238095237,-16.9910440985645,You use 17% less than households like yours in the evening.,2025-01-13 21:00:00,2025-01-13 23:00:00,2025-01-12 14:00:00
6,C013,Large evening-peak households,2.768897619047619,0.5,140.00533333333334,374.6905323741007,176,341,5.221555952380953,6.167920238095237,-15.343328856122474,You use 15% less than households like yours in the evening.,2025-01-13 21:00:00,2025-01-13 23:00:00,2025-01-12 14:00:00
6,C015,Large evening-peak households,5.1729964285714285,0.5,211.4221,565.8202964028776,218,414,7.895332142857143,6.167920238095237,28.0063917508661,You use 28% more than households like yours in the evening.,2025-01-13 21:00:00,2025-01-13 23:00:00,2025-01-12 14:00:00
6,C016,Large evening-peak households,3.5841845238095233,0.75,203.41752499999998,544.3979805755395,218,414,6.355373809523809,6.167920238095237,3.0391698367107978,In the evening you use about the same as households like yours.,2025-01-13 21:00:00,2025-01-13 23:00:00,2025-01-12 14:00:00
6,C021,Large evening-peak households,3.977508333333334,0.75,206.5072,552.6667510791366,218,414,6.704251190476191,6.167920238095237,8.695491051722515,You use 9% more than households like yours in the evening.,2025-01-13 21:00:00,2025-01-13 23:00:00,2025-01-12 14:00:00
6,C022,Large evening-peak households,5.418085714285714,0.75,217.86525833333332,583.0638568345323,218,414,8.919997619047619,6.167920238095237,44.61921157726047,You use 45% more than households like yours in the evening.,2025-01-13 21:00:00,2025-01-13 23:00:00,2025-01-12 14:00:00
6,C023,Large evening-peak households,3.6462845238095234,0.25,183.7200387820513,491.6824059490869,176,341,6.424816666666667,6.167920238095237,4.165041353562704,In the evening you use about the same as households like yours.,2025-01-13 21:00:00,2025-01-13 23:00:00,2025-01-12 14:00:00
6,C027,Large evening-peak households,2.1712345238095234,0.5,134.71078333333332,360.520945323741,176,341,3.972660714285714,6.167920238095237,-35.59156796890516,You use 36% less than households like yours in the evening.,2025-01-13 21:00:00,2025-01-13 23:00:00,2025-01-12 14:00:00
6,C029,Large evening-peak households,3.961583333333333,0.75,211.79213333333334,566.810601438849,218,414,6.8502559523809525,6.167920238095237,11.062654637966475,You use 11% more than households like yours in the evening.,2025-01-13 21:00:00,2025-01-13 23:00:00,2025-01-12 14:00:00
6,C031,Large evening-peak households,3.536164285714286,0.5,179.98248333333333,481.6797395683453,176,341,6.520275,6.167920238095237,5.712699715675562,You use 6% more than households like yours in the evening.,2025-01-13 21:00:00,2025-01-13 23:00:00,2025-01-12 14:00:00
6,C033,Large evening-peak households,3.34932380952381,1.0,184.84886666666665,494.7034417266186,176,341,6.510430952380952,6.167920238095237,5.553098954980773,You use 6% more than households like yours in the evening.,2025-01-13 21:00:00,2025-01-13 23:00:00,2025-01-12 14:00:00
6,C034,Large evening-peak households,3.7104321428571425,0.75,185.07737500000002,495.3149892086331,176,341,6.396639285714286,6.167920238095237,3.7082037184333227,In the evening you use about the same as households like yours.,2025-01-13 21:00:00,2025-01-13 23:00:00,2025-01-12 14:00:00
6,C035,Large evening-peak households,2.584529761904762,1.0,162.21190833333333,434.1210784172661,176,341,5.024640476190476,6.167920238095237,-18.535903801794717,You use 19% less than households like yours in the evening.,2025-01-13 21:00:00,2025-01-13 23:00:00,2025-01-12 14:00:00
6,C042,Large evening-peak households,3.155786904761905,0.75,188.59820833333333,504.73765107913664,176,414,5.850177380952381,6.167920238095237,-5.151539658057914,You use 5% less than households like yours in the evening.,2025-01-13 21:00:00,2025-01-13 23:00:00,2025-01-12 14:00:00
6,C005,"Daytime-occupied, high base load",3.147667857142857,0.5,214.47990833333333,574.0037834532374,218,414,7.1493690476190475,6.879269047619047,3.9262892340790723,In the evening you use about the same as households like yours.,2025-01-13 21:00:00,2025-01-13 23:00:00,2025-01-12 14:00:00
6,C019,"Daytime-occupied, high base load",3.263933333333333,1.0,167.76216666666667,448.9750071942446,176,341,5.183983333333335,6.879269047619047,-24.64339892146623,You use 25% less than households like yours in the evening.,2025-01-13 21:00:00,2025-01-13 23:00:00,2025-01-12 14:00:00
6,C024,"Daytime-occupied, high base load",3.0847928571428573,0.5,189.663275,507.588045323741,176,414,6.356072619047619,6.879269047619047,-7.605407274374731,You use 8% less than households like yours in the evening.,2025-01-13 21:00:00,2025-01-13 23:00:00,2025-01-12 14:00:00
6,C037,"Daytime-occupied, high base load",4.016895238095238,0.75,199.99596666666667,535.2410043165468,176,414,6.888913095238095,6.879269047619047,0.14019000495970602,In the evening you use about the same as households like yours.,2025-01-13 21:00:00,2025-01-13 23:00:00,2025-01-12 14:00:00
6,C041,"Daytime-occupied, high base load",3.1696738095238097,1.0,186.35299166666667,498.7288697841726,176,341,6.879269047619047,6.879269047619047,0.0,In the evening you use about the same as households like yours.,2025-01-13 21:00:00,2025-01-13 23:00:00,2025-01-12 14:00:00
6,C044,"Daytime-occupied, high base load",3.656051190476191,0.75,206.389925,552.3528928057553,218,414,6.449173809523809,6.879269047619047,-6.2520485115216795,You use 6% less than households like yours in the evening.,2025-01-13 21:00:00,2025-01-13 23:00:00,2025-01-12 14:00:00
6,C047,"Daytime-occupied, high base load",4.359783333333334,0.75,209.57326666666668,560.8723395683453,218,414,7.566608333333334,6.879269047619047,9.99145811795481,You use 10% more than households like yours in the evening.,2025-01-13 21:00:00,2025-01-13 23:00:00,2025-01-12 14:00:00
6,C001,Medium AC users,2.5763083333333334,0.75,154.98453333333333,414.77875107913667,176,341,4.172892857142857,3.3281166666666664,25.383010125131555,You use 25% more than households like yours in the evening.,2025-01-13 21:00:00,2025-01-13 23:00:00,2025-01-12 14:00:00
6,C004,Medium AC users,1.7678023809523808,0.5,150.267275,402.1541460431655,176,341,3.272365476190476,3.3281166666666664,-1.6751573355157867,In the evening you use about the same as households like yours.,2025-01-13 21:00:00,2025-01-13 23:00:00,2025-01-12 14:00:00
6,C008,Medium AC users,1.3791964285714282,1.0,132.417925,354.38466258992804,176,341,2.6774285714285715,3.3281166666666664,-19.551240548601413,You use 20% less than households like yours in the evening.,2025-01-13 21:00:00,2025-01-13 23:00:00,2025-01-12 14:00:00
6,C012,Medium AC users,2.058840476190476,0.25,109.26476666666666,292.42081438848913,176,218,3.3281166666666664,3.3281166666666664,0.0,In the evening you use about the same as households like yours.,2025-01-13 21:00:00,2025-01-13 23:00:00,2025-01-12 14:00:00
6,C014,Medium AC users,1.5986404761904764,0.75,142.54496666666668,381.4872489208633,176,341,2.5088202380952387,3.3281166666666664,-24.6174191180626,You use 25% less than households like yours in the evening.,2025-01-13 21:00:00,2025-01-13 23:00:00,2025-01-12 14:00:00
6,C017,Medium AC users,2.0094321428571424,0.5,124.88613333333333,334.2276374100719,176,341,2.8091035714285715,3.3281166666666664,-15.594798717135161,You use 16% less than households like yours in the evening.,2025-01-13 21:00:00,2025-01-13 23:00:00,2025-01-12 14:00:00
6,C020,Medium AC users,2.5202738095238097,0.5,134.83589166666667,360.85576762589926,176,341,3.9593214285714287,3.3281166666666664,18.96582437228549,You use 19% more than households like yours in the evening.,2025-01-13 21:00:00,2025-01-13 23:00:00,2025-01-12 14:00:00
6,C025,Medium AC users,1.0147559523809524,1.0,78.5888,210.32398273381295,96,218,1.7447369047619046,3.3281166666666664,-47.575849060923204,You use 48% less than households like yours in the evening.,2025-01-13 21:00:00,2025-01-13 23:00:00,2025-01-12 14:00:00
6,C028,Medium AC users,2.3594488095238093,0.5,143.42005,383.8291985611511,176,341,3.9080047619047624,3.3281166666666664,17.423911278293414,You use 17% more than households like yours in the evening.,2025-01-13 21:00:00,2025-01-13 23:00:00,2025-01-12 14:00:00
6,C030,Medium AC users,1.807316666666667,0.5,115.30231666666667,308.57886187050354,176,341,3.3459142857142856,3.3281166666666664,0.5347654794038537,In the evening you use about the same as households like yours.,2025-01-13 21:00:00,2025-01-13 23:00:00,2025-01-12 14:00:00
6,C032,Medium AC users,2.8554047619047624,0.75,141.31167499999998,378.18664100719417,176,341,5.592128571428572,3.3281166666666664,68.02681911477177,You use 68% more than households like yours in the evening.,2025-01-13 21:00:00,2025-01-13 23:00:00,2025-01-12 14:00:00
6,C036,Medium AC users,2.5927738095238095,0.25,150.4513583333333,402.6468007194244,176,341,3.8204261904761907,3.3281166666666664,14.792435876432354,You use 15% more than households like yours in the evening.,2025-01-13 21:00:00,2025-01-13 23:00:00,2025-01-12 14:00:00
6,C038,Medium AC users,1.0081583333333335,0.5,74.17539166666667,198.51255899280574,96,176,1.7140940476190478,3.3281166666666664,-48.4965757124185,You use 48% less than households like yours in the evening.,2025-01-13 21:00:00,2025-01-13 23:00:00,2025-01-12 14:00:00
6,C039,Medium AC users,0.9488833333333334,0.75,95.11659166666666,254.55663381294963,96,218,1.9614214285714284,3.3281166666666664,-41.06512406201419,You use 41% less than households like yours in the evening.,2025-01-13 21:00:00,2025-01-13 23:00:00,2025-01-12 14:00:00
6,C040,Medium AC users,1.1622773809523808,0.5,74.459225,199.27217050359712,96,176,1.9748761904761902,3.3281166666666664,-40.660848513638136,You use 41% less than households like yours in the evening.,2025-01-13 21:00:00,2025-01-13 23:00:00,2025-01-12 14:00:00
6,C048,Medium AC users,2.6658738095238097,1.0,137.35818333333333,367.60607338129495,176,341,4.892821428571429,3.3281166666666664,47.014720895344084,You use 47% more than households like yours in the evening.,2025-01-13 21:00:00,2025-01-13 23:00:00,2025-01-12 14:00:00
6,C049,Medium AC users,2.5048190476190473,1.0,138.7420833333333,371.30974820143877,176,341,4.650938095238096,3.3281166666666664,39.746846672184844,You use 40% more than households like yours in the evening.,2025-01-13 21:00:00,2025-01-13 23:00:00,2025-01-12 14:00:00
6,C003,Low consumers without AC,2.613071428571429,0.75,166.19004999999999,444.76761582733803,176,341,4.825392857142857,3.50707380952381,37.5902852126756,You use 38% more than households like yours in the evening.,2025-01-13 21:00:00,2025-01-13 23:00:00,2025-01-12 14:00:00
6,C006,Low consumers without AC,2.7422440476190473,0.0,111.346825,297.9929417266187,176,218,3.879610714285714,3.50707380952381,10.622442668592914,You use 11% more than households like yours in the evening.,2025-01-13 21:00:00,2025-01-13 23:00:00,2025-01-12 14:00:00
6,C018,Low consumers without AC,1.6099452380952382,1.0,106.15344166666667,284.0941028776978,176,218,2.8719500000000004,3.50707380952381,-18.109793064493463,You use 18% less than households like yours in the evening.,2025-01-13 21:00:00,2025-01-13 23:00:00,2025-01-12 14:00:00
6,C026,Low consumers without AC,3.150082142857143,1.0,155.84947499999998,417.0935589928057,176,341,4.544183333333334,3.50707380952381,29.57193318809399,You use 30% more than households like yours in the evening.,2025-01-13 21:00:00,2025-01-13 23:00:00,2025-01-12 14:00:00
6,C043,Low consumers without AC,1.6028428571428572,0.25,125.54495,335.99080143884885,176,341,3.366257142857143,3.50707380952381,-4.015218222218908,In the evening you use about the same as households like yours.,2025-01-13 21:00:00,2025-01-13 23:00:00,2025-01-12 14:00:00
6,C045,Low consumers without AC,1.7246523809523808,1.0,159.10423333333335,425.80413525179864,176,341,3.555969047619048,3.50707380952381,1.3941890234091536,In the evening you use about the same as households like yours.,2025-01-13 21:00:00,2025-01-13 23:00:00,2025-01-12 14:00:00
6,C046,Low consumers without AC,1.7561607142857143,0.75,92.06865833333333,246.39957482014387,96,218,2.566105952380952,3.50707380952381,-26.83056896571624,You use 27% less than households like yours in the evening.,2025-01-13 21:00:00,2025-01-13 23:00:00,2025-01-12 14:00:00
6,C050,Low consumers without AC,2.025320238095238,0.75,111.59204166666666,298.6492050359712,176,218,3.4581785714285718,3.50707380952381,-1.3941890234091536,In the evening you use about the same as households like yours.,2025-01-13 21:00:00,2025-01-13 23:00:00,2025-01-12 14:00:00
7,C002,Large evening-peak households,2.3043190476190474,0.2,170.27819166666666,419.49329337748344,176,341,4.472661904761905,6.167920238095237,-27.48508845595672,You use 27% less than households like yours in the evening.,2025-01-14 20:00:00,2025-01-14 22:00:00,2025-01-13 14:00:00
7,C007,Large evening-peak households,3.4162964285714286,0.6,198.77314166666667,489.69277284768214,176,341,5.980466666666666,6.167920238095237,-3.039169836710809,In the evening you use about the same as households like yours.,2025-01-14 20:00:00,2025-01-14 22:00:00,2025-01-13 14:00:00
7,C009,Large evening-peak households,3.1713999999999998,0.4,168.38926666666669,414.83978278145696,176,341,5.63582619047619,6.167920238095237,-8.626798451974915,You use 9% less than households like yours in the evening.,2025-01-14 20:00:00,2025-01-14 22:00:00,2025-01-13 14:00:00
7,C010,Large evening-peak households,3.019547619047619,0.8,192.2938,473.730421192053,176,341,5.415580952380952,6.167920238095237,-12.19761697091305,You use 12% less than households like yours in the evening.,2025-01-14 20:00:00,2025-01-14 22:00:00,2025-01-13 14:00:00
7,C011,Large evening-peak households,2.9580595238095237,0.6,176.59906666666666,435.0652503311258,176,341,5.119926190476191,6.167920238095237,-16.9910440985645,You use 17% less than households like yours in the evening.,2025-01-14 20:00:00,2025-01-14 22:00:00,2025-01-13 14:00:00
7,C013,Large evening-peak households,2.8118678571428575,0.6,155.38186666666667,382.7950622516556,176,341,5.221555952380953,6.167920238095237,-15.343328856122474,You use 15% less than households like yours in the evening.,2025-01-14 20:00:00,2025-01-14 22:00:00,2025-01-13 14:00:00
7,C015,Large evening-peak households,4.976728571428571,0.4,224.6666833333333,553.4834847682118,218,414,7.895332142857143,6.167920238095237,28.0063917508661,You use 28% more than households like yours in the evening.,2025-01-14 20:00:00,2025-01-14 22:00:00,2025-01-13 14:00:00
7,C016,Large evening-peak households,3.8529095238095232,0.8,224.80478333333332,553.8237046357615,218,414,6.355373809523809,6.167920238095237,3.0391698367107978,In the evening you use about the same as households like yours.,2025-01-14 20:00:00,2025-01-14 22:00:00,2025-01-13 14:00:00
7,C021,Large evening-peak households,3.7533809523809523,0.6,231.44154999999998,570.1738847682118,218,414,6.704251190476191,6.167920238095237,8.695491051722515,You use 9% more than households like yours in the evening.,2025-01-14 20:00:00,2025-01-14 22:00:00,2025-01-13 14:00:00
7,C022,Large evening-peak households,5.384132142857143,0.8,244.7424,602.9415417218543,218,414,8.919997619047619,6.167920238095237,44.61921157726047,You use 45% more than households like yours in the evening.,2025-01-14 20:00:00,2025-01-14 22:00:00,2025-01-13 14:00:00
7,C023,Large evening-peak households,3.870160714285714,0.2,207.19618333333335,510.44357748344373,218,414,6.424816666666667,6.167920238095237,4.165041353562704,In the evening you use about the same as households like yours.,2025-01-14 20:00:00,2025-01-14 22:00:00,2025-01-13 14:00:00
7,C027,Large evening-peak households,2.4376988095238095,0.6,147.528275,363.44714105960264,176,341,3.972660714285714,6.167920238095237,-35.59156796890516,You use 36% less than households like yours in the evening.,2025-01-14 20:00:00,2025-01-14 22:00:00,2025-01-13 14:00:00
7,C029,Large evening-peak households,4.063128571428571,0.8,221.63983333333334,546.0266092715232,218,414,6.8502559523809525,6.167920238095237,11.062654637966475,You use 11% more than households like yours in the evening.,2025-01-14 20:00:00,2025-01-14 22:00:00,2025-01-13 14:00:00
7,C031,Large evening-peak households,3.8660238095238095,0.6,211.01118333333332,519.8421205298013,218,414,6.520275,6.167920238095237,5.712699715675562,You use 6% more than households like yours in the evening.,2025-01-14 20:00:00,2025-01-14 22:00:00,2025-01-13 14:00:00
7,C033,Large evening-peak households,3.5283190476190476,1.0,200.22587499999997,493.2716920529801,218,341,6.510430952380952,6.167920238095237,5.553098954980773,You use 6% more than households like yours in the evening.,2025-01-14 20:00:00,2025-01-14 22:00:00,2025-01-13 14:00:00
7,C034,Large evening-peak households,4.28224880952381,0.8,198.389075,488.7465953642384,176,341,6.396639285714286,6.167920238095237,3.7082037184333227,In the evening you use about the same as households like yours.,2025-01-14 20:00:00,2025-01-14 22:00:00,2025-01-13 14:00:00
7,C035,Large evening-peak households,2.853430952380952,1.0,173.86239166666667,428.32324304635756,176,341,5.024640476190476,6.167920238095237,-18.535903801794717,You use 19% less than households like yours in the evening.,2025-01-14 20:00:00,2025-01-14 22:00:00,2025-01-13 14:00:00
7,C042,Large evening-peak households,3.118259523809524,0.8,198.35331666666667,488.65850198675497,176,341,5.850177380952381,6.167920238095237,-5.151539658057914,You use 5% less than households like yours in the evening.,2025-01-14 20:00:00,2025-01-14 22:00:00,2025-01-13 14:00:00
7,C005,"Daytime-occupied, high base load",3.4879869047619043,0.6,236.10666666666668,581.6667549668874,218,414,7.1493690476190475,6.879269047619047,3.9262892340790723,In the evening you use about the same as households like yours.,2025-01-14 20:00:00,2025-01-14 22:00:00,2025-01-13 14:00:00
7,C019,"Daytime-occupied, high base load",3.0581214285714284,1.0,195.23428333333334,480.97452582781455,176,341,5.183983333333335,6.879269047619047,-24.64339892146623,You use 25% less than households like yours in the evening.,2025-01-14 20:00:00,2025-01-14 22:00:00,2025-01-13 14:00:00
7,C024,"Daytime-occupied, high base load",3.638538095238095,0.6,214.388775,528.1630748344371,218,414,6.356072619047619,6.879269047619047,-7.605407274374731,You use 8% less than households like yours in the evening.,2025-01-14 20:00:00,2025-01-14 22:00:00,2025-01-13 14:00:00
7,C037,"Daytime-occupied, high base load",4.484059523809523,0.6,225.06574166666667,554.4665953642384,218,414,6.888913095238095,6.879269047619047,0.14019000495970602,In the evening you use about the same as households like yours.,2025-01-14 20:00:00,2025-01-14 22:00:00,2025-01-13 14:00:00
7,C041,"Daytime-occupied, high base load",3.798769047619047,0.8,209.93540000000002,517.191846357616,218,414,6.879269047619047,6.879269047619047,0.0,In the evening you use about the same as households like yours.,2025-01-14 20:00:00,2025-01-14 22:00:00,2025-01-13 14:00:00
7,C044,"Daytime-occupied, high base load",3.4878142857142853,0.8,225.68976666666669,556.0039284768212,218,414,6.449173809523809,6.879269047619047,-6.2520485115216795,You use 6% less than households like yours in the evening.,2025-01-14 20:00:00,2025-01-14 22:00:00,2025-01-13 14:00:00
7,C047,"Daytime-occupied, high base load",4.372920238095237,0.8,235.68615,580.6307801324504,218,414,7.566608333333334,6.879269047619047,9.99145811795481,You use 10% more than households like yours in the evening.,2025-01-14 20:00:00,2025-01-14 22:00:00,2025-01-13 14:00:00
7,C001,Medium AC users,2.4919249999999993,0.8,165.0300916666667,406.5641993377484,176,341,4.172892857142857,3.3281166666666664,25.383010125131555,You use 25% more than households like yours in the evening.,2025-01-14 20:00:00,2025-01-14 22:00:00,2025-01-13 14:00:00
7,C004,Medium AC users,1.6352273809523812,0.4,156.39625833333332,385.29409337748336,176,341,3.272365476190476,3.3281166666666664,-1.6751573355157867,In the evening you use about the same as households like yours.,2025-01-14 20:00:00,2025-01-14 22:00:00,2025-01-13 14:00:00
7,C008,Medium AC users,1.650379761904762,0.8,154.27735,380.07400132450334,176,341,2.6774285714285715,3.3281166666666664,-19.551240548601413,You use 20% less than households like yours in the evening.,2025-01-14 20:00:00,2025-01-14 22:00:00,2025-01-13 14:00:00
7,C012,Medium AC users,2.397535714285714,0.4,122.11146666666667,300.830898013245,176,341,3.3281166666666664,3.3281166666666664,0.0,In the evening you use about the same as households like yours.,2025-01-14 20:00:00,2025-01-14 22:00:00,2025-01-13 14:00:00
7,C014,Medium AC users,1.502207142857143,0.6,163.03368333333333,401.64589536423836,176,341,2.5088202380952387,3.3281166666666664,-24.6174191180626,You use 25% less than households like yours in the evening.,2025-01-14 20:00:00,2025-01-14 22:00:00,2025-01-13 14:00:00
7,C017,Medium AC users,1.5622559523809525,0.6,148.9129333333333,366.8583523178807,176,341,2.8091035714285715,3.3281166666666664,-15.594798717135161,You use 16% less than households like yours in the evening.,2025-01-14 20:00:00,2025-01-14 22:00:00,2025-01-13 14:00:00
7,C020,Medium AC users,2.280061904761905,0.4,141.36383333333333,348.2605695364238,176,341,3.9593214285714287,3.3281166666666664,18.96582437228549,You use 19% more than households like yours in the evening.,2025-01-14 20:00:00,2025-01-14 22:00:00,2025-01-13 14:00:00
7,C025,Medium AC users,0.8520666666666666,0.8,83.82831666666667,206.51744238410595,96,218,1.7447369047619046,3.3281166666666664,-47.575849060923204,You use 48% less than households like yours in the evening.,2025-01-14 20:00:00,2025-01-14 22:00:00,2025-01-13 14:00:00
7,C028,Medium AC users,1.9533797619047617,0.4,165.6807333333333,408.1671046357615,176,341,3.9080047619047624,3.3281166666666664,17.423911278293414,You use 17% more than households like yours in the evening.,2025-01-14 20:00:00,2025-01-14 22:00:00,2025-01-13 14:00:00
7,C030,Medium AC users,1.8083904761904763,0.6,135.76013333333333,334.45542781456953,176,341,3.3459142857142856,3.3281166666666664,0.5347654794038537,In the evening you use about the same as households like yours.,2025-01-14 20:00:00,2025-01-14 22:00:00,2025-01-13 14:00:00
7,C032,Medium AC users,2.929130952380952,0.8,156.63374166666665,385.87915165562913,176,341,5.592128571428572,3.3281166666666664,68.02681911477177,You use 68% more than households like yours in the evening.,2025-01-14 20:00:00,2025-01-14 22:00:00,2025-01-13 14:00:00
7,C036,Medium AC users,1.9935952380952382,0.4,166.52774999999997,410.25379470198664,176,341,3.8204261904761907,3.3281166666666664,14.792435876432354,You use 15% more than households like yours in the evening.,2025-01-14 20:00:00,2025-01-14 22:00:00,2025-01-13 14:00:00
7,C038,Medium AC users,0.9053285714285716,0.4,80.6781,198.75664370860926,96,176,1.7140940476190478,3.3281166666666664,-48.4965757124185,You use 48% less than households like yours in the evening.,2025-01-14 20:00:00,2025-01-14 22:00:00,2025-01-13 14:00:00
7,C039,Medium AC users,1.008895238095238,0.6,106.46498333333334,262.28459470198675,176,218,1.9614214285714284,3.3281166666666664,-41.06512406201419,You use 41% less than households like yours in the evening.,2025-01-14 20:00:00,2025-01-14 22:00:00,2025-01-13 14:00:00
7,C040,Medium AC users,1.0724976190476192,0.6,92.97228333333334,229.04430066225166,96,218,1.9748761904761902,3.3281166666666664,-40.660848513638136,You use 41% less than households like yours in the evening.,2025-01-14 20:00:00,2025-01-14 22:00:00,2025-01-13 14:00:00
7,C048,Medium AC users,2.664314285714286,1.0,159.2224,392.2565086092715,176,341,4.892821428571429,3.3281166666666664,47.014720895344084,You use 47% more than households like yours in the evening.,2025-01-14 20:00:00,2025-01-14 22:00:00,2025-01-13 14:00:00
7,C049,Medium AC users,2.584390476190476,1.0,159.20393333333334,392.2110145695364,176,341,4.650938095238096,3.3281166666666664,39.746846672184844,You use 40% more than households like yours in the evening.,2025-01-14 20:00:00,2025-01-14 22:00:00,2025-01-13 14:00:00
7,C003,Low consumers without AC,2.7857,0.8,176.52006666666665,434.8706278145695,176,341,4.825392857142857,3.50707380952381,37.5902852126756,You use 38% more than households like yours in the evening.,2025-01-14 20:00:00,2025-01-14 22:00:00,2025-01-13 14:00:00
7,C006,Low consumers without AC,2.800075,0.0,120.132225,295.9548854304636,176,218,3.879610714285714,3.50707380952381,10.622442668592914,You use 11% more than households like yours in the evening.,2025-01-14 20:00:00,2025-01-14 22:00:00,2025-01-13 14:00:00
7,C018,Low consumers without AC,1.5401738095238096,1.0,115.24545,283.9159430463576,176,218,2.8719500000000004,3.50707380952381,-18.109793064493463,You use 18% less than households like yours in the evening.,2025-01-14 20:00:00,2025-01-14 22:00:00,2025-01-13 14:00:00
7,C026,Low consumers without AC,2.6778785714285713,0.8,172.16074166666664,424.1310986754966,176,341,4.544183333333334,3.50707380952381,29.57193318809399,You use 30% more than households like yours in the evening.,2025-01-14 20:00:00,2025-01-14 22:00:00,2025-01-13 14:00:00
7,C043,Low consumers without AC,1.801157142857143,0.2,131.83665000000002,324.7896278145696,176,341,3.366257142857143,3.50707380952381,-4.015218222218908,In the evening you use about the same as households like yours.,2025-01-14 20:00:00,2025-01-14 22:00:00,2025-01-13 14:00:00
7,C045,Low consumers without AC,1.8760952380952378,1.0,180.21516666666668,443.97378807947024,176,341,3.555969047619048,3.50707380952381,1.3941890234091536,In the evening you use about the same as households like yours.,2025-01-14 20:00:00,2025-01-14 22:00:00,2025-01-13 14:00:00
7,C046,Low consumers without AC,1.7050333333333332,0.6,101.79060833333334,250.76891589403974,176,218,2.566105952380952,3.50707380952381,-26.83056896571624,You use 27% less than households like yours in the evening.,2025-01-14 20:00:00,2025-01-14 22:00:00,2025-01-13 14:00:00
7,C050,Low consumers without AC,2.044633333333333,0.8,126.353175,311.28066953642383,176,341,3.4581785714285718,3.50707380952381,-1.3941890234091536,In the evening you use about the same as households like yours.,2025-01-14 20:00:00,2025-01-14 22:00:00,2025-01-13 14:00:00
8,C002,Large evening-peak households,1.4621854166666666,0.14285714285714285,194.64566666666667,413.7610742857143,176,341,3.9135791666666666,5.396930208333332,-27.48508845595672,You use 27% less than households like yours in the evening.,2025-01-16 21:00:00,2025-01-16 23:00:00,2025-01-15 14:00:00
8,C007,Large evening-peak households,3.073154166666667,0.42857142857142855,220.28900833333333,468.27149199999997,218,341,5.232908333333333,5.396930208333332,-3.0391698367107867,In the evening you use about the same as households like yours.,2025-01-16 21:00:00,2025-01-16 23:00:00,2025-01-15 14:00:00
8,C009,Large evening-peak households,2.3470729166666664,0.2857142857142857,189.87555,403.6211691428571,176,341,4.931347916666667,5.396930208333332,-8.626798451974892,You use 9% less than households like yours in the evening.,2025-01-16 21:00:00,2025-01-16 23:00:00,2025-01-15 14:00:00
8,C010,Large evening-peak households,2.627459375,0.8571428571428571,217.46741666666668,462.2735942857143,218,341,4.7386333333333335,5.396930208333332,-12.197616970913039,You use 12% less than households like yours in the evening.,2025-01-16 21:00:00,2025-01-16 23:00:00,2025-01-15 14:00:00
8,C011,Large evening-peak households,2.7601645833333333,0.42857142857142855,207.56885,441.2320697142857,218,341,4.479935416666667,5.396930208333332,-16.9910440985645,You use 17% less than households like yours in the evening.,2025-01-16 21:00:00,2025-01-16 23:00:00,2025-01-15 14:00:00
8,C013,Large evening-peak households,2.4227854166666667,0.7142857142857143,185.30298333333332,393.90119885714284,176,341,4.568861458333334,5.396930208333332,-15.343328856122461,You use 15% less than households like yours in the evening.,2025-01-16 21:00:00,2025-01-16 23:00:00,2025-01-15 14:00:00
8,C015,Large evening-peak households,4.526371875,0.5714285714285714,258.04988333333336,548.5403234285715,218,414,6.908415625,5.396930208333332,28.006391750866122,You use 28% more than households like yours in the evening.,2025-01-16 21:00:00,2025-01-16 23:00:00,2025-01-15 14:00:00
8,C016,Large evening-peak households,3.136161458333333,0.8571428571428571,260.07235,552.8395097142857,218,414,5.560952083333333,5.396930208333332,3.0391698367107978,In the evening you use about the same as households like yours.,2025-01-16 21:00:00,2025-01-16 23:00:00,2025-01-15 14:00:00
8,C021,Large evening-peak households,3.4803197916666675,0.7142857142857143,276.40057500000006,587.5486508571429,218,414,5.8662197916666665,5.396930208333332,8.695491051722515,You use 9% more than households like yours in the evening.,2025-01-16 21:00:00,2025-01-16 23:00:00,2025-01-15 14:00:00
8,C022,Large evening-peak households,4.740824999999999,0.7142857142857143,286.06531666666666,608.0931302857143,218,414,7.804997916666666,5.396930208333332,44.61921157726047,You use 45% more than households like yours in the evening.,2025-01-16 21:00:00,2025-01-16 23:00:00,2025-01-15 14:00:00
8,C023,Large evening-peak households,3.190498958333333,0.2857142857142857,248.060725,527.3062268571427,218,414,5.6217145833333335,5.396930208333332,4.165041353562704,In the evening you use about the same as households like yours.,2025-01-16 21:00:00,2025-01-16 23:00:00,2025-01-15 14:00:00
8,C027,Large evening-peak households,1.8998302083333332,0.7142857142857143,184.65946666666665,392.5332662857142,176,341,3.476078125,5.396930208333332,-35.591567968905146,You use 36% less than households like yours in the evening.,2025-01-16 21:00:00,2025-01-16 23:00:00,2025-01-15 14:00:00
8,C029,Large evening-peak households,3.4663854166666663,0.5714285714285714,270.698625,575.4279342857143,218,414,5.993973958333333,5.396930208333332,11.062654637966475,You use 11% more than households like yours in the evening.,2025-01-16 21:00:00,2025-01-16 23:00:00,2025-01-15 14:00:00
8,C031,Large evening-peak households,3.09414375,0.42857142857142855,257.71705,547.8328148571427,218,414,5.705240625,5.396930208333332,5.712699715675584,You use 6% more than households like yours in the evening.,2025-01-16 21:00:00,2025-01-16 23:00:00,2025-01-15 14:00:00
8,C033,Large evening-peak households,2.9306583333333336,1.0,230.43824999999998,489.84587999999997,218,341,5.6966270833333335,5.396930208333332,5.553098954980795,You use 6% more than households like yours in the evening.,2025-01-16 21:00:00,2025-01-16 23:00:00,2025-01-15 14:00:00
8,C034,Large evening-peak households,3.2466281249999995,0.5714285714285714,227.37915833333332,483.3431251428571,218,341,5.597059375000001,5.396930208333332,3.7082037184333227,In the evening you use about the same as households like yours.,2025-01-16 21:00:00,2025-01-16 23:00:00,2025-01-15 14:00:00
8,C035,Large evening-peak households,2.2614635416666666,0.8571428571428571,204.2359416666667,434.1472588571429,218,341,4.3965604166666665,5.396930208333332,-18.535903801794717,You use 19% less than households like yours in the evening.,2025-01-16 21:00:00,2025-01-16 23:00:00,2025-01-15 14:00:00
8,C042,Large evening-peak households,2.761313541666667,0.7142857142857143,232.86448333333328,495.0033588571427,218,341,5.1189052083333335,5.396930208333332,-5.151539658057902,You use 5% less than households like yours in the evening.,2025-01-16 21:00:00,2025-01-16 23:00:00,2025-01-15 14:00:00
8,C005,"Daytime-occupied, high base load",2.754209375,0.5714285714285714,287.5674916666667,611.2863251428572,218,414,6.255697916666667,6.019360416666666,3.9262892340790723,In the evening you use about the same as households like yours.,2025-01-16 21:00:00,2025-01-16 23:00:00,2025-01-15 14:00:00
8,C019,"Daytime-occupied, high base load",2.8559416666666664,0.8571428571428571,228.10907500000002,484.8947194285715,218,341,4.5359854166666675,6.019360416666666,-24.64339892146623,You use 25% less than households like yours in the evening.,2025-01-16 21:00:00,2025-01-16 23:00:00,2025-01-15 14:00:00
8,C024,"Daytime-occupied, high base load",2.69919375,0.5714285714285714,253.18651666666668,538.2021954285714,218,414,5.561563541666667,6.019360416666666,-7.605407274374731,You use 8% less than households like yours in the evening.,2025-01-16 21:00:00,2025-01-16 23:00:00,2025-01-15 14:00:00
8,C037,"Daytime-occupied, high base load",3.514783333333333,0.7142857142857143,258.57730833333335,549.6614782857142,218,414,6.027798958333333,6.019360416666666,0.14019000495970602,In the evening you use about the same as households like yours.,2025-01-16 21:00:00,2025-01-16 23:00:00,2025-01-15 14:00:00
8,C041,"Daytime-occupied, high base load",2.7734645833333333,0.5714285714285714,250.68265000000002,532.8796902857143,218,414,6.019360416666666,6.019360416666666,0.0,In the evening you use about the same as households like yours.,2025-01-16 21:00:00,2025-01-16 23:00:00,2025-01-15 14:00:00
8,C044,"Daytime-occupied, high base load",3.199044791666667,0.8571428571428571,255.40602499999997,542.9202359999999,218,414,5.643027083333333,6.019360416666666,-6.2520485115216795,You use 6% less than households like yours in the evening.,2025-01-16 21:00:00,2025-01-16 23:00:00,2025-01-15 14:00:00
8,C047,"Daytime-occupied, high base load",3.814810416666667,0.7142857142857143,268.4965833333334,570.747022857143,218,414,6.620782291666667,6.019360416666666,9.99145811795481,You use 10% more than households like yours in the evening.,2025-01-16 21:00:00,2025-01-16 23:00:00,2025-01-15 14:00:00
8,C001,Medium AC users,2.2542697916666667,0.7142857142857143,198.14395833333333,421.1974428571428,176,341,3.65128125,2.912102083333333,25.383010125131555,You use 25% more than households like yours in the evening.,2025-01-16 21:00:00,2025-01-16 23:00:00,2025-01-15 14:00:00
8,C004,Medium AC users,1.5468270833333333,0.42857142857142855,183.5697416666667,390.21682228571433,176,341,2.8633197916666666,2.912102083333333,-1.6751573355157867,In the evening you use about the same as households like yours.,2025-01-16 21:00:00,2025-01-16 23:00:00,2025-01-15 14:00:00
8,C008,Medium AC users,1.2067968749999998,0.7142857142857143,182.73653333333334,388.44565942857145,176,341,2.34275,2.912102083333333,-19.551240548601413,You use 20% less than households like yours in the evening.,2025-01-16 21:00:00,2025-01-16 23:00:00,2025-01-15 14:00:00
8,C012,Medium AC users,1.8014854166666665,0.42857142857142855,146.663475,311.76464400000003,176,341,2.912102083333333,2.912102083333333,0.0,In the evening you use about the same as households like yours.,2025-01-16 21:00:00,2025-01-16 23:00:00,2025-01-15 14:00:00
8,C014,Medium AC users,1.3988104166666668,0.7142857142857143,204.31501666666665,434.3153497142856,218,341,2.1952177083333337,2.912102083333333,-24.6174191180626,You use 25% less than households like yours in the evening.,2025-01-16 21:00:00,2025-01-16 23:00:00,2025-01-15 14:00:00
8,C017,Medium AC users,1.7582531249999998,0.5714285714285714,172.59725833333334,366.8924577142857,176,341,2.457965625,2.912102083333333,-15.594798717135172,You use 16% less than households like yours in the evening.,2025-01-16 21:00:00,2025-01-16 23:00:00,2025-01-15 14:00:00
8,C020,Medium AC users,2.2052395833333334,0.5714285714285714,164.75390833333336,350.21973657142865,176,341,3.46440625,2.912102083333333,18.96582437228549,You use 19% more than households like yours in the evening.,2025-01-16 21:00:00,2025-01-16 23:00:00,2025-01-15 14:00:00
8,C025,Medium AC users,0.8879114583333333,0.7142857142857143,100.73058333333333,214.12443999999996,176,218,1.5266447916666666,2.912102083333333,-47.575849060923204,You use 48% less than households like yours in the evening.,2025-01-16 21:00:00,2025-01-16 23:00:00,2025-01-15 14:00:00
8,C028,Medium AC users,2.0645177083333333,0.5714285714285714,182.81720833333333,388.6171514285714,176,341,3.419504166666667,2.912102083333333,17.423911278293414,You use 17% more than households like yours in the evening.,2025-01-16 21:00:00,2025-01-16 23:00:00,2025-01-15 14:00:00
8,C030,Medium AC users,1.5814020833333335,0.7142857142857143,171.73018333333331,365.04930399999995,176,341,2.927675,2.912102083333333,0.5347654794038315,In the evening you use about the same as households like yours.,2025-01-16 21:00:00,2025-01-16 23:00:00,2025-01-15 14:00:00
8,C032,Medium AC users,2.4984791666666673,0.8571428571428571,183.09259166666664,389.20253771428565,176,341,4.8931125,2.912102083333333,68.02681911477177,You use 68% more than households like yours in the evening.,2025-01-16 21:00:00,2025-01-16 23:00:00,2025-01-15 14:00:00
8,C036,Medium AC users,2.2686770833333334,0.2857142857142857,198.2118,421.3416548571429,176,341,3.342872916666667,2.912102083333333,14.792435876432354,You use 15% more than households like yours in the evening.,2025-01-16 21:00:00,2025-01-16 23:00:00,2025-01-15 14:00:00
8,C038,Medium AC users,0.8821385416666667,0.42857142857142855,94.41598333333334,200.70140457142858,96,218,1.4998322916666669,2.912102083333333,-48.4965757124185,You use 48% less than households like yours in the evening.,2025-01-16 21:00:00,2025-01-16 23:00:00,2025-01-15 14:00:00
8,C039,Medium AC users,0.8302729166666667,0.5714285714285714,126.02330833333335,267.8895468571429,176,218,1.7162437499999998,2.912102083333333,-41.06512406201419,You use 41% less than households like yours in the evening.,2025-01-16 21:00:00,2025-01-16 23:00:00,2025-01-15 14:00:00
8,C040,Medium AC users,1.0169927083333332,0.7142857142857143,108.98063333333334,231.66168914285717,176,218,1.7280166666666665,2.912102083333333,-40.66084851363813,You use 41% less than households like yours in the evening.,2025-01-16 21:00:00,2025-01-16 23:00:00,2025-01-15 14:00:00
8,C048,Medium AC users,2.3326395833333335,1.0,179.0792583333333,380.67133771428564,176,341,4.28121875,2.912102083333333,47.014720895344084,You use 47% more than households like yours in the evening.,2025-01-16 21:00:00,2025-01-16 23:00:00,2025-01-15 14:00:00
8,C049,Medium AC users,2.1917166666666663,0.8571428571428571,185.95511666666667,395.287448,176,341,4.069570833333334,2.912102083333333,39.746846672184844,You use 40% more than households like yours in the evening.,2025-01-16 21:00:00,2025-01-16 23:00:00,2025-01-15 14:00:00
8,C003,Low consumers without AC,2.2864375000000003,0.8571428571428571,215.10610833333334,457.25412742857145,218,341,4.22221875,3.0686895833333336,37.59028521267558,You use 38% more than households like yours in the evening.,2025-01-16 21:00:00,2025-01-16 23:00:00,2025-01-15 14:00:00
8,C006,Low consumers without AC,2.3994635416666665,0.0,136.27240833333332,289.6762051428571,176,218,3.394659375,3.0686895833333336,10.622442668592914,You use 11% more than households like yours in the evening.,2025-01-16 21:00:00,2025-01-16 23:00:00,2025-01-15 14:00:00
8,C018,Low consumers without AC,1.4087020833333335,1.0,133.740675,284.2944634285715,176,218,2.5129562500000002,3.0686895833333336,-18.109793064493463,You use 18% less than households like yours in the evening.,2025-01-16 21:00:00,2025-01-16 23:00:00,2025-01-15 14:00:00
8,C026,Low consumers without AC,2.756321875,0.8571428571428571,192.70328333333333,409.6321222857142,176,341,3.976160416666667,3.0686895833333336,29.57193318809399,You use 30% more than households like yours in the evening.,2025-01-16 21:00:00,2025-01-16 23:00:00,2025-01-15 14:00:00
8,C043,Low consumers without AC,1.4024875,0.2857142857142857,155.24250833333332,330.00121771428564,176,341,2.945475,3.0686895833333336,-4.015218222218908,In the evening you use about the same as households like yours.,2025-01-16 21:00:00,2025-01-16 23:00:00,2025-01-15 14:00:00
8,C045,Low consumers without AC,1.5090708333333331,1.0,220.7105916666667,469.1676577142857,218,341,3.111472916666667,3.0686895833333336,1.3941890234091536,In the evening you use about the same as households like yours.,2025-01-16 21:00:00,2025-01-16 23:00:00,2025-01-15 14:00:00
8,C046,Low consumers without AC,1.536640625,0.7142857142857143,124.399775,264.4383788571429,176,218,2.2453427083333333,3.0686895833333336,-26.83056896571624,You use 27% less than households like yours in the evening.,2025-01-16 21:00:00,2025-01-16 23:00:00,2025-01-15 14:00:00
8,C050,Low consumers without AC,1.7721552083333332,0.7142857142857143,147.39360000000002,313.3166811428572,176,341,3.0259062500000002,3.0686895833333336,-1.3941890234091536,In the evening you use about the same as households like yours.,2025-01-16 21:00:00,2025-01-16 23:00:00,2025-01-15 14:00:00
9,C002,Large evening-peak households,2.4677791666666664,0.14285714285714285,213.80709166666668,425.32747647058824,218,341,5.288216666666667,6.190788020833334,-14.579264402678948,You use 15% less than households like yours in the evening.,2025-01-17 21:00:00,2025-01-17 23:00:00,2025-01-16 14:00:00
9,C007,Large evening-peak households,3.471439583333333,0.42857142857142855,231.35093333333333,460.2275251336898,218,341,5.800361458333333,6.190788020833334,-6.3065729465478615,You use 6% less than households like yours in the evening.,2025-01-17 21:00:00,2025-01-17 23:00:00,2025-01-16 14:00:00
9,C009,Large evening-peak households,3.00516875,0.2857142857142857,206.66295,411.1156010695187,218,341,6.190079166666667,6.190788020833334,-0.011450144380342753,In the evening you use about the same as households like yours.,2025-01-17 21:00:00,2025-01-17 23:00:00,2025-01-16 14:00:00
9,C010,Large evening-peak households,3.4592614583333336,0.8571428571428571,236.43895833333335,470.34915775401066,218,341,6.014900000000001,6.190788020833334,-2.8411249140082306,In the evening you use about the same as households like yours.,2025-01-17 21:00:00,2025-01-17 23:00:00,2025-01-16 14:00:00
9,C011,Large evening-peak households,2.8917354166666667,0.42857142857142855,215.4812083333333,428.6578048128342,218,341,4.870849999999999,6.190788020833334,-21.321001726944278,You use 21% less than households like yours in the evening.,2025-01-17 21:00:00,2025-01-17 23:00:00,2025-01-16 14:00:00
9,C013,Large evening-peak households,2.6101833333333335,0.7142857142857143,198.37765,394.63361390374325,176,341,5.417746875000001,6.190788020833334,-12.486958739854813,You use 12% less than households like yours in the evening.,2025-01-17 21:00:00,2025-01-17 23:00:00,2025-01-16 14:00:00
9,C015,Large evening-peak households,5.072721874999999,0.5714285714285714,274.3628083333333,545.7912550802139,218,414,7.966567708333334,6.190788020833334,28.684226976018557,You use 29% more than households like yours in the evening.,2025-01-17 21:00:00,2025-01-17 23:00:00,2025-01-16 14:00:00
9,C016,Large evening-peak households,3.716071875,0.8571428571428571,273.88666666666666,544.8440641711229,218,414,6.41304375,6.190788020833334,3.590104012909623,In the evening you use about the same as households like yours.,2025-01-17 21:00:00,2025-01-17 23:00:00,2025-01-16 14:00:00
9,C021,Large evening-peak households,4.510232291666666,0.7142857142857143,298.089975,592.9918219251336,218,414,7.232946875,6.190788020833334,16.834025824492404,You use 17% more than households like yours in the evening.,2025-01-17 21:00:00,2025-01-17 23:00:00,2025-01-16 14:00:00
9,C022,Large evening-peak households,5.159577083333334,0.7142857142857143,298.8135,594.4311336898395,218,414,8.546825,6.190788020833334,38.05714185719322,You use 38% more than households like yours in the evening.,2025-01-17 21:00:00,2025-01-17 23:00:00,2025-01-16 14:00:00
9,C023,Large evening-peak households,3.987509375,0.2857142857142857,269.78991666666667,536.6943796791444,218,414,6.756145833333333,6.190788020833334,9.132243110205817,You use 9% more than households like yours in the evening.,2025-01-17 21:00:00,2025-01-17 23:00:00,2025-01-16 14:00:00
9,C027,Large evening-peak households,2.085767708333333,0.7142857142857143,193.41343333333333,384.7582737967914,176,341,3.9078447916666668,6.190788020833334,-36.87645613909039,You use 37% less than households like yours in the evening.,2025-01-17 21:00:00,2025-01-17 23:00:00,2025-01-16 14:00:00
9,C029,Large evening-peak households,3.8113770833333334,0.5714285714285714,283.09657500000003,563.165379144385,218,414,6.583623958333333,6.190788020833334,6.345491659188163,You use 6% more than households like yours in the evening.,2025-01-17 21:00:00,2025-01-17 23:00:00,2025-01-16 14:00:00
9,C031,Large evening-peak households,3.5928854166666673,0.42857142857142855,272.50193333333334,542.089407486631,218,414,6.191496875,6.190788020833334,0.011450144380353855,In the evening you use about the same as households like yours.,2025-01-17 21:00:00,2025-01-17 23:00:00,2025-01-16 14:00:00
9,C033,Large evening-peak households,3.4201375,1.0,245.297775,487.9720443850267,218,341,6.606825,6.190788020833334,6.720258838884674,You use 7% more than households like yours in the evening.,2025-01-17 21:00:00,2025-01-17 23:00:00,2025-01-16 14:00:00
9,C034,Large evening-peak households,3.4953906249999998,0.5714285714285714,236.65235833333332,470.77367540106945,218,341,6.319405208333333,6.190788020833334,2.077557607645031,In the evening you use about the same as households like yours.,2025-01-17 21:00:00,2025-01-17 23:00:00,2025-01-16 14:00:00
9,C035,Large evening-peak households,2.6429968749999997,0.8571428571428571,219.85379166666667,437.3562058823529,218,341,4.798397916666667,6.190788020833334,-22.491322582536743,You use 22% less than households like yours in the evening.,2025-01-17 21:00:00,2025-01-17 23:00:00,2025-01-16 14:00:00
9,C042,Large evening-peak households,3.1333635416666668,0.7142857142857143,245.16403333333335,487.7059914438503,218,341,5.723921875,6.190788020833334,-7.541304019168937,You use 8% less than households like yours in the evening.,2025-01-17 21:00:00,2025-01-17 23:00:00,2025-01-16 14:00:00
9,C005,"Daytime-occupied, high base load",3.0846260416666667,0.5714285714285714,297.4497,591.7181197860962,218,414,6.624514583333333,6.6715583333333335,-0.7051388543656167,In the evening you use about the same as households like yours.,2025-01-17 21:00:00,2025-01-17 23:00:00,2025-01-16 14:00:00
9,C019,"Daytime-occupied, high base load",2.946366666666667,0.8571428571428571,239.49468333333334,476.4279262032086,218,341,5.013666666666667,6.6715583333333335,-24.850141208887965,You use 25% less than households like yours in the evening.,2025-01-17 21:00:00,2025-01-17 23:00:00,2025-01-16 14:00:00
9,C024,"Daytime-occupied, high base load",3.5078291666666668,0.5714285714285714,274.426425,545.9178080213903,218,414,6.6715583333333335,6.6715583333333335,0.0,In the evening you use about the same as households like yours.,2025-01-17 21:00:00,2025-01-17 23:00:00,2025-01-16 14:00:00
9,C037,"Daytime-occupied, high base load",4.047675,0.7142857142857143,276.549125,550.1405053475935,218,414,7.005732291666666,6.6715583333333335,5.008934069626392,You use 5% more than households like yours in the evening.,2025-01-17 21:00:00,2025-01-17 23:00:00,2025-01-16 14:00:00
9,C041,"Daytime-occupied, high base load",3.4995666666666665,0.5714285714285714,271.5806583333333,540.256710695187,218,414,7.379760416666667,6.6715583333333335,10.615242315950656,You use 11% more than households like yours in the evening.,2025-01-17 21:00:00,2025-01-17 23:00:00,2025-01-16 14:00:00
9,C044,"Daytime-occupied, high base load",3.497284375,0.8571428571428571,267.69965833333333,532.5362187165775,218,414,6.323011458333333,6.6715583333333335,-5.224369743700564,You use 5% less than households like yours in the evening.,2025-01-17 21:00:00,2025-01-17 23:00:00,2025-01-16 14:00:00
9,C047,"Daytime-occupied, high base load",4.4783375,0.7142857142857143,285.608875,568.1631096256684,218,414,7.901909375000001,6.6715583333333335,18.441734002675545,You use 18% more than households like yours in the evening.,2025-01-17 21:00:00,2025-01-17 23:00:00,2025-01-16 14:00:00
9,C001,Medium AC users,2.7765802083333333,0.7142857142857143,212.6617916666667,423.0491256684492,218,341,4.708141666666666,3.5220739583333334,33.675264130302,You use 34% more than households like yours in the evening.,2025-01-17 21:00:00,2025-01-17 23:00:00,2025-01-16 14:00:00
9,C004,Medium AC users,2.0028625,0.42857142857142855,193.96121666666667,385.8479818181818,176,341,3.5220739583333334,3.5220739583333334,0.0,In the evening you use about the same as households like yours.,2025-01-17 21:00:00,2025-01-17 23:00:00,2025-01-16 14:00:00
9,C008,Medium AC users,1.3226729166666669,0.7142857142857143,189.98025,377.9286256684492,176,341,2.550484375,3.5220739583333334,-27.585723492106784,You use 28% less than households like yours in the evening.,2025-01-17 21:00:00,2025-01-17 23:00:00,2025-01-16 14:00:00
9,C012,Medium AC users,1.9764895833333331,0.42857142857142855,152.58644166666667,303.5409427807487,176,341,3.1930625,3.5220739583333334,-9.341412537771454,You use 9% less than households like yours in the evening.,2025-01-17 21:00:00,2025-01-17 23:00:00,2025-01-16 14:00:00
9,C014,Medium AC users,2.1133749999999996,0.7142857142857143,221.42760833333332,440.4870069518716,218,341,3.422115625,3.5220739583333334,-2.83805321852566,In the evening you use about the same as households like yours.,2025-01-17 21:00:00,2025-01-17 23:00:00,2025-01-16 14:00:00
9,C017,Medium AC users,2.2533197916666667,0.5714285714285714,188.0866333333333,374.161644919786,176,341,3.636567708333333,3.5220739583333334,3.2507480352337303,In the evening you use about the same as households like yours.,2025-01-17 21:00:00,2025-01-17 23:00:00,2025-01-16 14:00:00
9,C020,Medium AC users,2.406179166666667,0.5714285714285714,174.302125,346.74005614973254,176,341,3.948733333333333,3.5220739583333334,12.11386756914945,You use 12% more than households like yours in the evening.,2025-01-17 21:00:00,2025-01-17 23:00:00,2025-01-16 14:00:00
9,C025,Medium AC users,1.0018708333333333,0.7142857142857143,105.37760833333334,209.6281834224599,176,218,1.8048770833333334,3.5220739583333334,-48.755275877641935,You use 49% less than households like yours in the evening.,2025-01-17 21:00:00,2025-01-17 23:00:00,2025-01-16 14:00:00
9,C028,Medium AC users,2.1196208333333333,0.5714285714285714,192.96661666666665,383.86941925133686,176,341,4.09963125,3.5220739583333334,16.39821589493169,You use 16% more than households like yours in the evening.,2025-01-17 21:00:00,2025-01-17 23:00:00,2025-01-16 14:00:00
9,C030,Medium AC users,1.68409375,0.7142857142857143,178.47435000000002,355.0398834224599,176,341,3.3013250000000003,3.5220739583333334,-6.267584410345339,You use 6% less than households like yours in the evening.,2025-01-17 21:00:00,2025-01-17 23:00:00,2025-01-16 14:00:00
9,C032,Medium AC users,3.1281145833333337,0.8571428571428571,196.36166666666668,390.62320855614973,176,341,5.980546875000001,3.5220739583333334,69.8018538438083,You use 70% more than households like yours in the evening.,2025-01-17 21:00:00,2025-01-17 23:00:00,2025-01-16 14:00:00
9,C036,Medium AC users,2.8226385416666666,0.2857142857142857,217.58095833333334,432.8348475935829,218,341,4.305198958333333,3.5220739583333334,22.234768754560164,You use 22% more than households like yours in the evening.,2025-01-17 21:00:00,2025-01-17 23:00:00,2025-01-16 14:00:00
9,C038,Medium AC users,1.1292239583333332,0.42857142857142855,102.15616666666666,203.2197540106952,176,218,2.0711260416666666,3.5220739583333334,-41.195838980998126,You use 41% less than households like yours in the evening.,2025-01-17 21:00:00,2025-01-17 23:00:00,2025-01-16 14:00:00
9,C039,Medium AC users,0.9652916666666667,0.5714285714285714,133.61511666666667,265.8011946524064,176,218,2.0822875,3.5220739583333334,-40.87893881179738,You use 41% less than households like yours in the evening.,2025-01-17 21:00:00,2025-01-17 23:00:00,2025-01-16 14:00:00
9,C040,Medium AC users,1.8049697916666667,0.7142857142857143,127.62230833333334,253.87967219251337,176,218,2.912972916666667,3.5220739583333334,-17.29381747437515,You use 17% less than households like yours in the evening.,2025-01-17 21:00:00,2025-01-17 23:00:00,2025-01-16 14:00:00
9,C048,Medium AC users,2.7736625,1.0,191.3802333333333,380.7136192513368,176,341,5.189351041666667,3.5220739583333334,47.33793506489281,You use 47% more than households like yours in the evening.,2025-01-17 21:00:00,2025-01-17 23:00:00,2025-01-16 14:00:00
9,C049,Medium AC users,2.61194375,0.8571428571428571,197.659225,393.20444759358287,176,341,4.532116666666667,3.5220739583333334,28.67749855006714,You use 29% more than households like yours in the evening.,2025-01-17 21:00:00,2025-01-17 23:00:00,2025-01-16 14:00:00
9,C003,Low consumers without AC,2.8687062500000002,0.8571428571428571,232.97949166666666,463.4672240641711,218,341,5.32423125,3.8224234375,39.28941513298787,You use 39% more than households like yours in the evening.,2025-01-17 21:00:00,2025-01-17 23:00:00,2025-01-16 14:00:00
9,C006,Low consumers without AC,2.5602302083333335,0.0,144.59879166666667,287.65107219251337,176,218,3.773405208333333,3.8224234375,-1.2823861607212828,In the evening you use about the same as households like yours.,2025-01-17 21:00:00,2025-01-17 23:00:00,2025-01-16 14:00:00
9,C018,Low consumers without AC,1.7508604166666668,1.0,143.304575,285.0764807486631,176,218,3.009614583333333,3.8224234375,-21.26422850468582,You use 21% less than households like yours in the evening.,2025-01-17 21:00:00,2025-01-17 23:00:00,2025-01-16 14:00:00
9,C026,Low consumers without AC,2.814848958333333,0.8571428571428571,206.03983333333332,409.87603208556146,218,341,4.732404166666667,3.8224234375,23.806382104067115,You use 24% more than households like yours in the evening.,2025-01-17 21:00:00,2025-01-17 23:00:00,2025-01-16 14:00:00
9,C043,Low consumers without AC,1.8896437499999998,0.2857142857142857,171.49937500000001,341.1645320855615,176,341,3.8714416666666667,3.8224234375,1.2823861607212939,In the evening you use about the same as households like yours.,2025-01-17 21:00:00,2025-01-17 23:00:00,2025-01-16 14:00:00
9,C045,Low consumers without AC,2.3089145833333333,1.0,239.78273333333334,477.00094545454544,218,341,4.2670104166666665,3.8224234375,11.631023784676309,You use 12% more than households like yours in the evening.,2025-01-17 21:00:00,2025-01-17 23:00:00,2025-01-16 14:00:00
9,C046,Low consumers without AC,1.9201614583333335,0.7142857142857143,133.597775,265.76669679144385,176,218,2.634159375,3.8224234375,-31.08666744878392,You use 31% less than households like yours in the evening.,2025-01-17 21:00:00,2025-01-17 23:00:00,2025-01-16 14:00:00
9,C050,Low consumers without AC,2.142582291666667,0.7142857142857143,155.54210833333332,309.4206647058823,176,341,3.4647604166666666,3.8224234375,-9.35697017040209,You use 9% less than households like yours in the evening.,2025-01-17 21:00:00,2025-01-17 23:00:00,2025-01-16 14:00:00
10,C002,Large evening-peak households,2.86556,0.2222222222222222,252.76094999999998,421.64606905829595,218,341,4.972925,5.599216666666667,-11.185344378529138,You use 11% less than households like yours in the evening.,2025-01-20 20:00:00,2025-01-20 22:00:00,2025-01-19 14:00:00
10,C007,Large evening-peak households,2.9938775000000004,0.4444444444444444,264.05355000000003,440.48394887892385,218,341,4.9618175,5.599216666666667,-11.383720341833525,You use 11% less than households like yours in the evening.,2025-01-20 20:00:00,2025-01-20 22:00:00,2025-01-19 14:00:00
10,C009,Large evening-peak households,3.360081666666667,0.3333333333333333,247.181275,412.3382704035875,218,341,5.805178333333333,5.599216666666667,3.6784014430589984,In the evening you use about the same as households like yours.,2025-01-20 20:00:00,2025-01-20 22:00:00,2025-01-19 14:00:00
10,C010,Large evening-peak households,3.137136666666667,0.7777777777777778,280.54045,467.9867596412557,218,341,5.6164016666666665,5.599216666666667,0.30691793197261674,In the evening you use about the same as households like yours.,2025-01-20 20:00:00,2025-01-20 22:00:00,2025-01-19 14:00:00
10,C011,Large evening-peak households,2.67807,0.5555555555555556,261.17963333333336,435.68979192825117,218,341,4.554996666666666,5.599216666666667,-18.649394409337038,You use 19% less than households like yours in the evening.,2025-01-20 20:00:00,2025-01-20 22:00:00,2025-01-19 14:00:00
10,C013,Large evening-peak households,2.8556958333333333,0.7777777777777778,246.73696666666666,411.59709237668164,218,341,5.262415833333334,5.599216666666667,-6.015141999029627,You use 6% less than households like yours in the evening.,2025-01-20 20:00:00,2025-01-20 22:00:00,2025-01-19 14:00:00
10,C015,Large evening-peak households,4.3627125,0.5555555555555556,322.3992166666667,537.813939910314,341,414,6.8064583333333335,5.599216666666667,21.560902864388765,You use 22% more than households like yours in the evening.,2025-01-20 20:00:00,2025-01-20 22:00:00,2025-01-19 14:00:00
10,C016,Large evening-peak households,3.731292500000001,0.6666666666666666,328.80945833333334,548.5072578475337,341,414,5.991500833333333,5.599216666666667,7.006054418326357,You use 7% more than households like yours in the evening.,2025-01-20 20:00:00,2025-01-20 22:00:00,2025-01-19 14:00:00
10,C021,Large evening-peak households,3.7315033333333334,0.7777777777777778,355.205875,592.5407421524665,341,414,6.709614999999999,5.599216666666667,19.831315689992323,You use 20% more than households like yours in the evening.,2025-01-20 20:00:00,2025-01-20 22:00:00,2025-01-19 14:00:00
10,C022,Large evening-peak households,4.4107925,0.7777777777777778,346.317325,577.7132058295965,341,414,7.548023333333333,5.599216666666667,34.80498760243247,You use 35% more than households like yours in the evening.,2025-01-20 20:00:00,2025-01-20 22:00:00,2025-01-19 14:00:00
10,C023,Large evening-peak households,3.3680275,0.4444444444444444,300.34205,501.0190251121076,341,414,5.582031666666667,5.599216666666667,-0.30691793197261674,In the evening you use about the same as households like yours.,2025-01-20 20:00:00,2025-01-20 22:00:00,2025-01-19 14:00:00
10,C027,Large evening-peak households,2.3498691666666662,0.7777777777777778,234.58196666666663,391.3205901345291,218,341,3.9109491666666663,5.599216666666667,-30.15185159828906,You use 30% less than households like yours in the evening.,2025-01-20 20:00:00,2025-01-20 22:00:00,2025-01-19 14:00:00
10,C029,Large evening-peak households,3.7422033333333324,0.6666666666666666,335.15215,559.0878914798207,341,414,6.161645833333333,5.599216666666667,10.044783050009954,You use 10% more than households like yours in the evening.,2025-01-20 20:00:00,2025-01-20 22:00:00,2025-01-19 14:00:00
10,C031,Large evening-peak households,3.078584166666667,0.4444444444444444,323.1999166666667,539.1496367713005,341,414,5.3037625,5.599216666666667,-5.276705372477696,You use 5% less than households like yours in the evening.,2025-01-20 20:00:00,2025-01-20 22:00:00,2025-01-19 14:00:00
10,C033,Large evening-peak households,3.411378333333333,0.8888888888888888,302.4076583333333,504.4647932735426,341,414,6.046915,5.599216666666667,7.9957315457817035,You use 8% more than households like yours in the evening.,2025-01-20 20:00:00,2025-01-20 22:00:00,2025-01-19 14:00:00
10,C034,Large evening-peak households,3.6349041666666673,0.6666666666666666,281.1578166666667,469.01662690582964,218,341,5.701819166666667,5.599216666666667,1.8324438239872842,In the evening you use about the same as households like yours.,2025-01-20 20:00:00,2025-01-20 22:00:00,2025-01-19 14:00:00
10,C035,Large evening-peak households,2.668986666666666,0.7777777777777778,276.984725,462.05523632287003,218,341,4.6052116666666665,5.599216666666667,-17.752572532467347,You use 18% less than households like yours in the evening.,2025-01-20 20:00:00,2025-01-20 22:00:00,2025-01-19 14:00:00
10,C042,Large evening-peak households,2.7493608333333333,0.5555555555555556,294.7647333333333,491.7151605381166,218,341,4.9053933333333335,5.599216666666667,-12.391435706780419,You use 12% less than households like yours in the evening.,2025-01-20 20:00:00,2025-01-20 22:00:00,2025-01-19 14:00:00
10,C005,"Daytime-occupied, high base load",3.1973425,0.5555555555555556,353.96813333333336,590.4759892376683,341,414,6.279601666666667,6.540406666666667,-3.987596082200795,In the evening you use about the same as households like yours.,2025-01-20 20:00:00,2025-01-20 22:00:00,2025-01-19 14:00:00
10,C019,"Daytime-occupied, high base load",2.726325,0.7777777777777778,283.39930000000004,472.75578295964135,218,341,4.459663333333333,6.540406666666667,-31.81366907868114,You use 32% less than households like yours in the evening.,2025-01-20 20:00:00,2025-01-20 22:00:00,2025-01-19 14:00:00
10,C024,"Daytime-occupied, high base load",3.6539858333333335,0.5555555555555556,320.724225,535.0197834080718,341,414,6.540406666666667,6.540406666666667,0.0,In the evening you use about the same as households like yours.,2025-01-20 20:00:00,2025-01-20 22:00:00,2025-01-19 14:00:00
10,C037,"Daytime-occupied, high base load",4.130051666666666,0.7777777777777778,336.78998333333334,561.8200618834081,341,414,6.637100833333333,6.540406666666667,1.4784121476646206,In the evening you use about the same as households like yours.,2025-01-20 20:00:00,2025-01-20 22:00:00,2025-01-19 14:00:00
10,C041,"Daytime-occupied, high base load",3.710988333333333,0.6666666666666666,324.0102416666666,540.5013896860986,341,414,6.699070000000001,6.540406666666667,2.425894006590834,In the evening you use about the same as households like yours.,2025-01-20 20:00:00,2025-01-20 22:00:00,2025-01-19 14:00:00
10,C044,"Daytime-occupied, high base load",3.1822075,0.7777777777777778,322.57578333333333,538.1084816143499,341,414,5.882724166666667,6.540406666666667,-10.05568206258326,You use 10% less than households like yours in the evening.,2025-01-20 20:00:00,2025-01-20 22:00:00,2025-01-19 14:00:00
10,C047,"Daytime-occupied, high base load",4.271679166666667,0.7777777777777778,332.621675,554.8666506726457,341,414,7.219625833333334,6.540406666666667,10.384968416846663,You use 10% more than households like yours in the evening.,2025-01-20 20:00:00,2025-01-20 22:00:00,2025-01-19 14:00:00
10,C001,Medium AC users,2.2980149999999995,0.7777777777777778,244.09550000000002,407.19069955156954,218,341,3.9461325,3.0796791666666663,28.13453241206134,You use 28% more than households like yours in the evening.,2025-01-20 20:00:00,2025-01-20 22:00:00,2025-01-19 14:00:00
10,C004,Medium AC users,1.6748574999999999,0.4444444444444444,231.46925,386.1280762331839,218,341,3.0039875,3.0796791666666663,-2.457777663528249,In the evening you use about the same as households like yours.,2025-01-20 20:00:00,2025-01-20 22:00:00,2025-01-19 14:00:00
10,C008,Medium AC users,1.65298,0.6666666666666666,226.64393333333334,378.078669058296,218,341,2.7641291666666667,3.0796791666666663,-10.246197182336347,You use 10% less than households like yours in the evening.,2025-01-20 20:00:00,2025-01-20 22:00:00,2025-01-19 14:00:00
10,C012,Medium AC users,2.144035,0.5555555555555556,180.2485,300.6835964125561,176,341,2.9706166666666665,3.0796791666666663,-3.5413591513185128,In the evening you use about the same as households like yours.,2025-01-20 20:00:00,2025-01-20 22:00:00,2025-01-19 14:00:00
10,C014,Medium AC users,1.7671083333333333,0.5555555555555556,264.5987666666667,441.3934582959642,218,341,2.9265758333333336,3.0796791666666663,-4.971405300606236,In the evening you use about the same as households like yours.,2025-01-20 20:00:00,2025-01-20 22:00:00,2025-01-19 14:00:00
10,C017,Medium AC users,1.625364166666667,0.6666666666666666,217.62829999999997,363.0391372197309,218,341,3.0796791666666663,3.0796791666666663,0.0,In the evening you use about the same as households like yours.,2025-01-20 20:00:00,2025-01-20 22:00:00,2025-01-19 14:00:00
10,C020,Medium AC users,2.2433066666666663,0.5555555555555556,218.779225,364.9590659192825,218,341,3.86353,3.0796791666666663,25.452353667792792,You use 25% more than households like yours in the evening.,2025-01-20 20:00:00,2025-01-20 22:00:00,2025-01-19 14:00:00
10,C025,Medium AC users,0.7891691666666667,0.6666666666666666,124.10165833333332,207.0216004484305,176,218,1.608935,3.0796791666666663,-47.7564086085807,You use 48% less than households like yours in the evening.,2025-01-20 20:00:00,2025-01-20 22:00:00,2025-01-19 14:00:00
10,C028,Medium AC users,1.8529458333333335,0.4444444444444444,234.41199166666667,391.0370443946189,218,341,4.037701666666666,3.0796791666666663,31.107867026191837,You use 31% more than households like yours in the evening.,2025-01-20 20:00:00,2025-01-20 22:00:00,2025-01-19 14:00:00
10,C030,Medium AC users,1.7668499999999998,0.5555555555555556,204.2338,340.6949488789238,218,341,3.350656666666667,3.0796791666666663,8.79888732998435,You use 9% more than households like yours in the evening.,2025-01-20 20:00:00,2025-01-20 22:00:00,2025-01-19 14:00:00
10,C032,Medium AC users,2.921291666666667,0.6666666666666666,219.45395833333333,366.0846300448431,218,341,5.423775833333333,3.0796791666666663,76.11496327404235,You use 76% more than households like yours in the evening.,2025-01-20 20:00:00,2025-01-20 22:00:00,2025-01-19 14:00:00
10,C036,Medium AC users,1.927444166666667,0.2222222222222222,259.45411666666666,432.81135156950677,218,341,3.610309166666667,3.0796791666666663,17.230041549241506,You use 17% more than households like yours in the evening.,2025-01-20 20:00:00,2025-01-20 22:00:00,2025-01-19 14:00:00
10,C038,Medium AC users,0.9330416666666667,0.3333333333333333,119.87384166666666,199.96891973094174,176,176,1.7687558333333335,3.0796791666666663,-42.56687993743936,You use 43% less than households like yours in the evening.,2025-01-20 20:00:00,2025-01-20 22:00:00,2025-01-19 14:00:00
10,C039,Medium AC users,1.086863333333333,0.6666666666666666,175.26928333333333,292.37745919282514,176,218,2.1396566666666663,3.0796791666666663,-30.523390558810913,You use 31% less than households like yours in the evening.,2025-01-20 20:00:00,2025-01-20 22:00:00,2025-01-19 14:00:00
10,C040,Medium AC users,1.6355416666666667,0.5555555555555556,164.5198333333333,274.4456412556054,176,218,3.0012083333333335,3.0796791666666663,-2.5480197477280364,In the evening you use about the same as households like yours.,2025-01-20 20:00:00,2025-01-20 22:00:00,2025-01-19 14:00:00
10,C048,Medium AC users,2.7356516666666666,1.0,241.07442500000002,402.1510587443947,218,341,4.868697500000001,3.0796791666666663,58.0910619747999,You use 58% more than households like yours in the evening.,2025-01-20 20:00:00,2025-01-20 22:00:00,2025-01-19 14:00:00
10,C049,Medium AC users,2.156833333333333,0.8888888888888888,216.35283333333334,360.91145291479825,218,341,3.7594058333333336,3.0796791666666663,22.071346717664063,You use 22% more than households like yours in the evening.,2025-01-20 20:00:00,2025-01-20 22:00:00,2025-01-19 14:00:00
10,C003,Low consumers without AC,2.5251899999999994,0.7777777777777778,269.8514333333334,450.1557542600898,218,341,4.3079616666666665,3.2284220833333332,33.43861352288586,You use 33% more than households like yours in the evening.,2025-01-20 20:00:00,2025-01-20 22:00:00,2025-01-19 14:00:00
10,C006,Low consumers without AC,2.358034166666667,0.0,165.51524166666667,276.1061430493274,176,218,3.2441158333333333,3.2284220833333332,0.4861120880388814,In the evening you use about the same as households like yours.,2025-01-20 20:00:00,2025-01-20 22:00:00,2025-01-19 14:00:00
10,C018,Low consumers without AC,1.4715683333333334,1.0,168.79584166666666,281.5787134529148,176,218,2.7389783333333333,3.2284220833333332,-15.160463451379048,You use 15% less than households like yours in the evening.,2025-01-20 20:00:00,2025-01-20 22:00:00,2025-01-19 14:00:00
10,C026,Low consumers without AC,2.6921166666666667,0.8888888888888888,251.2954666666667,419.20140627802704,218,341,4.7138333333333335,3.2284220833333332,46.010441375321,You use 46% more than households like yours in the evening.,2025-01-20 20:00:00,2025-01-20 22:00:00,2025-01-19 14:00:00
10,C043,Low consumers without AC,1.7480000000000004,0.4444444444444444,200.95748333333333,335.22952376681616,218,341,3.2127283333333336,3.2284220833333332,-0.4861120880388703,In the evening you use about the same as households like yours.,2025-01-20 20:00:00,2025-01-20 22:00:00,2025-01-19 14:00:00
10,C045,Low consumers without AC,2.0754916666666667,1.0,262.9046833333333,438.56745381165916,218,341,3.7336750000000003,3.2284220833333332,15.65015055729626,You use 16% more than households like yours in the evening.,2025-01-20 20:00:00,2025-01-20 22:00:00,2025-01-19 14:00:00
10,C046,Low consumers without AC,1.6141183333333333,0.6666666666666666,162.75859166666666,271.50760582959646,176,218,2.460364166666667,3.2284220833333332,-23.79050498482681,You use 24% less than households like yours in the evening.,2025-01-20 20:00:00,2025-01-20 22:00:00,2025-01-19 14:00:00
10,C050,Low consumers without AC,1.8666816666666666,0.6666666666666666,184.59563333333332,307.93531659192826,176,341,3.164318333333333,3.2284220833333332,-1.9856062294622001,In the evening you use about the same as households like yours.,2025-01-20 20:00:00,2025-01-20 22:00:00,2025-01-19 14:00:00
11,C002,Large evening-peak households,2.689158333333333,0.2222222222222222,273.77194166666663,433.37515872340424,218,341,6.092905,6.119759583333334,-0.4388176196736593,In the evening you use about the same as households like yours.,2025-01-21 18:00:00,2025-01-21 20:00:00,2025-01-20 14:00:00
11,C007,Large evening-peak households,2.413935,0.4444444444444444,278.89020833333336,441.4772659574469,218,341,5.840965833333334,6.119759583333334,-4.555632393783449,In the evening you use about the same as households like yours.,2025-01-21 18:00:00,2025-01-21 20:00:00,2025-01-20 14:00:00
11,C009,Large evening-peak households,2.912286666666667,0.3333333333333333,269.47924166666667,426.57990595744684,218,341,6.65307,6.119759583333334,8.714564835505856,You use 9% more than households like yours in the evening.,2025-01-21 18:00:00,2025-01-21 20:00:00,2025-01-20 14:00:00
11,C010,Large evening-peak households,2.6772066666666663,0.7777777777777778,291.24355833333334,461.03235617021284,218,341,5.85591,6.119759583333334,-4.311437071023294,In the evening you use about the same as households like yours.,2025-01-21 18:00:00,2025-01-21 20:00:00,2025-01-20 14:00:00
11,C011,Large evening-peak households,2.352543333333333,0.5555555555555556,281.110525,444.99198,218,341,5.433931666666667,6.119759583333334,-11.206778752133717,You use 11% less than households like yours in the evening.,2025-01-21 18:00:00,2025-01-21 20:00:00,2025-01-20 14:00:00
11,C013,Large evening-peak households,2.6700299999999997,0.7777777777777778,255.984625,405.218214893617,218,341,5.758394166666666,6.119759583333334,-5.904895637580543,You use 6% less than households like yours in the evening.,2025-01-21 18:00:00,2025-01-21 20:00:00,2025-01-20 14:00:00
11,C015,Large evening-peak households,3.0369325,0.5555555555555556,341.5403166666667,540.6510544680851,341,414,7.8349400000000005,6.119759583333334,28.0269248049845,You use 28% more than households like yours in the evening.,2025-01-21 18:00:00,2025-01-21 20:00:00,2025-01-20 14:00:00
11,C016,Large evening-peak households,2.672728333333333,0.6666666666666666,348.48408333333333,551.6428893617021,341,414,6.8241275,6.119759583333334,11.509731829743043,You use 12% more than households like yours in the evening.,2025-01-21 18:00:00,2025-01-21 20:00:00,2025-01-20 14:00:00
11,C021,Large evening-peak households,3.1809183333333335,0.7777777777777778,377.78495,598.0255378723405,341,414,7.484395000000001,6.119759583333334,22.298840307111757,You use 22% more than households like yours in the evening.,2025-01-21 18:00:00,2025-01-21 20:00:00,2025-01-20 14:00:00
11,C022,Large evening-peak households,3.3220841666666665,0.7777777777777778,363.37884166666663,575.2209748936169,341,414,7.957329999999999,6.119759583333334,30.02683997049718,You use 30% more than households like yours in the evening.,2025-01-21 18:00:00,2025-01-21 20:00:00,2025-01-20 14:00:00
11,C023,Large evening-peak households,2.350445833333333,0.4444444444444444,315.74268333333333,499.8139497872341,341,341,6.043828333333333,6.119759583333334,-1.2407554408966237,In the evening you use about the same as households like yours.,2025-01-21 18:00:00,2025-01-21 20:00:00,2025-01-20 14:00:00
11,C027,Large evening-peak households,2.1493966666666666,0.7777777777777778,255.23829166666664,404.036785106383,218,341,4.988064166666668,6.119759583333334,-18.492481628669633,You use 18% less than households like yours in the evening.,2025-01-21 18:00:00,2025-01-21 20:00:00,2025-01-20 14:00:00
11,C029,Large evening-peak households,2.7548358333333334,0.6666666666666666,356.80611666666664,564.8164910638297,341,414,6.939404166666667,6.119759583333334,13.393411492267893,You use 13% more than households like yours in the evening.,2025-01-21 18:00:00,2025-01-21 20:00:00,2025-01-20 14:00:00
11,C031,Large evening-peak households,2.639256666666667,0.4444444444444444,345.343475,546.6713731914894,341,414,6.146614166666667,6.119759583333334,0.4388176196736371,In the evening you use about the same as households like yours.,2025-01-21 18:00:00,2025-01-21 20:00:00,2025-01-20 14:00:00
11,C033,Large evening-peak households,3.0399033333333336,0.8888888888888888,318.8672583333333,504.7600855319149,341,414,6.971063333333333,6.119759583333334,13.91073845970119,You use 14% more than households like yours in the evening.,2025-01-21 18:00:00,2025-01-21 20:00:00,2025-01-20 14:00:00
11,C034,Large evening-peak households,2.424515,0.6666666666666666,296.8858,469.9639046808511,218,341,6.452499166666667,6.119759583333334,5.43713488744757,You use 5% more than households like yours in the evening.,2025-01-21 18:00:00,2025-01-21 20:00:00,2025-01-20 14:00:00
11,C035,Large evening-peak households,2.3548083333333336,0.7777777777777778,300.708075,476.01448468085107,341,341,5.450961666666666,6.119759583333334,-10.928499846433247,You use 11% less than households like yours in the evening.,2025-01-21 18:00:00,2025-01-21 20:00:00,2025-01-20 14:00:00
11,C042,Large evening-peak households,2.4834325,0.5555555555555556,314.27278333333334,497.4871293617022,341,341,5.63103,6.119759583333334,-7.986091229210201,You use 8% less than households like yours in the evening.,2025-01-21 18:00:00,2025-01-21 20:00:00,2025-01-20 14:00:00
11,C005,"Daytime-occupied, high base load",3.4547475,0.5555555555555556,384.19965,608.1798714893617,341,414,7.378398333333334,7.378398333333334,0.0,In the evening you use about the same as households like yours.,2025-01-21 18:00:00,2025-01-21 20:00:00,2025-01-20 14:00:00
11,C019,"Daytime-occupied, high base load",2.015178333333333,0.7777777777777778,302.19623333333334,478.37020765957453,341,341,5.174191666666667,7.378398333333334,-29.8737824536897,You use 30% less than households like yours in the evening.,2025-01-21 18:00:00,2025-01-21 20:00:00,2025-01-20 14:00:00
11,C024,"Daytime-occupied, high base load",3.0680258333333335,0.5555555555555556,344.6575833333334,545.5856212765958,341,414,7.31565,7.378398333333334,-0.8504329869242322,In the evening you use about the same as households like yours.,2025-01-21 18:00:00,2025-01-21 20:00:00,2025-01-20 14:00:00
11,C037,"Daytime-occupied, high base load",3.1803791666666665,0.7777777777777778,358.50213333333335,567.5012493617022,341,414,7.696104166666666,7.378398333333334,4.305891590293176,In the evening you use about the same as households like yours.,2025-01-21 18:00:00,2025-01-21 20:00:00,2025-01-20 14:00:00
11,C041,"Daytime-occupied, high base load",3.5838766666666664,0.6666666666666666,349.1342416666667,552.6720761702129,341,414,7.765055000000001,7.378398333333334,5.240387536680835,You use 5% more than households like yours in the evening.,2025-01-21 18:00:00,2025-01-21 20:00:00,2025-01-20 14:00:00
11,C044,"Daytime-occupied, high base load",3.1388783333333334,0.7777777777777778,346.6364666666667,548.7181514893618,341,414,6.969590833333333,7.378398333333334,-5.540599484215081,You use 6% less than households like yours in the evening.,2025-01-21 18:00:00,2025-01-21 20:00:00,2025-01-20 14:00:00
11,C047,"Daytime-occupied, high base load",3.34381,0.7777777777777778,352.77953333333335,558.442495319149,341,414,8.147939166666667,7.378398333333334,10.429646090761779,You use 10% more than households like yours in the evening.,2025-01-21 18:00:00,2025-01-21 20:00:00,2025-01-20 14:00:00
11,C001,Medium AC users,1.9779841666666667,0.7777777777777778,262.7468666666667,415.92269957446814,218,341,4.737414166666666,3.8448900000000004,23.213256209323685,You use 23% more than households like yours in the evening.,2025-01-21 18:00:00,2025-01-21 20:00:00,2025-01-20 14:00:00
11,C004,Medium AC users,1.5794733333333335,0.4444444444444444,248.36949166666665,393.16362085106385,218,341,3.666090833333333,3.8448900000000004,-4.650306424024286,In the evening you use about the same as households like yours.,2025-01-21 18:00:00,2025-01-21 20:00:00,2025-01-20 14:00:00
11,C008,Medium AC users,1.2055275,0.6666666666666666,240.13486666666665,380.12838468085107,218,341,3.174840833333333,3.8448900000000004,-17.427004847126113,You use 17% less than households like yours in the evening.,2025-01-21 18:00:00,2025-01-21 20:00:00,2025-01-20 14:00:00
11,C012,Medium AC users,0.9099033333333335,0.5555555555555556,191.99069166666666,303.91718,176,341,3.3757133333333327,3.8448900000000004,-12.202603108714882,You use 12% less than households like yours in the evening.,2025-01-21 18:00:00,2025-01-21 20:00:00,2025-01-20 14:00:00
11,C014,Medium AC users,1.2384608333333333,0.5555555555555556,269.9701,427.3569242553192,218,341,3.02053,3.8448900000000004,-21.44040531718724,You use 21% less than households like yours in the evening.,2025-01-21 18:00:00,2025-01-21 20:00:00,2025-01-20 14:00:00
11,C017,Medium AC users,1.7628100000000004,0.6666666666666666,234.85630833333335,371.7725391489362,218,341,3.7779425000000004,3.8448900000000004,-1.7412071606729973,In the evening you use about the same as households like yours.,2025-01-21 18:00:00,2025-01-21 20:00:00,2025-01-20 14:00:00
11,C020,Medium AC users,1.9503149999999998,0.5555555555555556,241.22371666666663,381.85201106382976,218,341,4.688185,3.8448900000000004,21.93287714342931,You use 22% more than households like yours in the evening.,2025-01-21 18:00:00,2025-01-21 20:00:00,2025-01-20 14:00:00
11,C025,Medium AC users,0.9278708333333334,0.6666666666666666,130.36714999999998,206.36842468085106,176,218,1.7991066666666669,3.8448900000000004,-53.20785076642851,You use 53% less than households like yours in the evening.,2025-01-21 18:00:00,2025-01-21 20:00:00,2025-01-20 14:00:00
11,C028,Medium AC users,2.4376283333333335,0.4444444444444444,246.86635,390.78417957446817,218,341,4.422804166666667,3.8448900000000004,15.0307074237928,You use 15% more than households like yours in the evening.,2025-01-21 18:00:00,2025-01-21 20:00:00,2025-01-20 14:00:00
11,C030,Medium AC users,1.9279766666666664,0.5555555555555556,219.07975,346.7985829787234,218,341,4.0985233333333335,3.8448900000000004,6.596634320704453,You use 7% more than households like yours in the evening.,2025-01-21 18:00:00,2025-01-21 20:00:00,2025-01-20 14:00:00
11,C032,Medium AC users,2.618244166666667,0.6666666666666666,227.6155333333333,360.3105463829787,218,341,5.551995833333334,3.8448900000000004,44.399341290214636,You use 44% more than households like yours in the evening.,2025-01-21 18:00:00,2025-01-21 20:00:00,2025-01-20 14:00:00
11,C036,Medium AC users,1.775421666666667,0.2222222222222222,270.76895833333333,428.6215,218,341,3.976354166666667,3.8448900000000004,3.419191879785033,In the evening you use about the same as households like yours.,2025-01-21 18:00:00,2025-01-21 20:00:00,2025-01-20 14:00:00
11,C038,Medium AC users,0.9208658333333333,0.3333333333333333,125.16832500000001,198.13879531914895,176,176,1.9426408333333334,3.8448900000000004,-49.474735731494704,You use 49% less than households like yours in the evening.,2025-01-21 18:00:00,2025-01-21 20:00:00,2025-01-20 14:00:00
11,C039,Medium AC users,1.404875,0.6666666666666666,190.83603333333332,302.08938042553194,176,341,2.88394,3.8448900000000004,-24.992912671103728,You use 25% less than households like yours in the evening.,2025-01-21 18:00:00,2025-01-21 20:00:00,2025-01-20 14:00:00
11,C040,Medium AC users,1.7287683333333335,0.5555555555555556,181.09773333333334,286.6738587234043,176,218,3.8448900000000004,3.8448900000000004,0.0,In the evening you use about the same as households like yours.,2025-01-21 18:00:00,2025-01-21 20:00:00,2025-01-20 14:00:00
11,C048,Medium AC users,2.4771241666666666,1.0,262.08686666666665,414.8779336170213,218,341,5.665521666666667,3.8448900000000004,47.351983195011194,You use 47% more than households like yours in the evening.,2025-01-21 18:00:00,2025-01-21 20:00:00,2025-01-20 14:00:00
11,C049,Medium AC users,1.9321775000000003,0.8888888888888888,232.0779583333333,367.3744702127659,218,341,4.460187499999999,3.8448900000000004,16.00299358369157,You use 16% more than households like yours in the evening.,2025-01-21 18:00:00,2025-01-21 20:00:00,2025-01-20 14:00:00
11,C003,Low consumers without AC,1.7967816666666667,0.7777777777777778,275.8813666666667,436.71433361702134,218,341,4.334314166666667,3.7678741666666666,15.033410749518584,You use 15% more than households like yours in the evening.,2025-01-21 18:00:00,2025-01-21 20:00:00,2025-01-20 14:00:00
11,C006,Low consumers without AC,1.0516466666666666,0.0,174.54058333333333,276.294029787234,176,218,3.6077925,3.7678741666666666,-4.248593758328356,In the evening you use about the same as households like yours.,2025-01-21 18:00:00,2025-01-21 20:00:00,2025-01-20 14:00:00
11,C018,Low consumers without AC,1.4668733333333335,1.0,175.877475,278.4103008510638,176,218,2.992653333333333,3.7678741666666666,-20.574488399625878,You use 21% less than households like yours in the evening.,2025-01-21 18:00:00,2025-01-21 20:00:00,2025-01-20 14:00:00
11,C026,Low consumers without AC,2.3739383333333333,0.8888888888888888,277.31003333333337,438.9758825531915,218,341,5.833413333333334,3.7678741666666666,54.81974915563575,You use 55% more than households like yours in the evening.,2025-01-21 18:00:00,2025-01-21 20:00:00,2025-01-20 14:00:00
11,C043,Low consumers without AC,1.808419166666667,0.4444444444444444,215.64325833333334,341.3586897872341,218,341,3.9279558333333333,3.7678741666666666,4.248593758328356,In the evening you use about the same as households like yours.,2025-01-21 18:00:00,2025-01-21 20:00:00,2025-01-20 14:00:00
11,C045,Low consumers without AC,2.004366666666667,1.0,280.74446666666665,444.41251744680847,218,341,4.4977116666666666,3.7678741666666666,19.370007269793366,You use 19% more than households like yours in the evening.,2025-01-21 18:00:00,2025-01-21 20:00:00,2025-01-20 14:00:00
11,C046,Low consumers without AC,0.9604841666666666,0.6666666666666666,172.94926666666666,273.77500936170213,176,218,2.827570833333333,3.7678741666666666,-24.955805096994354,You use 25% less than households like yours in the evening.,2025-01-21 18:00:00,2025-01-21 20:00:00,2025-01-20 14:00:00
11,C050,Low consumers without AC,1.3702533333333333,0.6666666666666666,193.36723333333333,306.09621617021276,176,341,3.48817,3.7678741666666666,-7.423394579923381,You use 7% less than households like yours in the evening.,2025-01-21 18:00:00,2025-01-21 20:00:00,2025-01-20 14:00:00
12,C002,Large evening-peak households,2.900091666666667,0.2,291.3725083333333,438.82823117408907,218,341,6.092905,6.119759583333334,-0.4388176196736593,In the evening you use about the same as households like yours.,2025-01-22 21:00:00,2025-01-22 23:00:00,2025-01-21 14:00:00
12,C007,Large evening-peak households,3.4759841666666667,0.4,288.3854,434.329428340081,218,341,5.840965833333334,6.119759583333334,-4.555632393783449,In the evening you use about the same as households like yours.,2025-01-22 21:00:00,2025-01-22 23:00:00,2025-01-21 14:00:00
12,C009,Large evening-peak households,3.2736066666666668,0.3,291.7571333333333,439.4075044534412,218,341,6.65307,6.119759583333334,8.714564835505856,You use 9% more than households like yours in the evening.,2025-01-22 21:00:00,2025-01-22 23:00:00,2025-01-21 14:00:00
12,C010,Large evening-peak households,3.3383575000000008,0.8,302.19510833333334,455.12785546558706,341,341,5.85591,6.119759583333334,-4.311437071023294,In the evening you use about the same as households like yours.,2025-01-22 21:00:00,2025-01-22 23:00:00,2025-01-21 14:00:00
12,C011,Large evening-peak households,3.106608333333333,0.5,295.05013333333335,444.36700242914986,218,341,5.433931666666667,6.119759583333334,-11.206778752133717,You use 11% less than households like yours in the evening.,2025-01-22 21:00:00,2025-01-22 23:00:00,2025-01-21 14:00:00
12,C013,Large evening-peak households,2.827275,0.7,266.51370833333334,401.3890668016195,218,341,5.758394166666666,6.119759583333334,-5.904895637580543,You use 6% less than households like yours in the evening.,2025-01-22 21:00:00,2025-01-22 23:00:00,2025-01-21 14:00:00
12,C015,Large evening-peak households,4.892756666666666,0.5,351.0074083333333,528.642736437247,341,414,7.8349400000000005,6.119759583333334,28.0269248049845,You use 28% more than households like yours in the evening.,2025-01-22 21:00:00,2025-01-22 23:00:00,2025-01-21 14:00:00
12,C016,Large evening-peak households,3.8938824999999992,0.6,358.80690833333335,540.3893518218624,341,414,6.8241275,6.119759583333334,11.509731829743043,You use 12% more than households like yours in the evening.,2025-01-22 21:00:00,2025-01-22 23:00:00,2025-01-21 14:00:00
12,C021,Large evening-peak households,4.987110833333334,0.7,399.12424999999996,601.1102064777328,341,414,7.484395000000001,6.119759583333334,22.298840307111757,You use 22% more than households like yours in the evening.,2025-01-22 21:00:00,2025-01-22 23:00:00,2025-01-21 14:00:00
12,C022,Large evening-peak households,4.692964999999999,0.8,370.06691666666666,557.3477449392713,341,414,7.957329999999999,6.119759583333334,30.02683997049718,You use 30% more than households like yours in the evening.,2025-01-22 21:00:00,2025-01-22 23:00:00,2025-01-21 14:00:00
12,C023,Large evening-peak households,3.6502375000000002,0.5,338.4563416666666,509.73991538461536,341,414,6.043828333333333,6.119759583333334,-1.2407554408966237,In the evening you use about the same as households like yours.,2025-01-22 21:00:00,2025-01-22 23:00:00,2025-01-21 14:00:00
12,C027,Large evening-peak households,2.603276666666667,0.7,263.09965833333337,396.2472587044535,218,341,4.988064166666668,6.119759583333334,-18.492481628669633,You use 18% less than households like yours in the evening.,2025-01-22 21:00:00,2025-01-22 23:00:00,2025-01-21 14:00:00
12,C029,Large evening-peak households,3.9111233333333333,0.6,374.1143666666666,563.4434995951416,341,414,6.939404166666667,6.119759583333334,13.393411492267893,You use 13% more than households like yours in the evening.,2025-01-22 21:00:00,2025-01-22 23:00:00,2025-01-21 14:00:00
12,C031,Large evening-peak households,3.3275241666666675,0.4,367.95597499999997,554.1685129554656,341,414,6.146614166666667,6.119759583333334,0.4388176196736371,In the evening you use about the same as households like yours.,2025-01-22 21:00:00,2025-01-22 23:00:00,2025-01-21 14:00:00
12,C033,Large evening-peak households,3.7505200000000003,0.8,329.64761666666664,496.4733336032388,341,341,6.971063333333333,6.119759583333334,13.91073845970119,You use 14% more than households like yours in the evening.,2025-01-22 21:00:00,2025-01-22 23:00:00,2025-01-21 14:00:00
12,C034,Large evening-peak households,3.593185833333334,0.7,305.0047,459.359305263158,341,341,6.452499166666667,6.119759583333334,5.43713488744757,You use 5% more than households like yours in the evening.,2025-01-22 21:00:00,2025-01-22 23:00:00,2025-01-21 14:00:00
12,C035,Large evening-peak households,2.9899225,0.8,320.06932500000005,482.0477283400811,341,341,5.450961666666666,6.119759583333334,-10.928499846433247,You use 11% less than households like yours in the evening.,2025-01-22 21:00:00,2025-01-22 23:00:00,2025-01-21 14:00:00
12,C042,Large evening-peak households,2.9843416666666664,0.6,329.77763333333337,496.6691481781378,341,341,5.63103,6.119759583333334,-7.986091229210201,You use 8% less than households like yours in the evening.,2025-01-22 21:00:00,2025-01-22 23:00:00,2025-01-21 14:00:00
12,C005,"Daytime-occupied, high base load",3.4538975,0.5,402.5611166666667,606.2863781376518,341,414,7.378398333333334,7.378398333333334,0.0,In the evening you use about the same as households like yours.,2025-01-22 21:00:00,2025-01-22 23:00:00,2025-01-21 14:00:00
12,C019,"Daytime-occupied, high base load",2.9950016666666666,0.8,321.0402333333334,483.5099870445345,341,341,5.174191666666667,7.378398333333334,-29.8737824536897,You use 30% less than households like yours in the evening.,2025-01-22 21:00:00,2025-01-22 23:00:00,2025-01-21 14:00:00
12,C024,"Daytime-occupied, high base load",3.831818333333333,0.6,363.821825,547.9421817813766,341,414,7.31565,7.378398333333334,-0.8504329869242322,In the evening you use about the same as households like yours.,2025-01-22 21:00:00,2025-01-22 23:00:00,2025-01-21 14:00:00
12,C037,"Daytime-occupied, high base load",4.019660833333334,0.8,370.05756666666673,557.3336631578949,341,414,7.696104166666666,7.378398333333334,4.305891590293176,In the evening you use about the same as households like yours.,2025-01-22 21:00:00,2025-01-22 23:00:00,2025-01-21 14:00:00
12,C041,"Daytime-occupied, high base load",3.672801666666666,0.6,368.5498833333333,555.0629821862348,341,414,7.765055000000001,7.378398333333334,5.240387536680835,You use 5% more than households like yours in the evening.,2025-01-22 21:00:00,2025-01-22 23:00:00,2025-01-21 14:00:00
12,C044,"Daytime-occupied, high base load",3.7287325000000004,0.8,362.876625,546.5186417004048,341,414,6.969590833333333,7.378398333333334,-5.540599484215081,You use 6% less than households like yours in the evening.,2025-01-22 21:00:00,2025-01-22 23:00:00,2025-01-21 14:00:00
12,C047,"Daytime-occupied, high base load",4.439573333333334,0.8,371.7672083333333,559.908508097166,341,414,8.147939166666667,7.378398333333334,10.429646090761779,You use 10% more than households like yours in the evening.,2025-01-22 21:00:00,2025-01-22 23:00:00,2025-01-21 14:00:00
12,C001,Medium AC users,2.8126491666666666,0.7,278.2724166666667,419.0985384615385,218,341,4.737414166666666,3.8448900000000004,23.213256209323685,You use 23% more than households like yours in the evening.,2025-01-22 21:00:00,2025-01-22 23:00:00,2025-01-21 14:00:00
12,C004,Medium AC users,2.0924441666666667,0.4,268.273775,404.0398554655871,218,341,3.666090833333333,3.8448900000000004,-4.650306424024286,In the evening you use about the same as households like yours.,2025-01-22 21:00:00,2025-01-22 23:00:00,2025-01-21 14:00:00
12,C008,Medium AC users,1.789705,0.7,255.0262666666667,384.08814251012154,218,341,3.174840833333333,3.8448900000000004,-17.427004847126113,You use 17% less than households like yours in the evening.,2025-01-22 21:00:00,2025-01-22 23:00:00,2025-01-21 14:00:00
12,C012,Medium AC users,2.110261666666667,0.6,205.79083333333335,309.935991902834,218,341,3.3757133333333327,3.8448900000000004,-12.202603108714882,You use 12% less than households like yours in the evening.,2025-01-22 21:00:00,2025-01-22 23:00:00,2025-01-21 14:00:00
12,C014,Medium AC users,1.9742408333333334,0.5,281.7326083333333,424.30983927125504,218,341,3.02053,3.8448900000000004,-21.44040531718724,You use 21% less than households like yours in the evening.,2025-01-22 21:00:00,2025-01-22 23:00:00,2025-01-21 14:00:00
12,C017,Medium AC users,2.2817958333333332,0.7,251.60400833333335,378.9339720647774,218,341,3.7779425000000004,3.8448900000000004,-1.7412071606729973,In the evening you use about the same as households like yours.,2025-01-22 21:00:00,2025-01-22 23:00:00,2025-01-21 14:00:00
12,C020,Medium AC users,2.8247666666666666,0.6,249.30069166666667,375.4650093117409,218,341,4.688185,3.8448900000000004,21.93287714342931,You use 22% more than households like yours in the evening.,2025-01-22 21:00:00,2025-01-22 23:00:00,2025-01-21 14:00:00
12,C025,Medium AC users,0.9655983333333333,0.7,140.76011666666665,211.9949935222672,176,218,1.7991066666666669,3.8448900000000004,-53.20785076642851,You use 53% less than households like yours in the evening.,2025-01-22 21:00:00,2025-01-22 23:00:00,2025-01-21 14:00:00
12,C028,Medium AC users,2.367156666666667,0.5,261.98815833333333,394.57325870445345,218,341,4.422804166666667,3.8448900000000004,15.0307074237928,You use 15% more than households like yours in the evening.,2025-01-22 21:00:00,2025-01-22 23:00:00,2025-01-21 14:00:00
12,C030,Medium AC users,2.1513199999999997,0.6,225.4241,339.5051222672065,218,341,4.0985233333333335,3.8448900000000004,6.596634320704453,You use 7% more than households like yours in the evening.,2025-01-22 21:00:00,2025-01-22 23:00:00,2025-01-21 14:00:00
12,C032,Medium AC users,2.955186666666667,0.7,242.14238333333333,364.68407530364374,218,341,5.551995833333334,3.8448900000000004,44.399341290214636,You use 44% more than households like yours in the evening.,2025-01-22 21:00:00,2025-01-22 23:00:00,2025-01-21 14:00:00
12,C036,Medium AC users,2.702495833333333,0.2,279.9882583333333,421.68272105263156,218,341,3.976354166666667,3.8448900000000004,3.419191879785033,In the evening you use about the same as households like yours.,2025-01-22 21:00:00,2025-01-22 23:00:00,2025-01-21 14:00:00
12,C038,Medium AC users,1.0375741666666667,0.3,132.98145833333334,200.27976720647774,176,218,1.9426408333333334,3.8448900000000004,-49.474735731494704,You use 49% less than households like yours in the evening.,2025-01-22 21:00:00,2025-01-22 23:00:00,2025-01-21 14:00:00
12,C039,Medium AC users,1.535836666666667,0.6,196.39300833333334,295.78218259109315,176,218,2.88394,3.8448900000000004,-24.992912671103728,You use 25% less than households like yours in the evening.,2025-01-22 21:00:00,2025-01-22 23:00:00,2025-01-21 14:00:00
12,C040,Medium AC users,2.3356741666666667,0.6,187.33100000000002,282.1341376518219,176,218,3.8448900000000004,3.8448900000000004,0.0,In the evening you use about the same as households like yours.,2025-01-22 21:00:00,2025-01-22 23:00:00,2025-01-21 14:00:00
12,C048,Medium AC users,3.1075341666666665,0.9,275.65972500000004,415.1636344129555,218,341,5.665521666666667,3.8448900000000004,47.351983195011194,You use 47% more than households like yours in the evening.,2025-01-22 21:00:00,2025-01-22 23:00:00,2025-01-21 14:00:00
12,C049,Medium AC users,2.479429166666667,0.9,237.50141666666667,357.69444129554654,218,341,4.460187499999999,3.8448900000000004,16.00299358369157,You use 16% more than households like yours in the evening.,2025-01-22 21:00:00,2025-01-22 23:00:00,2025-01-21 14:00:00
12,C003,Low consumers without AC,2.3233266666666665,0.8,298.9462666666667,450.2348631578948,218,341,4.334314166666667,3.7678741666666666,15.033410749518584,You use 15% more than households like yours in the evening.,2025-01-22 21:00:00,2025-01-22 23:00:00,2025-01-21 14:00:00
12,C006,Low consumers without AC,2.2523541666666667,0.1,183.78742499999998,276.79725546558706,176,218,3.6077925,3.7678741666666666,-4.248593758328356,In the evening you use about the same as households like yours.,2025-01-22 21:00:00,2025-01-22 23:00:00,2025-01-21 14:00:00
12,C018,Low consumers without AC,1.5278383333333332,1.0,185.434225,279.2774562753036,176,218,2.992653333333333,3.7678741666666666,-20.574488399625878,You use 21% less than households like yours in the evening.,2025-01-22 21:00:00,2025-01-22 23:00:00,2025-01-21 14:00:00
12,C026,Low consumers without AC,3.5433933333333334,0.9,285.9519,430.66440000000006,218,341,5.833413333333334,3.7678741666666666,54.81974915563575,You use 55% more than households like yours in the evening.,2025-01-22 21:00:00,2025-01-22 23:00:00,2025-01-21 14:00:00
12,C043,Low consumers without AC,1.8891216666666668,0.5,227.79904166666665,343.08195748987856,218,341,3.9279558333333333,3.7678741666666666,4.248593758328356,In the evening you use about the same as households like yours.,2025-01-22 21:00:00,2025-01-22 23:00:00,2025-01-21 14:00:00
12,C045,Low consumers without AC,2.3523608333333335,1.0,298.46781666666664,449.5142825910931,218,341,4.4977116666666666,3.7678741666666666,19.370007269793366,You use 19% more than households like yours in the evening.,2025-01-22 21:00:00,2025-01-22 23:00:00,2025-01-21 14:00:00
12,C046,Low consumers without AC,1.9036575,0.7,177.79305,267.7692898785425,176,218,2.827570833333333,3.7678741666666666,-24.955805096994354,You use 25% less than households like yours in the evening.,2025-01-22 21:00:00,2025-01-22 23:00:00,2025-01-21 14:00:00
12,C050,Low consumers without AC,2.1721491666666664,0.6,205.803125,309.954504048583,218,341,3.48817,3.7678741666666666,-7.423394579923381,You use 7% less than households like yours in the evening.,2025-01-22 21:00:00,2025-01-22 23:00:00,2025-01-21 14:00:00
13,C002,Large evening-peak households,1.8756545454545455,0.3333333333333333,325.94028333333335,447.4161822878229,341,341,5.539004545454546,5.563417803030303,-0.4388176196736371,In the evening you use about the same as households like yours.,2025-01-24 22:00:00,2025-01-25 00:00:00,2025-01-23 14:00:00
13,C007,Large evening-peak households,2.695087878787879,0.4166666666666667,310.14544166666667,425.73470221402215,341,341,5.309968939393939,5.563417803030303,-4.555632393783449,In the evening you use about the same as households like yours.,2025-01-24 22:00:00,2025-01-25 00:00:00,2025-01-23 14:00:00
13,C009,Large evening-peak households,2.3674257575757576,0.4166666666666667,309.92919166666667,425.437857195572,341,341,6.048245454545454,5.563417803030303,8.714564835505856,You use 9% more than households like yours in the evening.,2025-01-24 22:00:00,2025-01-25 00:00:00,2025-01-23 14:00:00
13,C010,Large evening-peak households,2.814023484848485,0.75,339.4763916666667,465.9971132841329,341,341,5.323554545454545,5.563417803030303,-4.311437071023283,In the evening you use about the same as households like yours.,2025-01-24 22:00:00,2025-01-25 00:00:00,2025-01-23 14:00:00
13,C011,Large evening-peak households,2.1396590909090913,0.5,324.45205,445.3732937269373,341,341,4.939937878787879,5.563417803030303,-11.206778752133706,You use 11% less than households like yours in the evening.,2025-01-24 22:00:00,2025-01-25 00:00:00,2025-01-23 14:00:00
13,C013,Large evening-peak households,2.5379136363636365,0.6666666666666666,314.1997,431.299957195572,341,341,5.234903787878787,5.563417803030303,-5.904895637580543,You use 6% less than households like yours in the evening.,2025-01-24 22:00:00,2025-01-25 00:00:00,2025-01-23 14:00:00
13,C015,Large evening-peak households,3.0701303030303033,0.5833333333333334,380.05154166666665,521.6943671586716,341,414,7.122672727272728,5.563417803030303,28.02692480498452,You use 28% more than households like yours in the evening.,2025-01-24 22:00:00,2025-01-25 00:00:00,2025-01-23 14:00:00
13,C016,Large evening-peak households,2.9185886363636357,0.5833333333333334,389.24648333333334,534.3162059040591,341,414,6.2037522727272725,5.563417803030303,11.509731829743043,You use 12% more than households like yours in the evening.,2025-01-24 22:00:00,2025-01-25 00:00:00,2025-01-23 14:00:00
13,C021,Large evening-peak households,3.648668181818182,0.75,423.33050833333334,581.1031332103321,341,414,6.803995454545455,5.563417803030303,22.298840307111757,You use 22% more than households like yours in the evening.,2025-01-24 22:00:00,2025-01-25 00:00:00,2025-01-23 14:00:00
13,C022,Large evening-peak households,3.2344545454545455,0.8333333333333334,400.856125,550.2526881918819,341,414,7.233936363636363,5.563417803030303,30.0268399704972,You use 30% more than households like yours in the evening.,2025-01-24 22:00:00,2025-01-25 00:00:00,2025-01-23 14:00:00
13,C023,Large evening-peak households,2.591259090909091,0.4166666666666667,363.22349166666663,498.5946084870848,341,341,5.494389393939394,5.563417803030303,-1.2407554408966126,In the evening you use about the same as households like yours.,2025-01-24 22:00:00,2025-01-25 00:00:00,2025-01-23 14:00:00
13,C027,Large evening-peak households,2.0538712121212126,0.6666666666666666,280.695525,385.30898634686343,218,341,4.534603787878789,5.563417803030303,-18.492481628669633,You use 18% less than households like yours in the evening.,2025-01-24 22:00:00,2025-01-25 00:00:00,2025-01-23 14:00:00
13,C029,Large evening-peak households,2.924434848484849,0.5833333333333334,406.3799916666667,557.8352653136532,341,414,6.308549242424243,5.563417803030303,13.393411492267916,You use 13% more than households like yours in the evening.,2025-01-24 22:00:00,2025-01-25 00:00:00,2025-01-23 14:00:00
13,C031,Large evening-peak households,2.463428787878788,0.5,402.02996666666667,551.8640132841329,341,414,5.58783106060606,5.563417803030303,0.4388176196736371,In the evening you use about the same as households like yours.,2025-01-24 22:00:00,2025-01-25 00:00:00,2025-01-23 14:00:00
13,C033,Large evening-peak households,2.5455666666666668,0.6666666666666666,370.3785833333333,508.4163579335793,341,414,6.337330303030303,5.563417803030303,13.91073845970119,You use 14% more than households like yours in the evening.,2025-01-24 22:00:00,2025-01-25 00:00:00,2025-01-23 14:00:00
13,C034,Large evening-peak households,2.5894454545454546,0.6666666666666666,334.8628083333333,459.6640763837638,341,341,5.8659083333333335,5.563417803030303,5.437134887447592,You use 5% more than households like yours in the evening.,2025-01-24 22:00:00,2025-01-25 00:00:00,2025-01-23 14:00:00
13,C035,Large evening-peak households,2.081007575757576,0.8333333333333334,350.4948916666667,481.12213911439125,341,341,4.955419696969697,5.563417803030303,-10.928499846433237,You use 11% less than households like yours in the evening.,2025-01-24 22:00:00,2025-01-25 00:00:00,2025-01-23 14:00:00
13,C042,Large evening-peak households,2.2852765151515153,0.5833333333333334,354.6832416666666,486.8714608856088,341,341,5.119118181818181,5.563417803030303,-7.986091229210201,You use 8% less than households like yours in the evening.,2025-01-24 22:00:00,2025-01-25 00:00:00,2025-01-23 14:00:00
13,C005,"Daytime-occupied, high base load",2.6149674242424243,0.5,444.6322583333333,610.3439118081182,341,414,6.707634848484849,6.707634848484849,0.0,In the evening you use about the same as households like yours.,2025-01-24 22:00:00,2025-01-25 00:00:00,2025-01-23 14:00:00
13,C019,"Daytime-occupied, high base load",2.211267424242424,0.75,358.255175,491.77463136531367,341,341,4.703810606060606,6.707634848484849,-29.873782453689714,You use 30% less than households like yours in the evening.,2025-01-24 22:00:00,2025-01-25 00:00:00,2025-01-23 14:00:00
13,C024,"Daytime-occupied, high base load",2.450084090909091,0.5,407.0382,558.7387837638377,341,414,6.6505909090909086,6.707634848484849,-0.8504329869242322,In the evening you use about the same as households like yours.,2025-01-24 22:00:00,2025-01-25 00:00:00,2025-01-23 14:00:00
13,C037,"Daytime-occupied, high base load",2.674655303030303,0.8333333333333334,410.85220833333335,563.9742490774909,341,414,6.996458333333333,6.707634848484849,4.305891590293176,In the evening you use about the same as households like yours.,2025-01-24 22:00:00,2025-01-25 00:00:00,2025-01-23 14:00:00
13,C041,"Daytime-occupied, high base load",2.8283636363636364,0.5833333333333334,402.2350416666667,552.1455184501846,341,414,7.05914090909091,6.707634848484849,5.240387536680835,You use 5% more than households like yours in the evening.,2025-01-24 22:00:00,2025-01-25 00:00:00,2025-01-23 14:00:00
13,C044,"Daytime-occupied, high base load",3.1401856060606064,0.75,400.30085833333334,549.4904771217713,341,414,6.335991666666667,6.707634848484849,-5.540599484215081,You use 6% less than households like yours in the evening.,2025-01-24 22:00:00,2025-01-25 00:00:00,2025-01-23 14:00:00
13,C047,"Daytime-occupied, high base load",3.239059848484849,0.75,399.68156666666664,548.6403793357933,341,414,7.4072174242424245,6.707634848484849,10.429646090761779,You use 10% more than households like yours in the evening.,2025-01-24 22:00:00,2025-01-25 00:00:00,2025-01-23 14:00:00
13,C001,Medium AC users,2.6093795454545456,0.6666666666666666,311.37514999999996,427.4227151291513,341,341,4.306740151515151,3.495354545454546,23.213256209323685,You use 23% more than households like yours in the evening.,2025-01-24 22:00:00,2025-01-25 00:00:00,2025-01-23 14:00:00
13,C004,Medium AC users,1.6968310606060606,0.5,300.5604333333333,412.57742140221404,341,341,3.3328098484848483,3.495354545454546,-4.650306424024286,In the evening you use about the same as households like yours.,2025-01-24 22:00:00,2025-01-25 00:00:00,2025-01-23 14:00:00
13,C008,Medium AC users,1.5072545454545454,0.75,289.38029166666666,397.2305110701107,218,341,2.886218939393939,3.495354545454546,-17.427004847126113,You use 17% less than households like yours in the evening.,2025-01-24 22:00:00,2025-01-25 00:00:00,2025-01-23 14:00:00
13,C012,Medium AC users,1.156260606060606,0.5833333333333334,219.77594166666665,301.68505645756454,218,341,3.068830303030303,3.495354545454546,-12.202603108714872,You use 12% less than households like yours in the evening.,2025-01-24 22:00:00,2025-01-25 00:00:00,2025-01-23 14:00:00
13,C014,Medium AC users,1.6883030303030304,0.5833333333333334,316.2885,434.16723985239855,341,341,2.7459363636363636,3.495354545454546,-21.44040531718724,You use 21% less than households like yours in the evening.,2025-01-24 22:00:00,2025-01-25 00:00:00,2025-01-23 14:00:00
13,C017,Medium AC users,2.0982386363636363,0.75,276.9728166666667,380.19884797047973,218,341,3.434493181818182,3.495354545454546,-1.7412071606729973,In the evening you use about the same as households like yours.,2025-01-24 22:00:00,2025-01-25 00:00:00,2025-01-23 14:00:00
13,C020,Medium AC users,2.396101515151515,0.5,271.8338666666667,373.1446435424355,218,341,4.261986363636364,3.495354545454546,21.93287714342933,You use 22% more than households like yours in the evening.,2025-01-24 22:00:00,2025-01-25 00:00:00,2025-01-23 14:00:00
13,C025,Medium AC users,0.8303045454545455,0.6666666666666666,151.45690833333333,207.90394797047972,176,218,1.6355515151515154,3.495354545454546,-53.20785076642851,You use 53% less than households like yours in the evening.,2025-01-24 22:00:00,2025-01-25 00:00:00,2025-01-23 14:00:00
13,C028,Medium AC users,2.3497257575757575,0.5833333333333334,279.5326,383.712646494465,218,341,4.020731060606061,3.495354545454546,15.0307074237928,You use 15% more than households like yours in the evening.,2025-01-24 22:00:00,2025-01-25 00:00:00,2025-01-23 14:00:00
13,C030,Medium AC users,1.7422325757575756,0.5833333333333334,252.37244166666667,346.4300675276753,218,341,3.725930303030303,3.495354545454546,6.596634320704431,You use 7% more than households like yours in the evening.,2025-01-24 22:00:00,2025-01-25 00:00:00,2025-01-23 14:00:00
13,C032,Medium AC users,2.5489242424242424,0.75,264.75686666666667,363.43009003690037,218,341,5.047268939393939,3.495354545454546,44.39934129021461,You use 44% more than households like yours in the evening.,2025-01-24 22:00:00,2025-01-25 00:00:00,2025-01-23 14:00:00
13,C036,Medium AC users,2.6341636363636365,0.25,308.8655083333333,423.9777457564575,341,341,3.6148674242424246,3.495354545454546,3.419191879785033,In the evening you use about the same as households like yours.,2025-01-24 22:00:00,2025-01-25 00:00:00,2025-01-23 14:00:00
13,C038,Medium AC users,0.8764704545454546,0.4166666666666667,146.08813333333336,200.53426420664212,176,218,1.7660371212121213,3.495354545454546,-49.474735731494704,You use 49% less than households like yours in the evening.,2025-01-24 22:00:00,2025-01-25 00:00:00,2025-01-23 14:00:00
13,C039,Medium AC users,1.4404818181818182,0.6666666666666666,214.8532833333333,294.9277542435424,218,218,2.621763636363636,3.495354545454546,-24.99291267110374,You use 25% less than households like yours in the evening.,2025-01-24 22:00:00,2025-01-25 00:00:00,2025-01-23 14:00:00
13,C040,Medium AC users,1.9753916666666667,0.5,216.08176666666665,296.61408560885604,218,218,3.495354545454546,3.495354545454546,0.0,In the evening you use about the same as households like yours.,2025-01-24 22:00:00,2025-01-25 00:00:00,2025-01-23 14:00:00
13,C048,Medium AC users,2.4818189393939396,0.9166666666666666,299.5964333333334,411.2541446494466,218,341,5.1504742424242425,3.495354545454546,47.351983195011194,You use 47% more than households like yours in the evening.,2025-01-24 22:00:00,2025-01-25 00:00:00,2025-01-23 14:00:00
13,C049,Medium AC users,2.135845454545454,0.8333333333333334,253.33191666666664,347.7471328413284,218,341,4.054715909090908,3.495354545454546,16.00299358369157,You use 16% more than households like yours in the evening.,2025-01-24 22:00:00,2025-01-25 00:00:00,2025-01-23 14:00:00
13,C003,Low consumers without AC,1.5293818181818182,0.75,326.9759833333334,448.8378811808119,341,341,3.940285606060606,3.425340151515152,15.033410749518561,You use 15% more than households like yours in the evening.,2025-01-24 22:00:00,2025-01-25 00:00:00,2025-01-23 14:00:00
13,C006,Low consumers without AC,1.4183204545454544,0.16666666666666666,207.45954166666667,284.7784114391144,218,218,3.2798113636363637,3.425340151515152,-4.248593758328367,In the evening you use about the same as households like yours.,2025-01-24 22:00:00,2025-01-25 00:00:00,2025-01-23 14:00:00
13,C018,Low consumers without AC,0.9892439393939394,1.0,208.55414166666665,286.2809619926199,218,218,2.720593939393939,3.425340151515152,-20.57448839962589,You use 21% less than households like yours in the evening.,2025-01-24 22:00:00,2025-01-25 00:00:00,2025-01-23 14:00:00
13,C026,Low consumers without AC,2.6689386363636363,0.8333333333333334,301.07604166666664,413.2851937269373,341,341,5.30310303030303,3.425340151515152,54.81974915563572,You use 55% more than households like yours in the evening.,2025-01-24 22:00:00,2025-01-25 00:00:00,2025-01-23 14:00:00
13,C043,Low consumers without AC,1.4849348484848484,0.5833333333333334,250.74849999999998,344.20089298892987,218,341,3.5708689393939395,3.425340151515152,4.248593758328356,In the evening you use about the same as households like yours.,2025-01-24 22:00:00,2025-01-25 00:00:00,2025-01-23 14:00:00
13,C045,Low consumers without AC,1.789515909090909,0.9166666666666666,329.8274083333333,452.7520143911439,341,341,4.088828787878788,3.425340151515152,19.370007269793387,You use 19% more than households like yours in the evening.,2025-01-24 22:00:00,2025-01-25 00:00:00,2025-01-23 14:00:00
13,C046,Low consumers without AC,1.115314393939394,0.6666666666666666,192.91210833333332,264.8092409594096,176,218,2.570518939393939,3.425340151515152,-24.955805096994364,You use 25% less than households like yours in the evening.,2025-01-24 22:00:00,2025-01-25 00:00:00,2025-01-23 14:00:00
13,C050,Low consumers without AC,1.2643015151515151,0.5833333333333334,224.84821666666664,308.6477365313653,218,341,3.1710636363636366,3.425340151515152,-7.423394579923381,You use 7% less than households like yours in the evening.,2025-01-24 22:00:00,2025-01-25 00:00:00,2025-01-23 14:00:00
14,C002,Large evening-peak households,3.6894015151515145,0.3333333333333333,350.96185833333334,461.33502226148414,341,341,6.473030303030303,6.293056060606061,2.859886209354845,In the evening you use about the same as households like yours.,2025-01-25 20:00:00,2025-01-25 22:00:00,2025-01-24 14:00:00
14,C007,Large evening-peak households,3.4642825757575753,0.4166666666666667,322.30729166666663,423.66894876325085,341,341,5.7471871212121215,6.293056060606061,-8.674147093826601,You use 9% less than households like yours in the evening.,2025-01-25 20:00:00,2025-01-25 22:00:00,2025-01-24 14:00:00
14,C009,Large evening-peak households,3.9061636363636367,0.4166666666666667,327.99374166666666,431.1437169611308,341,341,6.896018181818182,6.293056060606061,9.581388047479944,You use 10% more than households like yours in the evening.,2025-01-25 20:00:00,2025-01-25 22:00:00,2025-01-24 14:00:00
14,C010,Large evening-peak households,3.1209939393939394,0.75,352.63325833333334,463.5320568904594,341,341,5.7015393939393935,6.293056060606061,-9.39951370161003,You use 9% less than households like yours in the evening.,2025-01-25 20:00:00,2025-01-25 22:00:00,2025-01-24 14:00:00
14,C011,Large evening-peak households,3.2627166666666665,0.5,340.0036166666667,446.93054911660784,341,341,5.742866666666667,6.293056060606061,-8.742801409056678,You use 9% less than households like yours in the evening.,2025-01-25 20:00:00,2025-01-25 22:00:00,2025-01-24 14:00:00
14,C013,Large evening-peak households,3.3653325757575754,0.6666666666666666,330.6284833333333,434.60705229681975,341,341,6.161556818181818,6.293056060606061,-2.089592737738588,In the evening you use about the same as households like yours.,2025-01-25 20:00:00,2025-01-25 22:00:00,2025-01-24 14:00:00
14,C015,Large evening-peak households,4.910149242424242,0.5833333333333334,396.6652833333333,521.4116091872792,341,414,7.8899136363636355,6.293056060606061,25.374914197153807,You use 25% more than households like yours in the evening.,2025-01-25 20:00:00,2025-01-25 22:00:00,2025-01-24 14:00:00
14,C016,Large evening-peak households,4.250678030303031,0.5833333333333334,402.7707916666667,529.4372243816255,341,414,6.807618939393939,6.293056060606061,8.176677179295977,You use 8% more than households like yours in the evening.,2025-01-25 20:00:00,2025-01-25 22:00:00,2025-01-24 14:00:00
14,C021,Large evening-peak households,4.408842424242425,0.75,438.26234166666666,576.0904279151944,341,414,7.372893939393939,6.293056060606061,17.159196873321413,You use 17% more than households like yours in the evening.,2025-01-25 20:00:00,2025-01-25 22:00:00,2025-01-24 14:00:00
14,C022,Large evening-peak households,4.746187121212121,0.8333333333333334,419.87284166666666,551.9176575971732,341,414,8.116136363636365,6.293056060606061,28.96971337094254,You use 29% more than households like yours in the evening.,2025-01-25 20:00:00,2025-01-25 22:00:00,2025-01-24 14:00:00
14,C023,Large evening-peak households,3.600849242424242,0.4166666666666667,376.008,494.2578657243816,341,341,5.841337878787879,6.293056060606061,-7.178041598038432,You use 7% less than households like yours in the evening.,2025-01-25 20:00:00,2025-01-25 22:00:00,2025-01-24 14:00:00
14,C027,Large evening-peak households,3.156320454545454,0.6666666666666666,298.9648666666667,392.9856197879859,218,341,5.43918106060606,6.293056060606061,-13.568526829836735,You use 14% less than households like yours in the evening.,2025-01-25 20:00:00,2025-01-25 22:00:00,2025-01-24 14:00:00
14,C029,Large evening-peak households,4.324069696969698,0.5833333333333334,422.70591666666667,555.6416996466431,341,414,7.142879545454545,6.293056060606061,13.504146104279924,You use 14% more than households like yours in the evening.,2025-01-25 20:00:00,2025-01-25 22:00:00,2025-01-24 14:00:00
14,C031,Large evening-peak households,3.551481060606061,0.5,418.501325,550.1148159010601,341,414,6.046990151515152,6.293056060606061,-3.910117861991702,In the evening you use about the same as households like yours.,2025-01-25 20:00:00,2025-01-25 22:00:00,2025-01-24 14:00:00
14,C033,Large evening-peak households,3.694962878787879,0.6666666666666666,377.47024166666665,496.1799643109541,341,341,6.533523484848486,6.293056060606061,3.8211549671030243,In the evening you use about the same as households like yours.,2025-01-25 20:00:00,2025-01-25 22:00:00,2025-01-24 14:00:00
14,C034,Large evening-peak households,4.152394696969697,0.6666666666666666,347.73204166666665,457.08946819787985,341,341,6.424555303030303,6.293056060606061,2.089592737738588,In the evening you use about the same as households like yours.,2025-01-25 20:00:00,2025-01-25 22:00:00,2025-01-24 14:00:00
14,C035,Large evening-peak households,3.2500818181818185,0.8333333333333334,371.2144166666667,487.9567597173146,341,341,5.7253727272727275,6.293056060606061,-9.020789388592565,You use 9% less than households like yours in the evening.,2025-01-25 20:00:00,2025-01-25 22:00:00,2025-01-24 14:00:00
14,C042,Large evening-peak households,3.2907037878787877,0.5833333333333334,371.26690833333333,488.02575936395766,341,341,5.84365,6.293056060606061,-7.141300765129044,You use 7% less than households like yours in the evening.,2025-01-25 20:00:00,2025-01-25 22:00:00,2025-01-24 14:00:00
14,C005,"Daytime-occupied, high base load",4.070657575757576,0.5,468.08978333333334,615.2982310954063,341,414,7.543858333333333,7.385923484848485,2.1383222938720747,In the evening you use about the same as households like yours.,2025-01-25 20:00:00,2025-01-25 22:00:00,2025-01-24 14:00:00
14,C019,"Daytime-occupied, high base load",3.046079545454545,0.75,371.0836833333333,487.78491236749113,341,341,5.2027113636363636,7.385923484848485,-29.55909475221037,You use 30% less than households like yours in the evening.,2025-01-25 20:00:00,2025-01-25 22:00:00,2025-01-24 14:00:00
14,C024,"Daytime-occupied, high base load",4.215405303030303,0.5,422.48556666666667,555.3520522968198,341,414,7.118424242424241,7.385923484848485,-3.6217440239259657,In the evening you use about the same as households like yours.,2025-01-25 20:00:00,2025-01-25 22:00:00,2025-01-24 14:00:00
14,C037,"Daytime-occupied, high base load",4.51974393939394,0.8333333333333334,427.8040083333333,562.3430780918728,341,414,7.847373484848486,7.385923484848485,6.247695375488549,You use 6% more than households like yours in the evening.,2025-01-25 20:00:00,2025-01-25 22:00:00,2025-01-24 14:00:00
14,C041,"Daytime-occupied, high base load",3.908139393939394,0.5833333333333334,411.87356666666665,541.402709540636,341,414,7.299837878787878,7.385923484848485,-1.165536120665256,In the evening you use about the same as households like yours.,2025-01-25 20:00:00,2025-01-25 22:00:00,2025-01-24 14:00:00
14,C044,"Daytime-occupied, high base load",4.225665909090909,0.75,421.2998333333333,553.7934204946997,341,414,7.385923484848485,7.385923484848485,0.0,In the evening you use about the same as households like yours.,2025-01-25 20:00:00,2025-01-25 22:00:00,2025-01-24 14:00:00
14,C047,"Daytime-occupied, high base load",4.878112878787879,0.75,413.71165833333333,543.8188583038869,341,414,8.023600757575759,7.385923484848485,8.633683709767737,You use 9% more than households like yours in the evening.,2025-01-25 20:00:00,2025-01-25 22:00:00,2025-01-24 14:00:00
14,C001,Medium AC users,2.5892681818181815,0.6666666666666666,319.07495,419.4200756183746,341,341,4.505029545454545,3.8314401515151517,17.580579816000032,You use 18% more than households like yours in the evening.,2025-01-25 20:00:00,2025-01-25 22:00:00,2025-01-24 14:00:00
14,C004,Medium AC users,2.065191666666667,0.5,311.827225,409.8930307420495,341,341,3.568209848484848,3.8314401515151517,-6.870270515023147,You use 7% less than households like yours in the evening.,2025-01-25 20:00:00,2025-01-25 22:00:00,2025-01-24 14:00:00
14,C008,Medium AC users,2.180698484848485,0.75,306.136575,402.4127416961131,341,341,3.6294416666666662,3.8314401515151517,-5.272129456820684,You use 5% less than households like yours in the evening.,2025-01-25 20:00:00,2025-01-25 22:00:00,2025-01-24 14:00:00
14,C012,Medium AC users,2.3361954545454546,0.5833333333333334,225.60781666666668,296.55868480565374,218,218,3.232298484848485,3.8314401515151517,-15.63750555857527,You use 16% less than households like yours in the evening.,2025-01-25 20:00:00,2025-01-25 22:00:00,2025-01-24 14:00:00
14,C014,Medium AC users,2.033577272727273,0.5833333333333334,338.28121666666664,444.66647561837453,341,341,3.4942128787878786,3.8314401515151517,-8.801580068891745,You use 9% less than households like yours in the evening.,2025-01-25 20:00:00,2025-01-25 22:00:00,2025-01-24 14:00:00
14,C017,Medium AC users,2.305070454545455,0.75,293.5136416666667,385.82005194346294,218,341,4.3146522727272725,3.8314401515151517,12.611762212207168,You use 13% more than households like yours in the evening.,2025-01-25 20:00:00,2025-01-25 22:00:00,2025-01-24 14:00:00
14,C020,Medium AC users,2.6343,0.5,280.8899083333333,369.22631060070677,218,341,4.470427272727273,3.8314401515151517,16.67746580771807,You use 17% more than households like yours in the evening.,2025-01-25 20:00:00,2025-01-25 22:00:00,2025-01-24 14:00:00
14,C025,Medium AC users,0.8753795454545457,0.6666666666666666,155.47928333333334,204.37559505300356,176,218,1.7849757575757577,3.8314401515151517,-53.4124066411455,You use 53% less than households like yours in the evening.,2025-01-25 20:00:00,2025-01-25 22:00:00,2025-01-24 14:00:00
14,C028,Medium AC users,2.2979522727272728,0.5833333333333334,293.8354,386.24299929328623,218,341,4.8407931818181815,3.8314401515151517,26.34395920040351,You use 26% more than households like yours in the evening.,2025-01-25 20:00:00,2025-01-25 22:00:00,2025-01-24 14:00:00
14,C030,Medium AC users,2.056148484848485,0.5833333333333334,261.289075,343.4612575971732,218,341,3.8927848484848484,3.8314401515151517,1.6010871772442536,In the evening you use about the same as households like yours.,2025-01-25 20:00:00,2025-01-25 22:00:00,2025-01-24 14:00:00
14,C032,Medium AC users,3.251672727272727,0.75,284.21956666666665,373.6031053003534,218,341,6.009403787878788,3.8314401515151517,56.844516689171186,You use 57% more than households like yours in the evening.,2025-01-25 20:00:00,2025-01-25 22:00:00,2025-01-24 14:00:00
14,C036,Medium AC users,2.148006818181818,0.25,315.2767666666666,414.4274106007067,341,341,3.8314401515151517,3.8314401515151517,0.0,In the evening you use about the same as households like yours.,2025-01-25 20:00:00,2025-01-25 22:00:00,2025-01-24 14:00:00
14,C038,Medium AC users,1.0251257575757575,0.4166666666666667,150.93441666666666,198.40142402826854,176,176,1.9295310606060605,3.8314401515151517,-49.63953541482247,You use 50% less than households like yours in the evening.,2025-01-25 20:00:00,2025-01-25 22:00:00,2025-01-24 14:00:00
14,C039,Medium AC users,1.7163954545454545,0.6666666666666666,228.40676666666667,300.23786996466436,218,341,3.224739393939394,3.8314401515151517,-15.834796671320483,You use 16% less than households like yours in the evening.,2025-01-25 20:00:00,2025-01-25 22:00:00,2025-01-24 14:00:00
14,C040,Medium AC users,2.1310340909090915,0.5,223.91963333333334,294.3395886925795,218,218,3.7783174242424242,3.8314401515151517,-1.3864950298576373,In the evening you use about the same as households like yours.,2025-01-25 20:00:00,2025-01-25 22:00:00,2025-01-24 14:00:00
14,C048,Medium AC users,2.9801234848484843,0.9166666666666666,305.20300833333334,401.1855798586573,341,341,5.2934287878787885,3.8314401515151517,38.157679059282444,You use 38% more than households like yours in the evening.,2025-01-25 20:00:00,2025-01-25 22:00:00,2025-01-24 14:00:00
14,C049,Medium AC users,2.3779196969696974,0.8333333333333334,258.416225,339.68493180212016,218,341,4.19294696969697,3.8314401515151517,9.435272479432033,You use 9% more than households like yours in the evening.,2025-01-25 20:00:00,2025-01-25 22:00:00,2025-01-24 14:00:00
14,C003,Low consumers without AC,3.0148022727272727,0.75,353.6758,464.90246501766785,341,341,5.0786628787878785,3.9130659090909092,29.78730736400408,You use 30% more than households like yours in the evening.,2025-01-25 20:00:00,2025-01-25 22:00:00,2025-01-24 14:00:00
14,C006,Low consumers without AC,2.87702196969697,0.16666666666666666,219.92333333333335,289.08650176678447,218,218,3.9081704545454543,3.9130659090909092,-0.12510534346180657,In the evening you use about the same as households like yours.,2025-01-25 20:00:00,2025-01-25 22:00:00,2025-01-24 14:00:00
14,C018,Low consumers without AC,1.6046757575757573,1.0,216.41710833333335,284.4776123674912,218,218,3.0019393939393946,3.9130659090909092,-23.284210803471726,You use 23% less than households like yours in the evening.,2025-01-25 20:00:00,2025-01-25 22:00:00,2025-01-24 14:00:00
14,C026,Low consumers without AC,3.3014212121212125,0.8333333333333334,310.328375,407.92281095406366,341,341,5.5446212121212115,3.9130659090909092,41.69506317897282,You use 42% more than households like yours in the evening.,2025-01-25 20:00:00,2025-01-25 22:00:00,2025-01-24 14:00:00
14,C043,Low consumers without AC,2.0913121212121215,0.5833333333333334,262.03436666666664,344.44093427561836,218,341,3.917961363636364,3.9130659090909092,0.12510534346179547,In the evening you use about the same as households like yours.,2025-01-25 20:00:00,2025-01-25 22:00:00,2025-01-24 14:00:00
14,C045,Low consumers without AC,2.6502242424242426,0.9166666666666666,341.6229916666667,449.0591975265018,341,341,4.660137878787878,3.9130659090909092,19.09172978562299,You use 19% more than households like yours in the evening.,2025-01-25 20:00:00,2025-01-25 22:00:00,2025-01-24 14:00:00
14,C046,Low consumers without AC,1.8206439393939393,0.6666666666666666,201.24731666666665,264.5371088339223,218,218,2.7602568181818183,3.9130659090909092,-29.460507890522948,You use 29% less than households like yours in the evening.,2025-01-25 20:00:00,2025-01-25 22:00:00,2025-01-24 14:00:00
14,C050,Low consumers without AC,2.1237227272727277,0.5833333333333334,233.82210833333335,307.3562696113074,218,341,3.5451742424242423,3.9130659090909092,-9.401622032789536,You use 9% less than households like yours in the evening.,2025-01-25 20:00:00,2025-01-25 22:00:00,2025-01-24 14:00:00
15,C002,Large evening-peak households,1.8275026379567485,0.2857142857142857,154.74899166666665,278.051664171123,176,218,5.2388996527777785,4.429415277777778,18.27519715889263,You use 18% more than households like yours in the evening.,2025-02-17 22:00:00,2025-02-18 00:00:00,2025-02-16 14:00:00
15,C007,Large evening-peak households,1.712524652777778,0.35714285714285715,151.13869166666666,271.56470802139035,176,218,4.355076041666667,4.429415277777778,-1.6783081162894953,In the evening you use about the same as households like yours.,2025-02-17 22:00:00,2025-02-18 00:00:00,2025-02-16 14:00:00
15,C009,Large evening-peak households,1.8027277777777775,0.42857142857142855,164.625125,295.79701604278074,176,218,4.498263541666667,4.429415277777778,1.55434204226228,In the evening you use about the same as households like yours.,2025-02-17 22:00:00,2025-02-18 00:00:00,2025-02-16 14:00:00
15,C010,Large evening-peak households,1.8704218750000006,0.7857142857142857,183.36653333333334,329.4714181818182,176,341,4.253150694444444,4.429415277777778,-3.979409747775231,In the evening you use about the same as households like yours.,2025-02-17 22:00:00,2025-02-18 00:00:00,2025-02-16 14:00:00
15,C011,Large evening-peak households,1.6547510416666669,0.5,161.628175,290.41212192513365,176,218,3.6220232638888894,4.429415277777778,-18.227959296107244,You use 18% less than households like yours in the evening.,2025-02-17 22:00:00,2025-02-18 00:00:00,2025-02-16 14:00:00
15,C013,Large evening-peak households,1.5829388888888891,0.7142857142857143,179.453575,322.4406481283422,176,341,5.070391319444444,4.429415277777778,14.470895173961672,You use 14% more than households like yours in the evening.,2025-02-17 22:00:00,2025-02-18 00:00:00,2025-02-16 14:00:00
15,C015,Large evening-peak households,1.7922204861111108,0.5714285714285714,188.48080000000002,338.6606887700535,176,341,5.857727777777778,4.429415277777778,32.24607336245471,You use 32% more than households like yours in the evening.,2025-02-17 22:00:00,2025-02-18 00:00:00,2025-02-16 14:00:00
15,C016,Large evening-peak households,1.7058902777777776,0.6428571428571429,183.98534999999998,330.5833026737967,176,341,4.516213194444444,4.429415277777778,1.9595795657753712,In the evening you use about the same as households like yours.,2025-02-17 22:00:00,2025-02-18 00:00:00,2025-02-16 14:00:00
15,C021,Large evening-peak households,1.9297274305555556,0.7142857142857143,194.284675,349.0890417112299,176,341,6.077381944444444,4.429415277777778,37.20506123989904,You use 37% more than households like yours in the evening.,2025-02-17 22:00:00,2025-02-18 00:00:00,2025-02-16 14:00:00
15,C022,Large evening-peak households,1.737301736111111,0.7857142857142857,191.84745,344.70985668449197,176,341,5.451378819444444,4.429415277777778,23.07219977304502,You use 23% more than households like yours in the evening.,2025-02-17 22:00:00,2025-02-18 00:00:00,2025-02-16 14:00:00
15,C023,Large evening-peak households,1.8642343750000003,0.5,168.876775,303.43634438502676,176,341,4.359507291666667,4.429415277777778,-1.5782666949707203,In the evening you use about the same as households like yours.,2025-02-17 22:00:00,2025-02-18 00:00:00,2025-02-16 14:00:00
15,C027,Large evening-peak households,1.5877743055555558,0.7142857142857143,159.04726666666667,285.7747679144385,176,218,4.242348263888889,4.429415277777778,-4.2232891286440815,In the evening you use about the same as households like yours.,2025-02-17 22:00:00,2025-02-18 00:00:00,2025-02-16 14:00:00
15,C029,Large evening-peak households,1.7349704861111113,0.6428571428571429,170.59834166666667,306.52964064171124,176,341,4.326465277777778,4.429415277777778,-2.324234544376469,In the evening you use about the same as households like yours.,2025-02-17 22:00:00,2025-02-18 00:00:00,2025-02-16 14:00:00
15,C031,Large evening-peak households,1.7963840277777774,0.5,194.41758333333334,349.3278502673797,176,341,5.237985416666667,4.429415277777778,18.254557050576324,You use 18% more than households like yours in the evening.,2025-02-17 22:00:00,2025-02-18 00:00:00,2025-02-16 14:00:00
15,C033,Large evening-peak households,1.7530305555555552,0.7142857142857143,192.25879166666667,345.44895187165775,176,341,4.758054861111111,4.429415277777778,7.419480060542205,You use 7% more than households like yours in the evening.,2025-02-17 22:00:00,2025-02-18 00:00:00,2025-02-16 14:00:00
15,C034,Large evening-peak households,1.4974486111111112,0.5714285714285714,161.82926666666668,290.77344171122996,176,218,4.1943777777777775,4.429415277777778,-5.306287292121281,You use 5% less than households like yours in the evening.,2025-02-17 22:00:00,2025-02-18 00:00:00,2025-02-16 14:00:00
15,C035,Large evening-peak households,1.6704392361111111,0.8571428571428571,173.51523333333333,311.770686631016,176,341,4.304995833333333,4.429415277777778,-2.8089360929568596,In the evening you use about the same as households like yours.,2025-02-17 22:00:00,2025-02-18 00:00:00,2025-02-16 14:00:00
15,C042,Large evening-peak households,1.8000548611111107,0.6428571428571429,171.04110833333334,307.3252,176,341,4.360567013888889,4.429415277777778,-1.5543420422623022,In the evening you use about the same as households like yours.,2025-02-17 22:00:00,2025-02-18 00:00:00,2025-02-16 14:00:00
15,C005,"Daytime-occupied, high base load",1.9074131944444446,0.5,222.201575,399.2498887700535,218,341,5.197222916666667,5.129125694444444,1.3276575049814276,In the evening you use about the same as households like yours.,2025-02-17 22:00:00,2025-02-18 00:00:00,2025-02-16 14:00:00
15,C019,"Daytime-occupied, high base load",1.6695430694444449,0.7857142857142857,175.95932499999998,316.16220962566837,176,341,4.278079916116611,5.129125694444444,-16.592414166212265,You use 17% less than households like yours in the evening.,2025-02-17 22:00:00,2025-02-18 00:00:00,2025-02-16 14:00:00
15,C024,"Daytime-occupied, high base load",1.9920364583333339,0.5,201.27989166666666,361.6579871657754,218,341,5.316563888888889,5.129125694444444,3.6543887908121686,In the evening you use about the same as households like yours.,2025-02-17 22:00:00,2025-02-18 00:00:00,2025-02-16 14:00:00
15,C037,"Daytime-occupied, high base load",2.4835815972222224,0.7857142857142857,229.532125,412.4213582887701,218,341,6.481205902777778,5.129125694444444,26.360832018560675,You use 26% more than households like yours in the evening.,2025-02-17 22:00:00,2025-02-18 00:00:00,2025-02-16 14:00:00
15,C041,"Daytime-occupied, high base load",1.7211513888888887,0.5714285714285714,169.51435833333332,304.58194866310157,176,341,4.465054861111111,5.129125694444444,-12.947057118382077,You use 13% less than households like yours in the evening.,2025-02-17 22:00:00,2025-02-18 00:00:00,2025-02-16 14:00:00
15,C044,"Daytime-occupied, high base load",1.6004909722222223,0.7857142857142857,170.39541666666668,306.16502673796793,176,341,4.817941666666667,5.129125694444444,-6.066999452067101,You use 6% less than households like yours in the evening.,2025-02-17 22:00:00,2025-02-18 00:00:00,2025-02-16 14:00:00
15,C047,"Daytime-occupied, high base load",1.813177083333333,0.7142857142857143,189.58369166666668,340.6423550802139,176,341,5.129125694444444,5.129125694444444,0.0,In the evening you use about the same as households like yours.,2025-02-17 22:00:00,2025-02-18 00:00:00,2025-02-16 14:00:00
15,C001,Medium AC users,1.3508795138888887,0.6428571428571429,125.2339,225.0192,176,218,3.3603861111111115,2.8393864583333333,18.349022242065473,You use 18% more than households like yours in the evening.,2025-02-17 22:00:00,2025-02-18 00:00:00,2025-02-16 14:00:00
15,C004,Medium AC users,1.6382874999999997,0.5,169.46562500000002,304.494385026738,176,341,3.5035749999999997,2.8393864583333333,23.391973984990155,You use 23% more than households like yours in the evening.,2025-02-17 22:00:00,2025-02-18 00:00:00,2025-02-16 14:00:00
15,C008,Medium AC users,1.4595986111111114,0.7142857142857143,127.08881666666667,228.3520983957219,176,218,3.0125152777777777,2.8393864583333333,6.097402448910305,You use 6% more than households like yours in the evening.,2025-02-17 22:00:00,2025-02-18 00:00:00,2025-02-16 14:00:00
15,C012,Medium AC users,0.892721875,0.5,123.48461666666665,221.87610267379677,176,218,2.373190625,2.8393864583333333,-16.41889331285258,You use 16% less than households like yours in the evening.,2025-02-17 22:00:00,2025-02-18 00:00:00,2025-02-16 14:00:00
15,C014,Medium AC users,1.6760739583333333,0.6428571428571429,148.28175,266.43137967914436,176,218,2.8377190972222226,2.8393864583333333,-0.058722584458947846,In the evening you use about the same as households like yours.,2025-02-17 22:00:00,2025-02-18 00:00:00,2025-02-16 14:00:00
15,C017,Medium AC users,1.6753413194444444,0.7142857142857143,128.10240000000002,230.1732962566845,176,218,3.213560763888889,2.8393864583333333,13.177998523497525,You use 13% more than households like yours in the evening.,2025-02-17 22:00:00,2025-02-18 00:00:00,2025-02-16 14:00:00
15,C020,Medium AC users,1.2386760124167502,0.5,117.59843633803904,211.2998642223589,176,218,2.719947221579367,2.8393864583333333,-4.2065156859300785,In the evening you use about the same as households like yours.,2025-02-17 22:00:00,2025-02-18 00:00:00,2025-02-16 14:00:00
15,C025,Medium AC users,0.6135055555555556,0.6428571428571429,92.36334166666667,165.95766203208555,96,176,2.188391319444445,2.8393864583333333,-22.92731716664629,You use 23% less than households like yours in the evening.,2025-02-17 22:00:00,2025-02-18 00:00:00,2025-02-16 14:00:00
15,C028,Medium AC users,1.3941246527777775,0.5714285714285714,123.77373333333333,222.39558502673793,176,218,3.2306322916666663,2.8393864583333333,13.779238545885963,You use 14% more than households like yours in the evening.,2025-02-17 22:00:00,2025-02-18 00:00:00,2025-02-16 14:00:00
15,C030,Medium AC users,1.3177763888888891,0.6428571428571429,127.25369166666665,228.6483443850267,176,218,2.52415625,2.8393864583333333,-11.1020536640288,You use 11% less than households like yours in the evening.,2025-02-17 22:00:00,2025-02-18 00:00:00,2025-02-16 14:00:00
15,C032,Medium AC users,1.6493246527777778,0.7857142857142857,101.264275,181.95078288770054,176,176,2.795344097222222,2.8393864583333333,-1.5511224610461616,In the evening you use about the same as households like yours.,2025-02-17 22:00:00,2025-02-18 00:00:00,2025-02-16 14:00:00
15,C036,Medium AC users,1.3757045138888893,0.2857142857142857,97.04301666666666,174.36606203208555,96,176,2.8393864583333333,2.8393864583333333,0.0,In the evening you use about the same as households like yours.,2025-02-17 22:00:00,2025-02-18 00:00:00,2025-02-16 14:00:00
15,C038,Medium AC users,0.6422729166666666,0.35714285714285715,88.17951666666667,158.4402010695187,96,176,1.882761111111111,2.8393864583333333,-33.69126961969605,You use 34% less than households like yours in the evening.,2025-02-17 22:00:00,2025-02-18 00:00:00,2025-02-16 14:00:00
15,C039,Medium AC users,1.3440475694444445,0.7142857142857143,109.19693333333333,196.20411550802137,176,176,2.8833236111111114,2.8393864583333333,1.5474171417852123,In the evening you use about the same as households like yours.,2025-02-17 22:00:00,2025-02-18 00:00:00,2025-02-16 14:00:00
15,C040,Medium AC users,1.5593156249999998,0.5714285714285714,101.02110833333333,181.51386310160427,176,176,2.2265604166666666,2.8393864583333333,-21.583044459061906,You use 22% less than households like yours in the evening.,2025-02-17 22:00:00,2025-02-18 00:00:00,2025-02-16 14:00:00
15,C048,Medium AC users,1.663647916666667,0.8571428571428571,120.73136666666667,216.92908663101605,176,218,3.183405902777778,2.8393864583333333,12.115978204896338,You use 12% more than households like yours in the evening.,2025-02-17 22:00:00,2025-02-18 00:00:00,2025-02-16 14:00:00
15,C049,Medium AC users,1.0202958333333332,0.7857142857142857,98.64896666666667,177.2516192513369,96,176,2.904795486111111,2.8393864583333333,2.3036324479821513,In the evening you use about the same as households like yours.,2025-02-17 22:00:00,2025-02-18 00:00:00,2025-02-16 14:00:00
15,C003,Low consumers without AC,1.4474986111111112,0.7142857142857143,161.93301666666667,290.95985882352943,176,218,4.211018055555556,3.188037326388889,32.08810388444869,You use 32% more than households like yours in the evening.,2025-02-17 22:00:00,2025-02-18 00:00:00,2025-02-16 14:00:00
15,C006,Low consumers without AC,0.8337447916666666,0.21428571428571427,127.64034166666666,229.34307379679143,176,218,2.756041666666667,3.188037326388889,-13.550520759163954,You use 14% less than households like yours in the evening.,2025-02-17 22:00:00,2025-02-18 00:00:00,2025-02-16 14:00:00
15,C018,Low consumers without AC,0.671322758838384,1.0,123.49225833333333,221.8898331550802,176,218,2.853838699494949,3.188037326388889,-10.48289567150359,You use 10% less than households like yours in the evening.,2025-02-17 22:00:00,2025-02-18 00:00:00,2025-02-16 14:00:00
15,C026,Low consumers without AC,1.7980792004574757,0.7857142857142857,161.8607886826783,290.83008019989256,176,218,3.7540877007953832,3.188037326388889,17.75545002942809,You use 18% more than households like yours in the evening.,2025-02-17 22:00:00,2025-02-18 00:00:00,2025-02-16 14:00:00
15,C043,Low consumers without AC,1.3794611111111112,0.5714285714285714,136.11079166666667,244.56270588235296,176,218,3.1010947916666667,3.188037326388889,-2.7271492087798888,In the evening you use about the same as households like yours.,2025-02-17 22:00:00,2025-02-18 00:00:00,2025-02-16 14:00:00
15,C045,Low consumers without AC,1.7241947916666664,0.9285714285714286,158.93354166666666,285.57042780748657,176,218,3.6887704861111117,3.188037326388889,15.706627885985469,You use 16% more than households like yours in the evening.,2025-02-17 22:00:00,2025-02-18 00:00:00,2025-02-16 14:00:00
15,C046,Low consumers without AC,1.0582798611111113,0.7142857142857143,139.52525,250.6977754010695,176,218,3.0404944444444446,3.188037326388889,-4.6280161378024705,In the evening you use about the same as households like yours.,2025-02-17 22:00:00,2025-02-18 00:00:00,2025-02-16 14:00:00
15,C050,Low consumers without AC,1.09778125,0.5714285714285714,135.86806666666666,244.12657967914438,176,218,3.274979861111111,3.188037326388889,2.7271492087799,In the evening you use about the same as households like yours.,2025-02-17 22:00:00,2025-02-18 00:00:00,2025-02-16 14:00:00
16,C002,Large evening-peak households,2.457084722222222,0.26666666666666666,180.94175560471976,288.1347387828713,176,218,4.940617013888889,4.332761111111111,14.0292964968451,You use 14% more than households like yours in the evening.,2025-02-19 19:00:00,2025-02-19 21:00:00,2025-02-18 14:00:00
16,C007,Large evening-peak households,2.0054239583333335,0.4,178.48670833333335,284.22527962085314,176,218,4.010112152777778,4.332761111111111,-7.446728542358782,You use 7% less than households like yours in the evening.,2025-02-19 19:00:00,2025-02-19 21:00:00,2025-02-18 14:00:00
16,C009,Large evening-peak households,2.2897892361111114,0.4666666666666667,193.39952499999998,307.97270331753555,176,341,4.3051538194444445,4.332761111111111,-0.6371754859936574,In the evening you use about the same as households like yours.,2025-02-19 19:00:00,2025-02-19 21:00:00,2025-02-18 14:00:00
16,C010,Large evening-peak households,2.2759038194444443,0.8,210.69558333333333,335.51524170616113,218,341,4.278820138888889,4.332761111111111,-1.2449560647111002,In the evening you use about the same as households like yours.,2025-02-19 19:00:00,2025-02-19 21:00:00,2025-02-18 14:00:00
16,C011,Large evening-peak households,1.5129718749999996,0.5333333333333333,188.58524999999997,300.3063696682464,176,341,3.3322406249999994,4.332761111111111,-23.091983620914057,You use 23% less than households like yours in the evening.,2025-02-19 19:00:00,2025-02-19 21:00:00,2025-02-18 14:00:00
16,C013,Large evening-peak households,2.4865909722222224,0.7333333333333333,212.63596666666666,338.6051412322275,218,341,5.049270486111111,4.332761111111111,16.53701546486268,You use 17% more than households like yours in the evening.,2025-02-19 19:00:00,2025-02-19 21:00:00,2025-02-18 14:00:00
16,C015,Large evening-peak households,2.8025378472222218,0.5333333333333333,220.26,350.7457819905213,218,341,5.696663888888889,4.332761111111111,31.478836307871426,You use 31% more than households like yours in the evening.,2025-02-19 19:00:00,2025-02-19 21:00:00,2025-02-18 14:00:00
16,C016,Large evening-peak households,2.254888541666667,0.6666666666666666,219.7402416666667,349.9181099526067,218,341,4.363827777777778,4.332761111111111,0.7170177600375416,In the evening you use about the same as households like yours.,2025-02-19 19:00:00,2025-02-19 21:00:00,2025-02-18 14:00:00
16,C021,Large evening-peak households,3.0450204861111114,0.7333333333333333,222.17465833333333,353.7947165876777,218,341,5.938761805555555,4.332761111111111,37.06644915931206,You use 37% more than households like yours in the evening.,2025-02-19 19:00:00,2025-02-19 21:00:00,2025-02-18 14:00:00
16,C022,Large evening-peak households,2.6335739583333333,0.8,217.74740833333334,346.7446881516588,218,341,5.400728819444445,4.332761111111111,24.648663541467663,You use 25% more than households like yours in the evening.,2025-02-19 19:00:00,2025-02-19 21:00:00,2025-02-18 14:00:00
16,C023,Large evening-peak households,2.2471038194444444,0.5333333333333333,201.32622500000002,320.5953156398105,218,341,4.360368402777778,4.332761111111111,0.6371754859936685,In the evening you use about the same as households like yours.,2025-02-19 19:00:00,2025-02-19 21:00:00,2025-02-18 14:00:00
16,C027,Large evening-peak households,1.9911225694444443,0.7333333333333333,178.41675833333335,284.1138900473934,176,218,3.900771180555555,4.332761111111111,-9.970314990312835,You use 10% less than households like yours in the evening.,2025-02-19 19:00:00,2025-02-19 21:00:00,2025-02-18 14:00:00
16,C029,Large evening-peak households,2.190606597222222,0.6666666666666666,194.69894166666666,310.0419165876777,176,341,4.174105208333334,4.332761111111111,-3.661773606001806,In the evening you use about the same as households like yours.,2025-02-19 19:00:00,2025-02-19 21:00:00,2025-02-18 14:00:00
16,C031,Large evening-peak households,2.667988194444444,0.5333333333333333,222.70449166666668,354.63843222748824,218,341,5.134358333333333,4.332761111111111,18.5008404956039,You use 19% more than households like yours in the evening.,2025-02-19 19:00:00,2025-02-19 21:00:00,2025-02-18 14:00:00
16,C033,Large evening-peak households,2.369760763888889,0.7333333333333333,226.6839583333333,360.97540284360184,218,341,4.600740972222222,4.332761111111111,6.184967373896799,You use 6% more than households like yours in the evening.,2025-02-19 19:00:00,2025-02-19 21:00:00,2025-02-18 14:00:00
16,C034,Large evening-peak households,2.0107847222222226,0.5333333333333333,184.15015833333337,293.2438540284361,176,218,4.02395625,4.332761111111111,-7.127207182486906,You use 7% less than households like yours in the evening.,2025-02-19 19:00:00,2025-02-19 21:00:00,2025-02-18 14:00:00
16,C035,Large evening-peak households,1.9351079861111116,0.8,196.30290000000002,312.5960872037915,176,341,4.074222222222222,4.332761111111111,-5.967070010527042,You use 6% less than households like yours in the evening.,2025-02-19 19:00:00,2025-02-19 21:00:00,2025-02-18 14:00:00
16,C042,Large evening-peak households,2.0434829861111115,0.6666666666666666,192.52245833333336,306.576047393365,176,341,4.191728125,4.332761111111111,-3.2550372036307396,In the evening you use about the same as households like yours.,2025-02-19 19:00:00,2025-02-19 21:00:00,2025-02-18 14:00:00
16,C005,"Daytime-occupied, high base load",2.484129166666667,0.5333333333333333,260.71444166666663,415.16612511848336,218,341,4.85229375,4.85229375,0.0,In the evening you use about the same as households like yours.,2025-02-19 19:00:00,2025-02-19 21:00:00,2025-02-18 14:00:00
16,C019,"Daytime-occupied, high base load",1.8926923611111108,0.8,201.079975,320.20318293838864,218,341,4.003466027227723,4.85229375,-17.49332926870467,You use 17% less than households like yours in the evening.,2025-02-19 19:00:00,2025-02-19 21:00:00,2025-02-18 14:00:00
16,C024,"Daytime-occupied, high base load",2.7871527777777785,0.4666666666666667,226.01535,359.9106995260664,218,341,5.071955555555555,4.85229375,4.526968416855537,In the evening you use about the same as households like yours.,2025-02-19 19:00:00,2025-02-19 21:00:00,2025-02-18 14:00:00
16,C037,"Daytime-occupied, high base load",3.1436013888888894,0.7333333333333333,266.0279916666667,423.62751279620863,218,341,6.229460763888888,4.85229375,28.38177333944152,You use 28% more than households like yours in the evening.,2025-02-19 19:00:00,2025-02-19 21:00:00,2025-02-18 14:00:00
16,C041,"Daytime-occupied, high base load",1.9840895833333334,0.6,191.23308333333333,304.5228246445498,176,341,4.0422666666666665,4.85229375,-16.693694262292624,You use 17% less than households like yours in the evening.,2025-02-19 19:00:00,2025-02-19 21:00:00,2025-02-18 14:00:00
16,C044,"Daytime-occupied, high base load",2.214098263888889,0.8,199.87029166666665,318.2768625592417,176,341,4.498297916666667,4.85229375,-7.295432873026975,You use 7% less than households like yours in the evening.,2025-02-19 19:00:00,2025-02-19 21:00:00,2025-02-18 14:00:00
16,C047,"Daytime-occupied, high base load",2.531888541666667,0.6666666666666666,229.1381583333333,364.8835127962085,218,341,4.966785416666666,4.85229375,2.3595370059091403,In the evening you use about the same as households like yours.,2025-02-19 19:00:00,2025-02-19 21:00:00,2025-02-18 14:00:00
16,C001,Medium AC users,1.7747527777777776,0.6,141.47151666666667,225.28165687203793,176,218,3.0845263888888894,2.769115625,11.3903067478047,You use 11% more than households like yours in the evening.,2025-02-19 19:00:00,2025-02-19 21:00:00,2025-02-18 14:00:00
16,C004,Medium AC users,1.7841847222222222,0.4666666666666667,192.20010000000002,306.06271848341237,176,341,3.2661229166666668,2.769115625,17.948231817393577,You use 18% more than households like yours in the evening.,2025-02-19 19:00:00,2025-02-19 21:00:00,2025-02-18 14:00:00
16,C008,Medium AC users,1.530804166666667,0.7333333333333333,140.12401666666668,223.1358748815166,176,218,2.933416666666666,2.769115625,5.933339878744359,You use 6% more than households like yours in the evening.,2025-02-19 19:00:00,2025-02-19 21:00:00,2025-02-18 14:00:00
16,C012,Medium AC users,1.161753125,0.4666666666666667,140.73599166666668,224.11039431279625,176,218,2.281862152777778,2.769115625,-17.595995913757555,You use 18% less than households like yours in the evening.,2025-02-19 19:00:00,2025-02-19 21:00:00,2025-02-18 14:00:00
16,C014,Medium AC users,1.5026100694444444,0.6666666666666666,180.04340833333333,286.70419526066354,176,218,2.8818708333333336,2.769115625,4.071885164901112,In the evening you use about the same as households like yours.,2025-02-19 19:00:00,2025-02-19 21:00:00,2025-02-18 14:00:00
16,C017,Medium AC users,1.540498958333333,0.7333333333333333,144.168675,229.57665781990525,176,218,2.9788281249999997,2.769115625,7.573266284249147,You use 8% more than households like yours in the evening.,2025-02-19 19:00:00,2025-02-19 21:00:00,2025-02-18 14:00:00
16,C020,Medium AC users,1.3973204857896835,0.4666666666666667,131.39267800470572,209.23194222550296,176,218,2.458650693801589,2.769115625,-11.211699807530096,You use 11% less than households like yours in the evening.,2025-02-19 19:00:00,2025-02-19 21:00:00,2025-02-18 14:00:00
16,C025,Medium AC users,1.2618909722222222,0.6,102.30951666666667,162.9194199052133,176,176,2.1811746527777776,2.769115625,-21.232084601820212,You use 21% less than households like yours in the evening.,2025-02-19 19:00:00,2025-02-19 21:00:00,2025-02-18 14:00:00
16,C028,Medium AC users,1.7047454861111113,0.5333333333333333,150.67490833333335,239.93729478672986,176,218,3.17531875,2.769115625,14.66905611787157,You use 15% more than households like yours in the evening.,2025-02-19 19:00:00,2025-02-19 21:00:00,2025-02-18 14:00:00
16,C030,Medium AC users,1.1538416666666664,0.6,144.55180000000001,230.18675260663508,176,218,2.291060416666667,2.769115625,-17.26382257271518,You use 17% less than households like yours in the evening.,2025-02-19 19:00:00,2025-02-19 21:00:00,2025-02-18 14:00:00
16,C032,Medium AC users,1.5773100694444444,0.8,119.45473333333332,190.22175545023697,176,176,2.8091267361111107,2.769115625,1.4449057579930757,In the evening you use about the same as households like yours.,2025-02-19 19:00:00,2025-02-19 21:00:00,2025-02-18 14:00:00
16,C036,Medium AC users,1.5382531249999998,0.26666666666666666,108.95788333333334,173.50639241706165,176,176,2.769115625,2.769115625,0.0,In the evening you use about the same as households like yours.,2025-02-19 19:00:00,2025-02-19 21:00:00,2025-02-18 14:00:00
16,C038,Medium AC users,1.0322496527777776,0.3333333333333333,97.46241666666666,155.20081516587675,96,176,1.848080902777778,2.769115625,-33.260970177878434,You use 33% less than households like yours in the evening.,2025-02-19 19:00:00,2025-02-19 21:00:00,2025-02-18 14:00:00
16,C039,Medium AC users,1.4311833333333335,0.6666666666666666,132.9212083333333,211.66599999999997,176,218,2.632457638888889,2.769115625,-4.935076920491932,In the evening you use about the same as households like yours.,2025-02-19 19:00:00,2025-02-19 21:00:00,2025-02-18 14:00:00
16,C040,Medium AC users,1.0053472222222222,0.6,130.55455833333332,207.89730616113744,176,218,1.9380666666666666,2.769115625,-30.011349140877186,You use 30% less than households like yours in the evening.,2025-02-19 19:00:00,2025-02-19 21:00:00,2025-02-18 14:00:00
16,C048,Medium AC users,1.636379166666667,0.8,141.91238333333334,225.98370047393368,176,218,2.919486111111111,2.769115625,5.4302711217091515,You use 5% more than households like yours in the evening.,2025-02-19 19:00:00,2025-02-19 21:00:00,2025-02-18 14:00:00
16,C049,Medium AC users,1.5311111111111113,0.8,114.09825000000001,181.692,176,176,2.6823815972222227,2.769115625,-3.1321923503204174,In the evening you use about the same as households like yours.,2025-02-19 19:00:00,2025-02-19 21:00:00,2025-02-18 14:00:00
16,C003,Low consumers without AC,2.245799652777778,0.7333333333333333,184.569075,293.91094407582943,176,218,4.340023958333333,3.1348756944444442,38.44325521501939,You use 38% more than households like yours in the evening.,2025-02-19 19:00:00,2025-02-19 21:00:00,2025-02-18 14:00:00
16,C006,Low consumers without AC,1.4665131944444445,0.26666666666666666,144.65268333333336,230.34740094786736,176,218,2.7914142361111107,3.1348756944444442,-10.956142820655002,You use 11% less than households like yours in the evening.,2025-02-19 19:00:00,2025-02-19 21:00:00,2025-02-18 14:00:00
16,C018,Low consumers without AC,1.4505166666666665,0.9333333333333333,145.789125,232.1570900473934,176,218,2.896700505050505,3.1348756944444442,-7.59759596898939,You use 8% less than households like yours in the evening.,2025-02-19 19:00:00,2025-02-19 21:00:00,2025-02-18 14:00:00
16,C026,Low consumers without AC,1.6873224962310251,0.8,185.84256666666667,295.9388739336493,176,218,3.4710874707579538,3.1348756944444442,10.72488382583514,You use 11% more than households like yours in the evening.,2025-02-19 19:00:00,2025-02-19 21:00:00,2025-02-18 14:00:00
16,C043,Low consumers without AC,1.5723354166666665,0.6,159.98289166666666,254.75948625592417,176,218,2.8787277777777778,3.1348756944444442,-8.170911437432938,You use 8% less than households like yours in the evening.,2025-02-19 19:00:00,2025-02-19 21:00:00,2025-02-18 14:00:00
16,C045,Low consumers without AC,1.8602416666666668,0.9333333333333333,177.75756666666666,283.0641819905213,176,218,3.4633267361111115,3.1348756944444442,10.477322665416722,You use 10% more than households like yours in the evening.,2025-02-19 19:00:00,2025-02-19 21:00:00,2025-02-18 14:00:00
16,C046,Low consumers without AC,1.619337847222222,0.7333333333333333,158.504925,252.4059469194313,176,218,3.022670833333333,3.1348756944444442,-3.5792443480281544,In the evening you use about the same as households like yours.,2025-02-19 19:00:00,2025-02-19 21:00:00,2025-02-18 14:00:00
16,C050,Low consumers without AC,1.5845885416666665,0.6,156.93710833333336,249.90932890995265,176,218,3.2470805555555557,3.1348756944444442,3.5792443480281655,In the evening you use about the same as households like yours.,2025-02-19 19:00:00,2025-02-19 21:00:00,2025-02-18 14:00:00
17,C002,Large evening-peak households,3.234420486111111,0.26666666666666666,190.70871666666667,287.345869058296,176,218,5.089199652777778,4.5306515625,12.328206717569179,You use 12% more than households like yours in the evening.,2025-02-20 20:00:00,2025-02-20 22:00:00,2025-02-19 14:00:00
17,C007,Large evening-peak households,2.704446527777778,0.4,190.22792500000003,286.62144753363236,176,218,4.1773163194444445,4.5306515625,-7.798773270937353,You use 8% less than households like yours in the evening.,2025-02-20 20:00:00,2025-02-20 22:00:00,2025-02-19 14:00:00
17,C009,Large evening-peak households,2.508513888888889,0.4666666666666667,201.74774166666668,303.9786600896862,218,341,4.389055208333334,4.5306515625,-3.1252978123202713,In the evening you use about the same as households like yours.,2025-02-20 20:00:00,2025-02-20 22:00:00,2025-02-19 14:00:00
17,C010,Large evening-peak households,2.5422531250000002,0.8,219.24858333333333,330.3476412556054,218,341,4.421064583333333,4.5306515625,-2.4187907115548968,In the evening you use about the same as households like yours.,2025-02-20 20:00:00,2025-02-20 22:00:00,2025-02-19 14:00:00
17,C011,Large evening-peak households,1.9453631944444443,0.5333333333333333,195.03181666666666,293.85959820627806,176,218,3.403678472222222,4.5306515625,-24.87441540650982,You use 25% less than households like yours in the evening.,2025-02-20 20:00:00,2025-02-20 22:00:00,2025-02-19 14:00:00
17,C013,Large evening-peak households,3.1270850694444445,0.7333333333333333,227.25833333333335,342.4161434977579,218,341,5.271973263888889,4.5306515625,16.362364025624387,You use 16% more than households like yours in the evening.,2025-02-20 20:00:00,2025-02-20 22:00:00,2025-02-19 14:00:00
17,C015,Large evening-peak households,3.763567361111111,0.5333333333333333,240.39273333333333,362.2060914798206,218,341,6.109128819444446,4.5306515625,34.83996143092156,You use 35% more than households like yours in the evening.,2025-02-20 20:00:00,2025-02-20 22:00:00,2025-02-19 14:00:00
17,C016,Large evening-peak households,3.0207427083333336,0.6666666666666666,229.82031666666666,346.27635156950674,218,341,4.494025694444445,4.5306515625,-0.8084017839444124,In the evening you use about the same as households like yours.,2025-02-20 20:00:00,2025-02-20 22:00:00,2025-02-19 14:00:00
17,C021,Large evening-peak households,4.388745138888889,0.7333333333333333,239.96300833333333,361.5586134529148,218,341,6.348987500000001,4.5306515625,40.13409357166826,You use 40% more than households like yours in the evening.,2025-02-20 20:00:00,2025-02-20 22:00:00,2025-02-19 14:00:00
17,C022,Large evening-peak households,3.570739236111111,0.8,232.31574999999998,350.0362869955157,218,341,5.659232291666666,4.5306515625,24.909899019997006,You use 25% more than households like yours in the evening.,2025-02-20 20:00:00,2025-02-20 22:00:00,2025-02-19 14:00:00
17,C023,Large evening-peak households,2.8949635416666664,0.5333333333333333,217.89384166666667,328.3064161434978,218,341,4.600421874999999,4.5306515625,1.539962001878159,In the evening you use about the same as households like yours.,2025-02-20 20:00:00,2025-02-20 22:00:00,2025-02-19 14:00:00
17,C027,Large evening-peak households,2.7956750000000006,0.7333333333333333,194.47065,293.01407354260095,176,218,4.292617708333333,4.5306515625,-5.253854790707424,You use 5% less than households like yours in the evening.,2025-02-20 20:00:00,2025-02-20 22:00:00,2025-02-19 14:00:00
17,C029,Large evening-peak households,2.9535222222222224,0.6666666666666666,217.32349166666665,327.4470547085202,218,341,4.5672774305555555,4.5306515625,0.8084017839444124,In the evening you use about the same as households like yours.,2025-02-20 20:00:00,2025-02-20 22:00:00,2025-02-19 14:00:00
17,C031,Large evening-peak households,3.6566510416666667,0.5333333333333333,240.40292499999998,362.2214475336323,218,341,5.479917361111112,4.5306515625,20.952081295947412,You use 21% more than households like yours in the evening.,2025-02-20 20:00:00,2025-02-20 22:00:00,2025-02-19 14:00:00
17,C033,Large evening-peak households,2.8688267361111115,0.7333333333333333,238.07432500000002,358.7128843049328,218,341,4.719763194444444,4.5306515625,4.174049346670405,In the evening you use about the same as households like yours.,2025-02-20 20:00:00,2025-02-20 22:00:00,2025-02-19 14:00:00
17,C034,Large evening-peak households,3.0642496527777774,0.5333333333333333,193.71668333333332,291.8780520179372,176,218,4.204292361111111,4.5306515625,-7.203361302161248,You use 7% less than households like yours in the evening.,2025-02-20 20:00:00,2025-02-20 22:00:00,2025-02-19 14:00:00
17,C035,Large evening-peak households,2.9219805555555554,0.8,213.77904166666667,322.106538116592,218,341,4.342427083333333,4.5306515625,-4.1544682165495335,In the evening you use about the same as households like yours.,2025-02-20 20:00:00,2025-02-20 22:00:00,2025-02-19 14:00:00
17,C042,Large evening-peak households,3.017842361111111,0.6666666666666666,206.2636083333333,310.78283587443946,218,341,4.457495486111111,4.5306515625,-1.6146921779286338,In the evening you use about the same as households like yours.,2025-02-20 20:00:00,2025-02-20 22:00:00,2025-02-19 14:00:00
17,C005,"Daytime-occupied, high base load",3.0252899305555556,0.5333333333333333,270.96354166666663,408.2679372197309,218,341,4.939846527777777,4.939846527777777,0.0,In the evening you use about the same as households like yours.,2025-02-20 20:00:00,2025-02-20 22:00:00,2025-02-19 14:00:00
17,C019,"Daytime-occupied, high base load",2.480448611111111,0.8,213.71656666666667,322.01240538116593,218,341,4.075987555005501,4.939846527777777,-17.487567030971896,You use 17% less than households like yours in the evening.,2025-02-20 20:00:00,2025-02-20 22:00:00,2025-02-19 14:00:00
17,C024,"Daytime-occupied, high base load",3.4197753472222225,0.4666666666666667,247.97031666666666,373.6234367713005,218,341,5.353386111111111,4.939846527777777,8.371506705884801,You use 8% more than households like yours in the evening.,2025-02-20 20:00:00,2025-02-20 22:00:00,2025-02-19 14:00:00
17,C037,"Daytime-occupied, high base load",4.026530208333334,0.7333333333333333,286.4229583333333,431.5610493273542,218,341,6.639321875,4.939846527777777,34.4034037832091,You use 34% more than households like yours in the evening.,2025-02-20 20:00:00,2025-02-20 22:00:00,2025-02-19 14:00:00
17,C041,"Daytime-occupied, high base load",2.6072531249999997,0.6,200.80450833333333,302.55746547085204,218,341,4.141541666666667,4.939846527777777,-16.16051949432188,You use 16% less than households like yours in the evening.,2025-02-20 20:00:00,2025-02-20 22:00:00,2025-02-19 14:00:00
17,C044,"Daytime-occupied, high base load",2.9499826388888892,0.8,208.195225,313.6932538116592,218,341,4.616864583333333,4.939846527777777,-6.538299168369899,You use 7% less than households like yours in the evening.,2025-02-20 20:00:00,2025-02-20 22:00:00,2025-02-19 14:00:00
17,C047,"Daytime-occupied, high base load",3.3730840277777783,0.6666666666666666,242.55524166666666,365.4644,218,341,5.163152083333333,4.939846527777777,4.5204958149987595,In the evening you use about the same as households like yours.,2025-02-20 20:00:00,2025-02-20 22:00:00,2025-02-19 14:00:00
17,C001,Medium AC users,1.7436767361111112,0.6,149.25905833333331,224.89257219730942,176,218,3.1452340277777773,3.0128760416666664,4.393077719782079,In the evening you use about the same as households like yours.,2025-02-20 20:00:00,2025-02-20 22:00:00,2025-02-19 14:00:00
17,C004,Medium AC users,1.9655006944444444,0.4666666666666667,203.43351666666666,306.51866188340813,218,341,3.3897930555555553,3.0128760416666664,12.510206482985131,You use 13% more than households like yours in the evening.,2025-02-20 20:00:00,2025-02-20 22:00:00,2025-02-19 14:00:00
17,C008,Medium AC users,1.827701736111111,0.7333333333333333,152.09773333333334,229.16967892376687,176,218,3.0589517361111107,3.0128760416666664,1.5292927358191655,In the evening you use about the same as households like yours.,2025-02-20 20:00:00,2025-02-20 22:00:00,2025-02-19 14:00:00
17,C012,Medium AC users,1.2588892361111113,0.4666666666666667,149.50198333333333,225.25859372197309,176,218,2.351468402777778,3.0128760416666664,-21.95270000298486,You use 22% less than households like yours in the evening.,2025-02-20 20:00:00,2025-02-20 22:00:00,2025-02-19 14:00:00
17,C014,Medium AC users,1.688701736111111,0.6666666666666666,193.88460000000003,292.13105650224225,176,218,3.0321777777777776,3.0128760416666664,0.6406415612251193,In the evening you use about the same as households like yours.,2025-02-20 20:00:00,2025-02-20 22:00:00,2025-02-19 14:00:00
17,C017,Medium AC users,1.7148770833333333,0.7333333333333333,151.80655833333333,228.73095784753366,176,218,3.049681597222222,3.0128760416666664,1.2216086903859225,In the evening you use about the same as households like yours.,2025-02-20 20:00:00,2025-02-20 22:00:00,2025-02-19 14:00:00
17,C020,Medium AC users,1.314736448369076,0.4666666666666667,136.6722530047057,205.92769959453418,176,218,2.546383332690478,3.0128760416666664,-15.48330241685395,You use 15% less than households like yours in the evening.,2025-02-20 20:00:00,2025-02-20 22:00:00,2025-02-19 14:00:00
17,C025,Medium AC users,0.99099375,0.6,107.22801666666666,161.56328968609864,176,176,2.2808086805555554,3.0128760416666664,-24.297958196320124,You use 24% less than households like yours in the evening.,2025-02-20 20:00:00,2025-02-20 22:00:00,2025-02-19 14:00:00
17,C028,Medium AC users,1.8373229166666665,0.5333333333333333,157.2233,236.8925058295964,176,218,3.249751388888889,3.0128760416666664,7.862100662169547,You use 8% more than households like yours in the evening.,2025-02-20 20:00:00,2025-02-20 22:00:00,2025-02-19 14:00:00
17,C030,Medium AC users,1.298151736111111,0.6,156.21233333333333,235.36925560538117,176,218,2.417459722222222,3.0128760416666664,-19.76239019495376,You use 20% less than households like yours in the evening.,2025-02-20 20:00:00,2025-02-20 22:00:00,2025-02-19 14:00:00
17,C032,Medium AC users,1.79259375,0.8,133.21926666666667,200.7249937219731,176,218,3.091127430555556,3.0128760416666664,2.597232272642791,In the evening you use about the same as households like yours.,2025-02-20 20:00:00,2025-02-20 22:00:00,2025-02-19 14:00:00
17,C036,Medium AC users,1.7440822916666665,0.26666666666666666,121.22991666666667,182.66032286995517,176,176,3.0128760416666664,3.0128760416666664,0.0,In the evening you use about the same as households like yours.,2025-02-20 20:00:00,2025-02-20 22:00:00,2025-02-19 14:00:00
17,C038,Medium AC users,0.9733454861111112,0.3333333333333333,102.16823333333333,153.9395802690583,176,176,1.9071975694444445,3.0128760416666664,-36.69843886476595,You use 37% less than households like yours in the evening.,2025-02-20 20:00:00,2025-02-20 22:00:00,2025-02-19 14:00:00
17,C039,Medium AC users,1.7503923611111112,0.6666666666666666,146.08640833333334,220.11225650224216,176,218,2.9126847222222225,3.0128760416666664,-3.3254378228259274,In the evening you use about the same as households like yours.,2025-02-20 20:00:00,2025-02-20 22:00:00,2025-02-19 14:00:00
17,C040,Medium AC users,1.2286690972222223,0.6,141.55155000000002,213.27946547085207,176,218,2.1309569444444447,3.0128760416666664,-29.27166883156469,You use 29% less than households like yours in the evening.,2025-02-20 20:00:00,2025-02-20 22:00:00,2025-02-19 14:00:00
17,C048,Medium AC users,1.8601701388888887,0.8,154.08928333333333,232.1704,176,218,3.197685416666667,3.0128760416666664,6.133985349684923,You use 6% more than households like yours in the evening.,2025-02-20 20:00:00,2025-02-20 22:00:00,2025-02-19 14:00:00
17,C049,Medium AC users,1.49501875,0.8,127.9339,192.76139192825113,176,176,2.965121875,3.0128760416666664,-1.585002701944882,In the evening you use about the same as households like yours.,2025-02-20 20:00:00,2025-02-20 22:00:00,2025-02-19 14:00:00
17,C003,Low consumers without AC,2.7108343749999997,0.7333333333333333,196.28214166666666,295.74349596412554,176,218,4.508482638888889,3.262151736111111,38.20579186986437,You use 38% more than households like yours in the evening.,2025-02-20 20:00:00,2025-02-20 22:00:00,2025-02-19 14:00:00
17,C006,Low consumers without AC,1.918538541666667,0.26666666666666666,153.70431666666667,231.59036053811664,176,218,2.961904513888889,3.262151736111111,-9.203962491951835,You use 9% less than households like yours in the evening.,2025-02-20 20:00:00,2025-02-20 22:00:00,2025-02-19 14:00:00
17,C018,Low consumers without AC,1.9009321022727272,0.9333333333333333,153.5944583333333,231.42483408071746,176,218,3.0050130050505053,3.262151736111111,-7.882488365398565,You use 8% less than households like yours in the evening.,2025-02-20 20:00:00,2025-02-20 22:00:00,2025-02-19 14:00:00
17,C026,Low consumers without AC,2.275763967084286,0.8,201.7205833333333,303.9377399103139,218,341,3.6589638596468426,3.262151736111111,12.164122200176397,You use 12% more than households like yours in the evening.,2025-02-20 20:00:00,2025-02-20 22:00:00,2025-02-19 14:00:00
17,C043,Low consumers without AC,1.5319208333333334,0.6,172.75049166666668,260.28773632287,176,218,3.164682638888889,3.262151736111111,-2.9878774841545996,In the evening you use about the same as households like yours.,2025-02-20 20:00:00,2025-02-20 22:00:00,2025-02-19 14:00:00
17,C045,Low consumers without AC,2.3297041666666667,0.9333333333333333,193.96157499999998,292.24703677130043,176,218,3.758136458333333,3.262151736111111,15.204219862975998,You use 15% more than households like yours in the evening.,2025-02-20 20:00:00,2025-02-20 22:00:00,2025-02-19 14:00:00
17,C046,Low consumers without AC,1.9518531250000002,0.7333333333333333,165.202025,248.91426188340807,176,218,3.1566673611111113,3.262151736111111,-3.2335827249332705,In the evening you use about the same as households like yours.,2025-02-20 20:00:00,2025-02-20 22:00:00,2025-02-19 14:00:00
17,C050,Low consumers without AC,2.0280711805555556,0.6,163.186175,245.8769273542601,176,218,3.359620833333333,3.262151736111111,2.9878774841545885,In the evening you use about the same as households like yours.,2025-02-20 20:00:00,2025-02-20 22:00:00,2025-02-19 14:00:00
18,C002,Large evening-peak households,2.7942461805555556,0.3125,213.48390833333332,305.23656680851064,218,341,5.089199652777778,4.5306515625,12.328206717569179,You use 12% more than households like yours in the evening.,2025-02-21 21:00:00,2025-02-21 23:00:00,2025-02-20 14:00:00
18,C007,Large evening-peak households,2.661692013888889,0.4375,205.19621666666666,293.3869310638298,218,218,4.1773163194444445,4.5306515625,-7.798773270937353,You use 8% less than households like yours in the evening.,2025-02-21 21:00:00,2025-02-21 23:00:00,2025-02-20 14:00:00
18,C009,Large evening-peak households,2.2344482638888894,0.5,214.524725,306.72471319148934,218,341,4.389055208333334,4.5306515625,-3.1252978123202713,In the evening you use about the same as households like yours.,2025-02-21 21:00:00,2025-02-21 23:00:00,2025-02-20 14:00:00
18,C010,Large evening-peak households,2.3796135416666666,0.8125,228.336475,326.4725770212766,218,341,4.421064583333333,4.5306515625,-2.4187907115548968,In the evening you use about the same as households like yours.,2025-02-21 21:00:00,2025-02-21 23:00:00,2025-02-20 14:00:00
18,C011,Large evening-peak households,2.1914041666666666,0.5625,200.596075,286.8097072340426,218,218,3.403678472222222,4.5306515625,-24.87441540650982,You use 25% less than households like yours in the evening.,2025-02-21 21:00:00,2025-02-21 23:00:00,2025-02-20 14:00:00
18,C013,Large evening-peak households,2.8965750000000003,0.75,245.58575833333333,351.13538212765957,218,341,5.271973263888889,4.5306515625,16.362364025624387,You use 16% more than households like yours in the evening.,2025-02-21 21:00:00,2025-02-21 23:00:00,2025-02-20 14:00:00
18,C015,Large evening-peak households,3.3541024305555553,0.5625,260.5190583333333,372.4868238297872,218,341,6.109128819444446,4.5306515625,34.83996143092156,You use 35% more than households like yours in the evening.,2025-02-21 21:00:00,2025-02-21 23:00:00,2025-02-20 14:00:00
18,C016,Large evening-peak households,2.714218402777778,0.6875,242.4918,346.71168000000006,218,341,4.494025694444445,4.5306515625,-0.8084017839444124,In the evening you use about the same as households like yours.,2025-02-21 21:00:00,2025-02-21 23:00:00,2025-02-20 14:00:00
18,C021,Large evening-peak households,3.7547586805555553,0.6875,254.53420833333334,363.9297617021277,218,341,6.348987500000001,4.5306515625,40.13409357166826,You use 40% more than households like yours in the evening.,2025-02-21 21:00:00,2025-02-21 23:00:00,2025-02-20 14:00:00
18,C022,Large evening-peak households,3.2648375,0.8125,258.09038333333336,369.014335319149,218,341,5.659232291666666,4.5306515625,24.909899019997006,You use 25% more than households like yours in the evening.,2025-02-21 21:00:00,2025-02-21 23:00:00,2025-02-20 14:00:00
18,C023,Large evening-peak households,2.798040625,0.5625,233.600025,333.9983336170213,218,341,4.600421874999999,4.5306515625,1.539962001878159,In the evening you use about the same as households like yours.,2025-02-21 21:00:00,2025-02-21 23:00:00,2025-02-20 14:00:00
18,C027,Large evening-peak households,2.5212204861111114,0.6875,212.62088333333332,304.00262468085106,218,341,4.292617708333333,4.5306515625,-5.253854790707424,You use 5% less than households like yours in the evening.,2025-02-21 21:00:00,2025-02-21 23:00:00,2025-02-20 14:00:00
18,C029,Large evening-peak households,2.8019125000000003,0.6875,234.57086666666666,335.3864306382979,218,341,4.5672774305555555,4.5306515625,0.8084017839444124,In the evening you use about the same as households like yours.,2025-02-21 21:00:00,2025-02-21 23:00:00,2025-02-20 14:00:00
18,C031,Large evening-peak households,3.0178718749999995,0.5,257.4558333333333,368.1070638297872,218,341,5.479917361111112,4.5306515625,20.952081295947412,You use 21% more than households like yours in the evening.,2025-02-21 21:00:00,2025-02-21 23:00:00,2025-02-20 14:00:00
18,C033,Large evening-peak households,2.5737309027777777,0.75,250.08503333333334,357.56838808510645,218,341,4.719763194444444,4.5306515625,4.174049346670405,In the evening you use about the same as households like yours.,2025-02-21 21:00:00,2025-02-21 23:00:00,2025-02-20 14:00:00
18,C034,Large evening-peak households,2.5354604166666665,0.5625,204.25960833333332,292.0477804255319,218,218,4.204292361111111,4.5306515625,-7.203361302161248,You use 7% less than households like yours in the evening.,2025-02-21 21:00:00,2025-02-21 23:00:00,2025-02-20 14:00:00
18,C035,Large evening-peak households,2.7665006944444444,0.75,236.15085,337.64547063829787,218,341,4.342427083333333,4.5306515625,-4.1544682165495335,In the evening you use about the same as households like yours.,2025-02-21 21:00:00,2025-02-21 23:00:00,2025-02-20 14:00:00
18,C042,Large evening-peak households,3.033159027777778,0.625,216.06574166666667,308.9280391489362,218,341,4.457495486111111,4.5306515625,-1.6146921779286338,In the evening you use about the same as households like yours.,2025-02-21 21:00:00,2025-02-21 23:00:00,2025-02-20 14:00:00
18,C005,"Daytime-occupied, high base load",2.71734375,0.5625,287.645925,411.2724714893617,218,341,4.939846527777777,4.939846527777777,0.0,In the evening you use about the same as households like yours.,2025-02-21 21:00:00,2025-02-21 23:00:00,2025-02-20 14:00:00
18,C019,"Daytime-occupied, high base load",2.5001849444444444,0.75,227.373475,325.0956919148937,218,341,4.075987555005501,4.939846527777777,-17.487567030971896,You use 17% less than households like yours in the evening.,2025-02-21 21:00:00,2025-02-21 23:00:00,2025-02-20 14:00:00
18,C024,"Daytime-occupied, high base load",2.957636111111111,0.5,269.19350833333334,384.88944170212767,218,341,5.353386111111111,4.939846527777777,8.371506705884801,You use 8% more than households like yours in the evening.,2025-02-21 21:00:00,2025-02-21 23:00:00,2025-02-20 14:00:00
18,C037,"Daytime-occupied, high base load",3.8723871527777773,0.75,305.86381666666665,437.32018042553193,341,341,6.639321875,4.939846527777777,34.4034037832091,You use 34% more than households like yours in the evening.,2025-02-21 21:00:00,2025-02-21 23:00:00,2025-02-20 14:00:00
18,C041,"Daytime-occupied, high base load",2.2973739583333335,0.625,219.06004166666668,313.2092510638298,218,341,4.141541666666667,4.939846527777777,-16.16051949432188,You use 16% less than households like yours in the evening.,2025-02-21 21:00:00,2025-02-21 23:00:00,2025-02-20 14:00:00
18,C044,"Daytime-occupied, high base load",2.635537152777778,0.8125,232.392725,332.2721514893617,218,341,4.616864583333333,4.939846527777777,-6.538299168369899,You use 7% less than households like yours in the evening.,2025-02-21 21:00:00,2025-02-21 23:00:00,2025-02-20 14:00:00
18,C047,"Daytime-occupied, high base load",3.241434930555556,0.6875,254.79689166666668,364.30534297872344,218,341,5.163152083333333,4.939846527777777,4.5204958149987595,In the evening you use about the same as households like yours.,2025-02-21 21:00:00,2025-02-21 23:00:00,2025-02-20 14:00:00
18,C001,Medium AC users,1.6513704861111111,0.625,168.705625,241.21314893617023,176,218,3.1452340277777773,3.0128760416666664,4.393077719782079,In the evening you use about the same as households like yours.,2025-02-21 21:00:00,2025-02-21 23:00:00,2025-02-20 14:00:00
18,C004,Medium AC users,1.9666569444444442,0.4375,222.87021666666664,318.6569906382979,218,341,3.3897930555555553,3.0128760416666664,12.510206482985131,You use 13% more than households like yours in the evening.,2025-02-21 21:00:00,2025-02-21 23:00:00,2025-02-20 14:00:00
18,C008,Medium AC users,1.8031756944444446,0.75,167.67003333333332,239.73247319148933,176,218,3.0589517361111107,3.0128760416666664,1.5292927358191655,In the evening you use about the same as households like yours.,2025-02-21 21:00:00,2025-02-21 23:00:00,2025-02-20 14:00:00
18,C012,Medium AC users,1.187746875,0.5,157.1120916666667,224.63686297872343,176,218,2.351468402777778,3.0128760416666664,-21.95270000298486,You use 22% less than households like yours in the evening.,2025-02-21 21:00:00,2025-02-21 23:00:00,2025-02-20 14:00:00
18,C014,Medium AC users,1.924067361111111,0.625,211.3951833333333,302.2501344680851,218,341,3.0321777777777776,3.0128760416666664,0.6406415612251193,In the evening you use about the same as households like yours.,2025-02-21 21:00:00,2025-02-21 23:00:00,2025-02-20 14:00:00
18,C017,Medium AC users,1.9660944444444446,0.75,166.955325,238.71059234042553,176,218,3.049681597222222,3.0128760416666664,1.2216086903859225,In the evening you use about the same as households like yours.,2025-02-21 21:00:00,2025-02-21 23:00:00,2025-02-20 14:00:00
18,C020,Medium AC users,1.3211711609484686,0.4375,149.51089467137234,213.76876855140898,176,218,2.546383332690478,3.0128760416666664,-15.48330241685395,You use 15% less than households like yours in the evening.,2025-02-21 21:00:00,2025-02-21 23:00:00,2025-02-20 14:00:00
18,C025,Medium AC users,0.8699055555555555,0.625,114.79051666666666,164.12601531914893,176,176,2.2808086805555554,3.0128760416666664,-24.297958196320124,You use 24% less than households like yours in the evening.,2025-02-21 21:00:00,2025-02-21 23:00:00,2025-02-20 14:00:00
18,C028,Medium AC users,1.765317361111111,0.5625,169.11691666666667,241.80120851063833,176,218,3.249751388888889,3.0128760416666664,7.862100662169547,You use 8% more than households like yours in the evening.,2025-02-21 21:00:00,2025-02-21 23:00:00,2025-02-20 14:00:00
18,C030,Medium AC users,1.5880697916666666,0.625,169.058425,241.71757787234043,176,218,2.417459722222222,3.0128760416666664,-19.76239019495376,You use 20% less than households like yours in the evening.,2025-02-21 21:00:00,2025-02-21 23:00:00,2025-02-20 14:00:00
18,C032,Medium AC users,1.889723611111111,0.8125,147.28700833333332,210.58908425531914,176,218,3.091127430555556,3.0128760416666664,2.597232272642791,In the evening you use about the same as households like yours.,2025-02-21 21:00:00,2025-02-21 23:00:00,2025-02-20 14:00:00
18,C036,Medium AC users,1.7211201388888888,0.25,135.1371,193.21730042553193,176,176,3.0128760416666664,3.0128760416666664,0.0,In the evening you use about the same as households like yours.,2025-02-21 21:00:00,2025-02-21 23:00:00,2025-02-20 14:00:00
18,C038,Medium AC users,0.8894614583333332,0.375,107.06149166666667,153.0751540425532,176,176,1.9071975694444445,3.0128760416666664,-36.69843886476595,You use 37% less than households like yours in the evening.,2025-02-21 21:00:00,2025-02-21 23:00:00,2025-02-20 14:00:00
18,C039,Medium AC users,1.7133447916666664,0.6875,159.41644166666666,227.93159319148936,176,218,2.9126847222222225,3.0128760416666664,-3.3254378228259274,In the evening you use about the same as households like yours.,2025-02-21 21:00:00,2025-02-21 23:00:00,2025-02-20 14:00:00
18,C040,Medium AC users,1.5029979166666667,0.625,155.660675,222.5616459574468,176,218,2.1309569444444447,3.0128760416666664,-29.27166883156469,You use 29% less than households like yours in the evening.,2025-02-21 21:00:00,2025-02-21 23:00:00,2025-02-20 14:00:00
18,C048,Medium AC users,1.8795333333333335,0.8125,164.31560000000002,234.93634723404261,176,218,3.197685416666667,3.0128760416666664,6.133985349684923,You use 6% more than households like yours in the evening.,2025-02-21 21:00:00,2025-02-21 23:00:00,2025-02-20 14:00:00
18,C049,Medium AC users,1.3391659722222222,0.75,138.90890000000002,198.61017191489364,176,176,2.965121875,3.0128760416666664,-1.585002701944882,In the evening you use about the same as households like yours.,2025-02-21 21:00:00,2025-02-21 23:00:00,2025-02-20 14:00:00
18,C003,Low consumers without AC,2.508183333333333,0.6875,213.41887499999999,305.14358297872343,218,341,4.508482638888889,3.262151736111111,38.20579186986437,You use 38% more than households like yours in the evening.,2025-02-21 21:00:00,2025-02-21 23:00:00,2025-02-20 14:00:00
18,C006,Low consumers without AC,1.474374652777778,0.25,162.47526666666664,232.30506212765954,176,218,2.961904513888889,3.262151736111111,-9.203962491951835,You use 9% less than households like yours in the evening.,2025-02-21 21:00:00,2025-02-21 23:00:00,2025-02-20 14:00:00
18,C018,Low consumers without AC,1.5464537247474748,0.9375,165.80635,237.0678025531915,176,218,3.0050130050505053,3.262151736111111,-7.882488365398565,You use 8% less than households like yours in the evening.,2025-02-21 21:00:00,2025-02-21 23:00:00,2025-02-20 14:00:00
18,C026,Low consumers without AC,2.323426271270881,0.8125,218.9820666666667,313.0977634042554,218,341,3.6589638596468426,3.262151736111111,12.164122200176397,You use 12% more than households like yours in the evening.,2025-02-21 21:00:00,2025-02-21 23:00:00,2025-02-20 14:00:00
18,C043,Low consumers without AC,1.6027854166666664,0.625,179.70795833333335,256.94414468085114,176,218,3.164682638888889,3.262151736111111,-2.9878774841545996,In the evening you use about the same as households like yours.,2025-02-21 21:00:00,2025-02-21 23:00:00,2025-02-20 14:00:00
18,C045,Low consumers without AC,2.271685763888889,0.9375,210.94359166666666,301.6044544680851,218,341,3.758136458333333,3.262151736111111,15.204219862975998,You use 15% more than households like yours in the evening.,2025-02-21 21:00:00,2025-02-21 23:00:00,2025-02-20 14:00:00
18,C046,Low consumers without AC,1.6880545138888887,0.75,173.60868333333335,248.2234791489362,176,218,3.1566673611111113,3.262151736111111,-3.2335827249332705,In the evening you use about the same as households like yours.,2025-02-21 21:00:00,2025-02-21 23:00:00,2025-02-20 14:00:00
18,C050,Low consumers without AC,1.8481802083333332,0.625,175.50079166666666,250.9287914893617,176,218,3.359620833333333,3.262151736111111,2.9878774841545885,In the evening you use about the same as households like yours.,2025-02-21 21:00:00,2025-02-21 23:00:00,2025-02-20 14:00:00
19,C002,Large evening-peak households,2.6215855769230774,0.3333333333333333,193.02284166666666,321.9932605381166,176,341,3.9134875,3.754598557692308,4.231849021040213,In the evening you use about the same as households like yours.,2025-03-20 21:00:00,2025-03-20 23:00:00,2025-03-19 14:00:00
19,C007,Large evening-peak households,2.5925262820512818,0.4444444444444444,202.7686,338.25075874439466,218,341,3.9571211538461544,3.754598557692308,5.393988013416884,You use 5% more than households like yours in the evening.,2025-03-20 21:00:00,2025-03-20 23:00:00,2025-03-19 14:00:00
19,C009,Large evening-peak households,2.434727884615385,0.4444444444444444,177.22998333333334,295.64822331838565,176,218,3.628985256410257,3.754598557692308,-3.345585402857465,In the evening you use about the same as households like yours.,2025-03-20 21:00:00,2025-03-20 23:00:00,2025-03-19 14:00:00
19,C010,Large evening-peak households,2.22666858974359,0.7777777777777778,176.8746,295.0553865470852,176,218,3.1750294871794873,3.754598557692308,-15.436246022238976,You use 15% less than households like yours in the evening.,2025-03-20 21:00:00,2025-03-20 23:00:00,2025-03-19 14:00:00
19,C011,Large evening-peak households,2.0222987179487175,0.6111111111111112,170.63249166666665,284.6425421524663,176,218,2.921954807692307,3.754598557692308,-22.176638519559045,You use 22% less than households like yours in the evening.,2025-03-20 21:00:00,2025-03-20 23:00:00,2025-03-19 14:00:00
19,C013,Large evening-peak households,2.2171971153846153,0.7777777777777778,174.05835833333333,290.3574408071749,176,218,3.2108259615384616,3.754598557692308,-14.482842514275774,You use 14% less than households like yours in the evening.,2025-03-20 21:00:00,2025-03-20 23:00:00,2025-03-19 14:00:00
19,C015,Large evening-peak households,2.819612319406482,0.5555555555555556,220.49751666666668,367.82545381165926,218,341,4.190823971755824,3.754598557692308,11.618430235898082,You use 12% more than households like yours in the evening.,2025-03-20 21:00:00,2025-03-20 23:00:00,2025-03-19 14:00:00
19,C016,Large evening-peak households,2.894377243589744,0.7222222222222222,212.50278333333335,354.4889479820628,218,341,4.2757875,3.754598557692308,13.881349345322036,You use 14% more than households like yours in the evening.,2025-03-20 21:00:00,2025-03-20 23:00:00,2025-03-19 14:00:00
19,C021,Large evening-peak households,3.190032051282052,0.7222222222222222,213.80782499999998,356.665968161435,218,341,4.5128929487179485,3.754598557692308,20.19641725670165,You use 20% more than households like yours in the evening.,2025-03-20 21:00:00,2025-03-20 23:00:00,2025-03-19 14:00:00
19,C022,Large evening-peak households,3.2880499999999993,0.7777777777777778,220.5822,367.96671928251124,218,341,4.3587291666666665,3.754598557692308,16.09041818163579,You use 16% more than households like yours in the evening.,2025-03-20 21:00:00,2025-03-20 23:00:00,2025-03-19 14:00:00
19,C023,Large evening-peak households,1.7729121794871798,0.6111111111111112,161.105175,268.7494399103139,176,218,2.6765660256410255,3.754598557692308,-28.712324779506503,You use 29% less than households like yours in the evening.,2025-03-20 21:00:00,2025-03-20 23:00:00,2025-03-19 14:00:00
19,C027,Large evening-peak households,2.026265705128205,0.6666666666666666,178.44006666666667,297.66683766816146,176,218,3.1221778846153847,3.754598557692308,-16.843895914817285,You use 17% less than households like yours in the evening.,2025-03-20 21:00:00,2025-03-20 23:00:00,2025-03-19 14:00:00
19,C029,Large evening-peak households,2.735494871794871,0.6666666666666666,205.44232499999998,342.71096367713005,218,341,3.8933201923076926,3.754598557692308,3.694712829715874,In the evening you use about the same as households like yours.,2025-03-20 21:00:00,2025-03-20 23:00:00,2025-03-19 14:00:00
19,C031,Large evening-peak households,2.5812288461538464,0.5555555555555556,208.46251666666666,347.74913094170404,218,341,3.7978525641025644,3.754598557692308,1.1520274603429748,In the evening you use about the same as households like yours.,2025-03-20 21:00:00,2025-03-20 23:00:00,2025-03-19 14:00:00
19,C033,Large evening-peak households,2.7976929487179487,0.7222222222222222,194.29255833333332,324.1113529147982,176,341,3.7908253205128206,3.754598557692308,0.964863813370731,In the evening you use about the same as households like yours.,2025-03-20 21:00:00,2025-03-20 23:00:00,2025-03-19 14:00:00
19,C034,Large evening-peak households,2.751368269230769,0.5555555555555556,197.103325,328.8001654708521,176,341,3.718371794871795,3.754598557692308,-0.9648638133707421,In the evening you use about the same as households like yours.,2025-03-20 21:00:00,2025-03-20 23:00:00,2025-03-19 14:00:00
19,C035,Large evening-peak households,2.4354602564102565,0.7777777777777778,194.576975,324.58580582959644,176,341,3.3471016025641025,3.754598557692308,-10.853276292170788,You use 11% less than households like yours in the evening.,2025-03-20 21:00:00,2025-03-20 23:00:00,2025-03-19 14:00:00
19,C042,Large evening-peak households,2.290248076923077,0.5555555555555556,184.90333333333334,308.44860986547087,176,341,3.5530112179487174,3.754598557692308,-5.36907838870242,You use 5% less than households like yours in the evening.,2025-03-20 21:00:00,2025-03-20 23:00:00,2025-03-19 14:00:00
19,C005,"Daytime-occupied, high base load",2.765851282051282,0.5555555555555556,227.83733333333333,380.0694529147982,218,341,4.465496153846154,4.033524679487179,10.709528481523911,You use 11% more than households like yours in the evening.,2025-03-20 21:00:00,2025-03-20 23:00:00,2025-03-19 14:00:00
19,C019,"Daytime-occupied, high base load",2.316551282051282,0.7777777777777778,213.531175,356.2044713004484,218,341,3.3582698717948722,4.033524679487179,-16.741060520253438,You use 17% less than households like yours in the evening.,2025-03-20 21:00:00,2025-03-20 23:00:00,2025-03-19 14:00:00
19,C024,"Daytime-occupied, high base load",2.888059615384615,0.5555555555555556,195.07074166666666,325.4094883408072,176,341,4.033524679487179,4.033524679487179,0.0,In the evening you use about the same as households like yours.,2025-03-20 21:00:00,2025-03-20 23:00:00,2025-03-19 14:00:00
19,C037,"Daytime-occupied, high base load",3.404237735849056,0.7777777777777778,255.25255833333333,425.80247399103143,218,341,4.762460576923077,4.033524679487179,18.071933491394287,You use 18% more than households like yours in the evening.,2025-03-20 21:00:00,2025-03-20 23:00:00,2025-03-19 14:00:00
19,C041,"Daytime-occupied, high base load",2.205867628205128,0.6111111111111112,201.96353333333334,336.9077775784754,218,341,3.6161490384615385,4.033524679487179,-10.347665483447733,You use 10% less than households like yours in the evening.,2025-03-20 21:00:00,2025-03-20 23:00:00,2025-03-19 14:00:00
19,C044,"Daytime-occupied, high base load",2.3208141025641025,0.8333333333333334,186.90855833333333,311.79364887892376,176,341,3.387923076923077,4.033524679487179,-16.005891964597662,You use 16% less than households like yours in the evening.,2025-03-20 21:00:00,2025-03-20 23:00:00,2025-03-19 14:00:00
19,C047,"Daytime-occupied, high base load",3.4851891025641026,0.6666666666666666,239.61741666666666,399.720533632287,218,341,4.891308012820513,4.033524679487179,21.26634647100738,You use 21% more than households like yours in the evening.,2025-03-20 21:00:00,2025-03-20 23:00:00,2025-03-19 14:00:00
19,C001,Medium AC users,1.1236958333333336,0.6111111111111112,153.46931666666669,256.01159551569515,176,218,2.4532358974358974,2.012895887652156,21.875945620682558,You use 22% more than households like yours in the evening.,2025-03-20 21:00:00,2025-03-20 23:00:00,2025-03-19 14:00:00
19,C004,Medium AC users,0.986179487179487,0.5,155.18589166666666,258.8751197309417,176,218,1.8583288903625113,2.012895887652156,-7.678837153864526,You use 8% less than households like yours in the evening.,2025-03-20 21:00:00,2025-03-20 23:00:00,2025-03-19 14:00:00
19,C008,Medium AC users,1.5740278846153848,0.7777777777777778,137.32085,229.07334618834082,176,218,2.5420413461538462,2.012895887652156,26.287770855296742,You use 26% more than households like yours in the evening.,2025-03-20 21:00:00,2025-03-20 23:00:00,2025-03-19 14:00:00
19,C012,Medium AC users,1.6549231807511735,0.5555555555555556,154.27583333333334,257.3569955156951,176,218,2.571489639761647,2.012895887652156,27.750752313426162,You use 28% more than households like yours in the evening.,2025-03-20 21:00:00,2025-03-20 23:00:00,2025-03-19 14:00:00
19,C014,Medium AC users,1.1038939102564103,0.6111111111111112,137.38913333333332,229.1872538116592,176,218,2.15596282051282,2.012895887652156,7.10751776772407,You use 7% more than households like yours in the evening.,2025-03-20 21:00:00,2025-03-20 23:00:00,2025-03-19 14:00:00
19,C017,Medium AC users,0.898311217948718,0.7777777777777778,121.29830833333334,202.34516008968612,176,218,1.897842948717949,2.012895887652156,-5.7157918419916465,You use 6% less than households like yours in the evening.,2025-03-20 21:00:00,2025-03-20 23:00:00,2025-03-19 14:00:00
19,C020,Medium AC users,0.8601083333333334,0.4444444444444444,136.084375,227.0107062780269,176,218,2.1399096153846155,2.012895887652156,6.309999861970428,You use 6% more than households like yours in the evening.,2025-03-20 21:00:00,2025-03-20 23:00:00,2025-03-19 14:00:00
19,C025,Medium AC users,0.810636217948718,0.6111111111111112,120.33917500000001,200.74517085201796,176,218,1.8014166666666667,2.012895887652156,-10.506217548695929,You use 11% less than households like yours in the evening.,2025-03-20 21:00:00,2025-03-20 23:00:00,2025-03-19 14:00:00
19,C028,Medium AC users,1.2106076923076923,0.5,157.80217499999998,263.2395026905829,176,218,2.0699910256410257,2.012895887652156,2.836467516234298,In the evening you use about the same as households like yours.,2025-03-20 21:00:00,2025-03-20 23:00:00,2025-03-19 14:00:00
19,C030,Medium AC users,0.9675910256410257,0.6666666666666666,137.06046666666666,228.63898475336325,176,218,1.9958573717948718,2.012895887652156,-0.8464678159364802,In the evening you use about the same as households like yours.,2025-03-20 21:00:00,2025-03-20 23:00:00,2025-03-19 14:00:00
19,C032,Medium AC users,0.9535939102564102,0.7777777777777778,113.32636666666667,189.04667443946192,176,176,1.838461389425954,2.012895887652156,-8.665848010135424,You use 9% less than households like yours in the evening.,2025-03-20 21:00:00,2025-03-20 23:00:00,2025-03-19 14:00:00
19,C036,Medium AC users,0.9904314102564103,0.2777777777777778,138.98609166666665,231.85123811659193,176,218,2.0291397435897434,2.012895887652156,0.8069893747228996,In the evening you use about the same as households like yours.,2025-03-20 21:00:00,2025-03-20 23:00:00,2025-03-19 14:00:00
19,C038,Medium AC users,0.9707971153846154,0.4444444444444444,115.85434166666667,193.26374484304935,176,176,1.8714746794871797,2.012895887652156,-7.025758710746343,You use 7% less than households like yours in the evening.,2025-03-20 21:00:00,2025-03-20 23:00:00,2025-03-19 14:00:00
19,C039,Medium AC users,0.9233865384615386,0.7222222222222222,130.30705,217.3731955156951,176,218,2.0142070512820514,2.012895887652156,0.0651381742065471,In the evening you use about the same as households like yours.,2025-03-20 21:00:00,2025-03-20 23:00:00,2025-03-19 14:00:00
19,C040,Medium AC users,0.9140981099590865,0.5555555555555556,129.05386666666666,215.28268340807176,176,218,2.012895887652156,2.012895887652156,0.0,In the evening you use about the same as households like yours.,2025-03-20 21:00:00,2025-03-20 23:00:00,2025-03-19 14:00:00
19,C048,Medium AC users,0.7895009615384615,0.8333333333333334,117.36115,195.77734439461884,176,176,1.8296744242864056,2.012895887652156,-9.102381523540204,You use 9% less than households like yours in the evening.,2025-03-20 21:00:00,2025-03-20 23:00:00,2025-03-19 14:00:00
19,C049,Medium AC users,1.031998076923077,0.7222222222222222,126.956675,211.78422914798207,176,218,1.8943051282051282,2.012895887652156,-5.891549591536616,You use 6% less than households like yours in the evening.,2025-03-20 21:00:00,2025-03-20 23:00:00,2025-03-19 14:00:00
19,C003,Low consumers without AC,2.282559935897436,0.7222222222222222,176.79248333333334,294.918402690583,176,218,3.401575320512821,2.9226875000000003,16.385187280980972,You use 16% more than households like yours in the evening.,2025-03-20 21:00:00,2025-03-20 23:00:00,2025-03-19 14:00:00
19,C006,Low consumers without AC,1.7586528846153844,0.3333333333333333,156.94895833333334,261.8161995515695,176,218,2.9670878205128206,2.9226875000000003,1.519160721521562,In the evening you use about the same as households like yours.,2025-03-20 21:00:00,2025-03-20 23:00:00,2025-03-19 14:00:00
19,C018,Low consumers without AC,2.0241160256410256,0.9444444444444444,150.00659166666668,250.23521121076237,176,218,3.2099471153846153,2.9226875000000003,9.828612035484973,You use 10% more than households like yours in the evening.,2025-03-20 21:00:00,2025-03-20 23:00:00,2025-03-19 14:00:00
19,C026,Low consumers without AC,1.941842948717949,0.7777777777777778,163.68991666666665,273.06120627802693,176,218,2.87828717948718,2.9226875000000003,-1.5191607215215508,In the evening you use about the same as households like yours.,2025-03-20 21:00:00,2025-03-20 23:00:00,2025-03-19 14:00:00
19,C043,Low consumers without AC,1.1197227564102563,0.5555555555555556,147.65908333333334,246.3191883408072,176,218,2.4644612179487178,2.9226875000000003,-15.678250995061305,You use 16% less than households like yours in the evening.,2025-03-20 21:00:00,2025-03-20 23:00:00,2025-03-19 14:00:00
19,C045,Low consumers without AC,1.4138858974358979,0.9444444444444444,154.59153333333336,257.8836340807175,176,218,2.6046102564102567,2.9226875000000003,-10.883039790937065,You use 11% less than households like yours in the evening.,2025-03-20 21:00:00,2025-03-20 23:00:00,2025-03-19 14:00:00
19,C046,Low consumers without AC,2.073636217948718,0.7777777777777778,173.95915833333333,290.19195919282515,176,218,2.8082935897435894,2.9226875000000003,-3.9139973143352047,In the evening you use about the same as households like yours.,2025-03-20 21:00:00,2025-03-20 23:00:00,2025-03-19 14:00:00
19,C050,Low consumers without AC,2.0785823717948713,0.6666666666666666,178.4471,297.67857040358746,176,218,3.385621153846154,2.9226875000000003,15.839314119150739,You use 16% more than households like yours in the evening.,2025-03-20 21:00:00,2025-03-20 23:00:00,2025-03-19 14:00:00
20,C002,Large evening-peak households,2.7303073717948716,0.3333333333333333,207.03045,327.72479744680857,218,341,4.098470833333333,3.8954722756410254,5.211141123033736,You use 5% more than households like yours in the evening.,2025-03-21 21:00:00,2025-03-21 23:00:00,2025-03-20 14:00:00
20,C007,Large evening-peak households,2.719041025641026,0.4444444444444444,215.6945,341.4398042553192,218,341,4.128233333333333,3.8954722756410254,5.975169150806114,You use 6% more than households like yours in the evening.,2025-03-21 21:00:00,2025-03-21 23:00:00,2025-03-20 14:00:00
20,C009,Large evening-peak households,2.510741987179487,0.4444444444444444,187.61962499999998,296.9978744680851,176,218,3.792285256410256,3.8954722756410254,-2.6488962551733053,In the evening you use about the same as households like yours.,2025-03-21 21:00:00,2025-03-21 23:00:00,2025-03-20 14:00:00
20,C010,Large evening-peak households,2.2915583333333336,0.7777777777777778,186.53431666666665,295.2798544680851,176,218,3.2766782051282055,3.8954722756410254,-15.884956347455804,You use 16% less than households like yours in the evening.,2025-03-21 21:00:00,2025-03-21 23:00:00,2025-03-20 14:00:00
20,C011,Large evening-peak households,2.1360076923076923,0.6111111111111112,181.43471666666667,287.2072961702128,176,218,3.0226971153846156,3.8954722756410254,-22.404861297922828,You use 22% less than households like yours in the evening.,2025-03-21 21:00:00,2025-03-21 23:00:00,2025-03-20 14:00:00
20,C013,Large evening-peak households,2.2980400641025645,0.7777777777777778,183.25544166666668,290.08946510638305,176,218,3.391335576923077,3.8954722756410254,-12.941606640878723,You use 13% less than households like yours in the evening.,2025-03-21 21:00:00,2025-03-21 23:00:00,2025-03-20 14:00:00
20,C015,Large evening-peak households,2.997588601457764,0.5555555555555556,234.36150833333332,370.98928127659576,218,341,4.362620446114799,3.8954722756410254,11.992080482639334,You use 12% more than households like yours in the evening.,2025-03-21 21:00:00,2025-03-21 23:00:00,2025-03-20 14:00:00
20,C016,Large evening-peak households,3.034081730769231,0.7222222222222222,223.28993333333335,353.4632136170213,218,341,4.426338782051282,3.8954722756410254,13.627782945083311,You use 14% more than households like yours in the evening.,2025-03-21 21:00:00,2025-03-21 23:00:00,2025-03-20 14:00:00
20,C021,Large evening-peak households,3.374571794871795,0.7222222222222222,228.54699999999997,361.78503829787235,218,341,4.696241346153847,3.8954722756410254,20.556405330366513,You use 21% more than households like yours in the evening.,2025-03-21 21:00:00,2025-03-21 23:00:00,2025-03-20 14:00:00
20,C022,Large evening-peak households,3.4390480769230765,0.7777777777777778,233.641275,369.84916723404257,218,341,4.573593269230769,3.8954722756410254,17.4079276043148,You use 17% more than households like yours in the evening.,2025-03-21 21:00:00,2025-03-21 23:00:00,2025-03-20 14:00:00
20,C023,Large evening-peak households,1.8765724358974363,0.6111111111111112,170.91875,270.56074468085103,176,218,2.8348403846153847,3.8954722756410254,-27.227299181614807,You use 27% less than households like yours in the evening.,2025-03-21 21:00:00,2025-03-21 23:00:00,2025-03-20 14:00:00
20,C027,Large evening-peak households,2.1468067307692307,0.6666666666666666,188.15045833333335,297.83817234042556,176,218,3.2210855769230773,3.8954722756410254,-17.312065161777422,You use 17% less than households like yours in the evening.,2025-03-21 21:00:00,2025-03-21 23:00:00,2025-03-20 14:00:00
20,C029,Large evening-peak households,2.788562179487179,0.6666666666666666,216.93883333333335,343.40955744680855,218,341,3.9909022435897437,3.8954722756410254,2.449766323468827,In the evening you use about the same as households like yours.,2025-03-21 21:00:00,2025-03-21 23:00:00,2025-03-20 14:00:00
20,C031,Large evening-peak households,2.6706391025641025,0.5555555555555556,221.68921666666665,350.92931319148937,218,341,3.976105128205128,3.8954722756410254,2.069912114849637,In the evening you use about the same as households like yours.,2025-03-21 21:00:00,2025-03-21 23:00:00,2025-03-20 14:00:00
20,C033,Large evening-peak households,2.9624852564102566,0.7222222222222222,206.47249166666666,326.8415612765957,218,341,3.9335278846153847,3.8954722756410254,0.9769190044639053,In the evening you use about the same as households like yours.,2025-03-21 21:00:00,2025-03-21 23:00:00,2025-03-20 14:00:00
20,C034,Large evening-peak households,2.863180448717949,0.5555555555555556,209.45099166666665,331.55646340425534,218,341,3.8574166666666665,3.8954722756410254,-0.9769190044638831,In the evening you use about the same as households like yours.,2025-03-21 21:00:00,2025-03-21 23:00:00,2025-03-20 14:00:00
20,C035,Large evening-peak households,2.514075,0.7777777777777778,208.27682499999997,329.6977825531915,218,341,3.517463782051282,3.8954722756410254,-9.703791141153474,You use 10% less than households like yours in the evening.,2025-03-21 21:00:00,2025-03-21 23:00:00,2025-03-20 14:00:00
20,C042,Large evening-peak households,2.398726923076923,0.5555555555555556,198.68372499999998,314.5121093617021,176,341,3.6556592948717945,3.8954722756410254,-6.156197857415579,You use 6% less than households like yours in the evening.,2025-03-21 21:00:00,2025-03-21 23:00:00,2025-03-20 14:00:00
20,C005,"Daytime-occupied, high base load",2.8694333333333333,0.5555555555555556,240.23166666666668,380.28161702127665,218,341,4.671150641025641,4.20551185897436,11.072107217047344,You use 11% more than households like yours in the evening.,2025-03-21 21:00:00,2025-03-21 23:00:00,2025-03-20 14:00:00
20,C019,"Daytime-occupied, high base load",2.3709,0.7777777777777778,223.23019166666666,353.3686438297873,218,341,3.458181410256411,4.20551185897436,-17.77026135649057,You use 18% less than households like yours in the evening.,2025-03-21 21:00:00,2025-03-21 23:00:00,2025-03-20 14:00:00
20,C024,"Daytime-occupied, high base load",2.9988929487179488,0.5555555555555556,206.02015,326.1255140425532,218,341,4.20551185897436,4.20551185897436,0.0,In the evening you use about the same as households like yours.,2025-03-21 21:00:00,2025-03-21 23:00:00,2025-03-20 14:00:00
20,C037,"Daytime-occupied, high base load",3.516585812772134,0.7777777777777778,266.7359916666666,422.23739957446804,218,341,4.8995919871794875,4.20551185897436,16.504058280658374,You use 17% more than households like yours in the evening.,2025-03-21 21:00:00,2025-03-21 23:00:00,2025-03-20 14:00:00
20,C041,"Daytime-occupied, high base load",2.254684935897436,0.6111111111111112,213.65656666666666,338.2137991489362,218,341,3.7221003205128205,4.20551185897436,-11.494713477741413,You use 11% less than households like yours in the evening.,2025-03-21 21:00:00,2025-03-21 23:00:00,2025-03-20 14:00:00
20,C044,"Daytime-occupied, high base load",2.431050641025641,0.8333333333333334,197.73803333333333,313.0150995744681,176,341,3.4942240384615384,4.20551185897436,-16.913228267207646,You use 17% less than households like yours in the evening.,2025-03-21 21:00:00,2025-03-21 23:00:00,2025-03-20 14:00:00
20,C047,"Daytime-occupied, high base load",3.649147435897436,0.6666666666666666,255.79300833333332,404.9148897872341,218,341,5.030618910256411,4.20551185897436,19.619658176003306,You use 20% more than households like yours in the evening.,2025-03-21 21:00:00,2025-03-21 23:00:00,2025-03-20 14:00:00
20,C001,Medium AC users,1.1645939102564105,0.6111111111111112,162.03484166666667,256.49770680851066,176,218,2.541356730769231,2.1040775641025644,20.782464207928374,You use 21% more than households like yours in the evening.,2025-03-21 21:00:00,2025-03-21 23:00:00,2025-03-20 14:00:00
20,C004,Medium AC users,1.022097435897436,0.5,163.11754166666665,258.2115978723404,176,218,1.9229378647214854,2.1040775641025644,-8.60898393060614,You use 9% less than households like yours in the evening.,2025-03-21 21:00:00,2025-03-21 23:00:00,2025-03-20 14:00:00
20,C008,Medium AC users,1.6062400641025638,0.7777777777777778,144.1920333333333,228.2529208510638,176,218,2.632554166666666,2.1040775641025644,25.116783315424442,You use 25% more than households like yours in the evening.,2025-03-21 21:00:00,2025-03-21 23:00:00,2025-03-20 14:00:00
20,C012,Medium AC users,1.708161001263994,0.5555555555555556,162.57555833333333,257.353649787234,176,218,2.661356947453954,2.1040775641025644,26.485686310194634,You use 26% more than households like yours in the evening.,2025-03-21 21:00:00,2025-03-21 23:00:00,2025-03-20 14:00:00
20,C014,Medium AC users,1.140068269230769,0.6111111111111112,145.63731666666666,230.5407736170213,176,218,2.2319679487179482,2.1040775641025644,6.078216259576519,You use 6% more than households like yours in the evening.,2025-03-21 21:00:00,2025-03-21 23:00:00,2025-03-20 14:00:00
20,C017,Medium AC users,0.9290423076923078,0.7777777777777778,129.54453333333333,205.06624000000002,176,218,1.9549996794871798,2.1040775641025644,-7.0851895937101395,You use 7% less than households like yours in the evening.,2025-03-21 21:00:00,2025-03-21 23:00:00,2025-03-20 14:00:00
20,C020,Medium AC users,0.8941397435897436,0.4444444444444444,143.01644166666668,226.3919842553192,176,218,2.202923717948718,2.1040775641025644,4.6978379282473615,In the evening you use about the same as households like yours.,2025-03-21 21:00:00,2025-03-21 23:00:00,2025-03-20 14:00:00
20,C025,Medium AC users,0.8389663461538461,0.6111111111111112,125.36543333333333,198.45081361702128,176,176,1.8629326923076923,2.1040775641025644,-11.46083566067232,You use 11% less than households like yours in the evening.,2025-03-21 21:00:00,2025-03-21 23:00:00,2025-03-20 14:00:00
20,C028,Medium AC users,1.2432833333333333,0.5,164.845775,260.9473544680851,176,218,2.1432865384615383,2.1040775641025644,1.8634757115381095,In the evening you use about the same as households like yours.,2025-03-21 21:00:00,2025-03-21 23:00:00,2025-03-20 14:00:00
20,C030,Medium AC users,1.0000939102564104,0.6666666666666666,145.7036,230.64569872340425,176,218,2.1199608974358974,2.1040775641025644,0.7548834512717928,In the evening you use about the same as households like yours.,2025-03-21 21:00:00,2025-03-21 23:00:00,2025-03-20 14:00:00
20,C032,Medium AC users,0.9838304487179487,0.7777777777777778,121.61898333333333,192.52026297872342,176,176,1.89747741506698,2.1040775641025644,-9.819036738966602,You use 10% less than households like yours in the evening.,2025-03-21 21:00:00,2025-03-21 23:00:00,2025-03-20 14:00:00
20,C036,Medium AC users,1.0173846153846153,0.2777777777777778,145.67149166666667,230.59487191489362,176,218,2.0893576923076926,2.1040775641025644,-0.6995878881085882,In the evening you use about the same as households like yours.,2025-03-21 21:00:00,2025-03-21 23:00:00,2025-03-20 14:00:00
20,C038,Medium AC users,0.999588141025641,0.4444444444444444,121.747075,192.72302936170212,176,176,1.9315573717948717,2.1040775641025644,-8.199326643230298,You use 8% less than households like yours in the evening.,2025-03-21 21:00:00,2025-03-21 23:00:00,2025-03-20 14:00:00
20,C039,Medium AC users,0.9516083333333334,0.7222222222222222,139.19040833333335,220.33545489361705,176,218,2.1040775641025644,2.1040775641025644,0.0,In the evening you use about the same as households like yours.,2025-03-21 21:00:00,2025-03-21 23:00:00,2025-03-20 14:00:00
20,C040,Medium AC users,0.9458250330360093,0.5555555555555556,136.03251666666665,215.33657957446806,176,218,2.1051939645752333,2.1040775641025644,0.0530589029471118,In the evening you use about the same as households like yours.,2025-03-21 21:00:00,2025-03-21 23:00:00,2025-03-20 14:00:00
20,C048,Medium AC users,0.8201714743589744,0.8333333333333334,125.95851666666667,199.38965191489362,176,176,1.91303980890179,2.1040775641025644,-9.079406503830878,You use 9% less than households like yours in the evening.,2025-03-21 21:00:00,2025-03-21 23:00:00,2025-03-20 14:00:00
20,C049,Medium AC users,1.0600391025641025,0.7222222222222222,134.39295833333335,212.7411936170213,176,218,1.944578205128205,2.1040775641025644,-7.580488556865028,You use 8% less than households like yours in the evening.,2025-03-21 21:00:00,2025-03-21 23:00:00,2025-03-20 14:00:00
20,C003,Low consumers without AC,2.407140064102564,0.7222222222222222,190.19286666666665,301.0712612765957,176,341,3.563038141025641,3.0586982371794873,16.48871071084215,You use 16% more than households like yours in the evening.,2025-03-21 21:00:00,2025-03-21 23:00:00,2025-03-20 14:00:00
20,C006,Low consumers without AC,1.8049778846153843,0.3333333333333333,165.16547500000001,261.4534327659575,176,218,3.088780769230769,3.0586982371794873,0.9835076793656361,In the evening you use about the same as households like yours.,2025-03-21 21:00:00,2025-03-21 23:00:00,2025-03-20 14:00:00
20,C018,Low consumers without AC,2.125250641025641,0.9444444444444444,160.428325,253.954625106383,176,218,3.299741987179487,3.0586982371794873,7.880599238919128,You use 8% more than households like yours in the evening.,2025-03-21 21:00:00,2025-03-21 23:00:00,2025-03-20 14:00:00
20,C026,Low consumers without AC,2.059071794871795,0.7777777777777778,173.78159166666666,275.09256212765956,176,218,3.0286157051282054,3.0586982371794873,-0.9835076793656472,In the evening you use about the same as households like yours.,2025-03-21 21:00:00,2025-03-21 23:00:00,2025-03-20 14:00:00
20,C043,Low consumers without AC,1.1559727564102564,0.5555555555555556,157.270375,248.95565744680852,176,218,2.5693362179487185,3.0586982371794873,-15.999029040603352,You use 16% less than households like yours in the evening.,2025-03-21 21:00:00,2025-03-21 23:00:00,2025-03-20 14:00:00
20,C045,Low consumers without AC,1.446921153846154,0.9444444444444444,164.5663,260.5049514893617,176,218,2.708898717948718,3.0586982371794873,-11.436221951509983,You use 11% less than households like yours in the evening.,2025-03-21 21:00:00,2025-03-21 23:00:00,2025-03-20 14:00:00
20,C046,Low consumers without AC,2.158650961538461,0.7777777777777778,182.69704166666665,289.205529787234,176,218,2.9272910256410256,3.0586982371794873,-4.296180968137476,In the evening you use about the same as households like yours.,2025-03-21 21:00:00,2025-03-21 23:00:00,2025-03-20 14:00:00
20,C050,Low consumers without AC,2.143714423076923,0.6666666666666666,188.2153,297.94081531914895,176,218,3.5080525641025635,3.0586982371794873,14.69103167684298,You use 15% more than households like yours in the evening.,2025-03-21 21:00:00,2025-03-21 23:00:00,2025-03-20 14:00:00
21,C002,Large evening-peak households,1.6376003086419755,0.3,241.33283333333333,331.2760664206642,218,341,3.897863888888889,3.7534212962962963,3.848291497016909,In the evening you use about the same as households like yours.,2025-03-24 22:00:00,2025-03-25 00:00:00,2025-03-23 14:00:00
21,C007,Large evening-peak households,1.876275925925926,0.5,266.10839166666665,365.28531992619924,218,341,3.9151978395061726,3.7534212962962963,4.310108843084315,In the evening you use about the same as households like yours.,2025-03-24 22:00:00,2025-03-25 00:00:00,2025-03-23 14:00:00
21,C009,Large evening-peak households,1.4959799382716048,0.45,229.69608333333335,315.30237269372697,218,341,3.587766975308642,3.7534212962962963,-4.41342199318564,In the evening you use about the same as households like yours.,2025-03-24 22:00:00,2025-03-25 00:00:00,2025-03-23 14:00:00
21,C010,Large evening-peak households,1.5748783950617284,0.75,218.99669166666666,300.61538487084874,218,341,3.1229703703703704,3.7534212962962963,-16.796700294422738,You use 17% less than households like yours in the evening.,2025-03-24 22:00:00,2025-03-25 00:00:00,2025-03-23 14:00:00
21,C011,Large evening-peak households,1.3552305555555557,0.6,231.238275,317.4193295202952,218,341,2.7869487654320984,3.7534212962962963,-25.74910873495253,You use 26% less than households like yours in the evening.,2025-03-24 22:00:00,2025-03-25 00:00:00,2025-03-23 14:00:00
21,C013,Large evening-peak households,1.63234475308642,0.75,213.708225,293.35593985239854,218,218,3.2465916666666663,3.7534212962962963,-13.503137261190112,You use 14% less than households like yours in the evening.,2025-03-24 22:00:00,2025-03-25 00:00:00,2025-03-23 14:00:00
21,C015,Large evening-peak households,1.8939255796828978,0.55,280.98935,385.7123180811808,218,341,4.406685120950054,3.7534212962962963,17.404489746417973,You use 17% more than households like yours in the evening.,2025-03-24 22:00:00,2025-03-25 00:00:00,2025-03-23 14:00:00
21,C016,Large evening-peak households,1.8099743827160495,0.7,255.4178333333333,350.6104575645756,218,341,4.110774382716049,3.7534212962962963,9.520729441493092,You use 10% more than households like yours in the evening.,2025-03-24 22:00:00,2025-03-25 00:00:00,2025-03-23 14:00:00
21,C021,Large evening-peak households,1.6865197530864198,0.65,274.223475,376.42484391143915,218,341,4.522849074074075,3.7534212962962963,20.49937156100794,You use 20% more than households like yours in the evening.,2025-03-24 22:00:00,2025-03-25 00:00:00,2025-03-23 14:00:00
21,C022,Large evening-peak households,1.9508317901234566,0.7,291.10493333333335,399.59791586715875,218,341,4.271971296296296,3.7534212962962963,13.815395583535505,You use 14% more than households like yours in the evening.,2025-03-24 22:00:00,2025-03-25 00:00:00,2025-03-23 14:00:00
21,C023,Large evening-peak households,1.34533487654321,0.65,207.50113333333334,284.8355040590406,218,218,2.7392098765432102,3.7534212962962963,-27.020985380827444,You use 27% less than households like yours in the evening.,2025-03-24 22:00:00,2025-03-25 00:00:00,2025-03-23 14:00:00
21,C027,Large evening-peak households,1.360342901234568,0.65,232.28513333333333,318.85634538745387,218,341,3.1037398148148148,3.7534212962962963,-17.309047671322087,You use 17% less than households like yours in the evening.,2025-03-24 22:00:00,2025-03-25 00:00:00,2025-03-23 14:00:00
21,C029,Large evening-peak households,1.9278944444444446,0.7,275.7736083333333,378.55270221402213,218,341,3.8228049382716045,3.7534212962962963,1.8485439415973026,In the evening you use about the same as households like yours.,2025-03-24 22:00:00,2025-03-25 00:00:00,2025-03-23 14:00:00
21,C031,Large evening-peak households,1.6426558641975308,0.55,273.7735666666666,375.8072575645756,218,341,3.862634567901235,3.7534212962962963,2.90969925791984,In the evening you use about the same as households like yours.,2025-03-24 22:00:00,2025-03-25 00:00:00,2025-03-23 14:00:00
21,C033,Large evening-peak households,2.083985802469136,0.7,263.60013333333336,361.8422494464945,218,341,3.801318518518519,3.7534212962962963,1.2760950194822485,In the evening you use about the same as households like yours.,2025-03-24 22:00:00,2025-03-25 00:00:00,2025-03-23 14:00:00
21,C034,Large evening-peak households,1.772,0.5,256.449975,352.0272719557196,218,341,3.705524074074074,3.7534212962962963,-1.2760950194822263,In the evening you use about the same as households like yours.,2025-03-24 22:00:00,2025-03-25 00:00:00,2025-03-23 14:00:00
21,C035,Large evening-peak households,1.7003265432098766,0.75,261.70585,359.241978597786,218,341,3.390671296296296,3.7534212962962963,-9.664515953962994,You use 10% less than households like yours in the evening.,2025-03-24 22:00:00,2025-03-25 00:00:00,2025-03-23 14:00:00
21,C042,Large evening-peak households,1.5650604938271604,0.55,259.0783333333333,355.6352029520295,218,341,3.4805132716049383,3.7534212962962963,-7.27091373837121,You use 7% less than households like yours in the evening.,2025-03-24 22:00:00,2025-03-25 00:00:00,2025-03-23 14:00:00
21,C005,"Daytime-occupied, high base load",1.5002833333333332,0.55,291.83409166666667,400.5988269372694,218,341,4.234083641975309,3.9286743827160495,7.773850146575856,You use 8% more than households like yours in the evening.,2025-03-24 22:00:00,2025-03-25 00:00:00,2025-03-23 14:00:00
21,C019,"Daytime-occupied, high base load",1.658920061728395,0.75,251.53530833333332,345.2809398523985,218,341,3.3239098765432096,3.9286743827160495,-15.393602199089408,You use 15% less than households like yours in the evening.,2025-03-24 22:00:00,2025-03-25 00:00:00,2025-03-23 14:00:00
21,C024,"Daytime-occupied, high base load",2.0345854938271604,0.6,250.13615833333336,343.36033542435433,218,341,3.9286743827160495,3.9286743827160495,0.0,In the evening you use about the same as households like yours.,2025-03-24 22:00:00,2025-03-25 00:00:00,2025-03-23 14:00:00
21,C037,"Daytime-occupied, high base load",2.251236111111111,0.8,326.17983333333336,447.74501107011076,341,341,4.703500308641975,3.9286743827160495,19.722324897546173,You use 20% more than households like yours in the evening.,2025-03-24 22:00:00,2025-03-25 00:00:00,2025-03-23 14:00:00
21,C041,"Daytime-occupied, high base load",1.4364898148148146,0.65,255.70563333333334,351.00551881918824,218,341,3.4948496913580245,3.9286743827160495,-11.042520939546652,You use 11% less than households like yours in the evening.,2025-03-24 22:00:00,2025-03-25 00:00:00,2025-03-23 14:00:00
21,C044,"Daytime-occupied, high base load",1.589695061728395,0.8,246.79885,338.7792332103321,218,341,3.298430864197531,3.9286743827160495,-16.042141881018047,You use 16% less than households like yours in the evening.,2025-03-24 22:00:00,2025-03-25 00:00:00,2025-03-23 14:00:00
21,C047,"Daytime-occupied, high base load",2.281351234567901,0.7,301.70332500000006,414.14626162361634,341,341,4.637623765432099,3.9286743827160495,18.04551137745154,You use 18% more than households like yours in the evening.,2025-03-24 22:00:00,2025-03-25 00:00:00,2025-03-23 14:00:00
21,C001,Medium AC users,0.9581274691358026,0.55,188.33450833333333,258.52559815498154,176,218,2.3118293209876546,1.9628925925925926,17.776659289043707,You use 18% more than households like yours in the evening.,2025-03-24 22:00:00,2025-03-25 00:00:00,2025-03-23 14:00:00
21,C004,Medium AC users,1.0589633258975992,0.55,185.648625,254.83870295202954,176,218,1.8595808760816814,1.9628925925925926,-5.263238391177428,You use 5% less than households like yours in the evening.,2025-03-24 22:00:00,2025-03-25 00:00:00,2025-03-23 14:00:00
21,C008,Medium AC users,1.2112657407407408,0.8,168.91541666666666,231.8691328413284,176,218,2.5111944444444445,1.9628925925925926,27.933359875165344,You use 28% more than households like yours in the evening.,2025-03-24 22:00:00,2025-03-25 00:00:00,2025-03-23 14:00:00
21,C012,Medium AC users,1.2227324074074073,0.6,188.65233333333333,258.9618745387454,176,218,2.558342801251956,1.9628925925925926,30.335343406278348,You use 30% more than households like yours in the evening.,2025-03-24 22:00:00,2025-03-25 00:00:00,2025-03-23 14:00:00
21,C014,Medium AC users,1.0960049382716048,0.6,188.46146666666667,258.6998730627306,176,218,1.9628925925925926,1.9628925925925926,0.0,In the evening you use about the same as households like yours.,2025-03-24 22:00:00,2025-03-25 00:00:00,2025-03-23 14:00:00
21,C017,Medium AC users,0.8560163580246914,0.75,169.945875,233.28363653136532,176,218,1.8797287037037038,1.9628925925925926,-4.23680282878065,In the evening you use about the same as households like yours.,2025-03-24 22:00:00,2025-03-25 00:00:00,2025-03-23 14:00:00
21,C020,Medium AC users,0.7941129629629629,0.45,156.18844166666668,214.39889409594096,176,218,2.1145836419753086,1.9628925925925926,7.7279342718575394,You use 8% more than households like yours in the evening.,2025-03-24 22:00:00,2025-03-25 00:00:00,2025-03-23 14:00:00
21,C025,Medium AC users,0.7344253086419753,0.6,145.15606666666667,199.25482214022142,176,176,1.7888055555555553,1.9628925925925926,-8.86890284746058,You use 9% less than households like yours in the evening.,2025-03-24 22:00:00,2025-03-25 00:00:00,2025-03-23 14:00:00
21,C028,Medium AC users,0.9914604938271604,0.5,204.25375000000003,280.37784132841335,218,218,2.0691197530864196,1.9628925925925926,5.411766333761636,You use 5% more than households like yours in the evening.,2025-03-24 22:00:00,2025-03-25 00:00:00,2025-03-23 14:00:00
21,C030,Medium AC users,1.0342753086419754,0.65,187.58768333333333,257.5004361623616,176,218,2.074501851851852,1.9628925925925926,5.685958553231152,You use 6% more than households like yours in the evening.,2025-03-24 22:00:00,2025-03-25 00:00:00,2025-03-23 14:00:00
21,C032,Medium AC users,0.9855046296296295,0.75,164.56248333333335,225.89388856088564,176,218,1.8110711527805483,1.9628925925925926,-7.7345770412999615,You use 8% less than households like yours in the evening.,2025-03-24 22:00:00,2025-03-25 00:00:00,2025-03-23 14:00:00
21,C036,Medium AC users,0.9424796296296297,0.25,169.61430833333333,232.8284970479705,176,218,1.9968876543209877,1.9628925925925926,1.7318859858498126,In the evening you use about the same as households like yours.,2025-03-24 22:00:00,2025-03-25 00:00:00,2025-03-23 14:00:00
21,C038,Medium AC users,0.8599049382716051,0.4,143.04264166666667,196.353736900369,176,176,1.8573694444444444,1.9628925925925926,-5.375900268122824,You use 5% less than households like yours in the evening.,2025-03-24 22:00:00,2025-03-25 00:00:00,2025-03-23 14:00:00
21,C039,Medium AC users,0.7850336419753086,0.75,170.029225,233.39805055350556,176,218,1.858879012345679,1.9628925925925926,-5.298994995418072,You use 5% less than households like yours in the evening.,2025-03-24 22:00:00,2025-03-25 00:00:00,2025-03-23 14:00:00
21,C040,Medium AC users,0.8706971797036549,0.55,165.162575,226.71763062730628,176,218,2.016221348603311,1.9628925925925926,2.7168453440583606,In the evening you use about the same as households like yours.,2025-03-24 22:00:00,2025-03-25 00:00:00,2025-03-23 14:00:00
21,C048,Medium AC users,0.8468179012345679,0.85,173.11731666666668,237.63705461254614,176,218,1.9003457419054273,1.9628925925925926,-3.186463228971348,In the evening you use about the same as households like yours.,2025-03-24 22:00:00,2025-03-25 00:00:00,2025-03-23 14:00:00
21,C049,Medium AC users,0.897562962962963,0.75,162.67398333333335,223.3015564575646,176,218,1.7986685185185183,1.9628925925925926,-8.366432004166203,You use 8% less than households like yours in the evening.,2025-03-24 22:00:00,2025-03-25 00:00:00,2025-03-23 14:00:00
21,C003,Low consumers without AC,1.4777429012345678,0.7,242.90449166666667,333.4334719557196,218,341,3.312361111111111,2.9035466049382714,14.079832763060839,You use 14% more than households like yours in the evening.,2025-03-24 22:00:00,2025-03-25 00:00:00,2025-03-23 14:00:00
21,C006,Low consumers without AC,1.2160256172839505,0.3,193.51575,265.6378560885609,176,218,2.9470734567901227,2.9035466049382714,1.4990925848347603,In the evening you use about the same as households like yours.,2025-03-24 22:00:00,2025-03-25 00:00:00,2025-03-23 14:00:00
21,C018,Low consumers without AC,1.443610185185185,0.9,189.56787500000002,260.2186328413285,176,218,3.1074746913580245,2.9035466049382714,7.023413575415582,You use 7% more than households like yours in the evening.,2025-03-24 22:00:00,2025-03-25 00:00:00,2025-03-23 14:00:00
21,C026,Low consumers without AC,1.4061740740740742,0.75,211.70765,290.609763099631,218,218,2.803005864197531,2.9035466049382714,-3.462687341396331,In the evening you use about the same as households like yours.,2025-03-24 22:00:00,2025-03-25 00:00:00,2025-03-23 14:00:00
21,C043,Low consumers without AC,0.9984046296296296,0.5,195.91321666666664,268.9288435424354,176,218,2.2813737654320985,2.9035466049382714,-21.428030066677717,You use 21% less than households like yours in the evening.,2025-03-24 22:00:00,2025-03-25 00:00:00,2025-03-23 14:00:00
21,C045,Low consumers without AC,1.1900444444444447,0.95,203.10424166666667,278.79991845018446,218,218,2.610575,2.9035466049382714,-10.09012923849728,You use 10% less than households like yours in the evening.,2025-03-24 22:00:00,2025-03-25 00:00:00,2025-03-23 14:00:00
21,C046,Low consumers without AC,1.5228308641975308,0.7,213.32736666666665,292.83313800738006,218,218,2.8600197530864198,2.9035466049382714,-1.4990925848347825,In the evening you use about the same as households like yours.,2025-03-24 22:00:00,2025-03-25 00:00:00,2025-03-23 14:00:00
21,C050,Low consumers without AC,1.3840358024691357,0.65,216.32598333333334,296.94932029520294,218,218,3.3207064814814817,2.9035466049382714,14.367252650042417,You use 14% more than households like yours in the evening.,2025-03-24 22:00:00,2025-03-25 00:00:00,2025-03-23 14:00:00
22,C002,Large evening-peak households,2.8172403846153844,0.3,256.33219166666663,336.9454957597173,218,341,4.036201602564103,3.620987339743589,11.46687971711926,You use 11% more than households like yours in the evening.,2025-03-25 20:00:00,2025-03-25 22:00:00,2025-03-24 14:00:00
22,C007,Large evening-peak households,2.5871384615384616,0.5,277.789575,365.1509607773852,218,341,3.8147048076923076,3.620987339743589,5.349852119682796,You use 5% more than households like yours in the evening.,2025-03-25 20:00:00,2025-03-25 22:00:00,2025-03-24 14:00:00
22,C009,Large evening-peak households,2.4470141025641023,0.45,244.89895,321.91664098939935,218,341,3.476011858974359,3.620987339743589,-4.003755527615194,In the evening you use about the same as households like yours.,2025-03-25 20:00:00,2025-03-25 22:00:00,2025-03-24 14:00:00
22,C010,Large evening-peak households,2.1209349358974356,0.75,230.56352500000003,303.0729021201414,218,341,3.028351923076923,3.620987339743589,-16.366680163776326,You use 16% less than households like yours in the evening.,2025-03-25 20:00:00,2025-03-25 22:00:00,2025-03-24 14:00:00
22,C011,Large evening-peak households,1.9363801282051278,0.6,244.16305,320.9493095406361,218,341,2.9001153846153844,3.620987339743589,-19.908160053916436,You use 20% less than households like yours in the evening.,2025-03-25 20:00:00,2025-03-25 22:00:00,2025-03-24 14:00:00
22,C013,Large evening-peak households,2.2673647435897433,0.75,226.84456666666665,298.184377385159,218,218,3.3141634615384614,3.620987339743589,-8.473486632705395,You use 8% less than households like yours in the evening.,2025-03-25 20:00:00,2025-03-25 22:00:00,2025-03-24 14:00:00
22,C015,Large evening-peak households,3.4858149973968504,0.55,297.01598333333334,390.4238367491166,218,341,4.578681343550697,3.620987339743589,26.448421768713626,You use 26% more than households like yours in the evening.,2025-03-25 20:00:00,2025-03-25 22:00:00,2025-03-24 14:00:00
22,C016,Large evening-peak households,2.904427884615385,0.7,267.76651666666663,351.97577455830384,218,341,4.040725961538461,3.620987339743589,11.591827930130094,You use 12% more than households like yours in the evening.,2025-03-25 20:00:00,2025-03-25 22:00:00,2025-03-24 14:00:00
22,C021,Large evening-peak households,3.566325961538461,0.65,281.7473083333333,370.35335229681976,218,341,4.61319358974359,3.620987339743589,27.40153877672107,You use 27% more than households like yours in the evening.,2025-03-25 20:00:00,2025-03-25 22:00:00,2025-03-24 14:00:00
22,C022,Large evening-peak households,3.1077483974358975,0.7,305.2926166666666,401.3033689045936,341,341,4.26066314102564,3.620987339743589,17.665783977232795,You use 18% more than households like yours in the evening.,2025-03-25 20:00:00,2025-03-25 22:00:00,2025-03-24 14:00:00
22,C023,Large evening-peak households,2.047457051282051,0.65,219.911325,289.07071696113076,218,218,2.9380403846153844,3.620987339743589,-18.860793784950538,You use 19% less than households like yours in the evening.,2025-03-25 20:00:00,2025-03-25 22:00:00,2025-03-24 14:00:00
22,C027,Large evening-peak households,2.1846384615384618,0.65,245.64846666666665,322.90187137809187,218,341,3.2434496794871794,3.620987339743589,-10.426373384755994,You use 10% less than households like yours in the evening.,2025-03-25 20:00:00,2025-03-25 22:00:00,2025-03-24 14:00:00
22,C029,Large evening-peak households,2.7051477564102564,0.7,293.50525,385.80902120141343,218,341,3.7279999999999998,3.620987339743589,2.955344777979496,In the evening you use about the same as households like yours.,2025-03-25 20:00:00,2025-03-25 22:00:00,2025-03-24 14:00:00
22,C031,Large evening-peak households,2.8975714743589744,0.55,292.9814583333333,385.12050353356886,218,341,3.999990384615385,3.620987339743589,10.466842584946278,You use 10% more than households like yours in the evening.,2025-03-25 20:00:00,2025-03-25 22:00:00,2025-03-24 14:00:00
22,C033,Large evening-peak households,3.054348076923077,0.7,277.94925,365.36085159010605,218,341,3.932269230769231,3.620987339743589,8.596602578778544,You use 9% more than households like yours in the evening.,2025-03-25 20:00:00,2025-03-25 22:00:00,2025-03-24 14:00:00
22,C034,Large evening-peak households,2.5743663461538464,0.5,266.11725,349.8078339222615,218,341,3.513974679487179,3.620987339743589,-2.955344777979474,In the evening you use about the same as households like yours.,2025-03-25 20:00:00,2025-03-25 22:00:00,2025-03-24 14:00:00
22,C035,Large evening-peak households,2.3676930725139056,0.75,274.40212499999996,360.6981996466431,218,341,3.3941828161036494,3.620987339743589,-6.263609959376448,You use 6% less than households like yours in the evening.,2025-03-25 20:00:00,2025-03-25 22:00:00,2025-03-24 14:00:00
22,C042,Large evening-peak households,2.4011298076923073,0.55,274.045275,360.22912473498235,218,341,3.447513782051282,3.620987339743589,-4.790780563861108,In the evening you use about the same as households like yours.,2025-03-25 20:00:00,2025-03-25 22:00:00,2025-03-24 14:00:00
22,C005,"Daytime-occupied, high base load",3.037275961538462,0.55,306.3854083333333,402.7398300353357,341,341,4.143537820512821,3.894001282051282,6.408229489079353,You use 6% more than households like yours in the evening.,2025-03-25 20:00:00,2025-03-25 22:00:00,2025-03-24 14:00:00
22,C019,"Daytime-occupied, high base load",2.2653096153846155,0.75,264.9882333333333,348.3237554770318,218,341,3.4030621794871796,3.894001282051282,-12.607574240588992,You use 13% less than households like yours in the evening.,2025-03-25 20:00:00,2025-03-25 22:00:00,2025-03-24 14:00:00
22,C024,"Daytime-occupied, high base load",2.7159887820512827,0.6,266.79431666666665,350.6978296819788,218,341,3.894001282051282,3.894001282051282,0.0,In the evening you use about the same as households like yours.,2025-03-25 20:00:00,2025-03-25 22:00:00,2025-03-24 14:00:00
22,C037,"Daytime-occupied, high base load",3.265323076923077,0.8,338.75441666666666,445.28849116607773,341,341,4.472260576923077,3.894001282051282,14.850002683285691,You use 15% more than households like yours in the evening.,2025-03-25 20:00:00,2025-03-25 22:00:00,2025-03-24 14:00:00
22,C041,"Daytime-occupied, high base load",2.2487153846153847,0.65,272.35490000000004,358.0071477031803,218,341,3.318702884615384,3.894001282051282,-14.773965280587742,You use 15% less than households like yours in the evening.,2025-03-25 20:00:00,2025-03-25 22:00:00,2025-03-24 14:00:00
22,C044,"Daytime-occupied, high base load",2.3739394230769233,0.8,255.95023333333336,336.443416254417,218,341,3.414524358974359,3.894001282051282,-12.31321944568915,You use 12% less than households like yours in the evening.,2025-03-25 20:00:00,2025-03-25 22:00:00,2025-03-24 14:00:00
22,C047,"Daytime-occupied, high base load",3.3308929487179486,0.7,316.70004166666666,416.2982879858658,341,341,4.587084935897436,3.894001282051282,17.798752584925982,You use 18% more than households like yours in the evening.,2025-03-25 20:00:00,2025-03-25 22:00:00,2025-03-24 14:00:00
22,C001,Medium AC users,1.0046455128205127,0.55,199.25670833333334,261.9204787985866,176,218,2.1915836538461537,1.8986878205128206,15.426223846225785,You use 15% more than households like yours in the evening.,2025-03-25 20:00:00,2025-03-25 22:00:00,2025-03-24 14:00:00
22,C004,Medium AC users,0.9899471962053242,0.55,197.88934166666667,260.1230922261484,176,218,1.9775807815720026,1.8986878205128206,4.155130728013701,In the evening you use about the same as households like yours.,2025-03-25 20:00:00,2025-03-25 22:00:00,2025-03-24 14:00:00
22,C008,Medium AC users,1.4662746794871793,0.8,182.70046666666667,240.1575038869258,176,218,2.342258333333333,1.8986878205128206,23.361950712924862,You use 23% more than households like yours in the evening.,2025-03-25 20:00:00,2025-03-25 22:00:00,2025-03-24 14:00:00
22,C012,Medium AC users,1.72108749097147,0.6,197.7212166666667,259.9020939929329,176,218,2.6588598320693393,1.8986878205128206,40.03670341926995,You use 40% more than households like yours in the evening.,2025-03-25 20:00:00,2025-03-25 22:00:00,2025-03-24 14:00:00
22,C014,Medium AC users,0.9052983974358975,0.6,195.74001666666663,257.2978310954063,176,218,1.8238317307692307,1.8986878205128206,-3.9425169811945104,In the evening you use about the same as households like yours.,2025-03-25 20:00:00,2025-03-25 22:00:00,2025-03-24 14:00:00
22,C017,Medium AC users,0.8077426282051282,0.75,175.27289166666668,230.39404840989403,176,218,1.6972448717948718,1.8986878205128206,-10.609587660573949,You use 11% less than households like yours in the evening.,2025-03-25 20:00:00,2025-03-25 22:00:00,2025-03-24 14:00:00
22,C020,Medium AC users,0.9303913461538463,0.45,163.58269166666668,215.02742508833924,176,218,2.1950535256410255,1.8986878205128206,15.608974889203164,You use 16% more than households like yours in the evening.,2025-03-25 20:00:00,2025-03-25 22:00:00,2025-03-24 14:00:00
22,C025,Medium AC users,1.002664423076923,0.6,152.61630000000002,200.612238869258,176,218,1.8974865384615383,1.8986878205128206,-0.06326906605204075,In the evening you use about the same as households like yours.,2025-03-25 20:00:00,2025-03-25 22:00:00,2025-03-24 14:00:00
22,C028,Medium AC users,1.2911602564102564,0.5,217.29380833333335,285.6300236749117,218,218,2.178165705128205,1.8986878205128206,14.719527960099299,You use 15% more than households like yours in the evening.,2025-03-25 20:00:00,2025-03-25 22:00:00,2025-03-24 14:00:00
22,C030,Medium AC users,1.0380003205128205,0.65,201.87223333333333,265.35855406360423,218,218,1.9834339743589746,1.8986878205128206,4.46340640786671,In the evening you use about the same as households like yours.,2025-03-25 20:00:00,2025-03-25 22:00:00,2025-03-24 14:00:00
22,C032,Medium AC users,0.8215637820512822,0.75,170.64176666666665,224.3064918727915,176,218,1.6611129919900567,1.8986878205128206,-12.512579790952516,You use 13% less than households like yours in the evening.,2025-03-25 20:00:00,2025-03-25 22:00:00,2025-03-24 14:00:00
22,C036,Medium AC users,0.8966961538461539,0.25,179.53573333333333,235.99750106007068,176,218,1.8578378205128205,1.8986878205128206,-2.151485860849245,In the evening you use about the same as households like yours.,2025-03-25 20:00:00,2025-03-25 22:00:00,2025-03-24 14:00:00
22,C038,Medium AC users,0.9821891025641027,0.4,148.61974166666667,195.35881236749117,176,176,1.859536217948718,1.8986878205128206,-2.062034745318375,In the evening you use about the same as households like yours.,2025-03-25 20:00:00,2025-03-25 22:00:00,2025-03-24 14:00:00
22,C039,Medium AC users,0.9385240384615385,0.75,182.56311666666667,239.97695901060075,176,218,1.8986878205128206,1.8986878205128206,0.0,In the evening you use about the same as households like yours.,2025-03-25 20:00:00,2025-03-25 22:00:00,2025-03-24 14:00:00
22,C040,Medium AC users,0.9290212640720694,0.55,172.47536666666667,226.71673639575974,176,218,1.8901638363701052,1.8986878205128206,-0.4489407921947408,In the evening you use about the same as households like yours.,2025-03-25 20:00:00,2025-03-25 22:00:00,2025-03-24 14:00:00
22,C048,Medium AC users,0.8263544871794871,0.85,183.34453333333335,241.00412155477036,176,218,1.9623728217223027,1.8986878205128206,3.3541586205720453,In the evening you use about the same as households like yours.,2025-03-25 20:00:00,2025-03-25 22:00:00,2025-03-24 14:00:00
22,C049,Medium AC users,0.798359935897436,0.75,172.29759166666668,226.48305335689048,176,218,1.610963782051282,1.8986878205128206,-15.15383599942336,You use 15% less than households like yours in the evening.,2025-03-25 20:00:00,2025-03-25 22:00:00,2025-03-24 14:00:00
22,C003,Low consumers without AC,2.349875641025641,0.7,258.6631166666667,340.00946784452304,218,341,3.394337820512821,2.9774048076923076,14.003235695171213,You use 14% more than households like yours in the evening.,2025-03-25 20:00:00,2025-03-25 22:00:00,2025-03-24 14:00:00
22,C006,Low consumers without AC,1.913069871794872,0.3,202.09116666666668,265.64633922261487,218,218,2.9477782051282047,2.9774048076923076,-0.9950478513220951,In the evening you use about the same as households like yours.,2025-03-25 20:00:00,2025-03-25 22:00:00,2025-03-24 14:00:00
22,C018,Low consumers without AC,2.1979493589743586,0.9,196.041025,257.69350282685514,176,218,3.1729006410256413,2.9774048076923076,6.565980978745589,You use 7% more than households like yours in the evening.,2025-03-25 20:00:00,2025-03-25 22:00:00,2025-03-24 14:00:00
22,C026,Low consumers without AC,1.8186294871794872,0.75,223.3593,293.6030374558304,218,218,2.7579993589743594,2.9774048076923076,-7.369016404860396,You use 7% less than households like yours in the evening.,2025-03-25 20:00:00,2025-03-25 22:00:00,2025-03-24 14:00:00
22,C043,Low consumers without AC,0.9254157051282051,0.5,209.3901666666667,275.24078445229685,218,218,2.200901923076923,2.9774048076923076,-26.079855940624597,You use 26% less than households like yours in the evening.,2025-03-25 20:00:00,2025-03-25 22:00:00,2025-03-24 14:00:00
22,C045,Low consumers without AC,1.4658282051282052,0.95,211.63163333333333,278.18716466431096,218,218,2.434308012820513,2.9774048076923076,-18.24060985824537,You use 18% less than households like yours in the evening.,2025-03-25 20:00:00,2025-03-25 22:00:00,2025-03-24 14:00:00
22,C046,Low consumers without AC,2.027125,0.7,223.21449166666667,293.41268869257954,218,218,3.00703141025641,2.9774048076923076,0.9950478513220729,In the evening you use about the same as households like yours.,2025-03-25 20:00:00,2025-03-25 22:00:00,2025-03-24 14:00:00
22,C050,Low consumers without AC,2.2313961538461538,0.65,225.68345000000002,296.6581038869258,218,218,3.4127958333333335,2.9774048076923076,14.623171982397775,You use 15% more than households like yours in the evening.,2025-03-25 20:00:00,2025-03-25 22:00:00,2025-03-24 14:00:00
23,C002,Large evening-peak households,2.162828735632184,0.2727272727272727,141.29775833333332,272.0170748663101,176,218,4.374165804597701,4.528628591954023,-3.4108071399530315,In the evening you use about the same as households like yours.,2025-06-17 19:00:00,2025-06-17 21:00:00,2025-06-16 14:00:00
23,C007,Large evening-peak households,2.7816063218390807,0.5,174.27543333333332,335.50350802139036,176,341,4.863857758620689,4.528628591954023,7.4024433635883735,You use 7% more than households like yours in the evening.,2025-06-17 19:00:00,2025-06-17 21:00:00,2025-06-16 14:00:00
23,C009,Large evening-peak households,1.8472382183908045,0.45454545454545453,139.74735,269.03233155080216,176,218,3.7177614942528736,4.528628591954023,-17.905356582825327,You use 18% less than households like yours in the evening.,2025-06-17 19:00:00,2025-06-17 21:00:00,2025-06-16 14:00:00
23,C010,Large evening-peak households,1.483735344827586,0.7727272727272727,123.05106666666669,236.8897540106952,176,218,2.9112244252873563,4.528628591954023,-35.715098596080395,You use 36% less than households like yours in the evening.,2025-06-17 19:00:00,2025-06-17 21:00:00,2025-06-16 14:00:00
23,C011,Large evening-peak households,1.9575103448275866,0.6363636363636364,144.98610000000002,279.11762566844925,176,218,3.6348887931034484,4.528628591954023,-19.735330038733466,You use 20% less than households like yours in the evening.,2025-06-17 19:00:00,2025-06-17 21:00:00,2025-06-16 14:00:00
23,C013,Large evening-peak households,2.384392816091954,0.7727272727272727,148.72905,286.32330481283424,176,218,4.416985344827586,4.528628591954023,-2.4652771773952087,In the evening you use about the same as households like yours.,2025-06-17 19:00:00,2025-06-17 21:00:00,2025-06-16 14:00:00
23,C015,Large evening-peak households,2.9260775862068966,0.5454545454545454,188.37789166666664,362.65262566844916,176,341,5.674718390804598,4.528628591954023,25.307657176541774,You use 25% more than households like yours in the evening.,2025-06-17 19:00:00,2025-06-17 21:00:00,2025-06-16 14:00:00
23,C016,Large evening-peak households,3.1311985632183905,0.7272727272727273,175.680025,338.2075347593583,176,341,5.692444827586207,4.528628591954023,25.69908774810825,You use 26% more than households like yours in the evening.,2025-06-17 19:00:00,2025-06-17 21:00:00,2025-06-16 14:00:00
23,C021,Large evening-peak households,3.117824712643678,0.6363636363636364,185.96651666666668,358.0104064171123,176,341,5.661403735632184,4.528628591954023,25.013646420259604,You use 25% more than households like yours in the evening.,2025-06-17 19:00:00,2025-06-17 21:00:00,2025-06-16 14:00:00
23,C022,Large evening-peak households,2.7052997126436784,0.6818181818181818,171.83269166666668,330.80090374331553,176,341,5.173625287356322,4.528628591954023,14.24264945348488,You use 14% more than households like yours in the evening.,2025-06-17 19:00:00,2025-06-17 21:00:00,2025-06-16 14:00:00
23,C023,Large evening-peak households,2.293287068965517,0.6818181818181818,172.09165833333333,331.29944919786095,176,341,4.477356609195402,4.528628591954023,-1.1321746024771318,In the evening you use about the same as households like yours.,2025-06-17 19:00:00,2025-06-17 21:00:00,2025-06-16 14:00:00
23,C027,Large evening-peak households,2.115416954022989,0.6363636363636364,189.75109166666667,365.2962192513369,176,341,4.068038505747126,4.528628591954023,-10.170630619283362,You use 10% less than households like yours in the evening.,2025-06-17 19:00:00,2025-06-17 21:00:00,2025-06-16 14:00:00
23,C029,Large evening-peak households,2.4188275862068966,0.7272727272727273,193.55178333333333,372.6130588235294,176,341,4.758552586206896,4.528628591954023,5.077121905324211,You use 5% more than households like yours in the evening.,2025-06-17 19:00:00,2025-06-17 21:00:00,2025-06-16 14:00:00
23,C031,Large evening-peak households,2.426949712643678,0.5909090909090909,177.79123333333334,342.27189304812833,176,341,4.777124712643677,4.528628591954023,5.487226776140464,You use 5% more than households like yours in the evening.,2025-06-17 19:00:00,2025-06-17 21:00:00,2025-06-16 14:00:00
23,C033,Large evening-peak households,2.4666752873563214,0.7272727272727273,181.40620833333335,349.23120320855617,176,341,4.999023275862069,4.528628591954023,10.387133198421106,You use 10% more than households like yours in the evening.,2025-06-17 19:00:00,2025-06-17 21:00:00,2025-06-16 14:00:00
23,C034,Large evening-peak households,2.4648112068965515,0.5454545454545454,160.474875,308.9355882352941,176,341,4.373625574712643,4.528628591954023,-3.4227363559195867,In the evening you use about the same as households like yours.,2025-06-17 19:00:00,2025-06-17 21:00:00,2025-06-16 14:00:00
23,C035,Large evening-peak households,2.1662925287356325,0.7272727272727273,173.4232,333.86284491978614,176,341,3.9563313218390808,4.528628591954023,-12.637319632078858,You use 13% less than households like yours in the evening.,2025-06-17 19:00:00,2025-06-17 21:00:00,2025-06-16 14:00:00
23,C042,Large evening-peak households,2.4745591954022985,0.5454545454545454,161.77775833333334,311.44381283422456,176,341,4.579900574712644,4.528628591954023,1.1321746024771207,In the evening you use about the same as households like yours.,2025-06-17 19:00:00,2025-06-17 21:00:00,2025-06-16 14:00:00
23,C005,"Daytime-occupied, high base load",1.8062178160919538,0.5454545454545454,173.96401666666668,334.90398930481285,176,341,3.598216666666667,4.0921071839080465,-12.06934459545861,You use 12% less than households like yours in the evening.,2025-06-17 19:00:00,2025-06-17 21:00:00,2025-06-16 14:00:00
23,C019,"Daytime-occupied, high base load",2.229166379310345,0.7727272727272727,178.553225,343.7388288770053,176,341,4.0921071839080465,4.0921071839080465,0.0,In the evening you use about the same as households like yours.,2025-06-17 19:00:00,2025-06-17 21:00:00,2025-06-16 14:00:00
23,C024,"Daytime-occupied, high base load",2.3862126436781605,0.5909090909090909,176.7176333333333,340.2050695187165,176,341,4.413051724137931,4.0921071839080465,7.843014022017281,You use 8% more than households like yours in the evening.,2025-06-17 19:00:00,2025-06-17 21:00:00,2025-06-16 14:00:00
23,C037,"Daytime-occupied, high base load",2.912809482758621,0.8181818181818182,189.89966666666666,365.5822459893048,176,341,5.300183045977011,4.0921071839080465,29.522097241725408,You use 30% more than households like yours in the evening.,2025-06-17 19:00:00,2025-06-17 21:00:00,2025-06-16 14:00:00
23,C041,"Daytime-occupied, high base load",2.013541091954023,0.5909090909090909,143.96276666666665,277.14757219251334,176,218,3.9692902298850576,4.0921071839080465,-3.0013132233182693,In the evening you use about the same as households like yours.,2025-06-17 19:00:00,2025-06-17 21:00:00,2025-06-16 14:00:00
23,C044,"Daytime-occupied, high base load",1.806273275862069,0.8181818181818182,149.626025,288.05010160427804,176,218,3.5604658045977016,4.0921071839080465,-12.99187326766491,You use 13% less than households like yours in the evening.,2025-06-17 19:00:00,2025-06-17 21:00:00,2025-06-16 14:00:00
23,C047,"Daytime-occupied, high base load",2.766742816091954,0.6363636363636364,203.05951666666664,390.91671657754006,218,341,5.38381551724138,4.0921071839080465,31.565847991785123,You use 32% more than households like yours in the evening.,2025-06-17 19:00:00,2025-06-17 21:00:00,2025-06-16 14:00:00
23,C001,Medium AC users,1.6046022988505748,0.5,110.47030000000001,212.6700962566845,176,218,2.6695011494252876,2.3292402298850576,14.60823641866349,You use 15% more than households like yours in the evening.,2025-06-17 19:00:00,2025-06-17 21:00:00,2025-06-16 14:00:00
23,C004,Medium AC users,1.2830600574712645,0.5909090909090909,116.84173333333334,224.93595721925132,176,218,2.3292402298850576,2.3292402298850576,0.0,In the evening you use about the same as households like yours.,2025-06-17 19:00:00,2025-06-17 21:00:00,2025-06-16 14:00:00
23,C008,Medium AC users,1.3326125678383567,0.7727272727272727,110.79721666666666,213.2994545454545,176,218,2.531318813837633,2.3292402298850576,8.675729594561709,You use 9% more than households like yours in the evening.,2025-06-17 19:00:00,2025-06-17 21:00:00,2025-06-16 14:00:00
23,C012,Medium AC users,1.4398327586206896,0.6363636363636364,115.84071666666667,223.0088663101604,176,218,2.450455172413793,2.3292402298850576,5.2040549949936565,You use 5% more than households like yours in the evening.,2025-06-17 19:00:00,2025-06-17 21:00:00,2025-06-16 14:00:00
23,C014,Medium AC users,1.2204140804597703,0.5454545454545454,104.84620833333332,201.84296791443847,176,218,2.243103735632184,2.3292402298850576,-3.698051113307632,In the evening you use about the same as households like yours.,2025-06-17 19:00:00,2025-06-17 21:00:00,2025-06-16 14:00:00
23,C017,Medium AC users,1.463358908045977,0.7272727272727273,107.565625,207.07820855614972,176,218,2.4292879310344833,2.3292402298850576,4.295293369304498,In the evening you use about the same as households like yours.,2025-06-17 19:00:00,2025-06-17 21:00:00,2025-06-16 14:00:00
23,C020,Medium AC users,1.7583281609195403,0.45454545454545453,107.04073333333334,206.06772192513367,176,218,2.8121002873563214,2.3292402298850576,20.730367408049275,You use 21% more than households like yours in the evening.,2025-06-17 19:00:00,2025-06-17 21:00:00,2025-06-16 14:00:00
23,C025,Medium AC users,1.0977734678027784,0.5909090909090909,77.645375,149.4777272727273,96,176,1.8180571661563039,2.3292402298850576,-21.946343583202644,You use 22% less than households like yours in the evening.,2025-06-17 19:00:00,2025-06-17 21:00:00,2025-06-16 14:00:00
23,C028,Medium AC users,1.420591091954023,0.5,123.56208333333333,237.8735294117647,176,218,2.7887672413793103,2.3292402298850576,19.728622475189226,You use 20% more than households like yours in the evening.,2025-06-17 19:00:00,2025-06-17 21:00:00,2025-06-16 14:00:00
23,C030,Medium AC users,1.3244382183908048,0.6363636363636364,123.58181666666667,237.91151871657755,176,218,2.348136494252874,2.3292402298850576,0.8112630086570594,In the evening you use about the same as households like yours.,2025-06-17 19:00:00,2025-06-17 21:00:00,2025-06-16 14:00:00
23,C032,Medium AC users,1.3863511494252874,0.7727272727272727,76.15678333333334,146.61198930481282,96,176,2.265380172413793,2.3292402298850576,-2.741669006567693,In the evening you use about the same as households like yours.,2025-06-17 19:00:00,2025-06-17 21:00:00,2025-06-16 14:00:00
23,C036,Medium AC users,1.17171408045977,0.22727272727272727,87.06428333333335,167.61038502673802,96,176,2.091591666666667,2.3292402298850576,-10.202836108069368,You use 10% less than households like yours in the evening.,2025-06-17 19:00:00,2025-06-17 21:00:00,2025-06-16 14:00:00
23,C038,Medium AC users,1.0847169540229886,0.36363636363636365,80.42466666666667,154.82823529411763,96,176,1.7312183908045975,2.3292402298850576,-25.6745453477751,You use 26% less than households like yours in the evening.,2025-06-17 19:00:00,2025-06-17 21:00:00,2025-06-16 14:00:00
23,C039,Medium AC users,1.1332681034482757,0.7727272727272727,92.23263333333333,177.56014973262032,96,176,2.0781876436781603,2.3292402298850576,-10.778303714052118,You use 11% less than households like yours in the evening.,2025-06-17 19:00:00,2025-06-17 21:00:00,2025-06-16 14:00:00
23,C040,Medium AC users,1.398058908045977,0.5,91.91768333333333,176.95382887700532,96,176,2.3482787356321837,2.3292402298850576,0.8173697801907576,In the evening you use about the same as households like yours.,2025-06-17 19:00:00,2025-06-17 21:00:00,2025-06-16 14:00:00
23,C048,Medium AC users,1.1996922413793103,0.8181818181818182,89.30891666666668,171.9316042780749,96,176,2.223460057471265,2.3292402298850576,-4.541402430569075,In the evening you use about the same as households like yours.,2025-06-17 19:00:00,2025-06-17 21:00:00,2025-06-16 14:00:00
23,C049,Medium AC users,1.2693752873563215,0.7727272727272727,96.03666666666668,184.88342245989307,96,176,2.202255172413793,2.3292402298850576,-5.451780191755096,You use 5% less than households like yours in the evening.,2025-06-17 19:00:00,2025-06-17 21:00:00,2025-06-16 14:00:00
23,C003,Low consumers without AC,1.9702557471264368,0.6818181818181818,143.53735,276.32858823529415,176,218,3.784989655172414,3.3339276550936856,13.529447748801049,You use 14% more than households like yours in the evening.,2025-06-17 19:00:00,2025-06-17 21:00:00,2025-06-16 14:00:00
23,C006,Low consumers without AC,1.5346545977011492,0.2727272727272727,111.75279166666667,215.13906417112298,176,218,2.6460864942528737,3.3339276550936856,-20.63155629036837,You use 21% less than households like yours in the evening.,2025-06-17 19:00:00,2025-06-17 21:00:00,2025-06-16 14:00:00
23,C018,Low consumers without AC,1.7044307471264368,0.9090909090909091,120.55772499999999,232.0897379679144,176,218,2.9664163793103446,3.3339276550936856,-11.023372844394064,You use 11% less than households like yours in the evening.,2025-06-17 19:00:00,2025-06-17 21:00:00,2025-06-16 14:00:00
23,C026,Low consumers without AC,1.912987643678161,0.7727272727272727,137.443125,264.5963903743316,176,218,3.406389942528736,3.3339276550936856,2.1734810989176623,In the evening you use about the same as households like yours.,2025-06-17 19:00:00,2025-06-17 21:00:00,2025-06-16 14:00:00
23,C043,Low consumers without AC,1.8326416666666667,0.5,134.49633333333333,258.923422459893,176,218,3.299463793103448,3.3339276550936856,-1.0337315489609478,In the evening you use about the same as households like yours.,2025-06-17 19:00:00,2025-06-17 21:00:00,2025-06-16 14:00:00
23,C045,Low consumers without AC,1.665576436781609,0.9545454545454546,132.06059166666668,254.2342941176471,176,218,3.1859617816091954,3.3339276550936856,-4.438184891577446,In the evening you use about the same as households like yours.,2025-06-17 19:00:00,2025-06-17 21:00:00,2025-06-16 14:00:00
23,C046,Low consumers without AC,1.8513422413793104,0.6818181818181818,135.37501666666668,260.61500534759364,176,218,3.3968583333333333,3.3339276550936856,1.8875837975518284,In the evening you use about the same as households like yours.,2025-06-17 19:00:00,2025-06-17 21:00:00,2025-06-16 14:00:00
23,C050,Low consumers without AC,1.8326652298850572,0.6818181818181818,132.58355833333331,255.24107486631013,176,218,3.368391517083923,3.3339276550936856,1.0337315489609589,In the evening you use about the same as households like yours.,2025-06-17 19:00:00,2025-06-17 21:00:00,2025-06-16 14:00:00
24,C002,Large evening-peak households,2.110760119047619,0.2608695652173913,253.32452500000002,352.1113088803089,218,341,4.2388023809523805,4.475317559523809,-5.284880355989641,You use 5% less than households like yours in the evening.,2025-06-23 19:00:00,2025-06-23 21:00:00,2025-06-22 14:00:00
24,C007,Large evening-peak households,2.5918366071428567,0.5217391304347826,275.1270416666667,382.4159652509653,218,341,4.622724107142858,4.475317559523809,3.2937673284291646,In the evening you use about the same as households like yours.,2025-06-23 19:00:00,2025-06-23 21:00:00,2025-06-22 14:00:00
24,C009,Large evening-peak households,1.7566077380952383,0.4782608695652174,222.73508333333334,309.593166023166,218,341,3.6069699404761906,4.475317559523809,-19.40303916980618,You use 19% less than households like yours in the evening.,2025-06-23 19:00:00,2025-06-23 21:00:00,2025-06-22 14:00:00
24,C010,Large evening-peak households,1.5012080357142854,0.782608695652174,204.39025833333335,284.0945675675676,218,218,2.9319723214285713,4.475317559523809,-34.485714534623,You use 34% less than households like yours in the evening.,2025-06-23 19:00:00,2025-06-23 21:00:00,2025-06-22 14:00:00
24,C011,Large evening-peak households,1.7349482142857144,0.6521739130434783,242.22864166666665,336.68845945945947,218,341,3.2698327380952383,4.475317559523809,-26.93629681905386,You use 27% less than households like yours in the evening.,2025-06-23 19:00:00,2025-06-23 21:00:00,2025-06-22 14:00:00
24,C013,Large evening-peak households,2.1674035714285713,0.7391304347826086,240.68703333333335,334.54568339768343,218,341,4.000696130952381,4.475317559523809,-10.605312857886439,You use 11% less than households like yours in the evening.,2025-06-23 19:00:00,2025-06-23 21:00:00,2025-06-22 14:00:00
24,C015,Large evening-peak households,2.844195238095238,0.5652173913043478,291.389325,405.0199111969112,218,341,5.592232440476191,4.475317559523809,24.957220713321316,You use 25% more than households like yours in the evening.,2025-06-23 19:00:00,2025-06-23 21:00:00,2025-06-22 14:00:00
24,C016,Large evening-peak households,2.9186779761904766,0.6956521739130435,289.1138833333333,401.85713513513514,218,341,5.451098214285714,4.475317559523809,21.803607046507146,You use 22% more than households like yours in the evening.,2025-06-23 19:00:00,2025-06-23 21:00:00,2025-06-22 14:00:00
24,C021,Large evening-peak households,3.153280357142857,0.6521739130434783,304.12329166666666,422.71963320463317,341,341,5.657811309523809,4.475317559523809,26.42256631562525,You use 26% more than households like yours in the evening.,2025-06-23 19:00:00,2025-06-23 21:00:00,2025-06-22 14:00:00
24,C022,Large evening-peak households,2.4326163392857145,0.6956521739130435,267.74563333333333,372.1560926640927,218,341,4.761744345238095,4.475317559523809,6.400144389860074,You use 6% more than households like yours in the evening.,2025-06-23 19:00:00,2025-06-23 21:00:00,2025-06-22 14:00:00
24,C023,Large evening-peak households,2.2195074404761903,0.6956521739130435,278.57085,387.20272586872585,218,341,4.278877380952381,4.475317559523809,-4.389413174789992,In the evening you use about the same as households like yours.,2025-06-23 19:00:00,2025-06-23 21:00:00,2025-06-22 14:00:00
24,C027,Large evening-peak households,2.027199404761905,0.6086956521739131,308.96866666666665,429.45451737451737,341,341,3.946642261904762,4.475317559523809,-11.813134835403726,You use 12% less than households like yours in the evening.,2025-06-23 19:00:00,2025-06-23 21:00:00,2025-06-22 14:00:00
24,C029,Large evening-peak households,2.2950122023809523,0.7391304347826086,307.95441666666665,428.04474903474903,341,341,4.546143452380952,4.475317559523809,1.5825892110476136,In the evening you use about the same as households like yours.,2025-06-23 19:00:00,2025-06-23 21:00:00,2025-06-22 14:00:00
24,C031,Large evening-peak households,2.2478580357142857,0.6086956521739131,290.187375,403.34924710424707,218,341,4.579689583333334,4.475317559523809,2.3321702297396385,In the evening you use about the same as households like yours.,2025-06-23 19:00:00,2025-06-23 21:00:00,2025-06-22 14:00:00
24,C033,Large evening-peak households,2.3888514880952383,0.6956521739130435,289.34691666666663,402.1810424710425,218,341,4.90143125,4.475317559523809,9.52141797333217,You use 10% more than households like yours in the evening.,2025-06-23 19:00:00,2025-06-23 21:00:00,2025-06-22 14:00:00
24,C034,Large evening-peak households,2.5971035714285713,0.5217391304347826,286.67674166666666,398.46960231660233,218,341,4.511377678571429,4.475317559523809,0.8057555372999348,In the evening you use about the same as households like yours.,2025-06-23 19:00:00,2025-06-23 21:00:00,2025-06-22 14:00:00
24,C035,Large evening-peak households,2.0426479166666667,0.7391304347826086,286.6023083333333,398.3661428571429,218,341,3.9262752976190476,4.475317559523809,-12.268230233994426,You use 12% less than households like yours in the evening.,2025-06-23 19:00:00,2025-06-23 21:00:00,2025-06-22 14:00:00
24,C042,Large evening-peak households,2.462046726190476,0.5217391304347826,271.283525,377.0736254826255,218,341,4.43925744047619,4.475317559523809,-0.8057555372999237,In the evening you use about the same as households like yours.,2025-06-23 19:00:00,2025-06-23 21:00:00,2025-06-22 14:00:00
24,C005,"Daytime-occupied, high base load",1.9045806547619046,0.5652173913043478,274.59429166666666,381.67546332046334,218,341,3.669053869047619,3.8165166666666663,-3.863805938723719,In the evening you use about the same as households like yours.,2025-06-23 19:00:00,2025-06-23 21:00:00,2025-06-22 14:00:00
24,C019,"Daytime-occupied, high base load",2.044400892857143,0.782608695652174,279.8625833333333,388.99818532818534,218,341,3.8165166666666663,3.8165166666666663,0.0,In the evening you use about the same as households like yours.,2025-06-23 19:00:00,2025-06-23 21:00:00,2025-06-22 14:00:00
24,C024,"Daytime-occupied, high base load",2.331197321428572,0.5652173913043478,291.341425,404.9533320463321,218,341,4.3728863095238095,3.8165166666666663,14.5779434874858,You use 15% more than households like yours in the evening.,2025-06-23 19:00:00,2025-06-23 21:00:00,2025-06-22 14:00:00
24,C037,"Daytime-occupied, high base load",2.774570833333334,0.8260869565217391,299.13780833333334,415.7900038610039,218,341,5.241691071428571,3.8165166666666663,37.34228169915599,You use 37% more than households like yours in the evening.,2025-06-23 19:00:00,2025-06-23 21:00:00,2025-06-22 14:00:00
24,C041,"Daytime-occupied, high base load",1.865916369047619,0.5652173913043478,241.63595833333335,335.86465250965256,218,341,3.7149184523809526,3.8165166666666663,-2.6620665690541667,In the evening you use about the same as households like yours.,2025-06-23 19:00:00,2025-06-23 21:00:00,2025-06-22 14:00:00
24,C044,"Daytime-occupied, high base load",1.7641122023809523,0.782608695652174,234.75871666666666,326.3055521235521,218,341,3.5323163690476194,3.8165166666666663,-7.446588668175968,You use 7% less than households like yours in the evening.,2025-06-23 19:00:00,2025-06-23 21:00:00,2025-06-22 14:00:00
24,C047,"Daytime-occupied, high base load",2.8349104166666663,0.6086956521739131,338.307575,470.2344671814672,341,341,5.5305616071428565,3.8165166666666663,44.91123949350473,You use 45% more than households like yours in the evening.,2025-06-23 19:00:00,2025-06-23 21:00:00,2025-06-22 14:00:00
24,C001,Medium AC users,1.5890934523809523,0.4782608695652174,182.576075,253.773694980695,176,218,2.690710119047619,2.3378336309523813,15.094165958742067,You use 15% more than households like yours in the evening.,2025-06-23 19:00:00,2025-06-23 21:00:00,2025-06-22 14:00:00
24,C004,Medium AC users,1.326040773809524,0.6086956521739131,212.62646666666666,295.5425791505792,218,218,2.343813392857143,2.3378336309523813,0.25578218336801406,In the evening you use about the same as households like yours.,2025-06-23 19:00:00,2025-06-23 21:00:00,2025-06-22 14:00:00
24,C008,Medium AC users,1.3169472428802027,0.7391304347826086,194.06895,269.7483474903475,176,218,2.584162342903263,2.3378336309523813,10.536622824205555,You use 11% more than households like yours in the evening.,2025-06-23 19:00:00,2025-06-23 21:00:00,2025-06-22 14:00:00
24,C012,Medium AC users,1.2841541666666665,0.6086956521739131,171.35574166666666,238.17786486486486,176,218,2.34183125,2.3378336309523813,0.17099672939473454,In the evening you use about the same as households like yours.,2025-06-23 19:00:00,2025-06-23 21:00:00,2025-06-22 14:00:00
24,C014,Medium AC users,1.1520919642857146,0.5217391304347826,191.79433333333333,266.58671814671817,176,218,2.187336607142857,2.3378336309523813,-6.43745653313299,You use 6% less than households like yours in the evening.,2025-06-23 19:00:00,2025-06-23 21:00:00,2025-06-22 14:00:00
24,C017,Medium AC users,1.306978273809524,0.7391304347826086,202.77448333333336,281.8487027027028,218,218,2.3378336309523813,2.3378336309523813,0.0,In the evening you use about the same as households like yours.,2025-06-23 19:00:00,2025-06-23 21:00:00,2025-06-22 14:00:00
24,C020,Medium AC users,1.6469636904761906,0.4782608695652174,208.58627500000003,289.92686872586876,218,218,2.768809523809524,2.3378336309523813,18.4348401507755,You use 18% more than households like yours in the evening.,2025-06-23 19:00:00,2025-06-23 21:00:00,2025-06-22 14:00:00
24,C025,Medium AC users,1.0612391868909725,0.5652173913043478,110.48932500000001,153.57589575289578,176,176,1.7973657554237914,2.3378336309523813,-23.118320669739678,You use 23% less than households like yours in the evening.,2025-06-23 19:00:00,2025-06-23 21:00:00,2025-06-22 14:00:00
24,C028,Medium AC users,1.4370616071428572,0.5217391304347826,214.08937500000002,297.5759652509653,218,218,2.85686875,2.3378336309523813,22.201542153201693,You use 22% more than households like yours in the evening.,2025-06-23 19:00:00,2025-06-23 21:00:00,2025-06-22 14:00:00
24,C030,Medium AC users,1.3530550595238096,0.6086956521739131,215.87578333333335,300.0590038610039,218,341,2.3919994047619046,2.3378336309523813,2.316921661677762,In the evening you use about the same as households like yours.,2025-06-23 19:00:00,2025-06-23 21:00:00,2025-06-22 14:00:00
24,C032,Medium AC users,1.1432220238095236,0.782608695652174,138.477625,192.47855212355213,176,176,1.9249116071428571,2.3378336309523813,-17.662592339443282,You use 18% less than households like yours in the evening.,2025-06-23 19:00:00,2025-06-23 21:00:00,2025-06-22 14:00:00
24,C036,Medium AC users,1.0637416666666668,0.21739130434782608,163.31334999999999,226.99925096525098,176,218,1.9241964285714286,2.3378336309523813,-17.693183847836348,You use 18% less than households like yours in the evening.,2025-06-23 19:00:00,2025-06-23 21:00:00,2025-06-22 14:00:00
24,C038,Medium AC users,0.9652470238095238,0.391304347826087,113.42046666666667,157.6500694980695,176,176,1.6269872023809524,2.3378336309523813,-30.40620252698846,You use 30% less than households like yours in the evening.,2025-06-23 19:00:00,2025-06-23 21:00:00,2025-06-22 14:00:00
24,C039,Medium AC users,1.1538485119047621,0.782608695652174,165.93385,230.64164478764482,176,218,2.0278053571428574,2.3378336309523813,-13.261348870373869,You use 13% less than households like yours in the evening.,2025-06-23 19:00:00,2025-06-23 21:00:00,2025-06-22 14:00:00
24,C040,Medium AC users,1.2437449404761904,0.4782608695652174,165.9728333333333,230.69583011583012,176,218,2.1374458333333335,2.3378336309523813,-8.57151659407921,You use 9% less than households like yours in the evening.,2025-06-23 19:00:00,2025-06-23 21:00:00,2025-06-22 14:00:00
24,C048,Medium AC users,1.1572455357142855,0.782608695652174,170.94815833333334,237.6113397683398,176,218,2.196001785714286,2.3378336309523813,-6.0668066093443995,You use 6% less than households like yours in the evening.,2025-06-23 19:00:00,2025-06-23 21:00:00,2025-06-22 14:00:00
24,C049,Medium AC users,1.3413428571428572,0.7391304347826086,185.10788333333332,257.2928108108108,176,218,2.361280952380952,2.3378336309523813,1.002950813870318,In the evening you use about the same as households like yours.,2025-06-23 19:00:00,2025-06-23 21:00:00,2025-06-22 14:00:00
24,C003,Low consumers without AC,2.036040773809524,0.6521739130434783,226.40605,314.69566795366796,218,341,3.791776488095238,3.3029140823360432,14.800942245928429,You use 15% more than households like yours in the evening.,2025-06-23 19:00:00,2025-06-23 21:00:00,2025-06-22 14:00:00
24,C006,Low consumers without AC,1.5668276785714284,0.30434782608695654,162.56411666666668,225.9578455598456,176,218,2.814592857142857,3.3029140823360432,-14.78455730364663,You use 15% less than households like yours in the evening.,2025-06-23 19:00:00,2025-06-23 21:00:00,2025-06-22 14:00:00
24,C018,Low consumers without AC,1.6315651785714287,0.9130434782608695,168.02519166666667,233.54852895752896,176,218,2.846672321428571,3.3029140823360432,-13.813309990333966,You use 14% less than households like yours in the evening.,2025-06-23 19:00:00,2025-06-23 21:00:00,2025-06-22 14:00:00
24,C026,Low consumers without AC,1.8358729166666665,0.7391304347826086,242.3245666666667,336.82179150579157,218,341,3.3036726190476196,3.3029140823360432,0.022965680991604565,In the evening you use about the same as households like yours.,2025-06-23 19:00:00,2025-06-23 21:00:00,2025-06-22 14:00:00
24,C043,Low consumers without AC,1.9765291666666662,0.5217391304347826,237.38636666666667,329.9578841698842,218,341,3.446556547619047,3.3029140823360432,4.348961604881052,In the evening you use about the same as households like yours.,2025-06-23 19:00:00,2025-06-23 21:00:00,2025-06-22 14:00:00
24,C045,Low consumers without AC,1.6626458333333336,0.9130434782608695,247.1644666666667,343.5490656370657,218,341,3.167485119047619,3.3029140823360432,-4.1002871982864235,In the evening you use about the same as households like yours.,2025-06-23 19:00:00,2025-06-23 21:00:00,2025-06-22 14:00:00
24,C046,Low consumers without AC,1.9669327380952382,0.6521739130434783,184.88670833333333,256.9853861003861,176,218,3.534111011904762,3.3029140823360432,6.999786364566907,You use 7% more than households like yours in the evening.,2025-06-23 19:00:00,2025-06-23 21:00:00,2025-06-22 14:00:00
24,C050,Low consumers without AC,1.8369836309523804,0.6521739130434783,188.67987499999998,262.2577413127413,176,218,3.3021555456244664,3.3029140823360432,-0.02296568099162677,In the evening you use about the same as households like yours.,2025-06-23 19:00:00,2025-06-23 21:00:00,2025-06-22 14:00:00
25,C002,Large evening-peak households,2.445512962962963,0.25,409.39824999999996,429.68912536443145,341,341,4.757187962962963,4.942156327160493,-3.742665184041305,In the evening you use about the same as households like yours.,2025-06-30 19:00:00,2025-06-30 21:00:00,2025-06-29 14:00:00
25,C007,Large evening-peak households,2.7106632716049384,0.5,415.175325,435.752527696793,341,341,4.827795679012346,4.942156327160493,-2.3139828159554177,In the evening you use about the same as households like yours.,2025-06-30 19:00:00,2025-06-30 21:00:00,2025-06-29 14:00:00
25,C009,Large evening-peak households,2.2986450617283953,0.4583333333333333,368.88245,387.1652536443149,341,341,4.46643086419753,4.942156327160493,-9.625868375480751,You use 10% less than households like yours in the evening.,2025-06-30 19:00:00,2025-06-30 21:00:00,2025-06-29 14:00:00
25,C010,Large evening-peak households,1.7906932098765436,0.7916666666666666,315.10815833333334,330.7257638483965,341,341,3.4287092592592594,4.942156327160493,-30.623213182954533,You use 31% less than households like yours in the evening.,2025-06-30 19:00:00,2025-06-30 21:00:00,2025-06-29 14:00:00
25,C011,Large evening-peak households,2.1660472222222222,0.625,404.4760083333333,424.52292419825073,341,341,4.111088888888889,4.942156327160493,-16.815887302154444,You use 17% less than households like yours in the evening.,2025-06-30 19:00:00,2025-06-30 21:00:00,2025-06-29 14:00:00
25,C013,Large evening-peak households,2.4575212962962962,0.7083333333333334,378.425725,397.18151895043735,341,341,4.752660185185186,4.942156327160493,-3.834280614190566,In the evening you use about the same as households like yours.,2025-06-30 19:00:00,2025-06-30 21:00:00,2025-06-29 14:00:00
25,C015,Large evening-peak households,3.197057098765432,0.5416666666666666,469.3974166666667,492.6620116618076,341,341,6.146185185185185,4.942156327160493,24.362419525415223,You use 24% more than households like yours in the evening.,2025-06-30 19:00:00,2025-06-30 21:00:00,2025-06-29 14:00:00
25,C016,Large evening-peak households,3.1021172839506175,0.7083333333333334,451.99760833333335,474.39982215743447,341,341,5.85869413580247,4.942156327160493,18.545301847393645,You use 19% more than households like yours in the evening.,2025-06-30 19:00:00,2025-06-30 21:00:00,2025-06-29 14:00:00
25,C021,Large evening-peak households,3.1720762345679017,0.625,436.07935833333335,457.69262099125365,341,341,5.783216049382717,4.942156327160493,17.01807200229648,You use 17% more than households like yours in the evening.,2025-06-30 19:00:00,2025-06-30 21:00:00,2025-06-29 14:00:00
25,C022,Large evening-peak households,2.85886200617284,0.7083333333333334,402.56527500000004,422.51748979591844,341,341,5.237348456790123,4.942156327160493,5.972941972866153,You use 6% more than households like yours in the evening.,2025-06-30 19:00:00,2025-06-30 21:00:00,2025-06-29 14:00:00
25,C023,Large evening-peak households,2.6421635802469132,0.7083333333333334,444.5964916666667,466.6318862973761,341,341,4.905881172839506,4.942156327160493,-0.7339944736598158,In the evening you use about the same as households like yours.,2025-06-30 19:00:00,2025-06-30 21:00:00,2025-06-29 14:00:00
25,C027,Large evening-peak households,2.445438580246914,0.5833333333333334,487.62261666666666,511.79050145772595,341,414,4.612505246913581,4.942156327160493,-6.670187230526414,You use 7% less than households like yours in the evening.,2025-06-30 19:00:00,2025-06-30 21:00:00,2025-06-29 14:00:00
25,C029,Large evening-peak households,2.6710787037037034,0.75,441.6561833333333,463.5458483965014,341,341,5.008140740740741,4.942156327160493,1.3351340834286907,In the evening you use about the same as households like yours.,2025-06-30 19:00:00,2025-06-30 21:00:00,2025-06-29 14:00:00
25,C031,Large evening-peak households,2.641461111111111,0.625,468.908325,492.1486793002915,341,341,5.535369753086421,4.942156327160493,12.00312953812932,You use 12% more than households like yours in the evening.,2025-06-30 19:00:00,2025-06-30 21:00:00,2025-06-29 14:00:00
25,C033,Large evening-peak households,2.8561404320987656,0.7083333333333334,454.159,476.66833819241987,341,341,5.595180555555555,4.942156327160493,13.213346263578352,You use 13% more than households like yours in the evening.,2025-06-30 19:00:00,2025-06-30 21:00:00,2025-06-29 14:00:00
25,C034,Large evening-peak households,2.7850283950617287,0.5416666666666666,443.525025,465.5073148688047,341,341,4.978431481481481,4.942156327160493,0.733994473659827,In the evening you use about the same as households like yours.,2025-06-30 19:00:00,2025-06-30 21:00:00,2025-06-29 14:00:00
25,C035,Large evening-peak households,2.53445,0.75,448.11929166666664,470.3292857142857,341,341,4.710008950617284,4.942156327160493,-4.697289223074597,In the evening you use about the same as households like yours.,2025-06-30 19:00:00,2025-06-30 21:00:00,2025-06-29 14:00:00
25,C042,Large evening-peak households,2.6812472222222223,0.5416666666666666,457.91035,480.6056151603499,341,341,5.149811419753086,4.942156327160493,4.20171032331349,In the evening you use about the same as households like yours.,2025-06-30 19:00:00,2025-06-30 21:00:00,2025-06-29 14:00:00
25,C005,"Daytime-occupied, high base load",2.300376234567901,0.5416666666666666,428.6577583333334,449.90318658892136,341,341,4.374620987654321,4.374620987654321,0.0,In the evening you use about the same as households like yours.,2025-06-30 19:00:00,2025-06-30 21:00:00,2025-06-29 14:00:00
25,C019,"Daytime-occupied, high base load",2.326669135802469,0.75,449.30813333333333,471.57704956268225,341,341,4.348274691358025,4.374620987654321,-0.6022532322376817,In the evening you use about the same as households like yours.,2025-06-30 19:00:00,2025-06-30 21:00:00,2025-06-29 14:00:00
25,C024,"Daytime-occupied, high base load",2.644514197530864,0.5833333333333334,463.4399583333333,486.4092857142857,341,341,4.9439114197530865,4.374620987654321,13.013480109599618,You use 13% more than households like yours in the evening.,2025-06-30 19:00:00,2025-06-30 21:00:00,2025-06-29 14:00:00
25,C037,"Daytime-occupied, high base load",3.1194919753086423,0.7916666666666666,484.2003083333334,508.1985743440234,341,414,5.984558024691359,4.374620987654321,36.80174903335542,You use 37% more than households like yours in the evening.,2025-06-30 19:00:00,2025-06-30 21:00:00,2025-06-29 14:00:00
25,C041,"Daytime-occupied, high base load",2.230054938271605,0.5833333333333334,424.32440833333334,445.3550641399417,341,341,4.329241358024692,4.374620987654321,-1.0373385433319893,In the evening you use about the same as households like yours.,2025-06-30 19:00:00,2025-06-30 21:00:00,2025-06-29 14:00:00
25,C044,"Daytime-occupied, high base load",2.0716092592592594,0.7916666666666666,373.5670416666667,392.0820262390671,341,341,3.946576851851852,4.374620987654321,-9.784713624573616,You use 10% less than households like yours in the evening.,2025-06-30 19:00:00,2025-06-30 21:00:00,2025-06-29 14:00:00
25,C047,"Daytime-occupied, high base load",3.1559354938271604,0.625,524.8962916666667,550.9115597667638,414,414,6.301896604938271,4.374620987654321,44.05583072734625,You use 44% more than households like yours in the evening.,2025-06-30 19:00:00,2025-06-30 21:00:00,2025-06-29 14:00:00
25,C001,Medium AC users,1.8097012345679009,0.4583333333333333,330.00034166666666,346.35604373177847,341,341,3.1887762345679014,2.7215836419753088,17.16620372738231,You use 17% more than households like yours in the evening.,2025-06-30 19:00:00,2025-06-30 21:00:00,2025-06-29 14:00:00
25,C004,Medium AC users,1.5567984567901234,0.5833333333333334,344.66172500000005,361.74408454810504,341,341,2.7610713661774984,2.7215836419753088,1.4509098156369582,In the evening you use about the same as households like yours.,2025-06-30 19:00:00,2025-06-30 21:00:00,2025-06-29 14:00:00
25,C008,Medium AC users,1.5038020790362598,0.7083333333333334,318.59562500000004,334.38607871720126,341,341,3.0003600222700504,2.7215836419753088,10.24316783784045,You use 10% more than households like yours in the evening.,2025-06-30 19:00:00,2025-06-30 21:00:00,2025-06-29 14:00:00
25,C012,Medium AC users,1.3529129629629628,0.5833333333333334,228.39547499999998,239.71536734693876,218,218,2.4181524691358027,2.7215836419753088,-11.14906660077063,You use 11% less than households like yours in the evening.,2025-06-30 19:00:00,2025-06-30 21:00:00,2025-06-29 14:00:00
25,C014,Medium AC users,1.3639015432098764,0.5416666666666666,303.50464999999997,318.54715451895044,341,341,2.7557453703703705,2.7215836419753088,1.2552150839012066,In the evening you use about the same as households like yours.,2025-06-30 19:00:00,2025-06-30 21:00:00,2025-06-29 14:00:00
25,C017,Medium AC users,1.4266577160493827,0.75,336.2972666666667,352.96506122448983,341,341,2.6980166666666667,2.7215836419753088,-0.8659287535817684,In the evening you use about the same as households like yours.,2025-06-30 19:00:00,2025-06-30 21:00:00,2025-06-29 14:00:00
25,C020,Medium AC users,1.8651132716049383,0.5,338.19935,354.96141690962094,341,341,3.288762654320988,2.7215836419753088,20.840036058345213,You use 21% more than households like yours in the evening.,2025-06-30 19:00:00,2025-06-30 21:00:00,2025-06-29 14:00:00
25,C025,Medium AC users,1.0064265432098765,0.5416666666666666,156.28834166666667,164.0344110787172,176,176,1.7259703703703704,2.7215836419753088,-36.58213020718806,You use 37% less than households like yours in the evening.,2025-06-30 19:00:00,2025-06-30 21:00:00,2025-06-29 14:00:00
25,C028,Medium AC users,1.7900058641975307,0.5,357.2647666666667,374.9717667638484,341,341,3.5153456790123454,2.7215836419753088,29.16544708730424,You use 29% more than households like yours in the evening.,2025-06-30 19:00:00,2025-06-30 21:00:00,2025-06-29 14:00:00
25,C030,Medium AC users,1.8273413580246913,0.5833333333333334,359.7576833333334,377.58823906705544,341,341,3.230228703703704,2.7215836419753088,18.689304781359706,You use 19% more than households like yours in the evening.,2025-06-30 19:00:00,2025-06-30 21:00:00,2025-06-29 14:00:00
25,C032,Medium AC users,1.3546484567901234,0.7916666666666666,241.25119999999998,253.20825655976674,218,218,2.453311728395062,2.7215836419753088,-9.857198927957134,You use 10% less than households like yours in the evening.,2025-06-30 19:00:00,2025-06-30 21:00:00,2025-06-29 14:00:00
25,C036,Medium AC users,1.2948845679012346,0.25,254.265975,266.8680787172012,218,218,2.395079320987654,2.7215836419753088,-11.996850508356216,You use 12% less than households like yours in the evening.,2025-06-30 19:00:00,2025-06-30 21:00:00,2025-06-29 14:00:00
25,C038,Medium AC users,0.8954444444444444,0.375,154.80126666666666,162.47363265306123,176,176,1.546961111111111,2.7215836419753088,-43.15952347551825,You use 43% less than households like yours in the evening.,2025-06-30 19:00:00,2025-06-30 21:00:00,2025-06-29 14:00:00
25,C039,Medium AC users,1.4174530864197532,0.7916666666666666,270.3725416666667,283.77293002915457,218,218,2.573368209876543,2.7215836419753088,-5.445926034122984,You use 5% less than households like yours in the evening.,2025-06-30 19:00:00,2025-06-30 21:00:00,2025-06-29 14:00:00
25,C040,Medium AC users,1.4324271604938272,0.5,292.74336666666665,307.2525131195335,218,341,2.6189070987654324,2.7215836419753088,-3.772676379527118,In the evening you use about the same as households like yours.,2025-06-30 19:00:00,2025-06-30 21:00:00,2025-06-29 14:00:00
25,C048,Medium AC users,1.451028086419753,0.7916666666666666,286.77864999999997,300.99216909620986,218,341,2.7215836419753088,2.7215836419753088,0.0,In the evening you use about the same as households like yours.,2025-06-30 19:00:00,2025-06-30 21:00:00,2025-06-29 14:00:00
25,C049,Medium AC users,1.7078074074074072,0.75,334.9556666666667,351.5569679300292,341,341,3.1610456790123456,2.7215836419753088,16.147291240995187,You use 16% more than households like yours in the evening.,2025-06-30 19:00:00,2025-06-30 21:00:00,2025-06-29 14:00:00
25,C003,Low consumers without AC,2.1951503086419755,0.625,370.047875,388.38844023323617,341,341,4.1704290123456795,3.497091301434909,19.254221662285165,You use 19% more than households like yours in the evening.,2025-06-30 19:00:00,2025-06-30 21:00:00,2025-06-29 14:00:00
25,C006,Low consumers without AC,1.34839012345679,0.2916666666666667,217.23818333333332,228.00509037900875,218,218,2.698373148148148,3.497091301434909,-22.83949958524203,You use 23% less than households like yours in the evening.,2025-06-30 19:00:00,2025-06-30 21:00:00,2025-06-29 14:00:00
25,C018,Low consumers without AC,1.6523296296296295,0.9166666666666666,223.520075,234.59832944606413,218,218,2.8996404320987654,3.497091301434909,-17.08422279655669,You use 17% less than households like yours in the evening.,2025-06-30 19:00:00,2025-06-30 21:00:00,2025-06-29 14:00:00
25,C026,Low consumers without AC,2.1650506172839505,0.75,392.43573333333336,411.88590087463564,341,341,4.026121913580247,3.497091301434909,15.127732350833067,You use 15% more than households like yours in the evening.,2025-06-30 19:00:00,2025-06-30 21:00:00,2025-06-29 14:00:00
25,C043,Low consumers without AC,2.3167719135802467,0.5,375.75724999999994,394.3807871720116,341,341,4.152087345679012,3.497091301434909,18.729738167698073,You use 19% more than households like yours in the evening.,2025-06-30 19:00:00,2025-06-30 21:00:00,2025-06-29 14:00:00
25,C045,Low consumers without AC,1.8025839506172838,0.9166666666666666,388.72815833333334,407.9945685131196,341,341,3.5747018518518523,3.497091301434909,2.219288652403728,In the evening you use about the same as households like yours.,2025-06-30 19:00:00,2025-06-30 21:00:00,2025-06-29 14:00:00
25,C046,Low consumers without AC,1.8095913580246916,0.6666666666666666,242.14606666666668,254.1474752186589,218,218,3.315907716049383,3.497091301434909,-5.180979556100917,You use 5% less than households like yours in the evening.,2025-06-30 19:00:00,2025-06-30 21:00:00,2025-06-29 14:00:00
25,C050,Low consumers without AC,1.9118206790123455,0.6666666666666666,252.97344166666664,265.5114839650146,218,218,3.4194807510179657,3.497091301434909,-2.2192886524037503,In the evening you use about the same as households like yours.,2025-06-30 19:00:00,2025-06-30 21:00:00,2025-06-29 14:00:00
26,C002,Large evening-peak households,2.635890064102564,0.25,437.3492,443.50904788732396,341,341,5.114261457319052,5.205173397435898,-1.7465689070344848,In the evening you use about the same as households like yours.,2025-07-01 19:00:00,2025-07-01 21:00:00,2025-06-30 14:00:00
26,C007,Large evening-peak households,2.8521445512820516,0.5,446.1556416666666,452.4395239436619,341,341,5.1520166666666665,5.205173397435898,-1.0212288181488227,In the evening you use about the same as households like yours.,2025-07-01 19:00:00,2025-07-01 21:00:00,2025-06-30 14:00:00
26,C009,Large evening-peak households,2.461030769230769,0.4583333333333333,398.17583333333334,403.7839436619719,341,341,4.785102564102564,5.205173397435898,-8.070256286567968,You use 8% less than households like yours in the evening.,2025-07-01 19:00:00,2025-07-01 21:00:00,2025-06-30 14:00:00
26,C010,Large evening-peak households,1.8609294871794875,0.7916666666666666,323.22386666666665,327.7763154929578,341,341,3.5995173076923086,5.205173397435898,-30.847312224690647,You use 31% less than households like yours in the evening.,2025-07-01 19:00:00,2025-07-01 21:00:00,2025-06-30 14:00:00
26,C011,Large evening-peak households,2.3727259615384617,0.625,436.0813583333333,442.2233492957746,341,341,4.45621858974359,5.205173397435898,-14.388662019621634,You use 14% less than households like yours in the evening.,2025-07-01 19:00:00,2025-07-01 21:00:00,2025-06-30 14:00:00
26,C013,Large evening-peak households,2.5903560897435898,0.7083333333333334,414.9743833333334,420.81909295774653,341,341,5.100954166666668,5.205173397435898,-2.002223995468988,In the evening you use about the same as households like yours.,2025-07-01 19:00:00,2025-07-01 21:00:00,2025-06-30 14:00:00
26,C015,Large evening-peak households,3.363165064102564,0.5416666666666666,492.87715833333334,499.8190901408451,341,341,6.4295256410256405,5.205173397435898,23.521833954520453,You use 24% more than households like yours in the evening.,2025-07-01 19:00:00,2025-07-01 21:00:00,2025-06-30 14:00:00
26,C016,Large evening-peak households,3.2215294871794873,0.7083333333333334,486.9500833333333,493.8085352112676,341,341,6.154979166666667,5.205173397435898,18.247341571726494,You use 18% more than households like yours in the evening.,2025-07-01 19:00:00,2025-07-01 21:00:00,2025-06-30 14:00:00
26,C021,Large evening-peak households,3.186326602564103,0.625,453.0835583333333,459.46501690140843,341,341,5.864213461538461,5.205173397435898,12.661250909090004,You use 13% more than households like yours in the evening.,2025-07-01 19:00:00,2025-07-01 21:00:00,2025-06-30 14:00:00
26,C022,Large evening-peak households,3.0038720833333334,0.7083333333333334,426.939175,432.9524028169014,341,341,5.570878525641025,5.205173397435898,7.025801069091697,You use 7% more than households like yours in the evening.,2025-07-01 19:00:00,2025-07-01 21:00:00,2025-06-30 14:00:00
26,C023,Large evening-peak households,2.8595288461538457,0.7083333333333334,479.39601666666664,486.1480732394366,341,341,5.251870192307693,5.205173397435898,0.8971227528135284,In the evening you use about the same as households like yours.,2025-07-01 19:00:00,2025-07-01 21:00:00,2025-06-30 14:00:00
26,C027,Large evening-peak households,2.6588669871794868,0.5833333333333334,514.3447249999999,521.5890169014084,414,414,5.013208653846154,5.205173397435898,-3.687960590982564,In the evening you use about the same as households like yours.,2025-07-01 19:00:00,2025-07-01 21:00:00,2025-06-30 14:00:00
26,C029,Large evening-peak households,2.7447766025641025,0.75,473.20120833333334,479.86601408450707,341,341,5.2068717948717955,5.205173397435898,0.0326290270509455,In the evening you use about the same as households like yours.,2025-07-01 19:00:00,2025-07-01 21:00:00,2025-06-30 14:00:00
26,C031,Large evening-peak households,2.7438608974358973,0.625,492.49452499999995,499.43106760563376,341,341,5.71676858974359,5.205173397435898,9.828590773934787,You use 10% more than households like yours in the evening.,2025-07-01 19:00:00,2025-07-01 21:00:00,2025-06-30 14:00:00
26,C033,Large evening-peak households,3.112581730769231,0.7083333333333334,487.7502666666666,494.61998873239435,341,341,5.977984935897437,5.205173397435898,14.846989321090277,You use 15% more than households like yours in the evening.,2025-07-01 19:00:00,2025-07-01 21:00:00,2025-06-30 14:00:00
26,C034,Large evening-peak households,2.961265384615385,0.5416666666666666,473.1811083333334,479.84563098591553,341,341,5.203475000000001,5.205173397435898,-0.0326290270509233,In the evening you use about the same as households like yours.,2025-07-01 19:00:00,2025-07-01 21:00:00,2025-06-30 14:00:00
26,C035,Large evening-peak households,2.654347756410257,0.75,483.65135,490.46334084507043,341,341,4.993105128205128,5.205173397435898,-4.074182607158406,In the evening you use about the same as households like yours.,2025-07-01 19:00:00,2025-07-01 21:00:00,2025-06-30 14:00:00
26,C042,Large evening-peak households,2.933145192307692,0.5416666666666666,494.73785833333335,501.7059971830986,341,414,5.581051602564102,5.205173397435898,7.221242721968957,You use 7% more than households like yours in the evening.,2025-07-01 19:00:00,2025-07-01 21:00:00,2025-06-30 14:00:00
26,C005,"Daytime-occupied, high base load",2.476308653846154,0.5416666666666666,464.68521666666663,471.2300788732394,341,341,4.607791666666667,4.6907250000000005,-1.7680280411521254,In the evening you use about the same as households like yours.,2025-07-01 19:00:00,2025-07-01 21:00:00,2025-06-30 14:00:00
26,C019,"Daytime-occupied, high base load",2.481810256410256,0.75,482.79482499999995,489.5947521126761,341,341,4.653116666666667,4.6907250000000005,-0.801759500574728,In the evening you use about the same as households like yours.,2025-07-01 19:00:00,2025-07-01 21:00:00,2025-06-30 14:00:00
26,C024,"Daytime-occupied, high base load",2.8755660256410254,0.5833333333333334,496.87249166666663,503.8706957746479,341,414,5.281320833333334,4.6907250000000005,12.590715365606231,You use 13% more than households like yours in the evening.,2025-07-01 19:00:00,2025-07-01 21:00:00,2025-06-30 14:00:00
26,C037,"Daytime-occupied, high base load",3.326263461538462,0.7916666666666666,518.3568916666667,525.6576929577465,414,414,6.409905448717949,4.6907250000000005,36.65063393650125,You use 37% more than households like yours in the evening.,2025-07-01 19:00:00,2025-07-01 21:00:00,2025-06-30 14:00:00
26,C041,"Daytime-occupied, high base load",2.447255769230769,0.5833333333333334,447.55028333333337,453.85380845070426,341,341,4.6907250000000005,4.6907250000000005,0.0,In the evening you use about the same as households like yours.,2025-07-01 19:00:00,2025-07-01 21:00:00,2025-06-30 14:00:00
26,C044,"Daytime-occupied, high base load",2.1371291666666665,0.7916666666666666,390.41651666666667,395.91534084507043,341,341,4.109637820512821,4.6907250000000005,-12.388003549284598,You use 12% less than households like yours in the evening.,2025-07-01 19:00:00,2025-07-01 21:00:00,2025-06-30 14:00:00
26,C047,"Daytime-occupied, high base load",3.3121022435897434,0.625,567.4848416666666,575.4775859154929,414,414,6.746152884615384,4.6907250000000005,43.81898074637467,You use 44% more than households like yours in the evening.,2025-07-01 19:00:00,2025-07-01 21:00:00,2025-06-30 14:00:00
26,C001,Medium AC users,1.9828025641025642,0.4583333333333333,361.1023,366.188247887324,341,341,3.52051858974359,2.989673397435897,17.755959321943806,You use 18% more than households like yours in the evening.,2025-07-01 19:00:00,2025-07-01 21:00:00,2025-06-30 14:00:00
26,C004,Medium AC users,1.6891336538461537,0.5833333333333334,376.3856916666667,381.6868985915493,341,341,3.0099593674407354,2.989673397435897,0.6785346527228286,In the evening you use about the same as households like yours.,2025-07-01 19:00:00,2025-07-01 21:00:00,2025-06-30 14:00:00
26,C008,Medium AC users,1.576415300024834,0.7083333333333334,340.73874166666667,345.53787887323944,341,341,3.2018498308188983,2.989673397435897,7.096976999727644,You use 7% more than households like yours in the evening.,2025-07-01 19:00:00,2025-07-01 21:00:00,2025-06-30 14:00:00
26,C012,Medium AC users,1.385850641025641,0.5833333333333334,238.14365833333332,241.49779436619718,218,218,2.510426923076923,2.989673397435897,-16.03006116888892,You use 16% less than households like yours in the evening.,2025-07-01 19:00:00,2025-07-01 21:00:00,2025-06-30 14:00:00
26,C014,Medium AC users,1.4943086538461539,0.5416666666666666,335.32456666666667,340.047447887324,341,341,3.010491346153846,2.989673397435897,0.6963285265809915,In the evening you use about the same as households like yours.,2025-07-01 19:00:00,2025-07-01 21:00:00,2025-06-30 14:00:00
26,C017,Medium AC users,1.528096794871795,0.75,358.6236916666667,363.6747295774648,341,341,2.8704490384615386,2.989673397435897,-3.98787235678022,In the evening you use about the same as households like yours.,2025-07-01 19:00:00,2025-07-01 21:00:00,2025-06-30 14:00:00
26,C020,Medium AC users,2.030456730769231,0.5,368.1619166666667,373.34729577464793,341,341,3.600408333333333,2.989673397435897,20.428148988489347,You use 20% more than households like yours in the evening.,2025-07-01 19:00:00,2025-07-01 21:00:00,2025-06-30 14:00:00
26,C025,Medium AC users,1.045826923076923,0.5416666666666666,162.18765833333333,164.47199154929578,176,176,1.7950224358974358,2.989673397435897,-39.95924647030199,You use 40% less than households like yours in the evening.,2025-07-01 19:00:00,2025-07-01 21:00:00,2025-06-30 14:00:00
26,C028,Medium AC users,1.948,0.5,388.33686666666665,393.8064,341,341,3.818690705128205,2.989673397435897,27.72936028408044,You use 28% more than households like yours in the evening.,2025-07-01 19:00:00,2025-07-01 21:00:00,2025-06-30 14:00:00
26,C030,Medium AC users,1.972167628205128,0.5833333333333334,375.53048333333334,380.81964507042255,341,341,3.5005987179487184,2.989673397435897,17.08967009409852,You use 17% more than households like yours in the evening.,2025-07-01 19:00:00,2025-07-01 21:00:00,2025-06-30 14:00:00
26,C032,Medium AC users,1.4783240384615384,0.7916666666666666,265.68674999999996,269.4288169014084,218,218,2.6554846153846157,2.989673397435897,-11.178103345265045,You use 11% less than households like yours in the evening.,2025-07-01 19:00:00,2025-07-01 21:00:00,2025-06-30 14:00:00
26,C036,Medium AC users,1.4203012820512824,0.25,278.49916666666667,282.4216901408451,218,218,2.590452884615384,2.989673397435897,-13.35331522041523,You use 13% less than households like yours in the evening.,2025-07-01 19:00:00,2025-07-01 21:00:00,2025-06-30 14:00:00
26,C038,Medium AC users,0.9348019230769231,0.375,161.61604166666666,163.89232394366195,176,176,1.6114054487179486,2.989673397435897,-46.10095369949187,You use 46% less than households like yours in the evening.,2025-07-01 19:00:00,2025-07-01 21:00:00,2025-06-30 14:00:00
26,C039,Medium AC users,1.5614038461538462,0.7916666666666666,299.57449166666663,303.79385070422535,218,341,2.835549358974359,2.989673397435897,-5.155213228097855,You use 5% less than households like yours in the evening.,2025-07-01 19:00:00,2025-07-01 21:00:00,2025-06-30 14:00:00
26,C040,Medium AC users,1.5419032051282051,0.5,321.58118333333334,326.11049577464786,341,341,2.8372358974358978,2.989673397435897,-5.09880109749572,You use 5% less than households like yours in the evening.,2025-07-01 19:00:00,2025-07-01 21:00:00,2025-06-30 14:00:00
26,C048,Medium AC users,1.5911817307692304,0.7916666666666666,315.3006333333333,319.7414873239436,341,341,2.989673397435897,2.989673397435897,0.0,In the evening you use about the same as households like yours.,2025-07-01 19:00:00,2025-07-01 21:00:00,2025-06-30 14:00:00
26,C049,Medium AC users,1.7715352564102564,0.75,353.3636583333333,358.34061126760565,341,341,3.278546794871794,2.989673397435897,9.662373076726393,You use 10% more than households like yours in the evening.,2025-07-01 19:00:00,2025-07-01 21:00:00,2025-06-30 14:00:00
26,C003,Low consumers without AC,2.345259935897436,0.625,392.52093333333335,398.0493971830986,341,341,4.49616858974359,3.6791771848234314,22.205818417504865,You use 22% more than households like yours in the evening.,2025-07-01 19:00:00,2025-07-01 21:00:00,2025-06-30 14:00:00
26,C006,Low consumers without AC,1.4167320512820514,0.2916666666666667,225.9613,229.14385352112674,218,218,2.7974810897435898,3.6791771848234314,-23.964491264971667,You use 24% less than households like yours in the evening.,2025-07-01 19:00:00,2025-07-01 21:00:00,2025-06-30 14:00:00
26,C018,Low consumers without AC,1.7016314102564105,0.9166666666666666,230.66724166666665,233.91607605633803,218,218,2.9569932692307694,3.6791771848234314,-19.628951782253466,You use 20% less than households like yours in the evening.,2025-07-01 19:00:00,2025-07-01 21:00:00,2025-06-30 14:00:00
26,C026,Low consumers without AC,2.3372416666666664,0.75,411.95961666666665,417.7618647887324,341,341,4.2833368589743595,3.6791771848234314,16.42105405097316,You use 16% more than households like yours in the evening.,2025-07-01 19:00:00,2025-07-01 21:00:00,2025-06-30 14:00:00
26,C043,Low consumers without AC,2.4504496794871793,0.5,407.9573833333334,413.70326197183107,341,341,4.408385576923076,3.6791771848234314,19.819876985202622,You use 20% more than households like yours in the evening.,2025-07-01 19:00:00,2025-07-01 21:00:00,2025-06-30 14:00:00
26,C045,Low consumers without AC,1.9511538461538462,0.9166666666666666,410.5086416666667,416.2904535211268,341,341,3.867258333333334,3.6791771848234314,5.112043782118869,You use 5% more than households like yours in the evening.,2025-07-01 19:00:00,2025-07-01 21:00:00,2025-06-30 14:00:00
26,C046,Low consumers without AC,1.9202070512820515,0.6666666666666666,253.52733333333333,257.0981408450704,218,218,3.438094551282051,3.6791771848234314,-6.552623628343957,You use 7% less than households like yours in the evening.,2025-07-01 19:00:00,2025-07-01 21:00:00,2025-06-30 14:00:00
26,C050,Low consumers without AC,1.9459695512820512,0.6666666666666666,262.780025,266.4811521126761,218,218,3.4910960363135284,3.6791771848234314,-5.112043782118891,You use 5% less than households like yours in the evening.,2025-07-01 19:00:00,2025-07-01 21:00:00,2025-06-30 14:00:00
27,C002,Large evening-peak households,2.8650452489451483,0.24,15.575416666666666,786.3663345238097,62,414,5.16658658227848,5.272072666666666,-2.000846556139768,In the evening you use about the same as households like yours.,2025-07-02 20:00:00,2025-07-02 22:00:00,2025-07-01 14:00:00
27,C007,Large evening-peak households,2.9245573333333335,0.48,13.915750000000001,755.6707619047619,62,414,5.228444666666666,5.272072666666666,-0.8275303236209841,In the evening you use about the same as households like yours.,2025-07-02 20:00:00,2025-07-02 22:00:00,2025-07-01 14:00:00
27,C009,Large evening-peak households,2.8067309999999996,0.44,13.645800000000001,733.3626452380951,62,414,4.849925666666667,5.272072666666666,-8.00723029993643,You use 8% less than households like yours in the evening.,2025-07-02 20:00:00,2025-07-02 22:00:00,2025-07-01 14:00:00
27,C010,Large evening-peak households,1.832437,0.8,14.0907,441.1500392857143,62,341,3.6059333333333337,5.272072666666666,-31.603117761780965,You use 32% less than households like yours in the evening.,2025-07-02 20:00:00,2025-07-02 22:00:00,2025-07-01 14:00:00
27,C011,Large evening-peak households,2.403338333333333,0.6,5.027916666666667,731.8842035714285,62,414,4.54261,5.272072666666666,-13.836354557075525,You use 14% less than households like yours in the evening.,2025-07-02 20:00:00,2025-07-02 22:00:00,2025-07-01 14:00:00
27,C013,Large evening-peak households,2.877326,0.72,4.424041666666667,726.9315107142858,62,414,5.175629333333334,5.272072666666666,-1.829324810773325,In the evening you use about the same as households like yours.,2025-07-02 20:00:00,2025-07-02 22:00:00,2025-07-01 14:00:00
27,C015,Large evening-peak households,3.9006566666666656,0.52,5.402091666666667,726.7673214285714,62,414,6.4479706666666665,5.272072666666666,22.30428285700159,You use 22% more than households like yours in the evening.,2025-07-02 20:00:00,2025-07-02 22:00:00,2025-07-01 14:00:00
27,C016,Large evening-peak households,3.583895,0.72,16.164075,827.4985000000001,62,414,6.224721,5.272072666666666,18.069711735131634,You use 18% more than households like yours in the evening.,2025-07-02 20:00:00,2025-07-02 22:00:00,2025-07-01 14:00:00
27,C021,Large evening-peak households,3.620086666666667,0.64,5.2416833333333335,578.4256785714286,62,414,5.973091333333334,5.272072666666666,13.296832403296444,You use 13% more than households like yours in the evening.,2025-07-02 20:00:00,2025-07-02 22:00:00,2025-07-01 14:00:00
27,C022,Large evening-peak households,3.124842166666667,0.72,12.507416666666666,629.1657773809524,62,414,5.617699666666666,5.272072666666666,6.555808727472012,You use 7% more than households like yours in the evening.,2025-07-02 20:00:00,2025-07-02 22:00:00,2025-07-01 14:00:00
27,C023,Large evening-peak households,2.985504666666667,0.68,13.636066666666666,840.4720738095239,62,414,5.355138999999999,5.272072666666666,1.5755915858013614,In the evening you use about the same as households like yours.,2025-07-02 20:00:00,2025-07-02 22:00:00,2025-07-01 14:00:00
27,C027,Large evening-peak households,2.437060666666667,0.56,5.185099999999999,723.2273797619048,62,414,5.103287666666667,5.272072666666666,-3.2014922910141963,In the evening you use about the same as households like yours.,2025-07-02 20:00:00,2025-07-02 22:00:00,2025-07-01 14:00:00
27,C029,Large evening-peak households,2.82478,0.72,15.675341666666665,737.7141226190475,62,414,5.25325,5.272072666666666,-0.35702593375988023,In the evening you use about the same as households like yours.,2025-07-02 20:00:00,2025-07-02 22:00:00,2025-07-01 14:00:00
27,C031,Large evening-peak households,3.2017546666666665,0.6,15.107224999999998,829.6024773809523,62,414,5.787145333333333,5.272072666666666,9.769832459314864,You use 10% more than households like yours in the evening.,2025-07-02 20:00:00,2025-07-02 22:00:00,2025-07-01 14:00:00
27,C033,Large evening-peak households,3.1608609999999993,0.68,15.126183333333334,787.2402023809523,62,414,5.981971,5.272072666666666,13.465260784847555,You use 13% more than households like yours in the evening.,2025-07-02 20:00:00,2025-07-02 22:00:00,2025-07-01 14:00:00
27,C034,Large evening-peak households,2.8666153333333324,0.52,14.011033333333335,775.8895154761905,62,414,5.290895333333333,5.272072666666666,0.35702593375990244,In the evening you use about the same as households like yours.,2025-07-02 20:00:00,2025-07-02 22:00:00,2025-07-01 14:00:00
27,C035,Large evening-peak households,2.5836400000000004,0.76,11.117308333333336,787.4429202380952,62,414,5.070307333333333,5.272072666666666,-3.827059035225744,In the evening you use about the same as households like yours.,2025-07-02 20:00:00,2025-07-02 22:00:00,2025-07-01 14:00:00
27,C042,Large evening-peak households,3.047298,0.52,3.650866666666667,847.5425464285714,62,414,5.6644163333333335,5.272072666666666,7.44192448536054,You use 7% more than households like yours in the evening.,2025-07-02 20:00:00,2025-07-02 22:00:00,2025-07-01 14:00:00
27,C005,"Daytime-occupied, high base load",2.4590973333333332,0.52,16.8975,772.675811904762,62,414,4.669714666666668,4.714576,-0.951545448272173,In the evening you use about the same as households like yours.,2025-07-02 20:00:00,2025-07-02 22:00:00,2025-07-01 14:00:00
27,C019,"Daytime-occupied, high base load",2.612033333333333,0.72,16.441983333333333,818.3543119047617,62,414,4.709399333333334,4.714576,-0.1098013197086356,In the evening you use about the same as households like yours.,2025-07-02 20:00:00,2025-07-02 22:00:00,2025-07-01 14:00:00
27,C024,"Daytime-occupied, high base load",3.0830923333333335,0.56,15.004000000000003,847.2163083333334,62,414,5.296663666666667,4.714576,12.346553893004742,You use 12% more than households like yours in the evening.,2025-07-02 20:00:00,2025-07-02 22:00:00,2025-07-01 14:00:00
27,C037,"Daytime-occupied, high base load",3.740875,0.76,6.422491666666667,872.1945952380953,62,414,6.511687333333333,4.714576,38.11819627753022,You use 38% more than households like yours in the evening.,2025-07-02 20:00:00,2025-07-02 22:00:00,2025-07-01 14:00:00
27,C041,"Daytime-occupied, high base load",2.6088053333333328,0.56,17.55595,812.5341726190477,62,414,4.714576,4.714576,0.0,In the evening you use about the same as households like yours.,2025-07-02 20:00:00,2025-07-02 22:00:00,2025-07-01 14:00:00
27,C044,"Daytime-occupied, high base load",2.1951430000000003,0.8,13.685016666666666,560.3165857142858,62,414,4.1670799999999995,4.714576,-11.612836445949771,You use 12% less than households like yours in the evening.,2025-07-02 20:00:00,2025-07-02 22:00:00,2025-07-01 14:00:00
27,C047,"Daytime-occupied, high base load",3.742885333333333,0.64,6.3272666666666675,855.2859773809524,62,414,6.8317423333333345,4.714576,44.90682371719821,You use 45% more than households like yours in the evening.,2025-07-02 20:00:00,2025-07-02 22:00:00,2025-07-01 14:00:00
27,C001,Medium AC users,1.5255183333333338,0.44,14.683291666666666,767.9228845238096,62,414,3.6009973333333334,3.0399403333333326,18.456184611518168,You use 18% more than households like yours in the evening.,2025-07-02 20:00:00,2025-07-02 22:00:00,2025-07-01 14:00:00
27,C004,Medium AC users,1.391636333333333,0.56,13.692650000000002,700.4254035714285,62,414,3.0841917421383647,3.0399403333333326,1.4556670181914422,In the evening you use about the same as households like yours.,2025-07-02 20:00:00,2025-07-02 22:00:00,2025-07-01 14:00:00
27,C008,Medium AC users,1.5138713333333333,0.68,5.264383333333333,526.3543142857142,62,414,3.3193286666666664,3.0399403333333326,9.190586087161169,You use 9% more than households like yours in the evening.,2025-07-02 20:00:00,2025-07-02 22:00:00,2025-07-01 14:00:00
27,C012,Medium AC users,1.532526333333333,0.56,3.835933333333333,242.57522142857147,62,218,2.5155443333333327,3.0399403333333326,-17.250206994194293,You use 17% less than households like yours in the evening.,2025-07-02 20:00:00,2025-07-02 22:00:00,2025-07-01 14:00:00
27,C014,Medium AC users,1.3693423333333334,0.52,8.654333333333334,613.4111345238097,62,414,3.0500503333333335,3.0399403333333326,0.33257231693475386,In the evening you use about the same as households like yours.,2025-07-02 20:00:00,2025-07-02 22:00:00,2025-07-01 14:00:00
27,C017,Medium AC users,1.3904673333333333,0.76,13.243850000000002,657.8363488095239,62,414,2.955087666666667,3.0399403333333326,-2.7912609249676756,In the evening you use about the same as households like yours.,2025-07-02 20:00:00,2025-07-02 22:00:00,2025-07-01 14:00:00
27,C020,Medium AC users,1.7168643333333335,0.52,13.7321,640.7189976190476,62,414,3.631059333333334,3.0399403333333326,19.445085599816103,You use 19% more than households like yours in the evening.,2025-07-02 20:00:00,2025-07-02 22:00:00,2025-07-01 14:00:00
27,C025,Medium AC users,1.0717616666666667,0.52,2.5979499999999995,211.33711190476188,62,218,1.8346746666666667,3.0399403333333326,-39.647675102395084,You use 40% less than households like yours in the evening.,2025-07-02 20:00:00,2025-07-02 22:00:00,2025-07-01 14:00:00
27,C028,Medium AC users,1.879055,0.48,12.431078333333334,699.0031678571429,62,414,3.8889646666666664,3.0399403333333326,27.928980185027786,You use 28% more than households like yours in the evening.,2025-07-02 20:00:00,2025-07-02 22:00:00,2025-07-01 14:00:00
27,C030,Medium AC users,1.6632926666666668,0.6,10.922066666666668,569.3483249999999,62,414,3.5655466666666666,3.0399403333333326,17.290021372130028,You use 17% more than households like yours in the evening.,2025-07-02 20:00:00,2025-07-02 22:00:00,2025-07-01 14:00:00
27,C032,Medium AC users,1.2719323333333334,0.76,12.829716666666666,552.3100607142857,62,414,2.712524666666667,3.0399403333333326,-10.770463586949752,You use 11% less than households like yours in the evening.,2025-07-02 20:00:00,2025-07-02 22:00:00,2025-07-01 14:00:00
27,C036,Medium AC users,1.2256463333333334,0.24,12.880600000000003,552.4249821428572,62,414,2.628078333333333,3.0399403333333326,-13.54835802150064,You use 14% less than households like yours in the evening.,2025-07-02 20:00:00,2025-07-02 22:00:00,2025-07-01 14:00:00
27,C038,Medium AC users,0.8509666666666666,0.36,3.118516666666667,201.37939523809524,62,218,1.6137776666666668,3.0399403333333326,-46.91416640743276,You use 47% less than households like yours in the evening.,2025-07-02 20:00:00,2025-07-02 22:00:00,2025-07-01 14:00:00
27,C039,Medium AC users,1.3349806666666666,0.76,12.775291666666668,550.5409571428572,62,414,2.8418486666666665,3.0399403333333326,-6.516301142314074,You use 7% less than households like yours in the evening.,2025-07-02 20:00:00,2025-07-02 22:00:00,2025-07-01 14:00:00
27,C040,Medium AC users,1.3057253333333332,0.48,3.4696916666666664,625.1357773809524,62,414,2.874100666666666,3.0399403333333326,-5.455359266371563,You use 5% less than households like yours in the evening.,2025-07-02 20:00:00,2025-07-02 22:00:00,2025-07-01 14:00:00
27,C048,Medium AC users,1.4054346666666666,0.76,12.081116666666667,670.2655035714286,62,414,3.0399403333333326,3.0399403333333326,0.0,In the evening you use about the same as households like yours.,2025-07-02 20:00:00,2025-07-02 22:00:00,2025-07-01 14:00:00
27,C049,Medium AC users,1.428614333333333,0.76,13.51661666666667,676.3706952380951,62,414,3.358859333333333,3.0399403333333326,10.490962487092691,You use 10% more than households like yours in the evening.,2025-07-02 20:00:00,2025-07-02 22:00:00,2025-07-01 14:00:00
27,C003,Low consumers without AC,2.5231006666666667,0.6,14.20525,672.7143928571429,62,414,4.555352666666667,3.6852399388830346,23.610748342409327,You use 24% more than households like yours in the evening.,2025-07-02 20:00:00,2025-07-02 22:00:00,2025-07-01 14:00:00
27,C006,Low consumers without AC,1.5797480000000002,0.28,3.415475,252.47920476190478,62,218,2.755073,3.6852399388830346,-25.24033588882032,You use 25% less than households like yours in the evening.,2025-07-02 20:00:00,2025-07-02 22:00:00,2025-07-01 14:00:00
27,C018,Low consumers without AC,1.890338,0.88,4.4484,254.35522142857144,62,218,2.975925666666667,3.6852399388830346,-19.247437995349493,You use 19% less than households like yours in the evening.,2025-07-02 20:00:00,2025-07-02 22:00:00,2025-07-01 14:00:00
27,C026,Low consumers without AC,2.274665333333333,0.72,5.957141666666666,644.3185773809523,62,414,4.373569000000001,3.6852399388830346,18.67799851657943,You use 19% more than households like yours in the evening.,2025-07-02 20:00:00,2025-07-02 22:00:00,2025-07-01 14:00:00
27,C043,Low consumers without AC,1.9954666666666667,0.48,13.653616666666668,798.8383726190476,62,414,4.508769,3.6852399388830346,22.346687726568227,You use 22% more than households like yours in the evening.,2025-07-02 20:00:00,2025-07-02 22:00:00,2025-07-01 14:00:00
27,C045,Low consumers without AC,1.8876803333333334,0.92,13.566466666666669,619.173444047619,62,414,3.864030666666667,3.6852399388830346,4.851535605516699,In the evening you use about the same as households like yours.,2025-07-02 20:00:00,2025-07-02 22:00:00,2025-07-01 14:00:00
27,C046,Low consumers without AC,2.2804189999999998,0.64,3.506325,274.93947976190475,62,218,3.463597666666667,3.6852399388830346,-6.014324057378628,You use 6% less than households like yours in the evening.,2025-07-02 20:00:00,2025-07-02 22:00:00,2025-07-01 14:00:00
27,C050,Low consumers without AC,2.1509810512820513,0.64,3.2238749999999996,281.70430714285715,62,218,3.5064492110994023,3.6852399388830346,-4.851535605516699,In the evening you use about the same as households like yours.,2025-07-02 20:00:00,2025-07-02 22:00:00,2025-07-01 14:00:00
28,C002,Large evening-peak households,2.3205795138888887,0.23076923076923078,43.69996666666666,855.599347368421,62,414,5.196196439873418,5.322801736111111,-2.3785461588541446,In the evening you use about the same as households like yours.,2025-07-03 21:00:00,2025-07-03 23:00:00,2025-07-02 14:00:00
28,C007,Large evening-peak households,2.155094097222222,0.5,46.915375,918.5536578947368,62,414,5.261188194444444,5.322801736111111,-1.1575396702955487,In the evening you use about the same as households like yours.,2025-07-03 21:00:00,2025-07-03 23:00:00,2025-07-02 14:00:00
28,C009,Large evening-peak households,2.1097319444444445,0.4230769230769231,41.94103333333334,821.1612842105264,62,414,4.931095138888889,5.322801736111111,-7.3590303874141005,You use 7% less than households like yours in the evening.,2025-07-03 21:00:00,2025-07-03 23:00:00,2025-07-02 14:00:00
28,C010,Large evening-peak households,1.536448611111111,0.8076923076923077,41.507600000000004,812.6751157894737,62,414,3.637725,5.322801736111111,-31.657702459198557,You use 32% less than households like yours in the evening.,2025-07-03 21:00:00,2025-07-03 23:00:00,2025-07-02 14:00:00
28,C011,Large evening-peak households,1.9378878472222223,0.5769230769230769,36.28064166666666,710.3367736842105,62,414,4.5698944444444445,5.322801736111111,-14.144943377446694,You use 14% less than households like yours in the evening.,2025-07-03 21:00:00,2025-07-03 23:00:00,2025-07-02 14:00:00
28,C013,Large evening-peak households,2.362261111111111,0.6923076923076923,23.161391666666667,453.47566842105266,62,341,5.262937152777777,5.322801736111111,-1.1246818179831641,In the evening you use about the same as households like yours.,2025-07-03 21:00:00,2025-07-03 23:00:00,2025-07-02 14:00:00
28,C015,Large evening-peak households,2.8812031250000003,0.5384615384615384,37.347183333333334,731.2185368421053,62,414,6.508865972222222,5.322801736111111,22.28270551699454,You use 22% more than households like yours in the evening.,2025-07-03 21:00:00,2025-07-03 23:00:00,2025-07-02 14:00:00
28,C016,Large evening-peak households,2.724326388888889,0.7307692307692307,51.884874999999994,1015.8512368421052,96,414,6.202718402777777,5.322801736111111,16.531081003771185,You use 17% more than households like yours in the evening.,2025-07-03 21:00:00,2025-07-03 23:00:00,2025-07-02 14:00:00
28,C021,Large evening-peak households,2.685655902777778,0.6153846153846154,22.069658333333333,432.10067894736846,62,341,5.935831944444445,5.322801736111111,11.51705884843308,You use 12% more than households like yours in the evening.,2025-07-03 21:00:00,2025-07-03 23:00:00,2025-07-02 14:00:00
28,C022,Large evening-peak households,2.3083066319444443,0.6923076923076923,29.14614166666667,570.6507736842107,62,414,5.714644097222222,5.322801736111111,7.361580996954342,You use 7% more than households like yours in the evening.,2025-07-03 21:00:00,2025-07-03 23:00:00,2025-07-02 14:00:00
28,C023,Large evening-peak households,2.2576347222222224,0.6923076923076923,35.906275,703.0070684210527,62,414,5.458170138888889,5.322801736111111,2.5431795037453186,In the evening you use about the same as households like yours.,2025-07-03 21:00:00,2025-07-03 23:00:00,2025-07-02 14:00:00
28,C027,Large evening-peak households,2.1178510416666665,0.5384615384615384,14.651175000000002,286.85458421052635,62,218,5.11235,5.322801736111111,-3.953777475560616,In the evening you use about the same as households like yours.,2025-07-03 21:00:00,2025-07-03 23:00:00,2025-07-02 14:00:00
28,C029,Large evening-peak households,2.280619444444444,0.6923076923076923,40.25327500000001,788.1167526315792,62,414,5.302913194444445,5.322801736111111,-0.3736479893988509,In the evening you use about the same as households like yours.,2025-07-03 21:00:00,2025-07-03 23:00:00,2025-07-02 14:00:00
28,C031,Large evening-peak households,2.695301736111111,0.6153846153846154,45.52063333333333,891.2460842105262,62,414,5.847107638888889,5.322801736111111,9.850186589155975,You use 10% more than households like yours in the evening.,2025-07-03 21:00:00,2025-07-03 23:00:00,2025-07-02 14:00:00
28,C033,Large evening-peak households,2.4710211805555553,0.6923076923076923,38.131041666666675,746.565657894737,62,414,6.043403472222221,5.322801736111111,13.538015726236473,You use 14% more than households like yours in the evening.,2025-07-03 21:00:00,2025-07-03 23:00:00,2025-07-02 14:00:00
28,C034,Large evening-peak households,2.173188888888889,0.5384615384615384,46.80439166666667,916.3807210526317,62,414,5.342690277777777,5.322801736111111,0.3736479893988509,In the evening you use about the same as households like yours.,2025-07-03 21:00:00,2025-07-03 23:00:00,2025-07-02 14:00:00
28,C035,Large evening-peak households,2.0872180555555553,0.7692307692307693,36.099916666666665,706.7983684210526,62,414,5.079116666666667,5.322801736111111,-4.578135379178761,In the evening you use about the same as households like yours.,2025-07-03 21:00:00,2025-07-03 23:00:00,2025-07-02 14:00:00
28,C042,Large evening-peak households,2.39879375,0.5384615384615384,27.67411666666667,541.8300736842107,62,414,5.714442708333333,5.322801736111111,7.357797484081363,You use 7% more than households like yours in the evening.,2025-07-03 21:00:00,2025-07-03 23:00:00,2025-07-02 14:00:00
28,C005,"Daytime-occupied, high base load",1.9334506944444445,0.5,49.90331666666667,977.0544105263159,62,414,4.598863194444444,4.821033333333333,-4.608351022026169,In the evening you use about the same as households like yours.,2025-07-03 21:00:00,2025-07-03 23:00:00,2025-07-02 14:00:00
28,C019,"Daytime-occupied, high base load",1.9001496527777777,0.7307692307692307,41.40094166666666,810.5868578947368,62,414,4.821033333333333,4.821033333333333,0.0,In the evening you use about the same as households like yours.,2025-07-03 21:00:00,2025-07-03 23:00:00,2025-07-02 14:00:00
28,C024,"Daytime-occupied, high base load",2.282415625,0.5769230769230769,42.55390833333334,833.1607315789475,62,414,5.399653125,4.821033333333333,12.001986953004561,You use 12% more than households like yours in the evening.,2025-07-03 21:00:00,2025-07-03 23:00:00,2025-07-02 14:00:00
28,C037,"Daytime-occupied, high base load",2.830212847222222,0.7692307692307693,29.668849999999996,580.8848526315788,62,414,6.643782291666668,4.821033333333333,37.80826292426938,You use 38% more than households like yours in the evening.,2025-07-03 21:00:00,2025-07-03 23:00:00,2025-07-02 14:00:00
28,C041,"Daytime-occupied, high base load",2.021459722222222,0.5769230769230769,44.336975,868.0713000000001,62,414,4.790909027777778,4.821033333333333,-0.6248516339281696,In the evening you use about the same as households like yours.,2025-07-03 21:00:00,2025-07-03 23:00:00,2025-07-02 14:00:00
28,C044,"Daytime-occupied, high base load",1.816338888888889,0.8076923076923077,40.541158333333335,793.753205263158,62,414,4.208595138888889,4.821033333333333,-12.703463181014673,You use 13% less than households like yours in the evening.,2025-07-03 21:00:00,2025-07-03 23:00:00,2025-07-02 14:00:00
28,C047,"Daytime-occupied, high base load",3.0515114583333336,0.6153846153846154,42.73950000000001,836.7944210526317,62,414,6.854307291666667,4.821033333333333,42.17506533868951,You use 42% more than households like yours in the evening.,2025-07-03 21:00:00,2025-07-03 23:00:00,2025-07-02 14:00:00
28,C001,Medium AC users,1.3061902777777776,0.46153846153846156,43.35205833333333,848.7876684210527,62,414,3.6481180555555555,3.076143402777778,18.593887796689867,You use 19% more than households like yours in the evening.,2025-07-03 21:00:00,2025-07-03 23:00:00,2025-07-02 14:00:00
28,C004,Medium AC users,1.1447961805555555,0.5384615384615384,44.714875000000006,875.4701842105264,62,414,3.0965622313941297,3.076143402777778,0.6637801279977262,In the evening you use about the same as households like yours.,2025-07-03 21:00:00,2025-07-03 23:00:00,2025-07-02 14:00:00
28,C008,Medium AC users,1.266409375,0.6538461538461539,26.420650000000002,517.2885157894738,62,414,3.3300062500000003,3.076143402777778,8.2526337033892,You use 8% more than households like yours in the evening.,2025-07-03 21:00:00,2025-07-03 23:00:00,2025-07-02 14:00:00
28,C012,Medium AC users,1.1234347222222223,0.5769230769230769,10.650008333333334,208.51595263157895,62,218,2.4828461805555553,3.076143402777778,-19.287046946071218,You use 19% less than households like yours in the evening.,2025-07-03 21:00:00,2025-07-03 23:00:00,2025-07-02 14:00:00
28,C014,Medium AC users,1.2352809027777776,0.5,28.7616,563.121852631579,62,414,3.107229513888889,3.076143402777778,1.0105546797018583,In the evening you use about the same as households like yours.,2025-07-03 21:00:00,2025-07-03 23:00:00,2025-07-02 14:00:00
28,C017,Medium AC users,1.1320125,0.7692307692307693,42.58124166666666,833.6958894736841,62,414,2.983969097222222,3.076143402777778,-2.996424206762338,In the evening you use about the same as households like yours.,2025-07-03 21:00:00,2025-07-03 23:00:00,2025-07-02 14:00:00
28,C020,Medium AC users,1.2313347222222222,0.5,36.490408333333335,714.4437842105264,62,414,3.6526576388888885,3.076143402777778,18.741461649366364,You use 19% more than households like yours in the evening.,2025-07-03 21:00:00,2025-07-03 23:00:00,2025-07-02 14:00:00
28,C025,Medium AC users,0.9040732638888889,0.5,8.148666666666667,159.5423157894737,62,176,1.858626388888889,3.076143402777778,-39.57933212052023,You use 40% less than households like yours in the evening.,2025-07-03 21:00:00,2025-07-03 23:00:00,2025-07-02 14:00:00
28,C028,Medium AC users,1.4698024305555555,0.46153846153846156,41.52611166666667,813.0375547368423,62,414,3.950728472222222,3.076143402777778,28.431219060031076,You use 28% more than households like yours in the evening.,2025-07-03 21:00:00,2025-07-03 23:00:00,2025-07-02 14:00:00
28,C030,Medium AC users,1.2442451388888889,0.5769230769230769,33.544941666666666,656.774647368421,62,414,3.558382638888889,3.076143402777778,15.676747568908711,You use 16% more than households like yours in the evening.,2025-07-03 21:00:00,2025-07-03 23:00:00,2025-07-02 14:00:00
28,C032,Medium AC users,1.0391729166666668,0.7692307692307693,41.070074999999996,804.1088368421052,62,414,2.744338194444444,3.076143402777778,-10.786402481552438,You use 11% less than households like yours in the evening.,2025-07-03 21:00:00,2025-07-03 23:00:00,2025-07-02 14:00:00
28,C036,Medium AC users,1.160417013888889,0.2692307692307692,38.05994166666667,745.1735947368421,62,414,2.654111458333333,3.076143402777778,-13.719514638470597,You use 14% less than households like yours in the evening.,2025-07-03 21:00:00,2025-07-03 23:00:00,2025-07-02 14:00:00
28,C038,Medium AC users,0.7547364583333334,0.34615384615384615,10.725366666666668,209.99138947368425,62,218,1.5705246527777776,3.076143402777778,-48.94501175206645,You use 49% less than households like yours in the evening.,2025-07-03 21:00:00,2025-07-03 23:00:00,2025-07-02 14:00:00
28,C039,Medium AC users,1.0880805555555555,0.7692307692307693,31.151400000000002,609.9116210526316,62,414,2.881416319444444,3.076143402777778,-6.330234252326927,You use 6% less than households like yours in the evening.,2025-07-03 21:00:00,2025-07-03 23:00:00,2025-07-02 14:00:00
28,C040,Medium AC users,1.0878607638888889,0.46153846153846156,20.7057,405.3958105263158,62,341,2.932177083333334,3.076143402777778,-4.680091289451638,In the evening you use about the same as households like yours.,2025-07-03 21:00:00,2025-07-03 23:00:00,2025-07-02 14:00:00
28,C048,Medium AC users,1.1584788194444444,0.7692307692307693,31.480325,616.3516263157895,62,414,3.076143402777778,3.076143402777778,0.0,In the evening you use about the same as households like yours.,2025-07-03 21:00:00,2025-07-03 23:00:00,2025-07-02 14:00:00
28,C049,Medium AC users,1.1819097222222221,0.7692307692307693,43.24190000000001,846.6308842105265,62,414,3.464230902777778,3.076143402777778,12.616040580213351,You use 13% more than households like yours in the evening.,2025-07-03 21:00:00,2025-07-03 23:00:00,2025-07-02 14:00:00
28,C003,Low consumers without AC,1.934323611111111,0.5769230769230769,38.27610000000001,749.4057473684213,62,414,4.621678472222222,3.693412089114272,25.133030398743305,You use 25% more than households like yours in the evening.,2025-07-03 21:00:00,2025-07-03 23:00:00,2025-07-02 14:00:00
28,C006,Low consumers without AC,1.4646722222222222,0.2692307692307692,12.435541666666667,243.47481578947372,62,218,2.7532593750000003,3.693412089114272,-25.454855603175663,You use 25% less than households like yours in the evening.,2025-07-03 21:00:00,2025-07-03 23:00:00,2025-07-02 14:00:00
28,C018,Low consumers without AC,1.3760895833333333,0.8846153846153846,10.787116666666666,211.2003894736842,62,218,2.9828975694444444,3.693412089114272,-19.237347540068782,You use 19% less than households like yours in the evening.,2025-07-03 21:00:00,2025-07-03 23:00:00,2025-07-02 14:00:00
28,C026,Low consumers without AC,1.80064375,0.7307692307692307,35.18481666666666,688.8816736842106,62,414,4.489907986111111,3.693412089114272,21.565313530661268,You use 22% more than households like yours in the evening.,2025-07-03 21:00:00,2025-07-03 23:00:00,2025-07-02 14:00:00
28,C043,Low consumers without AC,1.6541326388888888,0.5,34.791283333333325,681.1767052631577,62,414,4.598639930555556,3.693412089114272,24.509256470711584,You use 25% more than households like yours in the evening.,2025-07-03 21:00:00,2025-07-03 23:00:00,2025-07-02 14:00:00
28,C045,Low consumers without AC,1.5972930555555556,0.8846153846153846,45.27419999999999,886.4211789473683,62,414,3.8670305555555555,3.693412089114272,4.700760766798684,In the evening you use about the same as households like yours.,2025-07-03 21:00:00,2025-07-03 23:00:00,2025-07-02 14:00:00
28,C046,Low consumers without AC,1.8050506944444447,0.6538461538461539,12.795474999999998,250.52193157894735,62,218,3.4376704861111107,3.693412089114272,-6.9242639822650105,You use 7% less than households like yours in the evening.,2025-07-03 21:00:00,2025-07-03 23:00:00,2025-07-02 14:00:00
28,C050,Low consumers without AC,1.627664316239316,0.6538461538461539,11.2614,220.48635789473684,62,218,3.5197936226729887,3.693412089114272,-4.700760766798684,In the evening you use about the same as households like yours.,2025-07-03 21:00:00,2025-07-03 23:00:00,2025-07-02 14:00:00
29,C002,Large evening-peak households,2.8570687488534214,0.21428571428571427,157.32295000000002,873.4945880597016,176,414,5.16202382131719,5.314136231884058,-2.862410821427863,In the evening you use about the same as households like yours.,2025-07-07 20:00:00,2025-07-07 22:00:00,2025-07-06 14:00:00
29,C007,Large evening-peak households,2.9129797101449273,0.4642857142857143,150.72825833333332,836.8792850746268,176,414,5.276954347826087,5.314136231884058,-0.6996787894688383,In the evening you use about the same as households like yours.,2025-07-07 20:00:00,2025-07-07 22:00:00,2025-07-06 14:00:00
29,C009,Large evening-peak households,2.855389492753623,0.39285714285714285,132.27595833333334,734.4277089552239,176,414,5.03961884057971,5.314136231884058,-5.165795141970264,You use 5% less than households like yours in the evening.,2025-07-07 20:00:00,2025-07-07 22:00:00,2025-07-06 14:00:00
29,C010,Large evening-peak households,1.8500315217391303,0.8214285714285714,106.45104166666667,591.041604477612,176,414,3.5907521739130432,5.314136231884058,-32.43018211748048,You use 32% less than households like yours in the evening.,2025-07-07 20:00:00,2025-07-07 22:00:00,2025-07-06 14:00:00
29,C011,Large evening-peak households,2.1407246376811595,0.5714285714285714,63.264825,351.2614164179104,96,341,4.113958695652173,5.314136231884058,-22.58462116629587,You use 23% less than households like yours in the evening.,2025-07-07 20:00:00,2025-07-07 22:00:00,2025-07-06 14:00:00
29,C013,Large evening-peak households,2.7435289855072464,0.7142857142857143,116.80486666666667,648.5285134328359,176,414,5.105923550724637,5.314136231884058,-3.9180907691107825,In the evening you use about the same as households like yours.,2025-07-07 20:00:00,2025-07-07 22:00:00,2025-07-06 14:00:00
29,C015,Large evening-peak households,3.9531246376811593,0.5357142857142857,136.4234833333333,757.4557582089551,176,414,6.479392753623189,5.314136231884058,21.927486818041242,You use 22% more than households like yours in the evening.,2025-07-07 20:00:00,2025-07-07 22:00:00,2025-07-06 14:00:00
29,C016,Large evening-peak households,3.419197826086956,0.7142857142857143,147.24318333333332,817.5293164179104,176,414,6.085934057971015,5.314136231884058,14.523485895154131,You use 15% more than households like yours in the evening.,2025-07-07 20:00:00,2025-07-07 22:00:00,2025-07-06 14:00:00
29,C021,Large evening-peak households,3.6317293728135924,0.6071428571428571,117.21792500000001,650.8219119402986,176,414,6.0723618315842085,5.314136231884058,14.268087354458569,You use 14% more than households like yours in the evening.,2025-07-07 20:00:00,2025-07-07 22:00:00,2025-07-06 14:00:00
29,C022,Large evening-peak households,3.069384239130435,0.7142857142857143,130.71115,725.7395194029851,176,414,5.715983695652174,5.314136231884058,7.561858526642351,You use 8% more than households like yours in the evening.,2025-07-07 20:00:00,2025-07-07 22:00:00,2025-07-06 14:00:00
29,C023,Large evening-peak households,2.8938452898550717,0.6785714285714286,135.63390833333332,753.0718492537313,176,414,5.364502173913043,5.314136231884058,0.9477728803186647,In the evening you use about the same as households like yours.,2025-07-07 20:00:00,2025-07-07 22:00:00,2025-07-06 14:00:00
29,C027,Large evening-peak households,2.454959420289855,0.5357142857142857,90.81899166666666,504.24872985074626,96,414,4.850900000000001,5.314136231884058,-8.717056011938606,You use 9% less than households like yours in the evening.,2025-07-07 20:00:00,2025-07-07 22:00:00,2025-07-06 14:00:00
29,C029,Large evening-peak households,2.747595289855072,0.6428571428571429,133.89873333333333,743.4377432835821,176,414,5.180070289855072,5.314136231884058,-2.522817183808901,In the evening you use about the same as households like yours.,2025-07-07 20:00:00,2025-07-07 22:00:00,2025-07-06 14:00:00
29,C031,Large evening-peak households,3.013592028985507,0.5714285714285714,104.19651666666667,578.5239432835821,176,414,5.606373188405797,5.314136231884058,5.499237199986684,You use 5% more than households like yours in the evening.,2025-07-07 20:00:00,2025-07-07 22:00:00,2025-07-06 14:00:00
29,C033,Large evening-peak households,3.185370652173913,0.6428571428571429,137.97284166666668,766.0581656716419,176,414,6.036218115942028,5.314136231884058,13.587944541684527,You use 14% more than households like yours in the evening.,2025-07-07 20:00:00,2025-07-07 22:00:00,2025-07-06 14:00:00
29,C034,Large evening-peak households,2.801134782608696,0.5,145.47251666666668,807.6981522388061,176,414,5.359992391304347,5.314136231884058,0.8629089925312527,In the evening you use about the same as households like yours.,2025-07-07 20:00:00,2025-07-07 22:00:00,2025-07-06 14:00:00
29,C035,Large evening-peak households,2.485240579710145,0.7142857142857143,130.49579166666666,724.5437985074626,176,414,5.04255579710145,5.314136231884058,-5.110528276508319,You use 5% less than households like yours in the evening.,2025-07-07 20:00:00,2025-07-07 22:00:00,2025-07-06 14:00:00
29,C042,Large evening-peak households,3.0182275362318842,0.5714285714285714,87.46753333333334,485.64063283582095,96,341,5.351318115942028,5.314136231884058,0.6996787894688161,In the evening you use about the same as households like yours.,2025-07-07 20:00:00,2025-07-07 22:00:00,2025-07-06 14:00:00
29,C005,"Daytime-occupied, high base load",2.4414278985507245,0.5,161.97295833333334,899.3125447761195,176,414,4.606898913043478,4.606898913043478,0.0,In the evening you use about the same as households like yours.,2025-07-07 20:00:00,2025-07-07 22:00:00,2025-07-06 14:00:00
29,C019,"Daytime-occupied, high base load",2.4897909420289857,0.75,124.6832,692.2709014925374,176,414,4.596984420289855,4.606898913043478,-0.21520968748743874,In the evening you use about the same as households like yours.,2025-07-07 20:00:00,2025-07-07 22:00:00,2025-07-06 14:00:00
29,C024,"Daytime-occupied, high base load",3.013580072463768,0.5714285714285714,136.67928333333333,758.8760208955224,176,414,5.284778623188406,4.606898913043478,14.714447244015961,You use 15% more than households like yours in the evening.,2025-07-07 20:00:00,2025-07-07 22:00:00,2025-07-06 14:00:00
29,C037,"Daytime-occupied, high base load",3.896745289855073,0.75,132.55668333333332,735.9863611940299,176,414,6.768197826086956,4.606898913043478,46.91439846713823,You use 47% more than households like yours in the evening.,2025-07-07 20:00:00,2025-07-07 22:00:00,2025-07-06 14:00:00
29,C041,"Daytime-occupied, high base load",2.5139989130434786,0.5714285714285714,127.55619166666666,708.2224373134329,176,414,4.547386594202898,4.606898913043478,-1.2918086540185114,In the evening you use about the same as households like yours.,2025-07-07 20:00:00,2025-07-07 22:00:00,2025-07-06 14:00:00
29,C044,"Daytime-occupied, high base load",2.138984420289855,0.7857142857142857,102.63425833333332,569.8499119402984,176,414,4.02663768115942,4.606898913043478,-12.595484355890019,You use 13% less than households like yours in the evening.,2025-07-07 20:00:00,2025-07-07 22:00:00,2025-07-06 14:00:00
29,C047,"Daytime-occupied, high base load",3.638654347826087,0.6428571428571429,139.178975,772.7549059701494,176,414,6.644012681159421,4.606898913043478,44.2187642179054,You use 44% more than households like yours in the evening.,2025-07-07 20:00:00,2025-07-07 22:00:00,2025-07-06 14:00:00
29,C001,Medium AC users,1.6611184782608697,0.4642857142857143,130.1174916666667,722.4433865671645,176,414,3.768331521739131,3.153273188405797,19.50539317667839,You use 20% more than households like yours in the evening.,2025-07-07 20:00:00,2025-07-07 22:00:00,2025-07-06 14:00:00
29,C004,Medium AC users,1.437003260869565,0.5,122.54695000000001,680.4099313432837,176,414,3.2340946472518453,3.153273188405797,2.5630972648744477,In the evening you use about the same as households like yours.,2025-07-07 20:00:00,2025-07-07 22:00:00,2025-07-06 14:00:00
29,C008,Medium AC users,1.5118079710144927,0.6785714285714286,122.099175,677.9237776119403,176,414,3.443748550724638,3.153273188405797,9.21186795317588,You use 9% more than households like yours in the evening.,2025-07-07 20:00:00,2025-07-07 22:00:00,2025-07-06 14:00:00
29,C012,Medium AC users,1.3419750000000001,0.5714285714285714,44.686733333333336,248.11141492537317,62,218,2.207277898550725,3.153273188405797,-30.000422841046003,You use 30% less than households like yours in the evening.,2025-07-07 20:00:00,2025-07-07 22:00:00,2025-07-06 14:00:00
29,C014,Medium AC users,1.4940025362318843,0.5357142857142857,108.65616666666666,603.2849850746269,176,414,3.1900438405797105,3.153273188405797,1.1661105770700342,In the evening you use about the same as households like yours.,2025-07-07 20:00:00,2025-07-07 22:00:00,2025-07-06 14:00:00
29,C017,Medium AC users,1.3608282608695652,0.75,129.377475,718.3346373134328,176,414,3.0273735507246378,3.153273188405797,-3.9926650866812685,In the evening you use about the same as households like yours.,2025-07-07 20:00:00,2025-07-07 22:00:00,2025-07-06 14:00:00
29,C020,Medium AC users,1.7222032608695652,0.5357142857142857,112.59048333333334,625.1292507462688,176,414,3.6463836956521742,3.153273188405797,15.638052201105967,You use 16% more than households like yours in the evening.,2025-07-07 20:00:00,2025-07-07 22:00:00,2025-07-06 14:00:00
29,C025,Medium AC users,0.9474199275362318,0.4642857142857143,21.943816666666663,121.83731044776118,62,176,1.6631663043478262,3.153273188405797,-47.255876513868614,You use 47% less than households like yours in the evening.,2025-07-07 20:00:00,2025-07-07 22:00:00,2025-07-06 14:00:00
29,C028,Medium AC users,1.8542583333333333,0.4642857142857143,129.48063666666667,718.9074155223882,176,414,3.858526086956522,3.153273188405797,22.36574049923279,You use 22% more than households like yours in the evening.,2025-07-07 20:00:00,2025-07-07 22:00:00,2025-07-06 14:00:00
29,C030,Medium AC users,1.6350188405797104,0.5357142857142857,121.2543,673.2328298507464,176,414,3.5716521739130433,3.153273188405797,13.268085589462242,You use 13% more than households like yours in the evening.,2025-07-07 20:00:00,2025-07-07 22:00:00,2025-07-06 14:00:00
29,C032,Medium AC users,1.3374981884057973,0.7857142857142857,121.98833333333334,677.3083582089553,176,414,2.9299108695652167,3.153273188405797,-7.083506740293122,You use 7% less than households like yours in the evening.,2025-07-07 20:00:00,2025-07-07 22:00:00,2025-07-06 14:00:00
29,C036,Medium AC users,1.2972644927536232,0.2857142857142857,117.34556666666666,651.5306089552239,176,414,2.955855434782609,3.153273188405797,-6.26072470818796,You use 6% less than households like yours in the evening.,2025-07-07 20:00:00,2025-07-07 22:00:00,2025-07-06 14:00:00
29,C038,Medium AC users,0.8565438405797101,0.32142857142857145,33.322374999999994,185.01378358208953,62,176,1.56385,3.153273188405797,-50.405502265072165,You use 50% less than households like yours in the evening.,2025-07-07 20:00:00,2025-07-07 22:00:00,2025-07-06 14:00:00
29,C039,Medium AC users,1.4010601449275364,0.75,96.19998333333334,534.1252805970149,96,414,2.9488728260869563,3.153273188405797,-6.48216472554285,You use 6% less than households like yours in the evening.,2025-07-07 20:00:00,2025-07-07 22:00:00,2025-07-06 14:00:00
29,C040,Medium AC users,1.413151811594203,0.4642857142857143,77.71558333333334,431.4954776119404,96,341,3.0444728260869565,3.153273188405797,-3.450394425668113,In the evening you use about the same as households like yours.,2025-07-07 20:00:00,2025-07-07 22:00:00,2025-07-06 14:00:00
29,C048,Medium AC users,1.4674264492753626,0.75,112.43193333333332,624.2489432835821,176,414,3.153273188405797,3.153273188405797,0.0,In the evening you use about the same as households like yours.,2025-07-07 20:00:00,2025-07-07 22:00:00,2025-07-06 14:00:00
29,C049,Medium AC users,1.56310615942029,0.75,135.95246666666668,754.84056119403,176,414,3.618083333333333,3.153273188405797,14.740560590708917,You use 15% more than households like yours in the evening.,2025-07-07 20:00:00,2025-07-07 22:00:00,2025-07-06 14:00:00
29,C003,Low consumers without AC,2.5931760869565217,0.6071428571428571,131.669375,731.0598134328359,176,414,4.7167876811594205,3.597055368351125,31.129137534560016,You use 31% more than households like yours in the evening.,2025-07-07 20:00:00,2025-07-07 22:00:00,2025-07-06 14:00:00
29,C006,Low consumers without AC,1.590033695652174,0.2857142857142857,45.54281666666667,252.86459402985074,62,218,2.647368115942029,3.597055368351125,-26.401796891006114,You use 26% less than households like yours in the evening.,2025-07-07 20:00:00,2025-07-07 22:00:00,2025-07-06 14:00:00
29,C018,Low consumers without AC,1.7587028985507245,0.8928571428571429,43.604708333333335,242.10375373134332,62,218,2.7880829710144925,3.597055368351125,-22.489851128075955,You use 22% less than households like yours in the evening.,2025-07-07 20:00:00,2025-07-07 22:00:00,2025-07-06 14:00:00
29,C026,Low consumers without AC,2.2883344202898552,0.75,128.787925,715.0613149253732,176,414,4.52289347826087,3.597055368351125,25.73877839234222,You use 26% more than households like yours in the evening.,2025-07-07 20:00:00,2025-07-07 22:00:00,2025-07-06 14:00:00
29,C043,Low consumers without AC,2.114628985507246,0.5,134.30959166666668,745.7189268656717,176,414,4.778959057971015,3.597055368351125,32.85753397122908,You use 33% more than households like yours in the evening.,2025-07-07 20:00:00,2025-07-07 22:00:00,2025-07-06 14:00:00
29,C045,Low consumers without AC,1.8992978260869564,0.8571428571428571,127.301775,706.8098552238806,176,414,3.927434782608696,3.597055368351125,9.184718621915898,You use 9% more than households like yours in the evening.,2025-07-07 20:00:00,2025-07-07 22:00:00,2025-07-06 14:00:00
29,C046,Low consumers without AC,2.0246760869565215,0.6785714285714286,43.495216666666664,241.49582985074625,62,218,3.089000724637681,3.597055368351125,-14.124181912338319,You use 14% less than households like yours in the evening.,2025-07-07 20:00:00,2025-07-07 22:00:00,2025-07-06 14:00:00
29,C050,Low consumers without AC,2.070088099219621,0.6785714285714286,49.58639166666667,275.3154880597015,62,218,3.2666759540935537,3.597055368351125,-9.184718621915898,You use 9% less than households like yours in the evening.,2025-07-07 20:00:00,2025-07-07 22:00:00,2025-07-06 14:00:00
30,C002,Large evening-peak households,3.1257389192558493,0.21428571428571427,183.7277,865.1481569620253,176,414,5.693664676831607,5.655653598484848,0.6720899306305039,In the evening you use about the same as households like yours.,2025-07-08 20:00:00,2025-07-08 22:00:00,2025-07-07 14:00:00
30,C007,Large evening-peak households,3.1329409090909084,0.4642857142857143,174.91216666666668,823.6370379746836,176,414,5.6660435606060595,5.655653598484848,0.18370930857565249,In the evening you use about the same as households like yours.,2025-07-08 20:00:00,2025-07-08 22:00:00,2025-07-07 14:00:00
30,C009,Large evening-peak households,3.033435984848485,0.39285714285714285,157.60425833333335,742.1365075949368,176,414,5.535299621212121,5.655653598484848,-2.1280295049359133,In the evening you use about the same as households like yours.,2025-07-08 20:00:00,2025-07-08 22:00:00,2025-07-07 14:00:00
30,C010,Large evening-peak households,1.948444318181818,0.8214285714285714,128.02376666666666,602.8460911392405,176,414,3.8167268939393937,5.655653598484848,-32.514839753235655,You use 33% less than households like yours in the evening.,2025-07-08 20:00:00,2025-07-08 22:00:00,2025-07-07 14:00:00
30,C011,Large evening-peak households,2.1970681818181816,0.5714285714285714,66.35076666666666,312.4365215189873,96,341,4.161940909090909,5.655653598484848,-26.410964946546688,You use 26% less than households like yours in the evening.,2025-07-08 20:00:00,2025-07-08 22:00:00,2025-07-07 14:00:00
30,C013,Large evening-peak households,2.8987757575757573,0.7142857142857143,144.95766666666668,682.5854683544305,176,414,5.472804166666666,5.655653598484848,-3.2330380323711383,In the evening you use about the same as households like yours.,2025-07-08 20:00:00,2025-07-08 22:00:00,2025-07-07 14:00:00
30,C015,Large evening-peak households,4.218741666666666,0.5357142857142857,174.95120833333334,823.8208797468355,176,414,7.04809696969697,5.655653598484848,24.620379359605018,You use 25% more than households like yours in the evening.,2025-07-08 20:00:00,2025-07-08 22:00:00,2025-07-07 14:00:00
30,C016,Large evening-peak households,3.726622727272727,0.7142857142857143,184.45338333333333,868.5652987341773,176,414,6.670430681818183,5.655653598484848,17.942702212264084,You use 18% more than households like yours in the evening.,2025-07-08 20:00:00,2025-07-08 22:00:00,2025-07-07 14:00:00
30,C021,Large evening-peak households,3.7959572230929983,0.6071428571428571,147.7094416666667,695.5431936708862,176,414,6.3677858542319745,5.655653598484848,12.591511190464466,You use 13% more than households like yours in the evening.,2025-07-08 20:00:00,2025-07-08 22:00:00,2025-07-07 14:00:00
30,C022,Large evening-peak households,3.4260785984848483,0.7142857142857143,157.11920833333332,739.8524746835443,176,414,6.195264393939394,5.655653598484848,9.541086384765629,You use 10% more than households like yours in the evening.,2025-07-08 20:00:00,2025-07-08 22:00:00,2025-07-07 14:00:00
30,C023,Large evening-peak households,3.162279166666667,0.6785714285714286,171.35530833333334,806.8882873417722,176,414,5.912721969696969,5.655653598484848,4.545334446950378,In the evening you use about the same as households like yours.,2025-07-08 20:00:00,2025-07-08 22:00:00,2025-07-07 14:00:00
30,C027,Large evening-peak households,2.525249242424242,0.5357142857142857,95.08317500000001,447.7334316455697,96,341,4.885050757575757,5.655653598484848,-13.625354302384007,You use 14% less than households like yours in the evening.,2025-07-08 20:00:00,2025-07-08 22:00:00,2025-07-07 14:00:00
30,C029,Large evening-peak households,3.0009443181818183,0.6428571428571429,162.302725,764.2609329113925,176,414,5.645263636363636,5.655653598484848,-0.1837093085756747,In the evening you use about the same as households like yours.,2025-07-08 20:00:00,2025-07-08 22:00:00,2025-07-07 14:00:00
30,C031,Large evening-peak households,3.020375,0.5714285714285714,107.512225,506.26009746835445,176,414,5.709349242424242,5.655653598484848,0.9494153594162613,In the evening you use about the same as households like yours.,2025-07-08 20:00:00,2025-07-08 22:00:00,2025-07-07 14:00:00
30,C033,Large evening-peak households,3.4365965909090908,0.6428571428571429,170.96640000000002,805.0569721518989,176,414,6.5576693181818175,5.655653598484848,15.94892091585347,You use 16% more than households like yours in the evening.,2025-07-08 20:00:00,2025-07-08 22:00:00,2025-07-07 14:00:00
30,C034,Large evening-peak households,2.9162613636363632,0.5,167.15210833333333,787.0960037974684,176,414,5.536137878787879,5.655653598484848,-2.1132079186919728,In the evening you use about the same as households like yours.,2025-07-08 20:00:00,2025-07-08 22:00:00,2025-07-07 14:00:00
30,C035,Large evening-peak households,2.7926780303030303,0.7142857142857143,167.27474999999998,787.6735063291139,176,414,5.5871458333333335,5.655653598484848,-1.2113147306240246,In the evening you use about the same as households like yours.,2025-07-08 20:00:00,2025-07-08 22:00:00,2025-07-07 14:00:00
30,C042,Large evening-peak households,3.028728787878788,0.5714285714285714,90.651075,426.8632898734178,96,341,5.390069318181818,5.655653598484848,-4.695907832371137,In the evening you use about the same as households like yours.,2025-07-08 20:00:00,2025-07-08 22:00:00,2025-07-07 14:00:00
30,C005,"Daytime-occupied, high base load",2.6874412878787877,0.5,200.32666666666665,943.3103797468355,218,414,5.027870833333333,5.027870833333333,0.0,In the evening you use about the same as households like yours.,2025-07-08 20:00:00,2025-07-08 22:00:00,2025-07-07 14:00:00
30,C019,"Daytime-occupied, high base load",2.671248497910136,0.75,149.78836666666666,705.3325620253164,176,414,4.966046225182863,5.027870833333333,-1.229637956102425,In the evening you use about the same as households like yours.,2025-07-08 20:00:00,2025-07-08 22:00:00,2025-07-07 14:00:00
30,C024,"Daytime-occupied, high base load",3.2461609848484856,0.5714285714285714,160.7316,756.8627240506329,176,414,5.588132196969696,5.027870833333333,11.143113699779072,You use 11% more than households like yours in the evening.,2025-07-08 20:00:00,2025-07-08 22:00:00,2025-07-07 14:00:00
30,C037,"Daytime-occupied, high base load",4.178148106060606,0.75,170.03254166666665,800.6595632911392,176,414,7.176462878787879,5.027870833333333,42.73363649698398,You use 43% more than households like yours in the evening.,2025-07-08 20:00:00,2025-07-08 22:00:00,2025-07-07 14:00:00
30,C041,"Daytime-occupied, high base load",2.6792223484848487,0.5714285714285714,160.82640833333335,757.3091632911394,176,414,4.903940909090909,5.027870833333333,-2.4648589502499707,In the evening you use about the same as households like yours.,2025-07-08 20:00:00,2025-07-08 22:00:00,2025-07-07 14:00:00
30,C044,"Daytime-occupied, high base load",2.1859670454545452,0.7857142857142857,115.17160833333332,542.3270670886076,176,414,4.118639393939393,5.027870833333333,-18.08382652485816,You use 18% less than households like yours in the evening.,2025-07-08 20:00:00,2025-07-08 22:00:00,2025-07-07 14:00:00
30,C047,"Daytime-occupied, high base load",3.8549954545454543,0.6428571428571429,178.34045833333334,839.7803860759495,176,414,7.1635867424242425,5.027870833333333,42.477541287093715,You use 42% more than households like yours in the evening.,2025-07-08 20:00:00,2025-07-08 22:00:00,2025-07-07 14:00:00
30,C001,Medium AC users,1.8455212121212121,0.4642857142857143,152.97759166666665,720.3501784810127,176,414,4.172992424242424,3.367540616066324,23.91810225935629,You use 24% more than households like yours in the evening.,2025-07-08 20:00:00,2025-07-08 22:00:00,2025-07-07 14:00:00
30,C004,Medium AC users,1.5022708333333332,0.5,142.10520000000002,669.1536000000001,176,414,3.367540616066324,3.367540616066324,0.0,In the evening you use about the same as households like yours.,2025-07-08 20:00:00,2025-07-08 22:00:00,2025-07-07 14:00:00
30,C008,Medium AC users,1.6888382575757577,0.6785714285714286,155.81704166666668,733.720753164557,176,414,3.8162981060606067,3.367540616066324,13.325971121277313,You use 13% more than households like yours in the evening.,2025-07-08 20:00:00,2025-07-08 22:00:00,2025-07-07 14:00:00
30,C012,Medium AC users,1.4518102272727271,0.5714285714285714,54.299841666666666,255.69039367088607,96,218,2.3632969696969695,3.367540616066324,-29.82127792544421,You use 30% less than households like yours in the evening.,2025-07-08 20:00:00,2025-07-08 22:00:00,2025-07-07 14:00:00
30,C014,Medium AC users,1.6845935606060607,0.5357142857142857,130.28064166666667,613.4734012658229,176,414,3.5810662878787882,3.367540616066324,6.340700711781966,You use 6% more than households like yours in the evening.,2025-07-08 20:00:00,2025-07-08 22:00:00,2025-07-07 14:00:00
30,C017,Medium AC users,1.5200969696969695,0.75,157.13419166666665,739.923029113924,176,414,3.354276136363637,3.367540616066324,-0.393892196560397,In the evening you use about the same as households like yours.,2025-07-08 20:00:00,2025-07-08 22:00:00,2025-07-07 14:00:00
30,C020,Medium AC users,1.931748106060606,0.5357142857142857,144.138575,678.7284797468354,176,414,4.045873863636363,3.367540616066324,20.143283330682138,You use 20% more than households like yours in the evening.,2025-07-08 20:00:00,2025-07-08 22:00:00,2025-07-07 14:00:00
30,C025,Medium AC users,0.9613556818181818,0.4642857142857143,24.342041666666667,114.62328481012659,62,176,1.6906200757575756,3.367540616066324,-49.79659435459416,You use 50% less than households like yours in the evening.,2025-07-08 20:00:00,2025-07-08 22:00:00,2025-07-07 14:00:00
30,C028,Medium AC users,2.047303409090909,0.4642857142857143,160.95940333333334,757.9354182278481,176,414,4.254334090909091,3.367540616066324,26.3335643410485,You use 26% more than households like yours in the evening.,2025-07-08 20:00:00,2025-07-08 22:00:00,2025-07-07 14:00:00
30,C030,Medium AC users,1.8110727272727274,0.5357142857142857,151.570625,713.7249683544304,176,414,3.9270818181818186,3.367540616066324,16.615722448779337,You use 17% more than households like yours in the evening.,2025-07-08 20:00:00,2025-07-08 22:00:00,2025-07-07 14:00:00
30,C032,Medium AC users,1.397714015151515,0.7857142857142857,147.59163333333333,694.9884506329114,176,414,3.203539393939394,3.367540616066324,-4.870059216048961,In the evening you use about the same as households like yours.,2025-07-08 20:00:00,2025-07-08 22:00:00,2025-07-07 14:00:00
30,C036,Medium AC users,1.4793469696969697,0.2857142857142857,149.01889166666666,701.7092113924051,176,414,3.3583723484848487,3.367540616066324,-0.27225410549569506,In the evening you use about the same as households like yours.,2025-07-08 20:00:00,2025-07-08 22:00:00,2025-07-07 14:00:00
30,C038,Medium AC users,0.8821094696969696,0.32142857142857145,38.768166666666666,182.5538987341772,62,176,1.6284409090909089,3.367540616066324,-51.64302098327427,You use 52% less than households like yours in the evening.,2025-07-08 20:00:00,2025-07-08 22:00:00,2025-07-07 14:00:00
30,C039,Medium AC users,1.541382196969697,0.75,121.30323333333334,571.200035443038,176,414,3.2463833333333336,3.367540616066324,-3.5977972219535137,In the evening you use about the same as households like yours.,2025-07-08 20:00:00,2025-07-08 22:00:00,2025-07-07 14:00:00
30,C040,Medium AC users,1.4791458333333332,0.4642857142857143,96.31920833333334,453.5537405063291,96,341,3.1756208333333333,3.367540616066324,-5.699108180532509,You use 6% less than households like yours in the evening.,2025-07-08 20:00:00,2025-07-08 22:00:00,2025-07-07 14:00:00
30,C048,Medium AC users,1.640620075757576,0.75,142.0878166666667,669.0717443037977,176,414,3.5353098484848484,3.367540616066324,4.981951267881013,In the evening you use about the same as households like yours.,2025-07-08 20:00:00,2025-07-08 22:00:00,2025-07-07 14:00:00
30,C049,Medium AC users,1.7523439393939393,0.75,166.16216666666668,782.434506329114,176,414,4.0032401515151514,3.367540616066324,18.877264090474366,You use 19% more than households like yours in the evening.,2025-07-08 20:00:00,2025-07-08 22:00:00,2025-07-07 14:00:00
30,C003,Low consumers without AC,2.787455681818182,0.6071428571428571,160.80461666666667,757.2065493670887,176,414,5.145886742424242,3.8586361047913273,33.36024964972768,You use 33% more than households like yours in the evening.,2025-07-08 20:00:00,2025-07-08 22:00:00,2025-07-07 14:00:00
30,C006,Low consumers without AC,1.6737632575757575,0.2857142857142857,55.34578333333333,260.61558734177214,96,218,2.8117469696969697,3.8586361047913273,-27.13106669463906,You use 27% less than households like yours in the evening.,2025-07-08 20:00:00,2025-07-08 22:00:00,2025-07-07 14:00:00
30,C018,Low consumers without AC,1.7816867424242424,0.8928571428571429,51.000625,240.1548417721519,96,218,2.8509621212121217,3.8586361047913273,-26.11477102823875,You use 26% less than households like yours in the evening.,2025-07-08 20:00:00,2025-07-08 22:00:00,2025-07-07 14:00:00
30,C026,Low consumers without AC,2.529121590909091,0.75,161.54673333333335,760.7010734177217,176,414,5.023637121212121,3.8586361047913273,30.1920415603377,You use 30% more than households like yours in the evening.,2025-07-08 20:00:00,2025-07-08 22:00:00,2025-07-07 14:00:00
30,C043,Low consumers without AC,2.311721212121212,0.5,168.593525,793.8834341772152,176,414,5.178548106060606,3.8586361047913273,34.20669805142609,You use 34% more than households like yours in the evening.,2025-07-08 20:00:00,2025-07-08 22:00:00,2025-07-07 14:00:00
30,C045,Low consumers without AC,2.0981045454545457,0.8571428571428571,150.00512500000002,706.3532468354432,176,414,4.286651515151515,3.8586361047913273,11.092401530911777,You use 11% more than households like yours in the evening.,2025-07-08 20:00:00,2025-07-08 22:00:00,2025-07-07 14:00:00
30,C046,Low consumers without AC,2.0374810606060607,0.6785714285714286,46.41276666666667,218.55125569620256,62,218,3.1410113636363635,3.8586361047913273,-18.597885928239734,You use 19% less than households like yours in the evening.,2025-07-08 20:00:00,2025-07-08 22:00:00,2025-07-07 14:00:00
30,C050,Low consumers without AC,2.162204224941725,0.6785714285714286,60.824675000000006,286.4149253164557,96,218,3.43062069443114,3.8586361047913273,-11.092401530911767,You use 11% less than households like yours in the evening.,2025-07-08 20:00:00,2025-07-08 22:00:00,2025-07-07 14:00:00
31,C002,Large evening-peak households,2.1138377828922135,0.26666666666666666,389.0861833333333,615.915149787234,341,414,4.4680502828922135,5.4706062499999994,-18.326231523385296,You use 18% less than households like yours in the evening.,2025-07-21 20:00:00,2025-07-21 22:00:00,2025-07-20 14:00:00
31,C007,Large evening-peak households,3.2560678030303034,0.4666666666666667,406.23710833333337,643.0646991489363,341,414,6.052409090909092,5.4706062499999994,10.635070672635095,You use 11% more than households like yours in the evening.,2025-07-21 20:00:00,2025-07-21 22:00:00,2025-07-20 14:00:00
31,C009,Large evening-peak households,2.8190166666666663,0.4,354.7182583333333,561.5114557446809,341,414,5.4353901515151515,5.4706062499999994,-0.6437330137742614,In the evening you use about the same as households like yours.,2025-07-21 20:00:00,2025-07-21 22:00:00,2025-07-20 14:00:00
31,C010,Large evening-peak households,1.8759352272727272,0.8,304.368825,481.80937404255326,341,341,4.0355367424242425,5.4706062499999994,-26.232366980821496,You use 26% less than households like yours in the evening.,2025-07-21 20:00:00,2025-07-21 22:00:00,2025-07-20 14:00:00
31,C011,Large evening-peak households,1.4737041666666668,0.5666666666666667,174.15515833333333,275.68391021276597,176,218,3.0686340909090912,5.4706062499999994,-43.90687337607068,You use 44% less than households like yours in the evening.,2025-07-21 20:00:00,2025-07-21 22:00:00,2025-07-20 14:00:00
31,C013,Large evening-peak households,2.8764871212121212,0.7,372.53179166666666,589.7099,341,414,5.877186742424242,5.4706062499999994,7.432092054226036,You use 7% more than households like yours in the evening.,2025-07-21 20:00:00,2025-07-21 22:00:00,2025-07-20 14:00:00
31,C015,Large evening-peak households,3.9299208333333326,0.5,444.6985833333333,703.948395744681,341,414,7.099783712121212,5.4706062499999994,29.780565218365208,You use 30% more than households like yours in the evening.,2025-07-21 20:00:00,2025-07-21 22:00:00,2025-07-20 14:00:00
31,C016,Large evening-peak households,3.616092424242424,0.7333333333333333,432.9736083333333,685.388009787234,341,414,6.711574242424242,5.4706062499999994,22.684286452241786,You use 23% more than households like yours in the evening.,2025-07-21 20:00:00,2025-07-21 22:00:00,2025-07-20 14:00:00
31,C021,Large evening-peak households,1.6648723746081506,0.5666666666666667,246.69270833333334,390.50930851063833,218,341,3.1889619905956113,5.4706062499999994,-41.70733836682887,You use 42% less than households like yours in the evening.,2025-07-21 20:00:00,2025-07-21 22:00:00,2025-07-20 14:00:00
31,C022,Large evening-peak households,3.2924863636363644,0.7333333333333333,373.3418416666667,590.9921919148937,341,414,6.444469318181818,5.4706062499999994,17.801739399208593,You use 18% more than households like yours in the evening.,2025-07-21 20:00:00,2025-07-21 22:00:00,2025-07-20 14:00:00
31,C023,Large evening-peak households,2.9794367424242423,0.6666666666666666,406.70399166666664,643.8037655319149,341,414,5.742234090909091,5.4706062499999994,4.965223752104109,In the evening you use about the same as households like yours.,2025-07-21 20:00:00,2025-07-21 22:00:00,2025-07-20 14:00:00
31,C027,Large evening-peak households,2.8636291666666667,0.5,357.5046333333333,565.9222280851064,341,414,5.237224242424242,5.4706062499999994,-4.266108670785029,In the evening you use about the same as households like yours.,2025-07-21 20:00:00,2025-07-21 22:00:00,2025-07-20 14:00:00
31,C029,Large evening-peak households,2.76870022618269,0.6666666666666666,400.3163666666667,633.6922910638298,341,414,5.606825604970569,5.4706062499999994,2.4900230202195672,In the evening you use about the same as households like yours.,2025-07-21 20:00:00,2025-07-21 22:00:00,2025-07-20 14:00:00
31,C031,Large evening-peak households,2.4681757575757577,0.5333333333333333,261.1965166666667,413.4685285106384,218,341,4.718272348484848,5.4706062499999994,-13.752294848768386,You use 14% less than households like yours in the evening.,2025-07-21 20:00:00,2025-07-21 22:00:00,2025-07-20 14:00:00
31,C033,Large evening-peak households,3.417165151515152,0.6333333333333333,399.1216333333333,631.8010536170212,341,414,6.291676136363637,5.4706062499999994,15.008754950397641,You use 15% more than households like yours in the evening.,2025-07-21 20:00:00,2025-07-21 22:00:00,2025-07-20 14:00:00
31,C034,Large evening-peak households,2.4692117424242426,0.4666666666666667,395.69905833333337,626.3831902127661,341,414,5.237454545454545,5.4706062499999994,-4.261898844309153,In the evening you use about the same as households like yours.,2025-07-21 20:00:00,2025-07-21 22:00:00,2025-07-20 14:00:00
31,C035,Large evening-peak households,2.5786109848484844,0.7333333333333333,408.78678333333335,647.100780425532,341,414,5.505822348484848,5.4706062499999994,0.6437330137742725,In the evening you use about the same as households like yours.,2025-07-21 20:00:00,2025-07-21 22:00:00,2025-07-20 14:00:00
31,C042,Large evening-peak households,1.782017803030303,0.5666666666666667,195.30764166666665,309.16784127659577,176,341,3.5226026515151516,5.4706062499999994,-35.60855066995268,You use 36% less than households like yours in the evening.,2025-07-21 20:00:00,2025-07-21 22:00:00,2025-07-20 14:00:00
31,C005,"Daytime-occupied, high base load",2.617945833333333,0.4666666666666667,417.2494916666667,660.4970676595746,341,414,5.062580681818182,5.4807075757575765,-7.62906774645058,You use 8% less than households like yours in the evening.,2025-07-21 20:00:00,2025-07-21 22:00:00,2025-07-20 14:00:00
31,C019,"Daytime-occupied, high base load",2.6337742554858936,0.7333333333333333,413.3808916666667,654.3731561702128,341,414,5.254716300940438,5.4807075757575765,-4.1233959610753494,In the evening you use about the same as households like yours.,2025-07-21 20:00:00,2025-07-21 22:00:00,2025-07-20 14:00:00
31,C024,"Daytime-occupied, high base load",3.1932098484848486,0.5666666666666667,372.85049166666664,590.2143953191489,341,414,5.4807075757575765,5.4807075757575765,0.0,In the evening you use about the same as households like yours.,2025-07-21 20:00:00,2025-07-21 22:00:00,2025-07-20 14:00:00
31,C037,"Daytime-occupied, high base load",3.868163636363637,0.7,426.42155833333334,675.0162540425533,341,414,6.81290909090909,5.4807075757575765,24.30710810122667,You use 24% more than households like yours in the evening.,2025-07-21 20:00:00,2025-07-21 22:00:00,2025-07-20 14:00:00
31,C041,"Daytime-occupied, high base load",2.942003409090909,0.5333333333333333,437.19197499999996,692.0655944680851,341,414,5.871049242424241,5.4807075757575765,7.122103510744404,You use 7% more than households like yours in the evening.,2025-07-21 20:00:00,2025-07-21 22:00:00,2025-07-20 14:00:00
31,C044,"Daytime-occupied, high base load",2.2442265151515155,0.8,305.51166666666666,483.61846808510643,341,341,4.076804924242424,5.4807075757575765,-25.61535407809268,You use 26% less than households like yours in the evening.,2025-07-21 20:00:00,2025-07-21 22:00:00,2025-07-20 14:00:00
31,C047,"Daytime-occupied, high base load",3.5905575757575763,0.6666666666666666,445.4852166666667,705.1936195744681,341,414,6.72873712121212,5.4807075757575765,22.77132155298458,You use 23% more than households like yours in the evening.,2025-07-21 20:00:00,2025-07-21 22:00:00,2025-07-20 14:00:00
31,C001,Medium AC users,1.853124621212121,0.43333333333333335,352.92110833333334,558.6666055319149,341,414,4.411143181818182,3.6659821969696975,20.326366709157373,You use 20% more than households like yours in the evening.,2025-07-21 20:00:00,2025-07-21 22:00:00,2025-07-20 14:00:00
31,C004,Medium AC users,1.6290420454545453,0.4666666666666667,351.1073916666667,555.7955306382979,341,414,3.6953197827329904,3.6659821969696975,0.8002653637418922,In the evening you use about the same as households like yours.,2025-07-21 20:00:00,2025-07-21 22:00:00,2025-07-20 14:00:00
31,C008,Medium AC users,1.6740397727272727,0.6666666666666666,344.3214333333333,545.0535029787234,341,414,3.9587821969696964,3.6659821969696975,7.986945496953779,You use 8% more than households like yours in the evening.,2025-07-21 20:00:00,2025-07-21 22:00:00,2025-07-20 14:00:00
31,C012,Medium AC users,1.5837753787878788,0.5333333333333333,164.34519166666666,260.1549417021277,176,218,2.5088420454545455,3.6659821969696975,-31.564259981176246,You use 32% less than households like yours in the evening.,2025-07-21 20:00:00,2025-07-21 22:00:00,2025-07-20 14:00:00
31,C014,Medium AC users,1.675482196969697,0.5,304.00235833333335,481.2292651063831,341,341,3.8242488636363636,3.6659821969696975,4.317169537743237,In the evening you use about the same as households like yours.,2025-07-21 20:00:00,2025-07-21 22:00:00,2025-07-20 14:00:00
31,C017,Medium AC users,1.2385814393939394,0.7,282.12564166666664,446.5988880851064,218,341,2.7749564393939394,3.6659821969696975,-24.305239624793607,You use 24% less than households like yours in the evening.,2025-07-21 20:00:00,2025-07-21 22:00:00,2025-07-20 14:00:00
31,C020,Medium AC users,1.883226515151515,0.5333333333333333,341.05606666666665,539.8844970212765,341,414,4.181496212121211,3.6659821969696975,14.062098162332548,You use 14% more than households like yours in the evening.,2025-07-21 20:00:00,2025-07-21 22:00:00,2025-07-20 14:00:00
31,C025,Medium AC users,0.678915909090909,0.43333333333333335,89.03503333333333,140.94056340425533,96,176,1.3309973484848485,3.6659821969696975,-63.693294812368386,You use 64% less than households like yours in the evening.,2025-07-21 20:00:00,2025-07-21 22:00:00,2025-07-20 14:00:00
31,C028,Medium AC users,1.8247397727272732,0.43333333333333335,338.6329866666666,536.0488129361702,341,414,3.8563515151515158,3.6659821969696975,5.192859865472821,You use 5% more than households like yours in the evening.,2025-07-21 20:00:00,2025-07-21 22:00:00,2025-07-20 14:00:00
31,C030,Medium AC users,1.6444147727272727,0.5333333333333333,308.9924666666667,489.12850042553197,341,341,3.6659821969696975,3.6659821969696975,0.0,In the evening you use about the same as households like yours.,2025-07-21 20:00:00,2025-07-21 22:00:00,2025-07-20 14:00:00
31,C032,Medium AC users,1.414964772727273,0.7333333333333333,313.8231333333333,496.7753429787234,341,341,3.497665530303031,3.6659821969696975,-4.591311621911243,In the evening you use about the same as households like yours.,2025-07-21 20:00:00,2025-07-21 22:00:00,2025-07-20 14:00:00
31,C036,Medium AC users,1.1404117424242424,0.26666666666666666,237.61755,376.1435259574468,218,341,2.5492810606060603,3.6659821969696975,-30.4611718323865,You use 30% less than households like yours in the evening.,2025-07-21 20:00:00,2025-07-21 22:00:00,2025-07-20 14:00:00
31,C038,Medium AC users,0.7851113636363636,0.3333333333333333,112.702875,178.40625319148938,176,176,1.5057526515151516,3.6659821969696975,-58.926351231061425,You use 59% less than households like yours in the evening.,2025-07-21 20:00:00,2025-07-21 22:00:00,2025-07-20 14:00:00
31,C039,Medium AC users,1.5401844696969695,0.7333333333333333,285.2141833333333,451.48798382978725,218,341,3.476551893939394,3.6659821969696975,-5.167245579830881,You use 5% less than households like yours in the evening.,2025-07-21 20:00:00,2025-07-21 22:00:00,2025-07-20 14:00:00
31,C040,Medium AC users,1.0966973484848483,0.43333333333333335,212.68185,336.6708434042553,218,341,2.3545056818181815,3.6659821969696975,-35.774219422985276,You use 36% less than households like yours in the evening.,2025-07-21 20:00:00,2025-07-21 22:00:00,2025-07-20 14:00:00
31,C048,Medium AC users,1.6594973484848488,0.7666666666666667,311.2086916666667,492.6367374468086,341,341,3.7325011363636365,3.6659821969696975,1.8144916101590303,In the evening you use about the same as households like yours.,2025-07-21 20:00:00,2025-07-21 22:00:00,2025-07-20 14:00:00
31,C049,Medium AC users,1.7074310606060605,0.7333333333333333,327.888675,519.0407961702127,341,414,4.0089140151515155,3.6659821969696975,9.354432175510441,You use 9% more than households like yours in the evening.,2025-07-21 20:00:00,2025-07-21 22:00:00,2025-07-20 14:00:00
31,C003,Low consumers without AC,2.2419321969696973,0.6,302.1261833333333,478.25931999999995,341,341,4.425372348484848,3.8405134469696973,15.228664333323083,You use 15% more than households like yours in the evening.,2025-07-21 20:00:00,2025-07-21 22:00:00,2025-07-20 14:00:00
31,C006,Low consumers without AC,1.490292803030303,0.26666666666666666,163.136325,258.24133148936176,176,218,2.6212670454545455,3.8405134469696973,-31.746963481593347,You use 32% less than households like yours in the evening.,2025-07-21 20:00:00,2025-07-21 22:00:00,2025-07-20 14:00:00
31,C018,Low consumers without AC,1.6156143939393937,0.8666666666666667,157.79016666666666,249.7784765957447,176,218,2.722103409090909,3.8405134469696973,-29.12136758071382,You use 29% less than households like yours in the evening.,2025-07-21 20:00:00,2025-07-21 22:00:00,2025-07-20 14:00:00
31,C026,Low consumers without AC,2.2697151515151517,0.7333333333333333,353.5638333333333,559.6840255319149,341,414,4.698770833333334,3.8405134469696973,22.347464687067607,You use 22% more than households like yours in the evening.,2025-07-21 20:00:00,2025-07-21 22:00:00,2025-07-20 14:00:00
31,C043,Low consumers without AC,2.262276515151515,0.4666666666666667,403.618475,638.9194582978724,341,414,5.032464015151516,3.8405134469696973,31.036229520881122,You use 31% more than households like yours in the evening.,2025-07-21 20:00:00,2025-07-21 22:00:00,2025-07-20 14:00:00
31,C045,Low consumers without AC,2.360265909090909,0.8666666666666667,367.84270000000004,582.2871676595746,341,414,4.570070833333333,3.8405134469696973,18.996350265074135,You use 19% more than households like yours in the evening.,2025-07-21 20:00:00,2025-07-21 22:00:00,2025-07-20 14:00:00
31,C046,Low consumers without AC,1.1044386363636365,0.6333333333333333,164.1381,259.82712,176,218,2.1006958333333334,3.8405134469696973,-45.30169305901383,You use 45% less than households like yours in the evening.,2025-07-21 20:00:00,2025-07-21 22:00:00,2025-07-20 14:00:00
31,C050,Low consumers without AC,1.9618056818181815,0.6333333333333333,176.93781666666666,280.0887991489362,176,218,3.255654545454546,3.8405134469696973,-15.228664333323094,You use 15% less than households like yours in the evening.,2025-07-21 20:00:00,2025-07-21 22:00:00,2025-07-20 14:00:00
32,C002,Large evening-peak households,2.1935116071428573,0.25806451612903225,107.37419166666666,438.936256043956,176,341,4.362726488095238,4.4813776785714285,-2.6476498743576937,In the evening you use about the same as households like yours.,2025-08-09 19:00:00,2025-08-09 21:00:00,2025-08-08 14:00:00
32,C007,Large evening-peak households,1.6251422619047617,0.45161290322580644,42.946933333333334,175.5632879120879,62,176,3.3045499999999994,4.4813776785714285,-26.260399434724224,You use 26% less than households like yours in the evening.,2025-08-09 19:00:00,2025-08-09 21:00:00,2025-08-08 14:00:00
32,C009,Large evening-peak households,1.847206845238095,0.3870967741935484,33.966991666666665,138.85407582417582,62,176,3.5270080357142857,4.4813776785714285,-21.296344814244183,You use 21% less than households like yours in the evening.,2025-08-09 19:00:00,2025-08-09 21:00:00,2025-08-08 14:00:00
32,C010,Large evening-peak households,1.6490258928571428,0.7741935483870968,72.716925,297.2603967032967,96,218,3.2062657738095237,4.4813776785714285,-28.453569331125518,You use 28% less than households like yours in the evening.,2025-08-09 19:00:00,2025-08-09 21:00:00,2025-08-08 14:00:00
32,C011,Large evening-peak households,1.5266553571428572,0.5806451612903226,87.775375,358.8180164835165,96,341,2.894551488095238,4.4813776785714285,-35.409338473387464,You use 35% less than households like yours in the evening.,2025-08-09 19:00:00,2025-08-09 21:00:00,2025-08-08 14:00:00
32,C013,Large evening-peak households,2.353502976190476,0.6774193548387096,81.840675,334.5574846153847,96,341,4.419925,4.4813776785714285,-1.3712898795670836,In the evening you use about the same as households like yours.,2025-08-09 19:00:00,2025-08-09 21:00:00,2025-08-08 14:00:00
32,C015,Large evening-peak households,3.150860119047619,0.4838709677419355,116.73405833333332,477.1985681318681,176,341,6.259632142857143,4.4813776785714285,39.6809774098885,You use 40% more than households like yours in the evening.,2025-08-09 19:00:00,2025-08-09 21:00:00,2025-08-08 14:00:00
32,C016,Large evening-peak households,2.612245833333333,0.7419354838709677,109.80524166666666,448.8741747252747,176,341,5.33187619047619,4.4813776785714285,18.978505560278556,You use 19% more than households like yours in the evening.,2025-08-09 19:00:00,2025-08-09 21:00:00,2025-08-08 14:00:00
32,C021,Large evening-peak households,1.8887443452380952,0.5483870967741935,114.01398333333333,466.0791406593407,176,341,3.632316071428572,4.4813776785714285,-18.946441653485458,You use 19% less than households like yours in the evening.,2025-08-09 19:00:00,2025-08-09 21:00:00,2025-08-08 14:00:00
32,C022,Large evening-peak households,2.5706288690476184,0.7419354838709677,100.18059166666666,409.52945164835165,176,341,5.310648214285714,4.4813776785714285,18.504812474958364,You use 19% more than households like yours in the evening.,2025-08-09 19:00:00,2025-08-09 21:00:00,2025-08-08 14:00:00
32,C023,Large evening-peak households,2.4166934523809522,0.6774193548387096,105.72086666666667,432.1776087912088,176,341,4.542830357142857,4.4813776785714285,1.3712898795670947,In the evening you use about the same as households like yours.,2025-08-09 19:00:00,2025-08-09 21:00:00,2025-08-08 14:00:00
32,C027,Large evening-peak households,2.1908464285714286,0.4838709677419355,97.79279166666666,399.76833516483515,96,341,4.1738375,4.4813776785714285,-6.8626257510495225,You use 7% less than households like yours in the evening.,2025-08-09 19:00:00,2025-08-09 21:00:00,2025-08-08 14:00:00
32,C029,Large evening-peak households,2.3308982292737244,0.6451612903225806,102.49215833333334,418.978932967033,176,341,4.810758511048305,4.4813776785714285,7.3499904739534605,You use 7% more than households like yours in the evening.,2025-08-09 19:00:00,2025-08-09 21:00:00,2025-08-08 14:00:00
32,C031,Large evening-peak households,2.3857851190476187,0.5483870967741935,95.557075,390.628921978022,96,341,4.580887202380952,4.4813776785714285,2.220511881543641,In the evening you use about the same as households like yours.,2025-08-09 19:00:00,2025-08-09 21:00:00,2025-08-08 14:00:00
32,C033,Large evening-peak households,2.642236607142856,0.6451612903225806,106.15326666666667,433.945221978022,176,341,5.045952083333333,4.4813776785714285,12.598233071529009,You use 13% more than households like yours in the evening.,2025-08-09 19:00:00,2025-08-09 21:00:00,2025-08-08 14:00:00
32,C034,Large evening-peak households,2.4407738095238094,0.4838709677419355,111.877325,457.3446692307692,176,341,4.548027976190476,4.4813776785714285,1.4872724951915828,In the evening you use about the same as households like yours.,2025-08-09 19:00:00,2025-08-09 21:00:00,2025-08-08 14:00:00
32,C035,Large evening-peak households,2.4961047619047614,0.7419354838709677,109.790975,448.81585384615386,176,341,4.722519642857143,4.4813776785714285,5.380978386150792,You use 5% more than households like yours in the evening.,2025-08-09 19:00:00,2025-08-09 21:00:00,2025-08-08 14:00:00
32,C042,Large evening-peak households,1.6968318452380948,0.5483870967741935,102.69354999999999,419.80220439560435,176,341,3.2930926794127546,4.4813776785714285,-26.51606457631741,You use 27% less than households like yours in the evening.,2025-08-09 19:00:00,2025-08-09 21:00:00,2025-08-08 14:00:00
32,C005,"Daytime-occupied, high base load",1.5844767857142859,0.4838709677419355,99.304625,405.9485769230769,96,341,2.811441666666667,3.487332738095238,-19.381318680755967,You use 19% less than households like yours in the evening.,2025-08-09 19:00:00,2025-08-09 21:00:00,2025-08-08 14:00:00
32,C019,"Daytime-occupied, high base load",1.358853869047619,0.7419354838709677,82.00924166666667,335.24657032967036,96,341,2.789111607142857,3.487332738095238,-20.021637835847738,You use 20% less than households like yours in the evening.,2025-08-09 19:00:00,2025-08-09 21:00:00,2025-08-08 14:00:00
32,C024,"Daytime-occupied, high base load",1.4104318452380953,0.5483870967741935,99.74250833333333,407.7386054945055,96,341,2.9575824404761906,3.487332738095238,-15.190701243736049,You use 15% less than households like yours in the evening.,2025-08-09 19:00:00,2025-08-09 21:00:00,2025-08-08 14:00:00
32,C037,"Daytime-occupied, high base load",2.9558395833333333,0.7096774193548387,108.63423333333333,444.08719560439556,176,341,5.709110119047618,3.487332738095238,63.70993386096855,You use 64% more than households like yours in the evening.,2025-08-09 19:00:00,2025-08-09 21:00:00,2025-08-08 14:00:00
32,C041,"Daytime-occupied, high base load",2.376360416666667,0.5483870967741935,109.75591666666668,448.6725384615385,176,341,4.640544047619048,3.487332738095238,33.06857693635759,You use 33% more than households like yours in the evening.,2025-08-09 19:00:00,2025-08-09 21:00:00,2025-08-08 14:00:00
32,C044,"Daytime-occupied, high base load",1.8456755952380952,0.8064516129032258,63.02840833333334,257.6545923076924,96,218,3.487332738095238,3.487332738095238,0.0,In the evening you use about the same as households like yours.,2025-08-09 19:00:00,2025-08-09 21:00:00,2025-08-08 14:00:00
32,C047,"Daytime-occupied, high base load",2.920454166666667,0.6451612903225806,127.53998333333334,521.3722395604395,176,414,5.739671130952382,3.487332738095238,64.58627730737729,You use 65% more than households like yours in the evening.,2025-08-09 19:00:00,2025-08-09 21:00:00,2025-08-08 14:00:00
32,C001,Medium AC users,1.5601883928571427,0.45161290322580644,61.90954166666667,253.08076373626378,96,218,2.8445446428571435,2.4496985119047614,16.118152051509792,You use 16% more than households like yours in the evening.,2025-08-09 19:00:00,2025-08-09 21:00:00,2025-08-08 14:00:00
32,C004,Medium AC users,1.4906333333333337,0.4838709677419355,78.72265,321.81127252747257,96,341,2.7229258928571434,2.4496985119047614,11.15351050852107,You use 11% more than households like yours in the evening.,2025-08-09 19:00:00,2025-08-09 21:00:00,2025-08-08 14:00:00
32,C008,Medium AC users,1.5844041666666666,0.6451612903225806,71.81405833333334,293.56955714285715,96,218,3.0380041666666666,2.4496985119047614,24.015430956214633,You use 24% more than households like yours in the evening.,2025-08-09 19:00:00,2025-08-09 21:00:00,2025-08-08 14:00:00
32,C012,Medium AC users,1.210084226190476,0.5161290322580645,64.31893333333332,262.930145054945,96,218,2.4496985119047614,2.4496985119047614,0.0,In the evening you use about the same as households like yours.,2025-08-09 19:00:00,2025-08-09 21:00:00,2025-08-08 14:00:00
32,C014,Medium AC users,1.3301619047619047,0.5161290322580645,73.18361666666667,299.1681912087912,96,218,2.552092261904762,2.4496985119047614,4.179851091977205,In the evening you use about the same as households like yours.,2025-08-09 19:00:00,2025-08-09 21:00:00,2025-08-08 14:00:00
32,C017,Medium AC users,1.1213452380952382,0.7096774193548387,76.49538333333332,312.70640219780216,96,341,2.0484761904761903,2.4496985119047614,-16.378436753696725,You use 16% less than households like yours in the evening.,2025-08-09 19:00:00,2025-08-09 21:00:00,2025-08-08 14:00:00
32,C020,Medium AC users,1.7927532738095238,0.5483870967741935,84.959075,347.3052296703297,96,341,3.185223809523809,2.4496985119047614,30.02513550319057,You use 30% more than households like yours in the evening.,2025-08-09 19:00:00,2025-08-09 21:00:00,2025-08-08 14:00:00
32,C025,Medium AC users,0.8426348214285715,0.41935483870967744,35.67936666666667,145.85411428571427,62,176,1.498177380952381,2.4496985119047614,-38.84237698346503,You use 39% less than households like yours in the evening.,2025-08-09 19:00:00,2025-08-09 21:00:00,2025-08-08 14:00:00
32,C028,Medium AC users,1.5473494047619047,0.45161290322580644,71.58016666666667,292.6134285714286,96,218,2.9382113095238096,2.4496985119047614,19.941751821500908,You use 20% more than households like yours in the evening.,2025-08-09 19:00:00,2025-08-09 21:00:00,2025-08-08 14:00:00
32,C030,Medium AC users,1.0495297619047619,0.5161290322580645,69.35340833333333,283.5106362637363,96,218,2.046771130952381,2.4496985119047614,-16.448039585046093,You use 16% less than households like yours in the evening.,2025-08-09 19:00:00,2025-08-09 21:00:00,2025-08-08 14:00:00
32,C032,Medium AC users,0.9755104166666667,0.7096774193548387,19.611150000000002,80.16865714285716,62,96,1.7584553571428572,2.4496985119047614,-28.21747865717682,You use 28% less than households like yours in the evening.,2025-08-09 19:00:00,2025-08-09 21:00:00,2025-08-08 14:00:00
32,C036,Medium AC users,0.821308718487395,0.25806451612903225,59.53861666666667,243.3886307692308,96,218,1.5571638772175536,2.4496985119047614,-36.43446858255297,You use 36% less than households like yours in the evening.,2025-08-09 19:00:00,2025-08-09 21:00:00,2025-08-08 14:00:00
32,C038,Medium AC users,0.845157142857143,0.3225806451612903,44.802483333333335,183.1486131868132,62,176,1.5084264880952383,2.4496985119047614,-38.42399459505887,You use 38% less than households like yours in the evening.,2025-08-09 19:00:00,2025-08-09 21:00:00,2025-08-08 14:00:00
32,C039,Medium AC users,1.021467261904762,0.7096774193548387,39.73413333333333,162.42964395604398,62,176,1.8941836309523812,2.4496985119047614,-22.67686730643601,You use 23% less than households like yours in the evening.,2025-08-09 19:00:00,2025-08-09 21:00:00,2025-08-08 14:00:00
32,C040,Medium AC users,1.0345988095238094,0.41935483870967744,69.63015833333333,284.6419659340659,96,218,1.9550895833333333,2.4496985119047614,-20.19060411588548,You use 20% less than households like yours in the evening.,2025-08-09 19:00:00,2025-08-09 21:00:00,2025-08-08 14:00:00
32,C048,Medium AC users,1.4279119047619047,0.7741935483870968,65.53457499999999,267.89958131868127,96,218,2.604712797619048,2.4496985119047614,6.327892390062129,You use 6% more than households like yours in the evening.,2025-08-09 19:00:00,2025-08-09 21:00:00,2025-08-08 14:00:00
32,C049,Medium AC users,1.5258824404761904,0.7419354838709677,57.21595833333333,233.8938076923077,96,218,2.5775565476190474,2.4496985119047614,5.219337607992824,You use 5% more than households like yours in the evening.,2025-08-09 19:00:00,2025-08-09 21:00:00,2025-08-08 14:00:00
32,C003,Low consumers without AC,1.4570205357142856,0.6129032258064516,91.53010833333335,374.16703626373635,96,341,2.6772601190476193,3.107441071428571,-13.843575549549737,You use 14% less than households like yours in the evening.,2025-08-09 19:00:00,2025-08-09 21:00:00,2025-08-08 14:00:00
32,C006,Low consumers without AC,1.4065074404761906,0.25806451612903225,57.11369166666667,233.47575054945057,96,218,2.5174556547619047,3.107441071428571,-18.986214158372917,You use 19% less than households like yours in the evening.,2025-08-09 19:00:00,2025-08-09 21:00:00,2025-08-08 14:00:00
32,C018,Low consumers without AC,1.370851785714286,0.8709677419354839,37.27989166666667,152.3969197802198,62,176,2.2696833333333335,3.107441071428571,-26.959730493299382,You use 27% less than households like yours in the evening.,2025-08-09 19:00:00,2025-08-09 21:00:00,2025-08-08 14:00:00
32,C026,Low consumers without AC,1.9258639880952384,0.7419354838709677,78.54009166666667,321.0649901098901,96,341,3.8187764880952377,3.107441071428571,22.89135659585162,You use 23% more than households like yours in the evening.,2025-08-09 19:00:00,2025-08-09 21:00:00,2025-08-08 14:00:00
32,C043,Low consumers without AC,1.8118422619047614,0.45161290322580644,56.447533333333325,230.75255384615383,96,218,3.2477032738095235,3.107441071428571,4.513752607268917,In the evening you use about the same as households like yours.,2025-08-09 19:00:00,2025-08-09 21:00:00,2025-08-08 14:00:00
32,C045,Low consumers without AC,1.891035119047619,0.8709677419354839,99.72111666666666,407.65115824175825,96,341,3.4063848214285715,3.107441071428571,9.620254837610421,You use 10% more than households like yours in the evening.,2025-08-09 19:00:00,2025-08-09 21:00:00,2025-08-08 14:00:00
32,C046,Low consumers without AC,1.5408041666666665,0.6129032258064516,61.81486666666666,252.69374065934065,96,218,2.967178869047619,3.107441071428571,-4.513752607268917,In the evening you use about the same as households like yours.,2025-08-09 19:00:00,2025-08-09 21:00:00,2025-08-08 14:00:00
32,C050,Low consumers without AC,2.0802294642857144,0.6451612903225806,72.55593333333334,296.60227692307694,96,218,3.4618029761904765,3.107441071428571,11.403656468986423,You use 11% more than households like yours in the evening.,2025-08-09 19:00:00,2025-08-09 21:00:00,2025-08-08 14:00:00
33,C002,Large evening-peak households,2.3968709876543213,0.25806451612903225,136.40456666666665,492.6456194174757,176,341,4.807613888888889,4.702405092592592,2.2373401317982156,In the evening you use about the same as households like yours.,2025-08-10 18:00:00,2025-08-10 20:00:00,2025-08-09 14:00:00
33,C007,Large evening-peak households,1.5572219135802468,0.45161290322580644,55.77356666666666,201.43462912621357,96,218,3.198438580246914,4.702405092592592,-31.98292113784037,You use 32% less than households like yours in the evening.,2025-08-10 18:00:00,2025-08-10 20:00:00,2025-08-09 14:00:00
33,C009,Large evening-peak households,1.4889330246913584,0.3870967741935484,37.12468333333333,134.08138058252428,62,176,3.511057098765432,4.702405092592592,-25.334865252332616,You use 25% less than households like yours in the evening.,2025-08-10 18:00:00,2025-08-10 20:00:00,2025-08-09 14:00:00
33,C010,Large evening-peak households,1.6780506172839504,0.7741935483870968,76.05714166666667,274.6918126213592,96,218,3.2229422839506174,4.702405092592592,-31.461832392374724,You use 31% less than households like yours in the evening.,2025-08-10 18:00:00,2025-08-10 20:00:00,2025-08-09 14:00:00
33,C011,Large evening-peak households,1.6274669753086417,0.5806451612903226,114.972775,415.2414786407767,176,341,3.2070657407407412,4.702405092592592,-31.799458413469452,You use 32% less than households like yours in the evening.,2025-08-10 18:00:00,2025-08-10 20:00:00,2025-08-09 14:00:00
33,C013,Large evening-peak households,2.0855206790123453,0.6774193548387096,109.80301666666666,396.5701184466019,176,341,4.597196296296296,4.702405092592592,-2.2373401317981823,In the evening you use about the same as households like yours.,2025-08-10 18:00:00,2025-08-10 20:00:00,2025-08-09 14:00:00
33,C015,Large evening-peak households,2.593638271604939,0.4838709677419355,141.07523333333333,509.5144349514563,176,414,6.71729012345679,4.702405092592592,42.84796803316928,You use 43% more than households like yours in the evening.,2025-08-10 18:00:00,2025-08-10 20:00:00,2025-08-09 14:00:00
33,C016,Large evening-peak households,2.5208601851851853,0.7419354838709677,138.44420833333334,500.01209223300964,176,414,5.5292061728395066,4.702405092592592,17.582514988964327,You use 18% more than households like yours in the evening.,2025-08-10 18:00:00,2025-08-10 20:00:00,2025-08-09 14:00:00
33,C021,Large evening-peak households,1.5339552469135807,0.5483870967741935,143.928525,519.819527184466,176,414,4.03541450617284,4.702405092592592,-14.184030794591074,You use 14% less than households like yours in the evening.,2025-08-10 18:00:00,2025-08-10 20:00:00,2025-08-09 14:00:00
33,C022,Large evening-peak households,2.218367901234568,0.7419354838709677,126.78739166666665,457.9117446601941,176,341,5.562342283950618,4.702405092592592,18.287178038162466,You use 18% more than households like yours in the evening.,2025-08-10 18:00:00,2025-08-10 20:00:00,2025-08-09 14:00:00
33,C023,Large evening-peak households,2.2925873456790122,0.6774193548387096,131.62131666666667,475.3701922330097,176,341,4.831079012345679,4.702405092592592,2.736342727166985,In the evening you use about the same as households like yours.,2025-08-10 18:00:00,2025-08-10 20:00:00,2025-08-09 14:00:00
33,C027,Large evening-peak households,1.9769709876543209,0.4838709677419355,115.1582,415.9111689320388,176,341,4.156763580246913,4.702405092592592,-11.603456137906832,You use 12% less than households like yours in the evening.,2025-08-10 18:00:00,2025-08-10 20:00:00,2025-08-09 14:00:00
33,C029,Large evening-peak households,2.386801851851852,0.6451612903225806,131.02784166666666,473.226767961165,176,341,5.114968702815525,4.702405092592592,8.773459582901921,You use 9% more than households like yours in the evening.,2025-08-10 18:00:00,2025-08-10 20:00:00,2025-08-09 14:00:00
33,C031,Large evening-peak households,2.0099858024691355,0.5483870967741935,124.66807500000002,450.257513592233,176,341,5.015688580246913,4.702405092592592,6.662196928712438,You use 7% more than households like yours in the evening.,2025-08-10 18:00:00,2025-08-10 20:00:00,2025-08-09 14:00:00
33,C033,Large evening-peak households,1.9735459876543213,0.6451612903225806,128.46714166666666,463.97841456310675,176,341,4.9848787037037035,4.702405092592592,6.007002917636228,You use 6% more than households like yours in the evening.,2025-08-10 18:00:00,2025-08-10 20:00:00,2025-08-09 14:00:00
33,C034,Large evening-peak households,2.1960212962962964,0.4838709677419355,117.52905833333332,424.4738805825242,176,341,4.505820679012346,4.702405092592592,-4.180507840337134,In the evening you use about the same as households like yours.,2025-08-10 18:00:00,2025-08-10 20:00:00,2025-08-09 14:00:00
33,C035,Large evening-peak households,2.311300925925926,0.7419354838709677,137.69463333333334,497.3048893203884,176,341,5.056321604938272,4.702405092592592,7.526287195103265,You use 8% more than households like yours in the evening.,2025-08-10 18:00:00,2025-08-10 20:00:00,2025-08-09 14:00:00
33,C042,Large evening-peak households,1.6570572230947083,0.5483870967741935,126.21426666666665,455.8418174757281,176,341,3.7129578403786585,4.702405092592592,-21.041301902563614,You use 21% less than households like yours in the evening.,2025-08-10 18:00:00,2025-08-10 20:00:00,2025-08-09 14:00:00
33,C005,"Daytime-occupied, high base load",1.2250151234567903,0.4838709677419355,128.736975,464.95295825242715,176,341,2.9932962962962963,3.4655154320987656,-13.626230933171367,You use 14% less than households like yours in the evening.,2025-08-10 18:00:00,2025-08-10 20:00:00,2025-08-09 14:00:00
33,C019,"Daytime-occupied, high base load",1.4845351851851853,0.7419354838709677,98.93755833333333,357.3278805825242,96,341,2.8954657407407405,3.4655154320987656,-16.449203661828594,You use 16% less than households like yours in the evening.,2025-08-10 18:00:00,2025-08-10 20:00:00,2025-08-09 14:00:00
33,C024,"Daytime-occupied, high base load",1.2406675925925927,0.5483870967741935,118.69713333333334,428.692559223301,176,341,3.1407345679012346,3.4655154320987656,-9.371791023906628,You use 9% less than households like yours in the evening.,2025-08-10 18:00:00,2025-08-10 20:00:00,2025-08-09 14:00:00
33,C037,"Daytime-occupied, high base load",2.430470061728395,0.7096774193548387,135.77655833333333,490.3774728155339,176,341,5.909882716049382,3.4655154320987656,70.53401815239566,You use 71% more than households like yours in the evening.,2025-08-10 18:00:00,2025-08-10 20:00:00,2025-08-09 14:00:00
33,C041,"Daytime-occupied, high base load",2.382056172839506,0.5483870967741935,137.824475,497.77383203883494,176,341,4.7475953703703695,3.4655154320987656,36.995360816937925,You use 37% more than households like yours in the evening.,2025-08-10 18:00:00,2025-08-10 20:00:00,2025-08-09 14:00:00
33,C044,"Daytime-occupied, high base load",1.5375820987654323,0.8064516129032258,66.373725,239.71869611650482,96,218,3.4655154320987656,3.4655154320987656,0.0,In the evening you use about the same as households like yours.,2025-08-10 18:00:00,2025-08-10 20:00:00,2025-08-09 14:00:00
33,C047,"Daytime-occupied, high base load",2.6379351851851855,0.6451612903225806,158.65980000000002,573.0237436893204,176,414,6.175673148148149,3.4655154320987656,78.20359681411296,You use 78% more than households like yours in the evening.,2025-08-10 18:00:00,2025-08-10 20:00:00,2025-08-09 14:00:00
33,C001,Medium AC users,1.6918064814814813,0.45161290322580644,67.46593333333334,243.66337087378642,96,218,2.929581790123456,2.572820679012346,13.866536211457369,You use 14% more than households like yours in the evening.,2025-08-10 18:00:00,2025-08-10 20:00:00,2025-08-09 14:00:00
33,C004,Medium AC users,1.573317283950617,0.4838709677419355,92.98604166666667,335.83308252427184,96,341,2.859253086419753,2.572820679012346,11.13301093014234,You use 11% more than households like yours in the evening.,2025-08-10 18:00:00,2025-08-10 20:00:00,2025-08-09 14:00:00
33,C008,Medium AC users,1.5952271604938273,0.6451612903225806,89.92494166666667,324.7774592233009,96,341,3.108090740740741,2.572820679012346,20.804794756775436,You use 21% more than households like yours in the evening.,2025-08-10 18:00:00,2025-08-10 20:00:00,2025-08-09 14:00:00
33,C012,Medium AC users,0.9560996913580246,0.5161290322580645,72.527125,261.9426262135922,96,218,2.572820679012346,2.572820679012346,0.0,In the evening you use about the same as households like yours.,2025-08-10 18:00:00,2025-08-10 20:00:00,2025-08-09 14:00:00
33,C014,Medium AC users,1.5215762345679011,0.5161290322580645,98.79887500000001,356.82700485436897,96,341,2.658311728395062,2.572820679012346,3.3228530103207365,In the evening you use about the same as households like yours.,2025-08-10 18:00:00,2025-08-10 20:00:00,2025-08-09 14:00:00
33,C017,Medium AC users,1.1532154320987653,0.7096774193548387,94.80990833333334,342.4202514563107,96,341,2.1795234567901236,2.572820679012346,-15.286616180852574,You use 15% less than households like yours in the evening.,2025-08-10 18:00:00,2025-08-10 20:00:00,2025-08-09 14:00:00
33,C020,Medium AC users,1.895524691358025,0.5483870967741935,110.08086666666667,397.57361553398056,176,341,3.264758024691358,2.572820679012346,26.894114748200515,You use 27% more than households like yours in the evening.,2025-08-10 18:00:00,2025-08-10 20:00:00,2025-08-09 14:00:00
33,C025,Medium AC users,0.7265182098765431,0.41935483870967744,41.03783333333333,148.21431067961163,62,176,1.5258972222222222,2.572820679012346,-40.69166053158499,You use 41% less than households like yours in the evening.,2025-08-10 18:00:00,2025-08-10 20:00:00,2025-08-09 14:00:00
33,C028,Medium AC users,1.6113904320987655,0.45161290322580644,94.42611666666667,341.03413009708737,96,341,3.1486342592592593,2.572820679012346,22.380634023353572,You use 22% more than households like yours in the evening.,2025-08-10 18:00:00,2025-08-10 20:00:00,2025-08-09 14:00:00
33,C030,Medium AC users,1.1166552469135802,0.5161290322580645,90.11141666666667,325.4509417475728,96,341,2.026742901234568,2.572820679012346,-21.224867408458735,You use 21% less than households like yours in the evening.,2025-08-10 18:00:00,2025-08-10 20:00:00,2025-08-09 14:00:00
33,C032,Medium AC users,1.1026595679012348,0.7096774193548387,42.418200000000006,153.19971262135923,62,176,1.9793645061728395,2.572820679012346,-23.06636360942661,You use 23% less than households like yours in the evening.,2025-08-10 18:00:00,2025-08-10 20:00:00,2025-08-09 14:00:00
33,C036,Medium AC users,0.9945604272573226,0.25806451612903225,82.70326666666668,298.6952932038835,96,218,1.6982292060033888,2.572820679012346,-33.993487386952104,You use 34% less than households like yours in the evening.,2025-08-10 18:00:00,2025-08-10 20:00:00,2025-08-09 14:00:00
33,C038,Medium AC users,0.6974148148148148,0.3225806451612903,50.169691666666665,181.1953912621359,96,176,1.5511472222222225,2.572820679012346,-39.71024739984301,You use 40% less than households like yours in the evening.,2025-08-10 18:00:00,2025-08-10 20:00:00,2025-08-09 14:00:00
33,C039,Medium AC users,1.1190212962962962,0.7096774193548387,57.510958333333335,207.70948058252426,96,218,1.8663441358024688,2.572820679012346,-27.459222050449284,You use 27% less than households like yours in the evening.,2025-08-10 18:00:00,2025-08-10 20:00:00,2025-08-09 14:00:00
33,C040,Medium AC users,1.1896830246913581,0.41935483870967744,92.29031666666667,333.32036699029123,96,341,2.2192993827160494,2.572820679012346,-13.740611585569429,You use 14% less than households like yours in the evening.,2025-08-10 18:00:00,2025-08-10 20:00:00,2025-08-09 14:00:00
33,C048,Medium AC users,1.607096913580247,0.7741935483870968,89.75565833333333,324.1660669902912,96,341,2.8023734567901237,2.572820679012346,8.922222199562647,You use 9% more than households like yours in the evening.,2025-08-10 18:00:00,2025-08-10 20:00:00,2025-08-09 14:00:00
33,C049,Medium AC users,1.5927083333333332,0.7419354838709677,84.64071666666668,305.6926854368932,96,341,2.712521604938271,2.572820679012346,5.42987418693921,You use 5% more than households like yours in the evening.,2025-08-10 18:00:00,2025-08-10 20:00:00,2025-08-09 14:00:00
33,C003,Low consumers without AC,1.3418577160493828,0.6129032258064516,118.46268333333333,427.8458077669903,176,341,2.8824021604938275,3.2867532407407407,-12.302447145554007,You use 12% less than households like yours in the evening.,2025-08-10 18:00:00,2025-08-10 20:00:00,2025-08-09 14:00:00
33,C006,Low consumers without AC,0.9325333333333333,0.25806451612903225,67.00958333333332,242.01519417475723,96,218,2.65235987654321,3.2867532407407407,-19.30152091535038,You use 19% less than households like yours in the evening.,2025-08-10 18:00:00,2025-08-10 20:00:00,2025-08-09 14:00:00
33,C018,Low consumers without AC,0.9255456790123459,0.8709677419354839,40.247625,145.36035436893204,62,176,2.281558024691358,3.2867532407407407,-30.583227350004538,You use 31% less than households like yours in the evening.,2025-08-10 18:00:00,2025-08-10 20:00:00,2025-08-09 14:00:00
33,C026,Low consumers without AC,1.8229527777777779,0.7419354838709677,93.82679166666667,338.86957766990287,96,341,3.931433024691358,3.2867532407407407,19.614486903352834,You use 20% more than households like yours in the evening.,2025-08-10 18:00:00,2025-08-10 20:00:00,2025-08-09 14:00:00
33,C043,Low consumers without AC,1.9572043209876544,0.45161290322580644,59.6071,215.28001165048545,96,218,3.3361055555555557,3.2867532407407407,1.5015521762653528,In the evening you use about the same as households like yours.,2025-08-10 18:00:00,2025-08-10 20:00:00,2025-08-09 14:00:00
33,C045,Low consumers without AC,1.7047799382716047,0.8709677419354839,119.68828333333335,432.2722466019418,176,341,3.451208950617284,3.2867532407407407,5.003591624647785,You use 5% more than households like yours in the evening.,2025-08-10 18:00:00,2025-08-10 20:00:00,2025-08-09 14:00:00
33,C046,Low consumers without AC,1.3635731481481481,0.6129032258064516,74.04670833333333,267.4308300970873,96,218,3.2374009259259258,3.2867532407407407,-1.5015521762653639,In the evening you use about the same as households like yours.,2025-08-10 18:00:00,2025-08-10 20:00:00,2025-08-09 14:00:00
33,C050,Low consumers without AC,1.344808024691358,0.6451612903225806,81.03916666666666,292.68514563106794,96,218,3.5598339506172842,3.2867532407407407,8.308524853389931,You use 8% more than households like yours in the evening.,2025-08-10 18:00:00,2025-08-10 20:00:00,2025-08-09 14:00:00
34,C002,Large evening-peak households,2.497316987179487,0.25,170.02381666666668,549.9900852173913,176,414,4.876963141025641,4.706560256410256,3.6205397430809194,In the evening you use about the same as households like yours.,2025-08-11 20:00:00,2025-08-11 22:00:00,2025-08-10 14:00:00
34,C007,Large evening-peak households,1.620195512820513,0.4375,87.48261666666666,282.9872469565217,96,218,3.1168785256410256,4.706560256410256,-33.77587121303952,You use 34% less than households like yours in the evening.,2025-08-11 20:00:00,2025-08-11 22:00:00,2025-08-10 14:00:00
34,C009,Large evening-peak households,1.983212179487179,0.375,40.63689166666666,131.4515104347826,62,176,3.473574038461538,4.706560256410256,-26.197183309603044,You use 26% less than households like yours in the evening.,2025-08-11 20:00:00,2025-08-11 22:00:00,2025-08-10 14:00:00
34,C010,Large evening-peak households,1.5396868589743589,0.75,79.41865833333333,256.90209478260863,96,218,3.2228727564102564,4.706560256410256,-31.523818227531287,You use 32% less than households like yours in the evening.,2025-08-11 20:00:00,2025-08-11 22:00:00,2025-08-10 14:00:00
34,C011,Large evening-peak households,1.6221185897435897,0.5625,149.29775833333332,482.945792173913,176,341,3.3052285256410263,4.706560256410256,-29.77401019907563,You use 30% less than households like yours in the evening.,2025-08-11 20:00:00,2025-08-11 22:00:00,2025-08-10 14:00:00
34,C013,Large evening-peak households,2.548036858974359,0.65625,137.65985833333332,445.29971565217386,176,341,4.588086538461538,4.706560256410256,-2.5172038918944817,In the evening you use about the same as households like yours.,2025-08-11 20:00:00,2025-08-11 22:00:00,2025-08-10 14:00:00
34,C015,Large evening-peak households,4.143854487179487,0.46875,144.37573333333336,467.02411130434785,176,341,6.641557692307692,4.706560256410256,41.112773033384656,You use 41% more than households like yours in the evening.,2025-08-11 20:00:00,2025-08-11 22:00:00,2025-08-10 14:00:00
34,C016,Large evening-peak households,3.0507323717948718,0.71875,175.72235833333332,568.423628695652,176,414,5.558124358974359,4.706560256410256,18.093130782810785,You use 18% more than households like yours in the evening.,2025-08-11 20:00:00,2025-08-11 22:00:00,2025-08-10 14:00:00
34,C021,Large evening-peak households,2.5925416666666665,0.53125,175.50089166666666,567.707232173913,176,414,4.18048108974359,4.706560256410256,-11.177572112248125,You use 11% less than households like yours in the evening.,2025-08-11 20:00:00,2025-08-11 22:00:00,2025-08-10 14:00:00
34,C022,Large evening-peak households,3.3777092948717944,0.75,160.03703333333334,517.685012173913,176,414,5.452205448717948,4.706560256410256,15.842678127665222,You use 16% more than households like yours in the evening.,2025-08-11 20:00:00,2025-08-11 22:00:00,2025-08-10 14:00:00
34,C023,Large evening-peak households,2.5520163461538465,0.65625,158.51689166666665,512.767684347826,176,414,4.825033974358974,4.706560256410256,2.517203891894493,In the evening you use about the same as households like yours.,2025-08-11 20:00:00,2025-08-11 22:00:00,2025-08-10 14:00:00
34,C027,Large evening-peak households,2.1287634615384614,0.46875,141.58548333333334,457.9982591304348,176,341,4.093589743589744,4.706560256410256,-13.023747268202001,You use 13% less than households like yours in the evening.,2025-08-11 20:00:00,2025-08-11 22:00:00,2025-08-10 14:00:00
34,C029,Large evening-peak households,2.789122627282789,0.625,164.28204166666666,531.4166913043479,176,414,5.154439293949456,4.706560256410256,9.516058716749587,You use 10% more than households like yours in the evening.,2025-08-11 20:00:00,2025-08-11 22:00:00,2025-08-10 14:00:00
34,C031,Large evening-peak households,3.114038141025641,0.53125,160.84244999999999,520.29036,176,414,5.193652884615385,4.706560256410256,10.349227496699243,You use 10% more than households like yours in the evening.,2025-08-11 20:00:00,2025-08-11 22:00:00,2025-08-10 14:00:00
34,C033,Large evening-peak households,3.0245073717948716,0.625,131.35938333333334,424.9190486956522,176,341,4.999607692307692,4.706560256410256,6.2263610775684874,You use 6% more than households like yours in the evening.,2025-08-11 20:00:00,2025-08-11 22:00:00,2025-08-10 14:00:00
34,C034,Large evening-peak households,2.300523076923077,0.46875,120.559825,389.9848252173913,176,341,4.456752884615384,4.706560256410256,-5.3076420609857955,You use 5% less than households like yours in the evening.,2025-08-11 20:00:00,2025-08-11 22:00:00,2025-08-10 14:00:00
34,C035,Large evening-peak households,2.780078525641026,0.71875,161.52775,522.5071565217391,176,414,5.069103846153846,4.706560256410256,7.702941638743743,You use 8% more than households like yours in the evening.,2025-08-11 20:00:00,2025-08-11 22:00:00,2025-08-10 14:00:00
34,C042,Large evening-peak households,2.1161596153846154,0.53125,155.85185833333335,504.1468808695653,176,414,3.828471603470146,4.706560256410256,-18.656696294160223,You use 19% less than households like yours in the evening.,2025-08-11 20:00:00,2025-08-11 22:00:00,2025-08-10 14:00:00
34,C005,"Daytime-occupied, high base load",1.735466346153846,0.46875,161.19368333333333,521.4265234782608,176,414,2.8883897435897437,3.4769256410256406,-16.926904921161558,You use 17% less than households like yours in the evening.,2025-08-11 20:00:00,2025-08-11 22:00:00,2025-08-10 14:00:00
34,C019,"Daytime-occupied, high base load",1.3612189102564105,0.71875,121.38303333333334,392.6477252173913,176,341,2.8175483974358975,3.4769256410256406,-18.964375763734676,You use 19% less than households like yours in the evening.,2025-08-11 20:00:00,2025-08-11 22:00:00,2025-08-10 14:00:00
34,C024,"Daytime-occupied, high base load",1.8923125,0.5625,137.42095,444.52689913043474,176,341,3.061515384615385,3.4769256410256406,-11.94763130705654,You use 12% less than households like yours in the evening.,2025-08-11 20:00:00,2025-08-11 22:00:00,2025-08-10 14:00:00
34,C037,"Daytime-occupied, high base load",3.5143791666666666,0.71875,171.61880833333333,555.149536521739,176,414,5.903021794871795,3.4769256410256406,69.77705031190982,You use 70% more than households like yours in the evening.,2025-08-11 20:00:00,2025-08-11 22:00:00,2025-08-10 14:00:00
34,C041,"Daytime-occupied, high base load",2.3689580128205128,0.53125,165.67113333333333,535.9101008695651,176,414,4.749419230769231,3.4769256410256406,36.59823997179945,You use 37% more than households like yours in the evening.,2025-08-11 20:00:00,2025-08-11 22:00:00,2025-08-10 14:00:00
34,C044,"Daytime-occupied, high base load",1.9091423076923075,0.8125,69.696675,225.45359217391302,96,218,3.4769256410256406,3.4769256410256406,0.0,In the evening you use about the same as households like yours.,2025-08-11 20:00:00,2025-08-11 22:00:00,2025-08-10 14:00:00
34,C047,"Daytime-occupied, high base load",3.575691987179487,0.65625,198.06661666666668,640.7024469565217,176,414,6.141204807692308,3.4769256410256406,76.62744164642949,You use 77% more than households like yours in the evening.,2025-08-11 20:00:00,2025-08-11 22:00:00,2025-08-10 14:00:00
34,C001,Medium AC users,1.260976923076923,0.4375,70.60554166666667,228.39357826086956,96,218,2.95849391025641,2.5981375,13.869797509039072,You use 14% more than households like yours in the evening.,2025-08-11 20:00:00,2025-08-11 22:00:00,2025-08-10 14:00:00
34,C004,Medium AC users,1.2728012820512822,0.46875,95.93599999999998,310.33210434782603,96,341,2.8452737179487184,2.5981375,9.512053074508886,You use 10% more than households like yours in the evening.,2025-08-11 20:00:00,2025-08-11 22:00:00,2025-08-10 14:00:00
34,C008,Medium AC users,1.5171807692307693,0.65625,124.95036666666665,404.18727304347817,176,341,3.145426923076923,2.5981375,21.064682799771873,You use 21% more than households like yours in the evening.,2025-08-11 20:00:00,2025-08-11 22:00:00,2025-08-10 14:00:00
34,C012,Medium AC users,1.6341698717948718,0.5,82.49358333333333,266.84880869565217,96,218,2.5981375,2.5981375,0.0,In the evening you use about the same as households like yours.,2025-08-11 20:00:00,2025-08-11 22:00:00,2025-08-10 14:00:00
34,C014,Medium AC users,1.1281727564102566,0.5,121.074325,391.6491208695652,176,341,2.6302923076923075,2.5981375,1.237609929894301,In the evening you use about the same as households like yours.,2025-08-11 20:00:00,2025-08-11 22:00:00,2025-08-10 14:00:00
34,C017,Medium AC users,1.039305128205128,0.71875,127.41759166666667,412.1682095652174,176,341,2.1686810897435898,2.5981375,-16.529395009171388,You use 17% less than households like yours in the evening.,2025-08-11 20:00:00,2025-08-11 22:00:00,2025-08-10 14:00:00
34,C020,Medium AC users,1.3621775641025642,0.5625,145.80549166666665,471.6490686956521,176,341,3.2451660256410255,2.5981375,24.903552088410464,You use 25% more than households like yours in the evening.,2025-08-11 20:00:00,2025-08-11 22:00:00,2025-08-10 14:00:00
34,C025,Medium AC users,0.8013910256410257,0.40625,46.45569166666667,150.27406347826084,62,176,1.5314650641025644,2.5981375,-41.055272705830056,You use 41% less than households like yours in the evening.,2025-08-11 20:00:00,2025-08-11 22:00:00,2025-08-10 14:00:00
34,C028,Medium AC users,1.5256753205128204,0.46875,116.99288333333332,378.44654434782603,176,341,3.112030128205128,2.5981375,19.779269888723295,You use 20% more than households like yours in the evening.,2025-08-11 20:00:00,2025-08-11 22:00:00,2025-08-10 14:00:00
34,C030,Medium AC users,0.9371833333333333,0.5,117.82045833333333,381.1235695652174,176,341,2.026515705128205,2.5981375,-22.001214134040058,You use 22% less than households like yours in the evening.,2025-08-11 20:00:00,2025-08-11 22:00:00,2025-08-10 14:00:00
34,C032,Medium AC users,0.8660352564102565,0.6875,62.91621666666667,203.52028347826086,96,218,1.9318692307692307,2.5981375,-25.644072695566322,You use 26% less than households like yours in the evening.,2025-08-11 20:00:00,2025-08-11 22:00:00,2025-08-10 14:00:00
34,C036,Medium AC users,0.7218797574157869,0.25,100.06913333333333,323.701892173913,176,341,1.7474540472599298,2.5981375,-32.74204897701027,You use 33% less than households like yours in the evening.,2025-08-11 20:00:00,2025-08-11 22:00:00,2025-08-10 14:00:00
34,C038,Medium AC users,0.8504349358974359,0.3125,55.65134166666667,180.019992173913,96,176,1.546936858974359,2.5981375,-40.45977709130641,You use 40% less than households like yours in the evening.,2025-08-11 20:00:00,2025-08-11 22:00:00,2025-08-10 14:00:00
34,C039,Medium AC users,0.7332884615384615,0.71875,76.49409166666666,247.4417573913043,96,218,1.8471195512820513,2.5981375,-28.906012430748895,You use 29% less than households like yours in the evening.,2025-08-11 20:00:00,2025-08-11 22:00:00,2025-08-10 14:00:00
34,C040,Medium AC users,1.0611253205128206,0.4375,115.02170833333335,372.0702217391305,176,341,2.2888346153846153,2.5981375,-11.90479274539491,You use 12% less than households like yours in the evening.,2025-08-11 20:00:00,2025-08-11 22:00:00,2025-08-10 14:00:00
34,C048,Medium AC users,1.1954237179487182,0.78125,121.84151666666668,394.1308191304348,176,341,2.8076448717948717,2.5981375,8.063752276192915,You use 8% more than households like yours in the evening.,2025-08-11 20:00:00,2025-08-11 22:00:00,2025-08-10 14:00:00
34,C049,Medium AC users,1.1116189102564102,0.71875,115.15028333333332,372.4861339130434,176,341,2.6796923076923074,2.5981375,3.138971963273973,In the evening you use about the same as households like yours.,2025-08-11 20:00:00,2025-08-11 22:00:00,2025-08-10 14:00:00
34,C003,Low consumers without AC,1.5483980769230772,0.59375,150.98084999999998,488.39022782608686,176,341,2.820808974358975,3.3310376602564102,-15.317409706444451,You use 15% less than households like yours in the evening.,2025-08-11 20:00:00,2025-08-11 22:00:00,2025-08-10 14:00:00
34,C006,Low consumers without AC,1.6955967948717947,0.25,73.81460833333334,238.77421130434783,96,218,2.6370378205128207,3.3310376602564102,-20.834343844979774,You use 21% less than households like yours in the evening.,2025-08-11 20:00:00,2025-08-11 22:00:00,2025-08-10 14:00:00
34,C018,Low consumers without AC,1.3828192307692306,0.84375,43.17000833333333,139.645592173913,62,176,2.2649955128205126,3.3310376602564102,-32.00330516088605,You use 32% less than households like yours in the evening.,2025-08-11 20:00:00,2025-08-11 22:00:00,2025-08-10 14:00:00
34,C026,Low consumers without AC,2.1451660256410254,0.75,115.79793333333333,374.5811408695652,176,341,4.0334221153846155,3.3310376602564102,21.086055660929937,You use 21% more than households like yours in the evening.,2025-08-11 20:00:00,2025-08-11 22:00:00,2025-08-10 14:00:00
34,C043,Low consumers without AC,1.3696961538461538,0.4375,62.77563333333333,203.06552695652172,96,218,3.3193737179487175,3.3310376602564102,-0.3501594246999584,In the evening you use about the same as households like yours.,2025-08-11 20:00:00,2025-08-11 22:00:00,2025-08-10 14:00:00
34,C045,Low consumers without AC,1.7544993589743592,0.84375,149.66585,484.13648869565213,176,341,3.4308150641025645,3.3310376602564102,2.9953850428239726,In the evening you use about the same as households like yours.,2025-08-11 20:00:00,2025-08-11 22:00:00,2025-08-10 14:00:00
34,C046,Low consumers without AC,1.9328429487179488,0.59375,84.88189166666666,274.5744669565217,96,218,3.342701602564103,3.3310376602564102,0.3501594246999584,In the evening you use about the same as households like yours.,2025-08-11 20:00:00,2025-08-11 22:00:00,2025-08-10 14:00:00
34,C050,Low consumers without AC,2.237435897435897,0.65625,87.85096066666667,284.1787597217391,96,218,3.609045512820513,3.3310376602564102,8.345983471790074,You use 8% more than households like yours in the evening.,2025-08-11 20:00:00,2025-08-11 22:00:00,2025-08-10 14:00:00
35,C002,Large evening-peak households,2.467855333333333,0.24242424242424243,200.3915,586.9735275590551,218,414,5.057942333333333,4.690829333333333,7.826185390955742,You use 8% more than households like yours in the evening.,2025-08-12 18:00:00,2025-08-12 20:00:00,2025-08-11 14:00:00
35,C007,Large evening-peak households,1.387538333333333,0.42424242424242425,122.98845833333333,360.2496574803149,176,341,2.972339,4.690829333333333,-36.63510674160817,You use 37% less than households like yours in the evening.,2025-08-12 18:00:00,2025-08-12 20:00:00,2025-08-11 14:00:00
35,C009,Large evening-peak households,1.4323756666666667,0.36363636363636365,43.81901666666667,128.35176535433072,62,176,3.375419,4.690829333333333,-28.042169941804175,You use 28% less than households like yours in the evening.,2025-08-12 18:00:00,2025-08-12 20:00:00,2025-08-11 14:00:00
35,C010,Large evening-peak households,1.5936419999999998,0.7272727272727273,82.86581666666666,242.72506929133857,96,218,3.151737,4.690829333333333,-32.81066574723675,You use 33% less than households like yours in the evening.,2025-08-12 18:00:00,2025-08-12 20:00:00,2025-08-11 14:00:00
35,C011,Large evening-peak households,1.630259333333333,0.5454545454545454,180.01255,527.2808551181101,176,414,3.3101423333333333,4.690829333333333,-29.433750449813843,You use 29% less than households like yours in the evening.,2025-08-12 18:00:00,2025-08-12 20:00:00,2025-08-11 14:00:00
35,C013,Large evening-peak households,1.959895,0.6363636363636364,150.59779166666667,441.1210905511811,176,341,4.543966333333333,4.690829333333333,-3.130853620198515,In the evening you use about the same as households like yours.,2025-08-12 18:00:00,2025-08-12 20:00:00,2025-08-11 14:00:00
35,C015,Large evening-peak households,2.4960646666666664,0.45454545454545453,161.34805833333334,472.6100606299213,176,341,6.66056,4.690829333333333,41.99109638608327,You use 42% more than households like yours in the evening.,2025-08-12 18:00:00,2025-08-12 20:00:00,2025-08-11 14:00:00
35,C016,Large evening-peak households,2.4645133333333336,0.7272727272727273,205.73289166666666,602.6191787401574,218,414,5.519812333333333,4.690829333333333,17.672418693837223,You use 18% more than households like yours in the evening.,2025-08-12 18:00:00,2025-08-12 20:00:00,2025-08-11 14:00:00
35,C021,Large evening-peak households,1.6360706666666667,0.5151515151515151,214.510725,628.3306275590551,218,414,4.326872666666667,4.690829333333333,-7.758898071186849,You use 8% less than households like yours in the evening.,2025-08-12 18:00:00,2025-08-12 20:00:00,2025-08-11 14:00:00
35,C022,Large evening-peak households,2.0843566666666664,0.7575757575757576,198.7173,582.0695716535432,176,414,5.519071666666666,4.690829333333333,17.65662901968721,You use 18% more than households like yours in the evening.,2025-08-12 18:00:00,2025-08-12 20:00:00,2025-08-11 14:00:00
35,C023,Large evening-peak households,2.2619766666666665,0.6666666666666666,189.06878333333333,553.8077748031495,176,414,4.837692333333333,4.690829333333333,3.1308536201984927,In the evening you use about the same as households like yours.,2025-08-12 18:00:00,2025-08-12 20:00:00,2025-08-11 14:00:00
35,C027,Large evening-peak households,1.9522340000000002,0.45454545454545453,161.44115833333333,472.88276299212595,176,341,4.106846,4.690829333333333,-12.449468779081563,You use 12% less than households like yours in the evening.,2025-08-12 18:00:00,2025-08-12 20:00:00,2025-08-11 14:00:00
35,C029,Large evening-peak households,2.3044050000000005,0.6060606060606061,197.35755,578.0866818897638,176,414,5.145792666666666,4.690829333333333,9.69899565734218,You use 10% more than households like yours in the evening.,2025-08-12 18:00:00,2025-08-12 20:00:00,2025-08-11 14:00:00
35,C031,Large evening-peak households,2.15692,0.5454545454545454,191.70324166666666,561.5244559055118,176,414,5.3788176666666665,4.690829333333333,14.666667329899298,You use 15% more than households like yours in the evening.,2025-08-12 18:00:00,2025-08-12 20:00:00,2025-08-11 14:00:00
35,C033,Large evening-peak households,2.005173666666667,0.6060606060606061,134.79653333333334,394.83708976377955,176,341,5.074240666666667,4.690829333333333,8.173636388959803,You use 8% more than households like yours in the evening.,2025-08-12 18:00:00,2025-08-12 20:00:00,2025-08-11 14:00:00
35,C034,Large evening-peak households,2.106929,0.45454545454545453,123.14236666666667,360.7004755905512,176,341,4.408861666666666,4.690829333333333,-6.011040833717551,You use 6% less than households like yours in the evening.,2025-08-12 18:00:00,2025-08-12 20:00:00,2025-08-11 14:00:00
35,C035,Large evening-peak households,2.2062823333333332,0.696969696969697,170.41245,499.1608771653543,176,341,5.030203333333334,4.690829333333333,7.234840065239356,You use 7% more than households like yours in the evening.,2025-08-12 18:00:00,2025-08-12 20:00:00,2025-08-11 14:00:00
35,C042,Large evening-peak households,1.7588324676089515,0.5151515151515151,194.87576666666666,570.8172062992126,176,414,3.9521191342756183,4.690829333333333,-15.74796579803902,You use 16% less than households like yours in the evening.,2025-08-12 18:00:00,2025-08-12 20:00:00,2025-08-11 14:00:00
35,C005,"Daytime-occupied, high base load",1.1060976666666666,0.45454545454545453,199.813225,585.2796826771653,176,414,2.845769333333333,3.4177160000000004,-16.734762826012084,You use 17% less than households like yours in the evening.,2025-08-12 18:00:00,2025-08-12 20:00:00,2025-08-11 14:00:00
35,C019,"Daytime-occupied, high base load",1.3822833333333333,0.696969696969697,160.573075,470.34003070866135,176,341,2.708521,3.4177160000000004,-20.750553878672196,You use 21% less than households like yours in the evening.,2025-08-12 18:00:00,2025-08-12 20:00:00,2025-08-11 14:00:00
35,C024,"Daytime-occupied, high base load",1.0957416666666666,0.5454545454545454,172.06069166666668,503.9887976377953,176,414,3.0017139999999993,3.4177160000000004,-12.171930025783329,You use 12% less than households like yours in the evening.,2025-08-12 18:00:00,2025-08-12 20:00:00,2025-08-11 14:00:00
35,C037,"Daytime-occupied, high base load",2.3406323333333336,0.696969696969697,210.74499166666666,617.300290551181,218,414,5.863990666666666,3.4177160000000004,71.57630027382807,You use 72% more than households like yours in the evening.,2025-08-12 18:00:00,2025-08-12 20:00:00,2025-08-11 14:00:00
35,C041,"Daytime-occupied, high base load",2.3582456666666665,0.5151515151515151,193.1599333333333,565.7913007874015,176,414,4.733394666666666,3.4177160000000004,38.49584537353794,You use 38% more than households like yours in the evening.,2025-08-12 18:00:00,2025-08-12 20:00:00,2025-08-11 14:00:00
35,C044,"Daytime-occupied, high base load",1.5445673333333334,0.7878787878787878,73.42179166666668,215.06225590551185,96,218,3.4177160000000004,3.4177160000000004,0.0,In the evening you use about the same as households like yours.,2025-08-12 18:00:00,2025-08-12 20:00:00,2025-08-11 14:00:00
35,C047,"Daytime-occupied, high base load",2.5154506666666667,0.6363636363636364,235.1276,688.7202141732283,218,414,6.073945666666666,3.4177160000000004,77.71943797163561,You use 78% more than households like yours in the evening.,2025-08-12 18:00:00,2025-08-12 20:00:00,2025-08-11 14:00:00
35,C001,Medium AC users,1.6659056666666665,0.42424242424242425,85.38896666666666,250.11571338582672,96,218,2.9181576666666666,2.5800353333333335,13.10533731708583,You use 13% more than households like yours in the evening.,2025-08-12 18:00:00,2025-08-12 20:00:00,2025-08-11 14:00:00
35,C004,Medium AC users,1.5582306666666665,0.45454545454545453,98.77924999999999,289.3376456692913,96,218,2.8363253333333334,2.5800353333333335,9.933584888889113,You use 10% more than households like yours in the evening.,2025-08-12 18:00:00,2025-08-12 20:00:00,2025-08-11 14:00:00
35,C008,Medium AC users,1.6102633333333336,0.6666666666666666,151.08628333333334,442.551948031496,176,341,3.152084,2.5800353333333335,22.172125291307367,You use 22% more than households like yours in the evening.,2025-08-12 18:00:00,2025-08-12 20:00:00,2025-08-11 14:00:00
35,C012,Medium AC users,0.9723130000000001,0.5151515151515151,92.38748333333334,270.615305511811,96,218,2.5800353333333335,2.5800353333333335,0.0,In the evening you use about the same as households like yours.,2025-08-12 18:00:00,2025-08-12 20:00:00,2025-08-11 14:00:00
35,C014,Medium AC users,1.510088333333333,0.48484848484848486,145.78459166666664,427.0225834645668,176,341,2.6400846666666666,2.5800353333333335,2.327461665253683,In the evening you use about the same as households like yours.,2025-08-12 18:00:00,2025-08-12 20:00:00,2025-08-11 14:00:00
35,C017,Medium AC users,1.0956416666666666,0.696969696969697,148.77493333333334,435.781694488189,176,341,2.1201376666666665,2.5800353333333335,-17.82524683770482,You use 18% less than households like yours in the evening.,2025-08-12 18:00:00,2025-08-12 20:00:00,2025-08-11 14:00:00
35,C020,Medium AC users,1.8739853333333334,0.5454545454545454,179.64323333333334,526.1990771653543,176,414,3.236263333333333,2.5800353333333335,25.434845465940636,You use 25% more than households like yours in the evening.,2025-08-12 18:00:00,2025-08-12 20:00:00,2025-08-11 14:00:00
35,C025,Medium AC users,0.7346743333333333,0.42424242424242425,53.390858333333334,156.3889708661417,96,176,1.5337296666666669,2.5800353333333335,-40.55392781442527,You use 41% less than households like yours in the evening.,2025-08-12 18:00:00,2025-08-12 20:00:00,2025-08-11 14:00:00
35,C028,Medium AC users,1.588033666666667,0.45454545454545453,135.1030583333333,395.7349425196849,176,341,3.0911440000000003,2.5800353333333335,19.810142135004362,You use 20% more than households like yours in the evening.,2025-08-12 18:00:00,2025-08-12 20:00:00,2025-08-11 14:00:00
35,C030,Medium AC users,1.0834673333333333,0.48484848484848486,141.31367500000002,413.9266700787402,176,341,2.004868,2.5800353333333335,-22.293002188858914,You use 22% less than households like yours in the evening.,2025-08-12 18:00:00,2025-08-12 20:00:00,2025-08-11 14:00:00
35,C032,Medium AC users,1.0317759999999998,0.6666666666666666,69.20896666666667,202.72232755905512,96,218,1.894286666666667,2.5800353333333335,-26.579041682374882,You use 27% less than households like yours in the evening.,2025-08-12 18:00:00,2025-08-12 20:00:00,2025-08-11 14:00:00
35,C036,Medium AC users,1.0582502614379083,0.2727272727272727,106.20925000000001,311.10111023622045,176,341,1.8008865424836602,2.5800353333333335,-30.199151956691807,You use 30% less than households like yours in the evening.,2025-08-12 18:00:00,2025-08-12 20:00:00,2025-08-11 14:00:00
35,C038,Medium AC users,0.693814,0.30303030303030304,61.61533333333333,180.4795590551181,96,176,1.5448169999999999,2.5800353333333335,-40.124192097627606,You use 40% less than households like yours in the evening.,2025-08-12 18:00:00,2025-08-12 20:00:00,2025-08-11 14:00:00
35,C039,Medium AC users,1.106535,0.7272727272727273,92.60800833333333,271.2612527559055,96,218,1.8271890000000002,2.5800353333333335,-29.179690820771697,You use 29% less than households like yours in the evening.,2025-08-12 18:00:00,2025-08-12 20:00:00,2025-08-11 14:00:00
35,C040,Medium AC users,1.2680843333333334,0.42424242424242425,128.81594166666667,377.31913622047244,176,341,2.363372666666667,2.5800353333333335,-8.39766277102665,You use 8% less than households like yours in the evening.,2025-08-12 18:00:00,2025-08-12 20:00:00,2025-08-11 14:00:00
35,C048,Medium AC users,1.6078893333333335,0.7878787878787878,138.06595833333333,404.41367322834645,176,341,2.806467333333333,2.5800353333333335,8.776313916114308,You use 9% more than households like yours in the evening.,2025-08-12 18:00:00,2025-08-12 20:00:00,2025-08-11 14:00:00
35,C049,Medium AC users,1.582200333333333,0.696969696969697,149.99428333333333,439.35333385826766,176,341,2.698906666666667,2.5800353333333335,4.607352922556873,In the evening you use about the same as households like yours.,2025-08-12 18:00:00,2025-08-12 20:00:00,2025-08-11 14:00:00
35,C003,Low consumers without AC,1.206216,0.6060606060606061,187.43703333333332,549.0281606299212,176,414,2.7119760000000004,3.3344161666666663,-18.66714097925287,You use 19% less than households like yours in the evening.,2025-08-12 18:00:00,2025-08-12 20:00:00,2025-08-11 14:00:00
35,C006,Low consumers without AC,0.8612686666666667,0.24242424242424243,83.173275,243.6256559055118,96,218,2.5798893333333335,3.3344161666666663,-22.62845414667044,You use 23% less than households like yours in the evening.,2025-08-12 18:00:00,2025-08-12 20:00:00,2025-08-11 14:00:00
35,C018,Low consumers without AC,0.8381460000000002,0.8181818181818182,49.084174999999995,143.77411889763778,62,176,2.2580293333333334,3.3344161666666663,-32.281118478662194,You use 32% less than households like yours in the evening.,2025-08-12 18:00:00,2025-08-12 20:00:00,2025-08-11 14:00:00
35,C026,Low consumers without AC,1.840009666666667,0.7272727272727273,136.61101666666667,400.15195433070863,176,341,4.013959666666667,3.3344161666666663,20.379684659438404,You use 20% more than households like yours in the evening.,2025-08-12 18:00:00,2025-08-12 20:00:00,2025-08-11 14:00:00
35,C043,Low consumers without AC,1.9242113333333333,0.42424242424242425,65.80008333333333,192.73725196850393,96,176,3.2703419999999994,3.3344161666666663,-1.9216007679905278,In the evening you use about the same as households like yours.,2025-08-12 18:00:00,2025-08-12 20:00:00,2025-08-11 14:00:00
35,C045,Low consumers without AC,1.6779969999999997,0.8484848484848485,177.4067,519.6479716535433,176,414,3.4249683333333336,3.3344161666666663,2.7156828104390573,In the evening you use about the same as households like yours.,2025-08-12 18:00:00,2025-08-12 20:00:00,2025-08-11 14:00:00
35,C046,Low consumers without AC,1.3968889999999998,0.5757575757575758,92.73895833333333,271.64482283464565,96,218,3.3984903333333336,3.3344161666666663,1.9216007679905278,In the evening you use about the same as households like yours.,2025-08-12 18:00:00,2025-08-12 20:00:00,2025-08-11 14:00:00
35,C050,Low consumers without AC,1.3510340000000003,0.6666666666666666,96.692725,283.22593464566927,96,218,3.6437013333333335,3.3344161666666663,9.275541840233226,You use 9% more than households like yours in the evening.,2025-08-12 18:00:00,2025-08-12 20:00:00,2025-08-11 14:00:00
36,C002,Large evening-peak households,2.5782809027777778,0.23529411764705882,226.74175833333334,606.8196697841726,218,414,5.120619791666667,4.685667361111111,9.28261434359301,You use 9% more than households like yours in the evening.,2025-08-13 19:00:00,2025-08-13 21:00:00,2025-08-12 14:00:00
36,C007,Large evening-peak households,1.3964920138888892,0.4411764705882353,155.84431666666666,417.07975395683445,176,341,2.844687152777778,4.685667361111111,-39.289605224916826,You use 39% less than households like yours in the evening.,2025-08-13 19:00:00,2025-08-13 21:00:00,2025-08-12 14:00:00
36,C009,Large evening-peak households,1.7468371527777775,0.35294117647058826,53.62150833333334,143.50504388489207,96,176,3.308722569444445,4.685667361111111,-29.38631118151229,You use 29% less than households like yours in the evening.,2025-08-13 19:00:00,2025-08-13 21:00:00,2025-08-12 14:00:00
36,C010,Large evening-peak households,1.6461725694444445,0.7352941176470589,99.10113333333334,265.22029928057555,96,218,3.169301041666666,4.685667361111111,-32.361800413524655,You use 32% less than households like yours in the evening.,2025-08-13 19:00:00,2025-08-13 21:00:00,2025-08-12 14:00:00
36,C011,Large evening-peak households,1.8076024305555556,0.5294117647058824,214.28361666666666,573.4784561151079,218,414,3.4332454861111112,4.685667361111111,-26.728783297647773,You use 27% less than households like yours in the evening.,2025-08-13 19:00:00,2025-08-13 21:00:00,2025-08-12 14:00:00
36,C013,Large evening-peak households,2.4336864583333333,0.6176470588235294,175.330925,469.2309647482014,176,341,4.523308680555555,4.685667361111111,-3.4650065410758546,In the evening you use about the same as households like yours.,2025-08-13 19:00:00,2025-08-13 21:00:00,2025-08-12 14:00:00
36,C015,Large evening-peak households,3.411179513888889,0.4411764705882353,179.50476666666668,480.4012460431655,176,341,6.646990625,4.685667361111111,41.85792786246356,You use 42% more than households like yours in the evening.,2025-08-13 19:00:00,2025-08-13 21:00:00,2025-08-12 14:00:00
36,C016,Large evening-peak households,2.657575347222222,0.7352941176470589,239.71541666666664,641.5405395683453,218,414,5.462785069444444,4.685667361111111,16.584995229986955,You use 17% more than households like yours in the evening.,2025-08-13 19:00:00,2025-08-13 21:00:00,2025-08-12 14:00:00
36,C021,Large evening-peak households,2.325504513888889,0.5294117647058824,250.10779166666669,669.3532266187051,218,414,4.4944798611111105,4.685667361111111,-4.080261897947968,In the evening you use about the same as households like yours.,2025-08-13 19:00:00,2025-08-13 21:00:00,2025-08-12 14:00:00
36,C022,Large evening-peak households,2.703958333333333,0.7647058823529411,219.84188333333333,588.353817266187,218,414,5.554245486111111,4.685667361111111,18.536913913454466,You use 19% more than households like yours in the evening.,2025-08-13 19:00:00,2025-08-13 21:00:00,2025-08-12 14:00:00
36,C023,Large evening-peak households,2.575034722222222,0.6470588235294118,224.03083333333333,599.5645323741006,218,414,4.8480260416666665,4.685667361111111,3.4650065410758213,In the evening you use about the same as households like yours.,2025-08-13 19:00:00,2025-08-13 21:00:00,2025-08-12 14:00:00
36,C027,Large evening-peak households,2.0576527777777778,0.47058823529411764,186.60473333333334,499.4025956834533,176,341,4.018507638888889,4.685667361111111,-14.238307391586137,You use 14% less than households like yours in the evening.,2025-08-13 19:00:00,2025-08-13 21:00:00,2025-08-12 14:00:00
36,C029,Large evening-peak households,2.485513194444444,0.5882352941176471,230.66928333333334,617.3307438848921,218,414,5.149756597222222,4.685667361111111,9.904442640611633,You use 10% more than households like yours in the evening.,2025-08-13 19:00:00,2025-08-13 21:00:00,2025-08-12 14:00:00
36,C031,Large evening-peak households,2.775292361111111,0.5294117647058824,226.34386666666668,605.7548086330935,218,414,5.353518402777778,4.685667361111111,14.253061307969128,You use 14% more than households like yours in the evening.,2025-08-13 19:00:00,2025-08-13 21:00:00,2025-08-12 14:00:00
36,C033,Large evening-peak households,2.598206944444444,0.5882352941176471,159.84524166666665,427.78726546762584,176,341,5.045630555555555,4.685667361111111,7.682218277634756,You use 8% more than households like yours in the evening.,2025-08-13 19:00:00,2025-08-13 21:00:00,2025-08-12 14:00:00
36,C034,Large evening-peak households,2.363087847222222,0.4411764705882353,126.02886666666667,337.28588776978415,176,341,4.4070149305555555,4.685667361111111,-5.946910206820122,You use 6% less than households like yours in the evening.,2025-08-13 19:00:00,2025-08-13 21:00:00,2025-08-12 14:00:00
36,C035,Large evening-peak households,2.6732013888888893,0.6764705882352942,184.81356666666667,494.60896978417264,176,341,4.9593743055555555,4.685667361111111,5.841365238943053,You use 6% more than households like yours in the evening.,2025-08-13 19:00:00,2025-08-13 21:00:00,2025-08-12 14:00:00
36,C042,Large evening-peak households,2.042389236111111,0.5,227.9441,610.0374474820144,218,414,3.9572602093148803,4.685667361111111,-15.545430259127569,You use 16% less than households like yours in the evening.,2025-08-13 19:00:00,2025-08-13 21:00:00,2025-08-12 14:00:00
36,C005,"Daytime-occupied, high base load",1.553790277777778,0.4411764705882353,221.74264166666666,593.4407388489208,218,414,2.8142979166666664,3.403684027777778,-17.316122950928392,You use 17% less than households like yours in the evening.,2025-08-13 19:00:00,2025-08-13 21:00:00,2025-08-12 14:00:00
36,C019,"Daytime-occupied, high base load",1.3434802083333335,0.6764705882352942,185.35592499999998,496.0604611510791,176,341,2.6734309027777776,3.403684027777778,-21.454786021273932,You use 21% less than households like yours in the evening.,2025-08-13 19:00:00,2025-08-13 21:00:00,2025-08-12 14:00:00
36,C024,"Daytime-occupied, high base load",1.386692013888889,0.5588235294117647,204.25083333333333,546.6281294964028,218,414,2.9325430555555556,3.403684027777778,-13.842088994665714,You use 14% less than households like yours in the evening.,2025-08-13 19:00:00,2025-08-13 21:00:00,2025-08-12 14:00:00
36,C037,"Daytime-occupied, high base load",3.0238357638888886,0.7058823529411765,249.19479166666667,666.9098021582734,218,414,5.899794444444445,3.403684027777778,73.33555042993652,You use 73% more than households like yours in the evening.,2025-08-13 19:00:00,2025-08-13 21:00:00,2025-08-12 14:00:00
36,C041,"Daytime-occupied, high base load",2.433805208333333,0.5294117647058824,229.584825,614.4284525179855,218,414,4.74804375,3.403684027777778,39.49719513476511,You use 39% more than households like yours in the evening.,2025-08-13 19:00:00,2025-08-13 21:00:00,2025-08-12 14:00:00
36,C044,"Daytime-occupied, high base load",1.763998611111111,0.7941176470588235,76.80499166666667,205.55004964028777,96,218,3.403684027777778,3.403684027777778,0.0,In the evening you use about the same as households like yours.,2025-08-13 19:00:00,2025-08-13 21:00:00,2025-08-12 14:00:00
36,C047,"Daytime-occupied, high base load",3.063100694444444,0.6176470588235294,260.76678333333336,697.8794489208633,218,414,6.041462847222223,3.403684027777778,77.4977582500987,You use 77% more than households like yours in the evening.,2025-08-13 19:00:00,2025-08-13 21:00:00,2025-08-12 14:00:00
36,C001,Medium AC users,1.5467211805555559,0.4117647058823529,111.46141666666668,298.299618705036,176,218,2.814394097222222,2.5627885416666665,9.817647904416171,You use 10% more than households like yours in the evening.,2025-08-13 19:00:00,2025-08-13 21:00:00,2025-08-12 14:00:00
36,C004,Medium AC users,1.5243291666666667,0.4411764705882353,101.5907,271.8830244604316,176,218,2.804091666666667,2.5627885416666665,9.415647099899749,You use 9% more than households like yours in the evening.,2025-08-13 19:00:00,2025-08-13 21:00:00,2025-08-12 14:00:00
36,C008,Medium AC users,1.6406208333333332,0.6764705882352942,171.75849166666666,459.670207913669,176,341,3.1636034722222224,2.5627885416666665,23.44379650475672,You use 23% more than households like yours in the evening.,2025-08-13 19:00:00,2025-08-13 21:00:00,2025-08-12 14:00:00
36,C012,Medium AC users,1.323501736111111,0.5,100.15604166666667,268.04350719424457,176,218,2.5627885416666665,2.5627885416666665,0.0,In the evening you use about the same as households like yours.,2025-08-13 19:00:00,2025-08-13 21:00:00,2025-08-12 14:00:00
36,C014,Medium AC users,1.356238888888889,0.47058823529411764,176.50444166666665,472.3715992805754,176,341,2.6270659722222223,2.5627885416666665,2.5081051171609303,In the evening you use about the same as households like yours.,2025-08-13 19:00:00,2025-08-13 21:00:00,2025-08-12 14:00:00
36,C017,Medium AC users,1.2119559027777778,0.7058823529411765,178.68785,478.21496546762586,176,341,2.190113541666667,2.5627885416666665,-14.541777206387717,You use 15% less than households like yours in the evening.,2025-08-13 19:00:00,2025-08-13 21:00:00,2025-08-12 14:00:00
36,C020,Medium AC users,1.8386944444444444,0.5588235294117647,210.99236666666667,564.670218705036,218,414,3.2580697916666668,2.5627885416666665,27.129871961571816,You use 27% more than households like yours in the evening.,2025-08-13 19:00:00,2025-08-13 21:00:00,2025-08-12 14:00:00
36,C025,Medium AC users,0.858311111111111,0.4411764705882353,59.4431,159.08513093525178,96,176,1.5229614583333335,2.5627885416666665,-40.57404918226686,You use 41% less than households like yours in the evening.,2025-08-13 19:00:00,2025-08-13 21:00:00,2025-08-12 14:00:00
36,C028,Medium AC users,1.6542159722222223,0.4411764705882353,156.83731666666665,419.73727913669063,176,341,3.0905597222222223,2.5627885416666665,20.593629633302825,You use 21% more than households like yours in the evening.,2025-08-13 19:00:00,2025-08-13 21:00:00,2025-08-12 14:00:00
36,C030,Medium AC users,0.9124788194444445,0.5,170.6474166666667,456.6966834532374,176,341,1.9147673611111111,2.5627885416666665,-25.285784215896555,You use 25% less than households like yours in the evening.,2025-08-13 19:00:00,2025-08-13 21:00:00,2025-08-12 14:00:00
36,C032,Medium AC users,1.0052378472222223,0.6470588235294118,85.639225,229.19274604316544,96,218,1.8398479166666666,2.5627885416666665,-28.20914067806186,You use 28% less than households like yours in the evening.,2025-08-13 19:00:00,2025-08-13 21:00:00,2025-08-12 14:00:00
36,C036,Medium AC users,0.978518852124183,0.2647058823529412,123.99143333333333,331.8331884892086,176,341,1.859358898420479,2.5627885416666665,-27.447822237753716,You use 27% less than households like yours in the evening.,2025-08-13 19:00:00,2025-08-13 21:00:00,2025-08-12 14:00:00
36,C038,Medium AC users,0.8692743055555555,0.3235294117647059,67.69381666666666,181.16618561151077,96,176,1.5435364583333333,2.5627885416666665,-39.77121275368586,You use 40% less than households like yours in the evening.,2025-08-13 19:00:00,2025-08-13 21:00:00,2025-08-12 14:00:00
36,C039,Medium AC users,0.9562993055555555,0.7352941176470589,110.41785000000002,295.506764028777,176,218,1.810027777777778,2.5627885416666665,-29.372722393996,You use 29% less than households like yours in the evening.,2025-08-13 19:00:00,2025-08-13 21:00:00,2025-08-12 14:00:00
36,C040,Medium AC users,1.3111006944444445,0.4117647058823529,161.03125833333334,430.96135323741004,176,341,2.4452243055555556,2.5627885416666665,-4.587356084971994,In the evening you use about the same as households like yours.,2025-08-13 19:00:00,2025-08-13 21:00:00,2025-08-12 14:00:00
36,C048,Medium AC users,1.554731944444444,0.7941176470588235,156.521,418.8907338129496,176,341,2.8057447916666667,2.5627885416666665,9.480152031661483,You use 9% more than households like yours in the evening.,2025-08-13 19:00:00,2025-08-13 21:00:00,2025-08-12 14:00:00
36,C049,Medium AC users,1.5068697916666665,0.7058823529411765,182.94124166666666,489.59814316546755,176,341,2.6077288194444446,2.5627885416666665,1.7535694828942905,In the evening you use about the same as households like yours.,2025-08-13 19:00:00,2025-08-13 21:00:00,2025-08-12 14:00:00
36,C003,Low consumers without AC,1.393582291666667,0.5882352941176471,218.23363333333333,584.0497237410073,218,414,2.629875694444445,3.361847569444444,-21.772904924447833,You use 22% less than households like yours in the evening.,2025-08-13 19:00:00,2025-08-13 21:00:00,2025-08-12 14:00:00
36,C006,Low consumers without AC,1.4518395833333333,0.23529411764705882,92.00303333333335,246.22394532374102,96,218,2.5803524305555556,3.361847569444444,-23.246001573415565,You use 23% less than households like yours in the evening.,2025-08-13 19:00:00,2025-08-13 21:00:00,2025-08-12 14:00:00
36,C018,Low consumers without AC,1.3375215277777779,0.7941176470588235,55.85128333333333,149.4724992805755,96,176,2.2432486111111114,3.361847569444444,-33.273339591603936,You use 33% less than households like yours in the evening.,2025-08-13 19:00:00,2025-08-13 21:00:00,2025-08-12 14:00:00
36,C026,Low consumers without AC,2.114829513888889,0.7058823529411765,156.26658333333336,418.20984892086335,176,341,4.0130204861111105,3.361847569444444,19.3694955888281,You use 19% more than households like yours in the evening.,2025-08-13 19:00:00,2025-08-13 21:00:00,2025-08-12 14:00:00
36,C043,Low consumers without AC,1.8266784722222222,0.4117647058823529,69.00910833333333,184.68624676258992,96,176,3.243384722222222,3.361847569444444,-3.523742370086058,In the evening you use about the same as households like yours.,2025-08-13 19:00:00,2025-08-13 21:00:00,2025-08-12 14:00:00
36,C045,Low consumers without AC,1.8984527777777778,0.8235294117647058,189.55196666666666,507.2901553956834,176,414,3.4803104166666663,3.361847569444444,3.523742370086058,In the evening you use about the same as households like yours.,2025-08-13 19:00:00,2025-08-13 21:00:00,2025-08-12 14:00:00
36,C046,Low consumers without AC,1.8522645833333333,0.5588235294117647,101.41731666666666,271.4190057553957,176,218,3.523558680555556,3.361847569444444,4.810185702079139,In the evening you use about the same as households like yours.,2025-08-13 19:00:00,2025-08-13 21:00:00,2025-08-12 14:00:00
36,C050,Low consumers without AC,2.1409510416666664,0.6470588235294118,105.842625,283.2622769784172,176,218,3.6462052083333334,3.361847569444444,8.458373945130425,You use 8% more than households like yours in the evening.,2025-08-13 19:00:00,2025-08-13 21:00:00,2025-08-12 14:00:00
