event_id,rank,client_id,segment,dr_priority,usual_window_kwh,acceptance_rate,expected_reduction_kwh,cumulative_expected_reduction_kwh,deficit_kwh,covers_deficit_at_rank,peak_start,peak_end,as_of
1,1,C022,Large evening-peak households,1,3.4160933333333334,,,,0.015666666666666627,False,2025-01-06 21:00:00,2025-01-06 23:00:00,2025-01-05 14:00:00
1,2,C015,Large evening-peak households,1,3.3576183333333334,,,,0.015666666666666627,False,2025-01-06 21:00:00,2025-01-06 23:00:00,2025-01-05 14:00:00
1,3,C007,Large evening-peak households,1,2.934883333333333,,,,0.015666666666666627,False,2025-01-06 21:00:00,2025-01-06 23:00:00,2025-01-05 14:00:00
1,4,C031,Large evening-peak households,1,2.7790533333333336,,,,0.015666666666666627,False,2025-01-06 21:00:00,2025-01-06 23:00:00,2025-01-05 14:00:00
1,5,C021,Large evening-peak households,1,2.6684416666666664,,,,0.015666666666666627,False,2025-01-06 21:00:00,2025-01-06 23:00:00,2025-01-05 14:00:00
1,6,C042,Large evening-peak households,1,2.4670383333333334,,,,0.015666666666666627,False,2025-01-06 21:00:00,2025-01-06 23:00:00,2025-01-05 14:00:00
1,7,C033,Large evening-peak households,1,2.2774333333333336,,,,0.015666666666666627,False,2025-01-06 21:00:00,2025-01-06 23:00:00,2025-01-05 14:00:00
1,8,C011,Large evening-peak households,1,2.209783333333333,,,,0.015666666666666627,False,2025-01-06 21:00:00,2025-01-06 23:00:00,2025-01-05 14:00:00
1,9,C034,Large evening-peak households,1,2.2027200000000002,,,,0.015666666666666627,False,2025-01-06 21:00:00,2025-01-06 23:00:00,2025-01-05 14:00:00
1,10,C029,Large evening-peak households,1,2.144565,,,,0.015666666666666627,False,2025-01-06 21:00:00,2025-01-06 23:00:00,2025-01-05 14:00:00
1,11,C016,Large evening-peak households,1,1.9359283333333335,,,,0.015666666666666627,False,2025-01-06 21:00:00,2025-01-06 23:00:00,2025-01-05 14:00:00
1,12,C010,Large evening-peak households,1,1.807665,,,,0.015666666666666627,False,2025-01-06 21:00:00,2025-01-06 23:00:00,2025-01-05 14:00:00
1,13,C023,Large evening-peak households,1,1.7372799999999997,,,,0.015666666666666627,False,2025-01-06 21:00:00,2025-01-06 23:00:00,2025-01-05 14:00:00
1,14,C013,Large evening-peak households,1,1.6786883333333331,,,,0.015666666666666627,False,2025-01-06 21:00:00,2025-01-06 23:00:00,2025-01-05 14:00:00
1,15,C035,Large evening-peak households,1,1.6037716666666668,,,,0.015666666666666627,False,2025-01-06 21:00:00,2025-01-06 23:00:00,2025-01-05 14:00:00
1,16,C009,Large evening-peak households,1,1.5609266666666666,,,,0.015666666666666627,False,2025-01-06 21:00:00,2025-01-06 23:00:00,2025-01-05 14:00:00
1,17,C002,Large evening-peak households,1,1.10313,,,,0.015666666666666627,False,2025-01-06 21:00:00,2025-01-06 23:00:00,2025-01-05 14:00:00
1,18,C027,Large evening-peak households,1,0.62515,,,,0.015666666666666627,False,2025-01-06 21:00:00,2025-01-06 23:00:00,2025-01-05 14:00:00
1,19,C037,"Daytime-occupied, high base load",2,3.1051200000000003,,,,0.015666666666666627,False,2025-01-06 21:00:00,2025-01-06 23:00:00,2025-01-05 14:00:00
1,20,C047,"Daytime-occupied, high base load",2,2.962108333333333,,,,0.015666666666666627,False,2025-01-06 21:00:00,2025-01-06 23:00:00,2025-01-05 14:00:00
1,21,C005,"Daytime-occupied, high base load",2,2.6260649999999996,,,,0.015666666666666627,False,2025-01-06 21:00:00,2025-01-06 23:00:00,2025-01-05 14:00:00
1,22,C044,"Daytime-occupied, high base load",2,2.4681100000000002,,,,0.015666666666666627,False,2025-01-06 21:00:00,2025-01-06 23:00:00,2025-01-05 14:00:00
1,23,C041,"Daytime-occupied, high base load",2,2.0013933333333336,,,,0.015666666666666627,False,2025-01-06 21:00:00,2025-01-06 23:00:00,2025-01-05 14:00:00
1,24,C019,"Daytime-occupied, high base load",2,1.9527100000000002,,,,0.015666666666666627,False,2025-01-06 21:00:00,2025-01-06 23:00:00,2025-01-05 14:00:00
1,25,C024,"Daytime-occupied, high base load",2,1.3471133333333334,,,,0.015666666666666627,False,2025-01-06 21:00:00,2025-01-06 23:00:00,2025-01-05 14:00:00
1,26,C020,Medium AC users,3,2.2273566666666667,,,,0.015666666666666627,False,2025-01-06 21:00:00,2025-01-06 23:00:00,2025-01-05 14:00:00
1,27,C017,Medium AC users,3,1.9575883333333333,,,,0.015666666666666627,False,2025-01-06 21:00:00,2025-01-06 23:00:00,2025-01-05 14:00:00
1,28,C028,Medium AC users,3,1.9508416666666666,,,,0.015666666666666627,False,2025-01-06 21:00:00,2025-01-06 23:00:00,2025-01-05 14:00:00
1,29,C036,Medium AC users,3,1.8905833333333333,,,,0.015666666666666627,False,2025-01-06 21:00:00,2025-01-06 23:00:00,2025-01-05 14:00:00
1,30,C049,Medium AC users,3,1.8190033333333333,,,,0.015666666666666627,False,2025-01-06 21:00:00,2025-01-06 23:00:00,2025-01-05 14:00:00
1,31,C001,Medium AC users,3,1.8099316666666667,,,,0.015666666666666627,False,2025-01-06 21:00:00,2025-01-06 23:00:00,2025-01-05 14:00:00
1,32,C048,Medium AC users,3,1.7676100000000001,,,,0.015666666666666627,False,2025-01-06 21:00:00,2025-01-06 23:00:00,2025-01-05 14:00:00
1,33,C032,Medium AC users,3,1.7035699999999998,,,,0.015666666666666627,False,2025-01-06 21:00:00,2025-01-06 23:00:00,2025-01-05 14:00:00
1,34,C004,Medium AC users,3,1.3919133333333336,,,,0.015666666666666627,False,2025-01-06 21:00:00,2025-01-06 23:00:00,2025-01-05 14:00:00
1,35,C040,Medium AC users,3,1.3546633333333333,,,,0.015666666666666627,False,2025-01-06 21:00:00,2025-01-06 23:00:00,2025-01-05 14:00:00
1,36,C012,Medium AC users,3,1.2783733333333334,,,,0.015666666666666627,False,2025-01-06 21:00:00,2025-01-06 23:00:00,2025-01-05 14:00:00
1,37,C030,Medium AC users,3,1.1348833333333332,,,,0.015666666666666627,False,2025-01-06 21:00:00,2025-01-06 23:00:00,2025-01-05 14:00:00
1,38,C008,Medium AC users,3,0.9716983333333333,,,,0.015666666666666627,False,2025-01-06 21:00:00,2025-01-06 23:00:00,2025-01-05 14:00:00
1,39,C014,Medium AC users,3,0.7174466666666666,,,,0.015666666666666627,False,2025-01-06 21:00:00,2025-01-06 23:00:00,2025-01-05 14:00:00
1,40,C025,Medium AC users,3,0.6696116666666667,,,,0.015666666666666627,False,2025-01-06 21:00:00,2025-01-06 23:00:00,2025-01-05 14:00:00
1,41,C038,Medium AC users,3,0.5723116666666666,,,,0.015666666666666627,False,2025-01-06 21:00:00,2025-01-06 23:00:00,2025-01-05 14:00:00
1,42,C039,Medium AC users,3,0.40676666666666667,,,,0.015666666666666627,False,2025-01-06 21:00:00,2025-01-06 23:00:00,2025-01-05 14:00:00
1,43,C003,Low consumers without AC,4,2.398166666666667,,,,0.015666666666666627,False,2025-01-06 21:00:00,2025-01-06 23:00:00,2025-01-05 14:00:00
1,44,C026,Low consumers without AC,4,1.8915333333333333,,,,0.015666666666666627,False,2025-01-06 21:00:00,2025-01-06 23:00:00,2025-01-05 14:00:00
1,45,C006,Low consumers without AC,4,1.873435,,,,0.015666666666666627,False,2025-01-06 21:00:00,2025-01-06 23:00:00,2025-01-05 14:00:00
1,46,C050,Low consumers without AC,4,1.7697749999999999,,,,0.015666666666666627,False,2025-01-06 21:00:00,2025-01-06 23:00:00,2025-01-05 14:00:00
1,47,C018,Low consumers without AC,4,1.7680433333333334,,,,0.015666666666666627,False,2025-01-06 21:00:00,2025-01-06 23:00:00,2025-01-05 14:00:00
1,48,C046,Low consumers without AC,4,1.715175,,,,0.015666666666666627,False,2025-01-06 21:00:00,2025-01-06 23:00:00,2025-01-05 14:00:00
1,49,C045,Low consumers without AC,4,0.8510466666666666,,,,0.015666666666666627,False,2025-01-06 21:00:00,2025-01-06 23:00:00,2025-01-05 14:00:00
1,50,C043,Low consumers without AC,4,0.7348833333333333,,,,0.015666666666666627,False,2025-01-06 21:00:00,2025-01-06 23:00:00,2025-01-05 14:00:00
2,1,C022,Large evening-peak households,1,4.9891950000000005,,,,0.0,False,2025-01-07 20:00:00,2025-01-07 22:00:00,2025-01-06 14:00:00
2,2,C015,Large evening-peak households,1,4.5931766666666665,,,,0.0,False,2025-01-07 20:00:00,2025-01-07 22:00:00,2025-01-06 14:00:00
2,3,C029,Large evening-peak households,1,3.599694999999999,,,,0.0,False,2025-01-07 20:00:00,2025-01-07 22:00:00,2025-01-06 14:00:00
2,4,C034,Large evening-peak households,1,3.5528333333333335,,,,0.0,False,2025-01-07 20:00:00,2025-01-07 22:00:00,2025-01-06 14:00:00
2,5,C021,Large evening-peak households,1,3.48395,,,,0.0,False,2025-01-07 20:00:00,2025-01-07 22:00:00,2025-01-06 14:00:00
2,6,C016,Large evening-peak households,1,3.4513366666666663,,,,0.0,False,2025-01-07 20:00:00,2025-01-07 22:00:00,2025-01-06 14:00:00
2,7,C031,Large evening-peak households,1,3.1873266666666664,,,,0.0,False,2025-01-07 20:00:00,2025-01-07 22:00:00,2025-01-06 14:00:00
2,8,C023,Large evening-peak households,1,3.1681766666666666,,,,0.0,False,2025-01-07 20:00:00,2025-01-07 22:00:00,2025-01-06 14:00:00
2,9,C042,Large evening-peak households,1,3.0340649999999996,,,,0.0,False,2025-01-07 20:00:00,2025-01-07 22:00:00,2025-01-06 14:00:00
2,10,C007,Large evening-peak households,1,2.9516199999999997,,,,0.0,False,2025-01-07 20:00:00,2025-01-07 22:00:00,2025-01-06 14:00:00
2,11,C033,Large evening-peak households,1,2.8693999999999997,,,,0.0,False,2025-01-07 20:00:00,2025-01-07 22:00:00,2025-01-06 14:00:00
2,12,C011,Large evening-peak households,1,2.8447166666666663,,,,0.0,False,2025-01-07 20:00:00,2025-01-07 22:00:00,2025-01-06 14:00:00
2,13,C010,Large evening-peak households,1,2.700156666666667,,,,0.0,False,2025-01-07 20:00:00,2025-01-07 22:00:00,2025-01-06 14:00:00
2,14,C035,Large evening-peak households,1,2.5844633333333333,,,,0.0,False,2025-01-07 20:00:00,2025-01-07 22:00:00,2025-01-06 14:00:00
2,15,C002,Large evening-peak households,1,2.1700033333333333,,,,0.0,False,2025-01-07 20:00:00,2025-01-07 22:00:00,2025-01-06 14:00:00
2,16,C013,Large evening-peak households,1,1.96404,,,,0.0,False,2025-01-07 20:00:00,2025-01-07 22:00:00,2025-01-06 14:00:00
2,17,C009,Large evening-peak households,1,1.9577533333333332,,,,0.0,False,2025-01-07 20:00:00,2025-01-07 22:00:00,2025-01-06 14:00:00
2,18,C027,Large evening-peak households,1,0.9965900000000001,,,,0.0,False,2025-01-07 20:00:00,2025-01-07 22:00:00,2025-01-06 14:00:00
2,19,C037,"Daytime-occupied, high base load",2,4.21081,,,,0.0,False,2025-01-07 20:00:00,2025-01-07 22:00:00,2025-01-06 14:00:00
2,20,C047,"Daytime-occupied, high base load",2,3.5649116666666663,,,,0.0,False,2025-01-07 20:00:00,2025-01-07 22:00:00,2025-01-06 14:00:00
2,21,C024,"Daytime-occupied, high base load",2,3.372063333333333,,,,0.0,False,2025-01-07 20:00:00,2025-01-07 22:00:00,2025-01-06 14:00:00
2,22,C005,"Daytime-occupied, high base load",2,3.1775066666666665,,,,0.0,False,2025-01-07 20:00:00,2025-01-07 22:00:00,2025-01-06 14:00:00
2,23,C044,"Daytime-occupied, high base load",2,3.030643333333334,,,,0.0,False,2025-01-07 20:00:00,2025-01-07 22:00:00,2025-01-06 14:00:00
2,24,C041,"Daytime-occupied, high base load",2,2.9424066666666664,,,,0.0,False,2025-01-07 20:00:00,2025-01-07 22:00:00,2025-01-06 14:00:00
2,25,C019,"Daytime-occupied, high base load",2,2.699746666666667,,,,0.0,False,2025-01-07 20:00:00,2025-01-07 22:00:00,2025-01-06 14:00:00
2,26,C049,Medium AC users,3,2.6885533333333336,,,,0.0,False,2025-01-07 20:00:00,2025-01-07 22:00:00,2025-01-06 14:00:00
2,27,C032,Medium AC users,3,2.548426666666667,,,,0.0,False,2025-01-07 20:00:00,2025-01-07 22:00:00,2025-01-06 14:00:00
2,28,C048,Medium AC users,3,2.5372966666666668,,,,0.0,False,2025-01-07 20:00:00,2025-01-07 22:00:00,2025-01-06 14:00:00
2,29,C012,Medium AC users,3,2.3630799999999996,,,,0.0,False,2025-01-07 20:00:00,2025-01-07 22:00:00,2025-01-06 14:00:00
2,30,C036,Medium AC users,3,2.1231,,,,0.0,False,2025-01-07 20:00:00,2025-01-07 22:00:00,2025-01-06 14:00:00
2,31,C020,Medium AC users,3,2.0836233333333327,,,,0.0,False,2025-01-07 20:00:00,2025-01-07 22:00:00,2025-01-06 14:00:00
2,32,C008,Medium AC users,3,2.026768333333333,,,,0.0,False,2025-01-07 20:00:00,2025-01-07 22:00:00,2025-01-06 14:00:00
2,33,C001,Medium AC users,3,1.6756816666666665,,,,0.0,False,2025-01-07 20:00:00,2025-01-07 22:00:00,2025-01-06 14:00:00
2,34,C017,Medium AC users,3,1.5189833333333331,,,,0.0,False,2025-01-07 20:00:00,2025-01-07 22:00:00,2025-01-06 14:00:00
2,35,C028,Medium AC users,3,1.4865549999999998,,,,0.0,False,2025-01-07 20:00:00,2025-01-07 22:00:00,2025-01-06 14:00:00
2,36,C014,Medium AC users,3,1.4490199999999998,,,,0.0,False,2025-01-07 20:00:00,2025-01-07 22:00:00,2025-01-06 14:00:00
2,37,C004,Medium AC users,3,1.4315483333333334,,,,0.0,False,2025-01-07 20:00:00,2025-01-07 22:00:00,2025-01-06 14:00:00
2,38,C030,Medium AC users,3,1.2972316666666668,,,,0.0,False,2025-01-07 20:00:00,2025-01-07 22:00:00,2025-01-06 14:00:00
2,39,C040,Medium AC users,3,1.2240466666666667,,,,0.0,False,2025-01-07 20:00:00,2025-01-07 22:00:00,2025-01-06 14:00:00
2,40,C025,Medium AC users,3,0.7337366666666667,,,,0.0,False,2025-01-07 20:00:00,2025-01-07 22:00:00,2025-01-06 14:00:00
2,41,C038,Medium AC users,3,0.7178366666666666,,,,0.0,False,2025-01-07 20:00:00,2025-01-07 22:00:00,2025-01-06 14:00:00
2,42,C039,Medium AC users,3,0.4718,,,,0.0,False,2025-01-07 20:00:00,2025-01-07 22:00:00,2025-01-06 14:00:00
2,43,C003,Low consumers without AC,4,2.756253333333334,,,,0.0,False,2025-01-07 20:00:00,2025-01-07 22:00:00,2025-01-06 14:00:00
2,44,C026,Low consumers without AC,4,2.296243333333333,,,,0.0,False,2025-01-07 20:00:00,2025-01-07 22:00:00,2025-01-06 14:00:00
2,45,C006,Low consumers without AC,4,2.245885,,,,0.0,False,2025-01-07 20:00:00,2025-01-07 22:00:00,2025-01-06 14:00:00
2,46,C050,Low consumers without AC,4,2.159923333333334,,,,0.0,False,2025-01-07 20:00:00,2025-01-07 22:00:00,2025-01-06 14:00:00
2,47,C018,Low consumers without AC,4,1.5883433333333334,,,,0.0,False,2025-01-07 20:00:00,2025-01-07 22:00:00,2025-01-06 14:00:00
2,48,C046,Low consumers without AC,4,1.572576666666667,,,,0.0,False,2025-01-07 20:00:00,2025-01-07 22:00:00,2025-01-06 14:00:00
2,49,C045,Low consumers without AC,4,1.09098,,,,0.0,False,2025-01-07 20:00:00,2025-01-07 22:00:00,2025-01-06 14:00:00
2,50,C043,Low consumers without AC,4,0.8173699999999998,,,,0.0,False,2025-01-07 20:00:00,2025-01-07 22:00:00,2025-01-06 14:00:00
3,1,C022,Large evening-peak households,1,4.1576625,1.0,0.8315325,0.8315325,0.04850000000000018,True,2025-01-09 20:00:00,2025-01-09 22:00:00,2025-01-08 14:00:00
3,2,C015,Large evening-peak households,1,3.827647222222222,0.5,0.38276472222222224,1.2142972222222221,0.04850000000000018,True,2025-01-09 20:00:00,2025-01-09 22:00:00,2025-01-08 14:00:00
3,3,C029,Large evening-peak households,1,2.9997458333333324,1.0,0.5999491666666665,1.8142463888888887,0.04850000000000018,True,2025-01-09 20:00:00,2025-01-09 22:00:00,2025-01-08 14:00:00
3,4,C034,Large evening-peak households,1,2.9606944444444445,1.0,0.5921388888888889,2.4063852777777774,0.04850000000000018,True,2025-01-09 20:00:00,2025-01-09 22:00:00,2025-01-08 14:00:00
3,5,C021,Large evening-peak households,1,2.9032916666666666,0.5,0.2903291666666667,2.696714444444444,0.04850000000000018,True,2025-01-09 20:00:00,2025-01-09 22:00:00,2025-01-08 14:00:00
3,6,C016,Large evening-peak households,1,2.8761138888888884,0.5,0.2876113888888889,2.9843258333333327,0.04850000000000018,True,2025-01-09 20:00:00,2025-01-09 22:00:00,2025-01-08 14:00:00
3,7,C031,Large evening-peak households,1,2.656105555555555,0.5,0.2656105555555555,3.249936388888888,0.04850000000000018,True,2025-01-09 20:00:00,2025-01-09 22:00:00,2025-01-08 14:00:00
3,8,C023,Large evening-peak households,1,2.640147222222222,0.0,0.0,3.249936388888888,0.04850000000000018,True,2025-01-09 20:00:00,2025-01-09 22:00:00,2025-01-08 14:00:00
3,9,C042,Large evening-peak households,1,2.5283874999999996,0.5,0.25283874999999995,3.502775138888888,0.04850000000000018,True,2025-01-09 20:00:00,2025-01-09 22:00:00,2025-01-08 14:00:00
3,10,C007,Large evening-peak households,1,2.459683333333333,0.5,0.24596833333333332,3.7487434722222215,0.04850000000000018,True,2025-01-09 20:00:00,2025-01-09 22:00:00,2025-01-08 14:00:00
3,11,C033,Large evening-peak households,1,2.3911666666666664,1.0,0.4782333333333333,4.226976805555555,0.04850000000000018,True,2025-01-09 20:00:00,2025-01-09 22:00:00,2025-01-08 14:00:00
3,12,C011,Large evening-peak households,1,2.370597222222222,1.0,0.4741194444444444,4.70109625,0.04850000000000018,True,2025-01-09 20:00:00,2025-01-09 22:00:00,2025-01-08 14:00:00
3,13,C010,Large evening-peak households,1,2.2501305555555557,1.0,0.4500261111111112,5.151122361111111,0.04850000000000018,True,2025-01-09 20:00:00,2025-01-09 22:00:00,2025-01-08 14:00:00
3,14,C035,Large evening-peak households,1,2.1537194444444445,1.0,0.4307438888888889,5.58186625,0.04850000000000018,True,2025-01-09 20:00:00,2025-01-09 22:00:00,2025-01-08 14:00:00
3,15,C002,Large evening-peak households,1,1.8083361111111111,0.0,0.0,5.58186625,0.04850000000000018,True,2025-01-09 20:00:00,2025-01-09 22:00:00,2025-01-08 14:00:00
3,16,C013,Large evening-peak households,1,1.6367,0.5,0.16367,5.74553625,0.04850000000000018,True,2025-01-09 20:00:00,2025-01-09 22:00:00,2025-01-08 14:00:00
3,17,C009,Large evening-peak households,1,1.631461111111111,0.5,0.1631461111111111,5.908682361111111,0.04850000000000018,True,2025-01-09 20:00:00,2025-01-09 22:00:00,2025-01-08 14:00:00
3,18,C027,Large evening-peak households,1,0.8304916666666667,0.5,0.08304916666666667,5.991731527777778,0.04850000000000018,True,2025-01-09 20:00:00,2025-01-09 22:00:00,2025-01-08 14:00:00
3,19,C037,"Daytime-occupied, high base load",2,3.509008333333334,0.5,0.35090083333333344,6.342632361111111,0.04850000000000018,True,2025-01-09 20:00:00,2025-01-09 22:00:00,2025-01-08 14:00:00
3,20,C047,"Daytime-occupied, high base load",2,2.970759722222222,0.5,0.2970759722222222,6.639708333333333,0.04850000000000018,True,2025-01-09 20:00:00,2025-01-09 22:00:00,2025-01-08 14:00:00
3,21,C024,"Daytime-occupied, high base load",2,2.8100527777777775,0.0,0.0,6.639708333333333,0.04850000000000018,True,2025-01-09 20:00:00,2025-01-09 22:00:00,2025-01-08 14:00:00
3,22,C005,"Daytime-occupied, high base load",2,2.647922222222222,0.0,0.0,6.639708333333333,0.04850000000000018,True,2025-01-09 20:00:00,2025-01-09 22:00:00,2025-01-08 14:00:00
3,23,C044,"Daytime-occupied, high base load",2,2.5255361111111116,1.0,0.5051072222222224,7.144815555555556,0.04850000000000018,True,2025-01-09 20:00:00,2025-01-09 22:00:00,2025-01-08 14:00:00
3,24,C041,"Daytime-occupied, high base load",2,2.4520055555555555,1.0,0.4904011111111111,7.6352166666666665,0.04850000000000018,True,2025-01-09 20:00:00,2025-01-09 22:00:00,2025-01-08 14:00:00
3,25,C019,"Daytime-occupied, high base load",2,2.249788888888889,1.0,0.4499577777777778,8.085174444444444,0.04850000000000018,True,2025-01-09 20:00:00,2025-01-09 22:00:00,2025-01-08 14:00:00
3,26,C049,Medium AC users,3,2.2404611111111112,1.0,0.4480922222222223,8.533266666666666,0.04850000000000018,True,2025-01-09 20:00:00,2025-01-09 22:00:00,2025-01-08 14:00:00
3,27,C032,Medium AC users,3,2.123688888888889,0.5,0.21236888888888894,8.745635555555555,0.04850000000000018,True,2025-01-09 20:00:00,2025-01-09 22:00:00,2025-01-08 14:00:00
3,28,C048,Medium AC users,3,2.114413888888889,1.0,0.42288277777777783,9.168518333333333,0.04850000000000018,True,2025-01-09 20:00:00,2025-01-09 22:00:00,2025-01-08 14:00:00
3,29,C012,Medium AC users,3,1.9692333333333332,0.0,0.0,9.168518333333333,0.04850000000000018,True,2025-01-09 20:00:00,2025-01-09 22:00:00,2025-01-08 14:00:00
3,30,C036,Medium AC users,3,1.7692499999999998,0.5,0.176925,9.345443333333334,0.04850000000000018,True,2025-01-09 20:00:00,2025-01-09 22:00:00,2025-01-08 14:00:00
3,31,C020,Medium AC users,3,1.7363527777777774,0.0,0.0,9.345443333333334,0.04850000000000018,True,2025-01-09 20:00:00,2025-01-09 22:00:00,2025-01-08 14:00:00
3,32,C008,Medium AC users,3,1.6889736111111109,1.0,0.3377947222222222,9.683238055555556,0.04850000000000018,True,2025-01-09 20:00:00,2025-01-09 22:00:00,2025-01-08 14:00:00
3,33,C001,Medium AC users,3,1.3964013888888889,0.5,0.1396401388888889,9.822878194444446,0.04850000000000018,True,2025-01-09 20:00:00,2025-01-09 22:00:00,2025-01-08 14:00:00
3,34,C017,Medium AC users,3,1.2658194444444442,1.0,0.25316388888888885,10.076042083333334,0.04850000000000018,True,2025-01-09 20:00:00,2025-01-09 22:00:00,2025-01-08 14:00:00
3,35,C028,Medium AC users,3,1.2387958333333333,0.5,0.12387958333333333,10.199921666666668,0.04850000000000018,True,2025-01-09 20:00:00,2025-01-09 22:00:00,2025-01-08 14:00:00
3,36,C014,Medium AC users,3,1.2075166666666666,1.0,0.24150333333333332,10.441425000000002,0.04850000000000018,True,2025-01-09 20:00:00,2025-01-09 22:00:00,2025-01-08 14:00:00
3,37,C004,Medium AC users,3,1.1929569444444446,0.5,0.11929569444444446,10.560720694444447,0.04850000000000018,True,2025-01-09 20:00:00,2025-01-09 22:00:00,2025-01-08 14:00:00
3,38,C030,Medium AC users,3,1.081026388888889,1.0,0.2162052777777778,10.776925972222225,0.04850000000000018,True,2025-01-09 20:00:00,2025-01-09 22:00:00,2025-01-08 14:00:00
3,39,C040,Medium AC users,3,1.020038888888889,1.0,0.2040077777777778,10.980933750000002,0.04850000000000018,True,2025-01-09 20:00:00,2025-01-09 22:00:00,2025-01-08 14:00:00
3,40,C025,Medium AC users,3,0.6114472222222223,1.0,0.12228944444444445,11.103223194444446,0.04850000000000018,True,2025-01-09 20:00:00,2025-01-09 22:00:00,2025-01-08 14:00:00
3,41,C038,Medium AC users,3,0.5981972222222222,0.5,0.05981972222222222,11.163042916666669,0.04850000000000018,True,2025-01-09 20:00:00,2025-01-09 22:00:00,2025-01-08 14:00:00
3,42,C039,Medium AC users,3,0.39316666666666666,0.5,0.039316666666666666,11.202359583333335,0.04850000000000018,True,2025-01-09 20:00:00,2025-01-09 22:00:00,2025-01-08 14:00:00
3,43,C003,Low consumers without AC,4,2.296877777777778,1.0,0.45937555555555565,11.66173513888889,0.04850000000000018,True,2025-01-09 20:00:00,2025-01-09 22:00:00,2025-01-08 14:00:00
3,44,C026,Low consumers without AC,4,1.9135361111111109,1.0,0.3827072222222222,12.044442361111113,0.04850000000000018,True,2025-01-09 20:00:00,2025-01-09 22:00:00,2025-01-08 14:00:00
3,45,C006,Low consumers without AC,4,1.8715708333333332,0.0,0.0,12.044442361111113,0.04850000000000018,True,2025-01-09 20:00:00,2025-01-09 22:00:00,2025-01-08 14:00:00
3,46,C050,Low consumers without AC,4,1.7999361111111114,0.5,0.17999361111111115,12.224435972222224,0.04850000000000018,True,2025-01-09 20:00:00,2025-01-09 22:00:00,2025-01-08 14:00:00
3,47,C018,Low consumers without AC,4,1.3236194444444445,1.0,0.2647238888888889,12.489159861111114,0.04850000000000018,True,2025-01-09 20:00:00,2025-01-09 22:00:00,2025-01-08 14:00:00
3,48,C046,Low consumers without AC,4,1.3104805555555556,1.0,0.26209611111111114,12.751255972222225,0.04850000000000018,True,2025-01-09 20:00:00,2025-01-09 22:00:00,2025-01-08 14:00:00
3,49,C045,Low consumers without AC,4,0.90915,1.0,0.18183000000000002,12.933085972222225,0.04850000000000018,True,2025-01-09 20:00:00,2025-01-09 22:00:00,2025-01-08 14:00:00
3,50,C043,Low consumers without AC,4,0.6811416666666665,0.5,0.06811416666666666,13.00120013888889,0.04850000000000018,True,2025-01-09 20:00:00,2025-01-09 22:00:00,2025-01-08 14:00:00
4,1,C022,Large evening-peak households,1,4.054072222222222,1.0,0.8108144444444444,0.8108144444444444,0.0,True,2025-01-10 22:00:00,2025-01-11 00:00:00,2025-01-09 14:00:00
4,2,C021,Large evening-peak households,1,3.6552583333333337,0.5,0.3655258333333334,1.1763402777777778,0.0,True,2025-01-10 22:00:00,2025-01-11 00:00:00,2025-01-09 14:00:00
4,3,C015,Large evening-peak households,1,3.339309722222222,0.5,0.33393097222222223,1.5102712500000002,0.0,True,2025-01-10 22:00:00,2025-01-11 00:00:00,2025-01-09 14:00:00
4,4,C029,Large evening-peak households,1,2.9754000000000005,1.0,0.5950800000000002,2.1053512500000005,0.0,True,2025-01-10 22:00:00,2025-01-11 00:00:00,2025-01-09 14:00:00
4,5,C007,Large evening-peak households,1,2.934340277777778,0.5,0.2934340277777778,2.3987852777777783,0.0,True,2025-01-10 22:00:00,2025-01-11 00:00:00,2025-01-09 14:00:00
4,6,C042,Large evening-peak households,1,2.7856236111111112,0.5,0.27856236111111116,2.6773476388888895,0.0,True,2025-01-10 22:00:00,2025-01-11 00:00:00,2025-01-09 14:00:00
4,7,C011,Large evening-peak households,1,2.6183833333333335,1.0,0.5236766666666667,3.2010243055555563,0.0,True,2025-01-10 22:00:00,2025-01-11 00:00:00,2025-01-09 14:00:00
4,8,C013,Large evening-peak households,1,2.5982749999999997,0.5,0.2598275,3.4608518055555564,0.0,True,2025-01-10 22:00:00,2025-01-11 00:00:00,2025-01-09 14:00:00
4,9,C023,Large evening-peak households,1,2.4857527777777775,0.0,0.0,3.4608518055555564,0.0,True,2025-01-10 22:00:00,2025-01-11 00:00:00,2025-01-09 14:00:00
4,10,C034,Large evening-peak households,1,2.4429472222222217,1.0,0.48858944444444435,3.949441250000001,0.0,True,2025-01-10 22:00:00,2025-01-11 00:00:00,2025-01-09 14:00:00
4,11,C010,Large evening-peak households,1,2.441913888888889,1.0,0.48838277777777783,4.437824027777779,0.0,True,2025-01-10 22:00:00,2025-01-11 00:00:00,2025-01-09 14:00:00
4,12,C016,Large evening-peak households,1,2.4261166666666667,0.5,0.24261166666666667,4.680435694444446,0.0,True,2025-01-10 22:00:00,2025-01-11 00:00:00,2025-01-09 14:00:00
4,13,C031,Large evening-peak households,1,2.3636555555555554,0.5,0.23636555555555555,4.916801250000002,0.0,True,2025-01-10 22:00:00,2025-01-11 00:00:00,2025-01-09 14:00:00
4,14,C033,Large evening-peak households,1,2.044652777777778,1.0,0.4089305555555556,5.325731805555558,0.0,True,2025-01-10 22:00:00,2025-01-11 00:00:00,2025-01-09 14:00:00
4,15,C035,Large evening-peak households,1,2.0077805555555557,1.0,0.40155611111111117,5.727287916666668,0.0,True,2025-01-10 22:00:00,2025-01-11 00:00:00,2025-01-09 14:00:00
4,16,C009,Large evening-peak households,1,1.9716319444444446,0.5,0.19716319444444447,5.924451111111113,0.0,True,2025-01-10 22:00:00,2025-01-11 00:00:00,2025-01-09 14:00:00
4,17,C027,Large evening-peak households,1,1.5291569444444446,0.5,0.15291569444444447,6.077366805555557,0.0,True,2025-01-10 22:00:00,2025-01-11 00:00:00,2025-01-09 14:00:00
4,18,C002,Large evening-peak households,1,1.4134722222222222,0.0,0.0,6.077366805555557,0.0,True,2025-01-10 22:00:00,2025-01-11 00:00:00,2025-01-09 14:00:00
4,19,C044,"Daytime-occupied, high base load",2,3.6512472222222225,1.0,0.7302494444444445,6.8076162500000015,0.0,True,2025-01-10 22:00:00,2025-01-11 00:00:00,2025-01-09 14:00:00
4,20,C047,"Daytime-occupied, high base load",2,3.3870069444444444,0.5,0.33870069444444445,7.146316944444446,0.0,True,2025-01-10 22:00:00,2025-01-11 00:00:00,2025-01-09 14:00:00
4,21,C041,"Daytime-occupied, high base load",2,2.5436,1.0,0.5087200000000001,7.655036944444446,0.0,True,2025-01-10 22:00:00,2025-01-11 00:00:00,2025-01-09 14:00:00
4,22,C019,"Daytime-occupied, high base load",2,2.4705388888888886,1.0,0.49410777777777776,8.149144722222223,0.0,True,2025-01-10 22:00:00,2025-01-11 00:00:00,2025-01-09 14:00:00
4,23,C005,"Daytime-occupied, high base load",2,2.372809722222222,0.0,0.0,8.149144722222223,0.0,True,2025-01-10 22:00:00,2025-01-11 00:00:00,2025-01-09 14:00:00
4,24,C037,"Daytime-occupied, high base load",2,2.0798694444444448,0.5,0.2079869444444445,8.357131666666668,0.0,True,2025-01-10 22:00:00,2025-01-11 00:00:00,2025-01-09 14:00:00
4,25,C024,"Daytime-occupied, high base load",2,1.7756569444444443,0.0,0.0,8.357131666666668,0.0,True,2025-01-10 22:00:00,2025-01-11 00:00:00,2025-01-09 14:00:00
4,26,C036,Medium AC users,3,2.8911805555555556,0.5,0.2891180555555556,8.646249722222223,0.0,True,2025-01-10 22:00:00,2025-01-11 00:00:00,2025-01-09 14:00:00
4,27,C020,Medium AC users,3,2.5771722222222224,0.0,0.0,8.646249722222223,0.0,True,2025-01-10 22:00:00,2025-01-11 00:00:00,2025-01-09 14:00:00
4,28,C032,Medium AC users,3,2.5097694444444443,0.5,0.25097694444444446,8.897226666666667,0.0,True,2025-01-10 22:00:00,2025-01-11 00:00:00,2025-01-09 14:00:00
4,29,C001,Medium AC users,3,2.506298611111111,0.5,0.25062986111111113,9.147856527777778,0.0,True,2025-01-10 22:00:00,2025-01-11 00:00:00,2025-01-09 14:00:00
4,30,C028,Medium AC users,3,2.240076388888889,0.5,0.2240076388888889,9.371864166666667,0.0,True,2025-01-10 22:00:00,2025-01-11 00:00:00,2025-01-09 14:00:00
4,31,C048,Medium AC users,3,2.2342791666666666,1.0,0.44685583333333334,9.81872,0.0,True,2025-01-10 22:00:00,2025-01-11 00:00:00,2025-01-09 14:00:00
4,32,C004,Medium AC users,3,2.171761111111111,0.5,0.21717611111111113,10.035896111111112,0.0,True,2025-01-10 22:00:00,2025-01-11 00:00:00,2025-01-09 14:00:00
4,33,C049,Medium AC users,3,2.1544097222222223,1.0,0.4308819444444445,10.466778055555556,0.0,True,2025-01-10 22:00:00,2025-01-11 00:00:00,2025-01-09 14:00:00
4,34,C017,Medium AC users,3,2.068315277777778,1.0,0.4136630555555556,10.880441111111113,0.0,True,2025-01-10 22:00:00,2025-01-11 00:00:00,2025-01-09 14:00:00
4,35,C008,Medium AC users,3,1.4305111111111113,1.0,0.28610222222222226,11.166543333333335,0.0,True,2025-01-10 22:00:00,2025-01-11 00:00:00,2025-01-09 14:00:00
4,36,C014,Medium AC users,3,1.4137611111111112,1.0,0.28275222222222224,11.449295555555556,0.0,True,2025-01-10 22:00:00,2025-01-11 00:00:00,2025-01-09 14:00:00
4,37,C040,Medium AC users,3,1.2067958333333333,1.0,0.24135916666666668,11.690654722222224,0.0,True,2025-01-10 22:00:00,2025-01-11 00:00:00,2025-01-09 14:00:00
4,38,C030,Medium AC users,3,1.198986111111111,1.0,0.23979722222222222,11.930451944444446,0.0,True,2025-01-10 22:00:00,2025-01-11 00:00:00,2025-01-09 14:00:00
4,39,C012,Medium AC users,3,1.1499666666666666,0.0,0.0,11.930451944444446,0.0,True,2025-01-10 22:00:00,2025-01-11 00:00:00,2025-01-09 14:00:00
4,40,C025,Medium AC users,3,0.8729305555555555,1.0,0.1745861111111111,12.105038055555557,0.0,True,2025-01-10 22:00:00,2025-01-11 00:00:00,2025-01-09 14:00:00
4,41,C038,Medium AC users,3,0.8312541666666666,0.5,0.08312541666666667,12.188163472222223,0.0,True,2025-01-10 22:00:00,2025-01-11 00:00:00,2025-01-09 14:00:00
4,42,C039,Medium AC users,3,0.5300847222222221,0.5,0.053008472222222214,12.241171944444446,0.0,True,2025-01-10 22:00:00,2025-01-11 00:00:00,2025-01-09 14:00:00
4,43,C026,Low consumers without AC,4,2.6873027777777776,1.0,0.5374605555555555,12.7786325,0.0,True,2025-01-10 22:00:00,2025-01-11 00:00:00,2025-01-09 14:00:00
4,44,C003,Low consumers without AC,4,2.2849,1.0,0.45698,13.2356125,0.0,True,2025-01-10 22:00:00,2025-01-11 00:00:00,2025-01-09 14:00:00
4,45,C006,Low consumers without AC,4,1.796226388888889,0.0,0.0,13.2356125,0.0,True,2025-01-10 22:00:00,2025-01-11 00:00:00,2025-01-09 14:00:00
4,46,C043,Low consumers without AC,4,1.4874416666666666,0.5,0.14874416666666665,13.384356666666667,0.0,True,2025-01-10 22:00:00,2025-01-11 00:00:00,2025-01-09 14:00:00
4,47,C045,Low consumers without AC,4,1.3419527777777776,1.0,0.2683905555555555,13.652747222222223,0.0,True,2025-01-10 22:00:00,2025-01-11 00:00:00,2025-01-09 14:00:00
4,48,C050,Low consumers without AC,4,1.2784069444444444,0.5,0.12784069444444443,13.780587916666667,0.0,True,2025-01-10 22:00:00,2025-01-11 00:00:00,2025-01-09 14:00:00
4,49,C018,Low consumers without AC,4,1.231938888888889,1.0,0.2463877777777778,14.026975694444445,0.0,True,2025-01-10 22:00:00,2025-01-11 00:00:00,2025-01-09 14:00:00
4,50,C046,Low consumers without AC,4,1.092251388888889,1.0,0.2184502777777778,14.245425972222224,0.0,True,2025-01-10 22:00:00,2025-01-11 00:00:00,2025-01-09 14:00:00
5,1,C022,Large evening-peak households,1,3.4749190476190472,0.75,0.5212378571428572,0.5212378571428572,0.24700000000000016,True,2025-01-12 22:00:00,2025-01-13 00:00:00,2025-01-11 14:00:00
5,2,C021,Large evening-peak households,1,3.133078571428572,0.75,0.4699617857142858,0.991199642857143,0.24700000000000016,True,2025-01-12 22:00:00,2025-01-13 00:00:00,2025-01-11 14:00:00
5,3,C015,Large evening-peak households,1,2.862265476190476,0.5,0.28622654761904764,1.2774261904761905,0.24700000000000016,True,2025-01-12 22:00:00,2025-01-13 00:00:00,2025-01-11 14:00:00
5,4,C029,Large evening-peak households,1,2.5503428571428577,0.75,0.38255142857142865,1.6599776190476192,0.24700000000000016,True,2025-01-12 22:00:00,2025-01-13 00:00:00,2025-01-11 14:00:00
5,5,C007,Large evening-peak households,1,2.5151488095238093,0.75,0.37727232142857137,2.0372499404761903,0.24700000000000016,True,2025-01-12 22:00:00,2025-01-13 00:00:00,2025-01-11 14:00:00
5,6,C042,Large evening-peak households,1,2.3876773809523812,0.75,0.3581516071428572,2.3954015476190476,0.24700000000000016,True,2025-01-12 22:00:00,2025-01-13 00:00:00,2025-01-11 14:00:00
5,7,C011,Large evening-peak households,1,2.2443285714285715,0.5,0.22443285714285716,2.619834404761905,0.24700000000000016,True,2025-01-12 22:00:00,2025-01-13 00:00:00,2025-01-11 14:00:00
5,8,C013,Large evening-peak households,1,2.227092857142857,0.5,0.22270928571428572,2.8425436904761905,0.24700000000000016,True,2025-01-12 22:00:00,2025-01-13 00:00:00,2025-01-11 14:00:00
5,9,C023,Large evening-peak households,1,2.130645238095238,0.25,0.10653226190476191,2.9490759523809524,0.24700000000000016,True,2025-01-12 22:00:00,2025-01-13 00:00:00,2025-01-11 14:00:00
5,10,C034,Large evening-peak households,1,2.0939547619047616,0.75,0.31409321428571424,3.2631691666666667,0.24700000000000016,True,2025-01-12 22:00:00,2025-01-13 00:00:00,2025-01-11 14:00:00
5,11,C010,Large evening-peak households,1,2.0930690476190477,0.75,0.31396035714285714,3.577129523809524,0.24700000000000016,True,2025-01-12 22:00:00,2025-01-13 00:00:00,2025-01-11 14:00:00
5,12,C016,Large evening-peak households,1,2.0795285714285714,0.75,0.3119292857142857,3.8890588095238097,0.24700000000000016,True,2025-01-12 22:00:00,2025-01-13 00:00:00,2025-01-11 14:00:00
5,13,C031,Large evening-peak households,1,2.025990476190476,0.5,0.20259904761904762,4.091657857142858,0.24700000000000016,True,2025-01-12 22:00:00,2025-01-13 00:00:00,2025-01-11 14:00:00
5,14,C033,Large evening-peak households,1,1.752559523809524,1.0,0.3505119047619048,4.442169761904762,0.24700000000000016,True,2025-01-12 22:00:00,2025-01-13 00:00:00,2025-01-11 14:00:00
5,15,C035,Large evening-peak households,1,1.720954761904762,1.0,0.34419095238095243,4.786360714285714,0.24700000000000016,True,2025-01-12 22:00:00,2025-01-13 00:00:00,2025-01-11 14:00:00
5,16,C009,Large evening-peak households,1,1.6899702380952382,0.5,0.16899702380952383,4.9553577380952385,0.24700000000000016,True,2025-01-12 22:00:00,2025-01-13 00:00:00,2025-01-11 14:00:00
5,17,C027,Large evening-peak households,1,1.3107059523809526,0.5,0.13107059523809525,5.086428333333334,0.24700000000000016,True,2025-01-12 22:00:00,2025-01-13 00:00:00,2025-01-11 14:00:00
5,18,C002,Large evening-peak households,1,1.211547619047619,0.25,0.06057738095238096,5.147005714285715,0.24700000000000016,True,2025-01-12 22:00:00,2025-01-13 00:00:00,2025-01-11 14:00:00
5,19,C044,"Daytime-occupied, high base load",2,3.1296404761904766,0.75,0.4694460714285715,5.616451785714286,0.24700000000000016,True,2025-01-12 22:00:00,2025-01-13 00:00:00,2025-01-11 14:00:00
5,20,C047,"Daytime-occupied, high base load",2,2.9031488095238096,0.75,0.43547232142857145,6.051924107142858,0.24700000000000016,True,2025-01-12 22:00:00,2025-01-13 00:00:00,2025-01-11 14:00:00
5,21,C041,"Daytime-occupied, high base load",2,2.180228571428571,1.0,0.43604571428571426,6.487969821428572,0.24700000000000016,True,2025-01-12 22:00:00,2025-01-13 00:00:00,2025-01-11 14:00:00
5,22,C019,"Daytime-occupied, high base load",2,2.117604761904762,1.0,0.42352095238095244,6.911490773809525,0.24700000000000016,True,2025-01-12 22:00:00,2025-01-13 00:00:00,2025-01-11 14:00:00
5,23,C005,"Daytime-occupied, high base load",2,2.033836904761905,0.5,0.2033836904761905,7.114874464285715,0.24700000000000016,True,2025-01-12 22:00:00,2025-01-13 00:00:00,2025-01-11 14:00:00
5,24,C037,"Daytime-occupied, high base load",2,1.7827452380952382,0.75,0.26741178571428575,7.382286250000001,0.24700000000000016,True,2025-01-12 22:00:00,2025-01-13 00:00:00,2025-01-11 14:00:00
5,25,C024,"Daytime-occupied, high base load",2,1.5219916666666666,0.5,0.15219916666666666,7.5344854166666675,0.24700000000000016,True,2025-01-12 22:00:00,2025-01-13 00:00:00,2025-01-11 14:00:00
5,26,C036,Medium AC users,3,2.478154761904762,0.25,0.1239077380952381,7.658393154761906,0.24700000000000016,True,2025-01-12 22:00:00,2025-01-13 00:00:00,2025-01-11 14:00:00
5,27,C020,Medium AC users,3,2.209004761904762,0.5,0.22090047619047623,7.8792936309523816,0.24700000000000016,True,2025-01-12 22:00:00,2025-01-13 00:00:00,2025-01-11 14:00:00
5,28,C032,Medium AC users,3,2.1512309523809523,0.75,0.3226846428571428,8.201978273809525,0.24700000000000016,True,2025-01-12 22:00:00,2025-01-13 00:00:00,2025-01-11 14:00:00
5,29,C001,Medium AC users,3,2.1482559523809526,0.75,0.3222383928571429,8.524216666666668,0.24700000000000016,True,2025-01-12 22:00:00,2025-01-13 00:00:00,2025-01-11 14:00:00
5,30,C028,Medium AC users,3,1.9200654761904763,0.5,0.19200654761904765,8.716223214285716,0.24700000000000016,True,2025-01-12 22:00:00,2025-01-13 00:00:00,2025-01-11 14:00:00
5,31,C048,Medium AC users,3,1.9150964285714285,1.0,0.38301928571428573,9.0992425,0.24700000000000016,True,2025-01-12 22:00:00,2025-01-13 00:00:00,2025-01-11 14:00:00
5,32,C004,Medium AC users,3,1.8615095238095236,0.5,0.18615095238095236,9.285393452380953,0.24700000000000016,True,2025-01-12 22:00:00,2025-01-13 00:00:00,2025-01-11 14:00:00
5,33,C049,Medium AC users,3,1.8466369047619047,1.0,0.36932738095238093,9.654720833333334,0.24700000000000016,True,2025-01-12 22:00:00,2025-01-13 00:00:00,2025-01-11 14:00:00
5,34,C017,Medium AC users,3,1.7728416666666666,0.5,0.1772841666666667,9.832005,0.24700000000000016,True,2025-01-12 22:00:00,2025-01-13 00:00:00,2025-01-11 14:00:00
5,35,C008,Medium AC users,3,1.226152380952381,1.0,0.24523047619047622,10.077235476190477,0.24700000000000016,True,2025-01-12 22:00:00,2025-01-13 00:00:00,2025-01-11 14:00:00
5,36,C014,Medium AC users,3,1.2117952380952381,0.75,0.18176928571428574,10.259004761904762,0.24700000000000016,True,2025-01-12 22:00:00,2025-01-13 00:00:00,2025-01-11 14:00:00
5,37,C040,Medium AC users,3,1.0343964285714284,0.5,0.10343964285714286,10.362444404761906,0.24700000000000016,True,2025-01-12 22:00:00,2025-01-13 00:00:00,2025-01-11 14:00:00
5,38,C030,Medium AC users,3,1.0277023809523809,0.5,0.1027702380952381,10.465214642857143,0.24700000000000016,True,2025-01-12 22:00:00,2025-01-13 00:00:00,2025-01-11 14:00:00
5,39,C012,Medium AC users,3,0.9856857142857143,0.25,0.04928428571428572,10.51449892857143,0.24700000000000016,True,2025-01-12 22:00:00,2025-01-13 00:00:00,2025-01-11 14:00:00
5,40,C025,Medium AC users,3,0.7482261904761904,1.0,0.14964523809523808,10.664144166666667,0.24700000000000016,True,2025-01-12 22:00:00,2025-01-13 00:00:00,2025-01-11 14:00:00
5,41,C038,Medium AC users,3,0.7125035714285713,0.5,0.07125035714285714,10.735394523809523,0.24700000000000016,True,2025-01-12 22:00:00,2025-01-13 00:00:00,2025-01-11 14:00:00
5,42,C039,Medium AC users,3,0.4543583333333333,0.75,0.06815375,10.803548273809524,0.24700000000000016,True,2025-01-12 22:00:00,2025-01-13 00:00:00,2025-01-11 14:00:00
5,43,C026,Low consumers without AC,4,2.303402380952381,1.0,0.4606804761904762,11.26422875,0.24700000000000016,True,2025-01-12 22:00:00,2025-01-13 00:00:00,2025-01-11 14:00:00
5,44,C003,Low consumers without AC,4,1.9584857142857142,0.75,0.2937728571428571,11.558001607142856,0.24700000000000016,True,2025-01-12 22:00:00,2025-01-13 00:00:00,2025-01-11 14:00:00
5,45,C006,Low consumers without AC,4,1.5396226190476192,0.0,0.0,11.558001607142856,0.24700000000000016,True,2025-01-12 22:00:00,2025-01-13 00:00:00,2025-01-11 14:00:00
5,46,C043,Low consumers without AC,4,1.27495,0.25,0.0637475,11.621749107142856,0.24700000000000016,True,2025-01-12 22:00:00,2025-01-13 00:00:00,2025-01-11 14:00:00
5,47,C045,Low consumers without AC,4,1.150245238095238,1.0,0.2300490476190476,11.851798154761903,0.24700000000000016,True,2025-01-12 22:00:00,2025-01-13 00:00:00,2025-01-11 14:00:00
5,48,C050,Low consumers without AC,4,1.095777380952381,0.75,0.16436660714285717,12.016164761904761,0.24700000000000016,True,2025-01-12 22:00:00,2025-01-13 00:00:00,2025-01-11 14:00:00
5,49,C018,Low consumers without AC,4,1.055947619047619,1.0,0.2111895238095238,12.227354285714284,0.24700000000000016,True,2025-01-12 22:00:00,2025-01-13 00:00:00,2025-01-11 14:00:00
5,50,C046,Low consumers without AC,4,0.9362154761904763,0.75,0.14043232142857145,12.367786607142856,0.24700000000000016,True,2025-01-12 22:00:00,2025-01-13 00:00:00,2025-01-11 14:00:00
6,1,C022,Large evening-peak households,1,5.418085714285714,0.75,0.8127128571428571,0.8127128571428571,0.8418333333333339,False,2025-01-13 21:00:00,2025-01-13 23:00:00,2025-01-12 14:00:00
6,2,C015,Large evening-peak households,1,5.1729964285714285,0.5,0.5172996428571429,1.3300125,0.8418333333333339,True,2025-01-13 21:00:00,2025-01-13 23:00:00,2025-01-12 14:00:00
6,3,C021,Large evening-peak households,1,3.977508333333334,0.75,0.5966262500000001,1.9266387500000002,0.8418333333333339,True,2025-01-13 21:00:00,2025-01-13 23:00:00,2025-01-12 14:00:00
6,4,C029,Large evening-peak households,1,3.961583333333333,0.75,0.5942375,2.52087625,0.8418333333333339,True,2025-01-13 21:00:00,2025-01-13 23:00:00,2025-01-12 14:00:00
6,5,C034,Large evening-peak households,1,3.7104321428571425,0.75,0.5565648214285714,3.077441071428572,0.8418333333333339,True,2025-01-13 21:00:00,2025-01-13 23:00:00,2025-01-12 14:00:00
6,6,C023,Large evening-peak households,1,3.6462845238095234,0.25,0.1823142261904762,3.259755297619048,0.8418333333333339,True,2025-01-13 21:00:00,2025-01-13 23:00:00,2025-01-12 14:00:00
6,7,C016,Large evening-peak households,1,3.5841845238095233,0.75,0.5376276785714286,3.7973829761904763,0.8418333333333339,True,2025-01-13 21:00:00,2025-01-13 23:00:00,2025-01-12 14:00:00
6,8,C031,Large evening-peak households,1,3.536164285714286,0.5,0.3536164285714286,4.1509994047619045,0.8418333333333339,True,2025-01-13 21:00:00,2025-01-13 23:00:00,2025-01-12 14:00:00
6,9,C007,Large evening-peak households,1,3.5121761904761906,0.75,0.5268264285714287,4.677825833333333,0.8418333333333339,True,2025-01-13 21:00:00,2025-01-13 23:00:00,2025-01-12 14:00:00
6,10,C033,Large evening-peak households,1,3.34932380952381,1.0,0.669864761904762,5.347690595238095,0.8418333333333339,True,2025-01-13 21:00:00,2025-01-13 23:00:00,2025-01-12 14:00:00
6,11,C042,Large evening-peak households,1,3.155786904761905,0.75,0.47336803571428576,5.821058630952381,0.8418333333333339,True,2025-01-13 21:00:00,2025-01-13 23:00:00,2025-01-12 14:00:00
6,12,C011,Large evening-peak households,1,3.1544738095238096,0.5,0.315447380952381,6.136506011904762,0.8418333333333339,True,2025-01-13 21:00:00,2025-01-13 23:00:00,2025-01-12 14:00:00
6,13,C010,Large evening-peak households,1,3.0028107142857143,0.75,0.4504216071428571,6.58692761904762,0.8418333333333339,True,2025-01-13 21:00:00,2025-01-13 23:00:00,2025-01-12 14:00:00
6,14,C013,Large evening-peak households,1,2.768897619047619,0.5,0.2768897619047619,6.863817380952382,0.8418333333333339,True,2025-01-13 21:00:00,2025-01-13 23:00:00,2025-01-12 14:00:00
6,15,C009,Large evening-peak households,1,2.6823690476190474,0.5,0.26823690476190476,7.132054285714286,0.8418333333333339,True,2025-01-13 21:00:00,2025-01-13 23:00:00,2025-01-12 14:00:00
6,16,C035,Large evening-peak households,1,2.584529761904762,1.0,0.5169059523809524,7.648960238095238,0.8418333333333339,True,2025-01-13 21:00:00,2025-01-13 23:00:00,2025-01-12 14:00:00
6,17,C027,Large evening-peak households,1,2.1712345238095234,0.5,0.21712345238095235,7.866083690476191,0.8418333333333339,True,2025-01-13 21:00:00,2025-01-13 23:00:00,2025-01-12 14:00:00
6,18,C002,Large evening-peak households,1,1.6710690476190475,0.25,0.08355345238095238,7.949637142857143,0.8418333333333339,True,2025-01-13 21:00:00,2025-01-13 23:00:00,2025-01-12 14:00:00
6,19,C047,"Daytime-occupied, high base load",2,4.359783333333334,0.75,0.6539675000000001,8.603604642857142,0.8418333333333339,True,2025-01-13 21:00:00,2025-01-13 23:00:00,2025-01-12 14:00:00
6,20,C037,"Daytime-occupied, high base load",2,4.016895238095238,0.75,0.6025342857142857,9.206138928571429,0.8418333333333339,True,2025-01-13 21:00:00,2025-01-13 23:00:00,2025-01-12 14:00:00
6,21,C044,"Daytime-occupied, high base load",2,3.656051190476191,0.75,0.5484076785714287,9.754546607142858,0.8418333333333339,True,2025-01-13 21:00:00,2025-01-13 23:00:00,2025-01-12 14:00:00
6,22,C019,"Daytime-occupied, high base load",2,3.263933333333333,1.0,0.6527866666666666,10.407333273809524,0.8418333333333339,True,2025-01-13 21:00:00,2025-01-13 23:00:00,2025-01-12 14:00:00
6,23,C041,"Daytime-occupied, high base load",2,3.1696738095238097,1.0,0.633934761904762,11.041268035714285,0.8418333333333339,True,2025-01-13 21:00:00,2025-01-13 23:00:00,2025-01-12 14:00:00
6,24,C005,"Daytime-occupied, high base load",2,3.147667857142857,0.5,0.31476678571428574,11.35603482142857,0.8418333333333339,True,2025-01-13 21:00:00,2025-01-13 23:00:00,2025-01-12 14:00:00
6,25,C024,"Daytime-occupied, high base load",2,3.0847928571428573,0.5,0.30847928571428573,11.664514107142857,0.8418333333333339,True,2025-01-13 21:00:00,2025-01-13 23:00:00,2025-01-12 14:00:00
6,26,C032,Medium AC users,3,2.8554047619047624,0.75,0.42831071428571443,12.092824821428572,0.8418333333333339,True,2025-01-13 21:00:00,2025-01-13 23:00:00,2025-01-12 14:00:00
6,27,C048,Medium AC users,3,2.6658738095238097,1.0,0.533174761904762,12.625999583333334,0.8418333333333339,True,2025-01-13 21:00:00,2025-01-13 23:00:00,2025-01-12 14:00:00
6,28,C036,Medium AC users,3,2.5927738095238095,0.25,0.12963869047619048,12.755638273809524,0.8418333333333339,True,2025-01-13 21:00:00,2025-01-13 23:00:00,2025-01-12 14:00:00
6,29,C001,Medium AC users,3,2.5763083333333334,0.75,0.38644625000000005,13.142084523809524,0.8418333333333339,True,2025-01-13 21:00:00,2025-01-13 23:00:00,2025-01-12 14:00:00
6,30,C020,Medium AC users,3,2.5202738095238097,0.5,0.252027380952381,13.394111904761905,0.8418333333333339,True,2025-01-13 21:00:00,2025-01-13 23:00:00,2025-01-12 14:00:00
6,31,C049,Medium AC users,3,2.5048190476190473,1.0,0.5009638095238095,13.895075714285715,0.8418333333333339,True,2025-01-13 21:00:00,2025-01-13 23:00:00,2025-01-12 14:00:00
6,32,C028,Medium AC users,3,2.3594488095238093,0.5,0.23594488095238095,14.131020595238097,0.8418333333333339,True,2025-01-13 21:00:00,2025-01-13 23:00:00,2025-01-12 14:00:00
6,33,C012,Medium AC users,3,2.058840476190476,0.25,0.1029420238095238,14.23396261904762,0.8418333333333339,True,2025-01-13 21:00:00,2025-01-13 23:00:00,2025-01-12 14:00:00
6,34,C017,Medium AC users,3,2.0094321428571424,0.5,0.20094321428571427,14.434905833333335,0.8418333333333339,True,2025-01-13 21:00:00,2025-01-13 23:00:00,2025-01-12 14:00:00
6,35,C030,Medium AC users,3,1.807316666666667,0.5,0.1807316666666667,14.615637500000002,0.8418333333333339,True,2025-01-13 21:00:00,2025-01-13 23:00:00,2025-01-12 14:00:00
6,36,C004,Medium AC users,3,1.7678023809523808,0.5,0.1767802380952381,14.79241773809524,0.8418333333333339,True,2025-01-13 21:00:00,2025-01-13 23:00:00,2025-01-12 14:00:00
6,37,C014,Medium AC users,3,1.5986404761904764,0.75,0.23979607142857146,15.032213809523812,0.8418333333333339,True,2025-01-13 21:00:00,2025-01-13 23:00:00,2025-01-12 14:00:00
6,38,C008,Medium AC users,3,1.3791964285714282,1.0,0.2758392857142857,15.308053095238098,0.8418333333333339,True,2025-01-13 21:00:00,2025-01-13 23:00:00,2025-01-12 14:00:00
6,39,C040,Medium AC users,3,1.1622773809523808,0.5,0.11622773809523808,15.424280833333336,0.8418333333333339,True,2025-01-13 21:00:00,2025-01-13 23:00:00,2025-01-12 14:00:00
6,40,C025,Medium AC users,3,1.0147559523809524,1.0,0.20295119047619048,15.627232023809526,0.8418333333333339,True,2025-01-13 21:00:00,2025-01-13 23:00:00,2025-01-12 14:00:00
6,41,C038,Medium AC users,3,1.0081583333333335,0.5,0.10081583333333335,15.72804785714286,0.8418333333333339,True,2025-01-13 21:00:00,2025-01-13 23:00:00,2025-01-12 14:00:00
6,42,C039,Medium AC users,3,0.9488833333333334,0.75,0.14233250000000003,15.87038035714286,0.8418333333333339,True,2025-01-13 21:00:00,2025-01-13 23:00:00,2025-01-12 14:00:00
6,43,C026,Low consumers without AC,4,3.150082142857143,1.0,0.6300164285714286,16.50039678571429,0.8418333333333339,True,2025-01-13 21:00:00,2025-01-13 23:00:00,2025-01-12 14:00:00
6,44,C006,Low consumers without AC,4,2.7422440476190473,0.0,0.0,16.50039678571429,0.8418333333333339,True,2025-01-13 21:00:00,2025-01-13 23:00:00,2025-01-12 14:00:00
6,45,C003,Low consumers without AC,4,2.613071428571429,0.75,0.39196071428571444,16.892357500000006,0.8418333333333339,True,2025-01-13 21:00:00,2025-01-13 23:00:00,2025-01-12 14:00:00
6,46,C050,Low consumers without AC,4,2.025320238095238,0.75,0.3037980357142857,17.196155535714293,0.8418333333333339,True,2025-01-13 21:00:00,2025-01-13 23:00:00,2025-01-12 14:00:00
6,47,C046,Low consumers without AC,4,1.7561607142857143,0.75,0.26342410714285713,17.45957964285715,0.8418333333333339,True,2025-01-13 21:00:00,2025-01-13 23:00:00,2025-01-12 14:00:00
6,48,C045,Low consumers without AC,4,1.7246523809523808,1.0,0.3449304761904762,17.804510119047627,0.8418333333333339,True,2025-01-13 21:00:00,2025-01-13 23:00:00,2025-01-12 14:00:00
6,49,C018,Low consumers without AC,4,1.6099452380952382,1.0,0.3219890476190477,18.126499166666676,0.8418333333333339,True,2025-01-13 21:00:00,2025-01-13 23:00:00,2025-01-12 14:00:00
6,50,C043,Low consumers without AC,4,1.6028428571428572,0.25,0.08014214285714287,18.206641309523818,0.8418333333333339,True,2025-01-13 21:00:00,2025-01-13 23:00:00,2025-01-12 14:00:00
7,1,C022,Large evening-peak households,1,5.384132142857143,0.8,0.8614611428571429,0.8614611428571429,3.438666666666667,False,2025-01-14 20:00:00,2025-01-14 22:00:00,2025-01-13 14:00:00
7,2,C015,Large evening-peak households,1,4.976728571428571,0.4,0.39813828571428567,1.2595994285714287,3.438666666666667,False,2025-01-14 20:00:00,2025-01-14 22:00:00,2025-01-13 14:00:00
7,3,C034,Large evening-peak households,1,4.28224880952381,0.8,0.6851598095238096,1.9447592380952383,3.438666666666667,False,2025-01-14 20:00:00,2025-01-14 22:00:00,2025-01-13 14:00:00
7,4,C029,Large evening-peak households,1,4.063128571428571,0.8,0.6501005714285715,2.59485980952381,3.438666666666667,False,2025-01-14 20:00:00,2025-01-14 22:00:00,2025-01-13 14:00:00
7,5,C023,Large evening-peak households,1,3.870160714285714,0.2,0.15480642857142857,2.749666238095238,3.438666666666667,False,2025-01-14 20:00:00,2025-01-14 22:00:00,2025-01-13 14:00:00
7,6,C031,Large evening-peak households,1,3.8660238095238095,0.6,0.46392285714285714,3.2135890952380954,3.438666666666667,False,2025-01-14 20:00:00,2025-01-14 22:00:00,2025-01-13 14:00:00
7,7,C016,Large evening-peak households,1,3.8529095238095232,0.8,0.6164655238095238,3.830054619047619,3.438666666666667,True,2025-01-14 20:00:00,2025-01-14 22:00:00,2025-01-13 14:00:00
7,8,C021,Large evening-peak households,1,3.7533809523809523,0.6,0.4504057142857143,4.280460333333333,3.438666666666667,True,2025-01-14 20:00:00,2025-01-14 22:00:00,2025-01-13 14:00:00
7,9,C033,Large evening-peak households,1,3.5283190476190476,1.0,0.7056638095238096,4.986124142857142,3.438666666666667,True,2025-01-14 20:00:00,2025-01-14 22:00:00,2025-01-13 14:00:00
7,10,C007,Large evening-peak households,1,3.4162964285714286,0.6,0.4099555714285714,5.3960797142857135,3.438666666666667,True,2025-01-14 20:00:00,2025-01-14 22:00:00,2025-01-13 14:00:00
7,11,C009,Large evening-peak households,1,3.1713999999999998,0.4,0.253712,5.649791714285714,3.438666666666667,True,2025-01-14 20:00:00,2025-01-14 22:00:00,2025-01-13 14:00:00
7,12,C042,Large evening-peak households,1,3.118259523809524,0.8,0.49892152380952387,6.148713238095238,3.438666666666667,True,2025-01-14 20:00:00,2025-01-14 22:00:00,2025-01-13 14:00:00
7,13,C010,Large evening-peak households,1,3.019547619047619,0.8,0.48312761904761914,6.631840857142857,3.438666666666667,True,2025-01-14 20:00:00,2025-01-14 22:00:00,2025-01-13 14:00:00
7,14,C011,Large evening-peak households,1,2.9580595238095237,0.6,0.35496714285714287,6.986808,3.438666666666667,True,2025-01-14 20:00:00,2025-01-14 22:00:00,2025-01-13 14:00:00
7,15,C035,Large evening-peak households,1,2.853430952380952,1.0,0.5706861904761904,7.5574941904761905,3.438666666666667,True,2025-01-14 20:00:00,2025-01-14 22:00:00,2025-01-13 14:00:00
7,16,C013,Large evening-peak households,1,2.8118678571428575,0.6,0.33742414285714295,7.894918333333333,3.438666666666667,True,2025-01-14 20:00:00,2025-01-14 22:00:00,2025-01-13 14:00:00
7,17,C027,Large evening-peak households,1,2.4376988095238095,0.6,0.29252385714285717,8.18744219047619,3.438666666666667,True,2025-01-14 20:00:00,2025-01-14 22:00:00,2025-01-13 14:00:00
7,18,C002,Large evening-peak households,1,2.3043190476190474,0.2,0.09217276190476191,8.279614952380951,3.438666666666667,True,2025-01-14 20:00:00,2025-01-14 22:00:00,2025-01-13 14:00:00
7,19,C037,"Daytime-occupied, high base load",2,4.484059523809523,0.6,0.5380871428571428,8.817702095238094,3.438666666666667,True,2025-01-14 20:00:00,2025-01-14 22:00:00,2025-01-13 14:00:00
7,20,C047,"Daytime-occupied, high base load",2,4.372920238095237,0.8,0.699667238095238,9.517369333333331,3.438666666666667,True,2025-01-14 20:00:00,2025-01-14 22:00:00,2025-01-13 14:00:00
7,21,C041,"Daytime-occupied, high base load",2,3.798769047619047,0.8,0.6078030476190476,10.125172380952378,3.438666666666667,True,2025-01-14 20:00:00,2025-01-14 22:00:00,2025-01-13 14:00:00
7,22,C024,"Daytime-occupied, high base load",2,3.638538095238095,0.6,0.43662457142857136,10.56179695238095,3.438666666666667,True,2025-01-14 20:00:00,2025-01-14 22:00:00,2025-01-13 14:00:00
7,23,C005,"Daytime-occupied, high base load",2,3.4879869047619043,0.6,0.4185584285714285,10.980355380952378,3.438666666666667,True,2025-01-14 20:00:00,2025-01-14 22:00:00,2025-01-13 14:00:00
7,24,C044,"Daytime-occupied, high base load",2,3.4878142857142853,0.8,0.5580502857142857,11.538405666666664,3.438666666666667,True,2025-01-14 20:00:00,2025-01-14 22:00:00,2025-01-13 14:00:00
7,25,C019,"Daytime-occupied, high base load",2,3.0581214285714284,1.0,0.6116242857142857,12.15002995238095,3.438666666666667,True,2025-01-14 20:00:00,2025-01-14 22:00:00,2025-01-13 14:00:00
7,26,C032,Medium AC users,3,2.929130952380952,0.8,0.4686609523809524,12.618690904761902,3.438666666666667,True,2025-01-14 20:00:00,2025-01-14 22:00:00,2025-01-13 14:00:00
7,27,C048,Medium AC users,3,2.664314285714286,1.0,0.5328628571428572,13.15155376190476,3.438666666666667,True,2025-01-14 20:00:00,2025-01-14 22:00:00,2025-01-13 14:00:00
7,28,C049,Medium AC users,3,2.584390476190476,1.0,0.5168780952380952,13.668431857142854,3.438666666666667,True,2025-01-14 20:00:00,2025-01-14 22:00:00,2025-01-13 14:00:00
7,29,C001,Medium AC users,3,2.4919249999999993,0.8,0.3987079999999999,14.067139857142854,3.438666666666667,True,2025-01-14 20:00:00,2025-01-14 22:00:00,2025-01-13 14:00:00
7,30,C012,Medium AC users,3,2.397535714285714,0.4,0.19180285714285716,14.25894271428571,3.438666666666667,True,2025-01-14 20:00:00,2025-01-14 22:00:00,2025-01-13 14:00:00
7,31,C020,Medium AC users,3,2.280061904761905,0.4,0.18240495238095242,14.441347666666664,3.438666666666667,True,2025-01-14 20:00:00,2025-01-14 22:00:00,2025-01-13 14:00:00
7,32,C036,Medium AC users,3,1.9935952380952382,0.4,0.15948761904761907,14.600835285714282,3.438666666666667,True,2025-01-14 20:00:00,2025-01-14 22:00:00,2025-01-13 14:00:00
7,33,C028,Medium AC users,3,1.9533797619047617,0.4,0.15627038095238097,14.757105666666664,3.438666666666667,True,2025-01-14 20:00:00,2025-01-14 22:00:00,2025-01-13 14:00:00
7,34,C030,Medium AC users,3,1.8083904761904763,0.6,0.21700685714285717,14.974112523809522,3.438666666666667,True,2025-01-14 20:00:00,2025-01-14 22:00:00,2025-01-13 14:00:00
7,35,C008,Medium AC users,3,1.650379761904762,0.8,0.26406076190476196,15.238173285714284,3.438666666666667,True,2025-01-14 20:00:00,2025-01-14 22:00:00,2025-01-13 14:00:00
7,36,C004,Medium AC users,3,1.6352273809523812,0.4,0.1308181904761905,15.368991476190475,3.438666666666667,True,2025-01-14 20:00:00,2025-01-14 22:00:00,2025-01-13 14:00:00
7,37,C017,Medium AC users,3,1.5622559523809525,0.6,0.1874707142857143,15.55646219047619,3.438666666666667,True,2025-01-14 20:00:00,2025-01-14 22:00:00,2025-01-13 14:00:00
7,38,C014,Medium AC users,3,1.502207142857143,0.6,0.18026485714285717,15.736727047619047,3.438666666666667,True,2025-01-14 20:00:00,2025-01-14 22:00:00,2025-01-13 14:00:00
7,39,C040,Medium AC users,3,1.0724976190476192,0.6,0.1286997142857143,15.86542676190476,3.438666666666667,True,2025-01-14 20:00:00,2025-01-14 22:00:00,2025-01-13 14:00:00
7,40,C039,Medium AC users,3,1.008895238095238,0.6,0.12106742857142856,15.98649419047619,3.438666666666667,True,2025-01-14 20:00:00,2025-01-14 22:00:00,2025-01-13 14:00:00
7,41,C038,Medium AC users,3,0.9053285714285716,0.4,0.07242628571428573,16.058920476190476,3.438666666666667,True,2025-01-14 20:00:00,2025-01-14 22:00:00,2025-01-13 14:00:00
7,42,C025,Medium AC users,3,0.8520666666666666,0.8,0.13633066666666668,16.195251142857142,3.438666666666667,True,2025-01-14 20:00:00,2025-01-14 22:00:00,2025-01-13 14:00:00
7,43,C006,Low consumers without AC,4,2.800075,0.0,0.0,16.195251142857142,3.438666666666667,True,2025-01-14 20:00:00,2025-01-14 22:00:00,2025-01-13 14:00:00
7,44,C003,Low consumers without AC,4,2.7857,0.8,0.445712,16.640963142857142,3.438666666666667,True,2025-01-14 20:00:00,2025-01-14 22:00:00,2025-01-13 14:00:00
7,45,C026,Low consumers without AC,4,2.6778785714285713,0.8,0.4284605714285714,17.069423714285712,3.438666666666667,True,2025-01-14 20:00:00,2025-01-14 22:00:00,2025-01-13 14:00:00
7,46,C050,Low consumers without AC,4,2.044633333333333,0.8,0.32714133333333334,17.396565047619045,3.438666666666667,True,2025-01-14 20:00:00,2025-01-14 22:00:00,2025-01-13 14:00:00
7,47,C045,Low consumers without AC,4,1.8760952380952378,1.0,0.37521904761904756,17.771784095238093,3.438666666666667,True,2025-01-14 20:00:00,2025-01-14 22:00:00,2025-01-13 14:00:00
7,48,C043,Low consumers without AC,4,1.801157142857143,0.2,0.07204628571428572,17.84383038095238,3.438666666666667,True,2025-01-14 20:00:00,2025-01-14 22:00:00,2025-01-13 14:00:00
7,49,C046,Low consumers without AC,4,1.7050333333333332,0.6,0.20460399999999998,18.04843438095238,3.438666666666667,True,2025-01-14 20:00:00,2025-01-14 22:00:00,2025-01-13 14:00:00
7,50,C018,Low consumers without AC,4,1.5401738095238096,1.0,0.3080347619047619,18.35646914285714,3.438666666666667,True,2025-01-14 20:00:00,2025-01-14 22:00:00,2025-01-13 14:00:00
8,1,C022,Large evening-peak households,1,4.740824999999999,0.7142857142857143,0.6772607142857142,0.6772607142857142,0.0,True,2025-01-16 21:00:00,2025-01-16 23:00:00,2025-01-15 14:00:00
8,2,C015,Large evening-peak households,1,4.526371875,0.5714285714285714,0.5172996428571428,1.1945603571428571,0.0,True,2025-01-16 21:00:00,2025-01-16 23:00:00,2025-01-15 14:00:00
8,3,C021,Large evening-peak households,1,3.4803197916666675,0.7142857142857143,0.4971885416666668,1.691748898809524,0.0,True,2025-01-16 21:00:00,2025-01-16 23:00:00,2025-01-15 14:00:00
8,4,C029,Large evening-peak households,1,3.4663854166666663,0.5714285714285714,0.3961583333333333,2.0879072321428573,0.0,True,2025-01-16 21:00:00,2025-01-16 23:00:00,2025-01-15 14:00:00
8,5,C034,Large evening-peak households,1,3.2466281249999995,0.5714285714285714,0.37104321428571424,2.4589504464285716,0.0,True,2025-01-16 21:00:00,2025-01-16 23:00:00,2025-01-15 14:00:00
8,6,C023,Large evening-peak households,1,3.190498958333333,0.2857142857142857,0.1823142261904762,2.6412646726190476,0.0,True,2025-01-16 21:00:00,2025-01-16 23:00:00,2025-01-15 14:00:00
8,7,C016,Large evening-peak households,1,3.136161458333333,0.8571428571428571,0.5376276785714285,3.178892351190476,0.0,True,2025-01-16 21:00:00,2025-01-16 23:00:00,2025-01-15 14:00:00
8,8,C031,Large evening-peak households,1,3.09414375,0.42857142857142855,0.2652123214285715,3.4441046726190474,0.0,True,2025-01-16 21:00:00,2025-01-16 23:00:00,2025-01-15 14:00:00
8,9,C007,Large evening-peak households,1,3.073154166666667,0.42857142857142855,0.2634132142857143,3.707517886904762,0.0,True,2025-01-16 21:00:00,2025-01-16 23:00:00,2025-01-15 14:00:00
8,10,C033,Large evening-peak households,1,2.9306583333333336,1.0,0.5861316666666667,4.293649553571429,0.0,True,2025-01-16 21:00:00,2025-01-16 23:00:00,2025-01-15 14:00:00
8,11,C042,Large evening-peak households,1,2.761313541666667,0.7142857142857143,0.39447336309523817,4.688122916666667,0.0,True,2025-01-16 21:00:00,2025-01-16 23:00:00,2025-01-15 14:00:00
8,12,C011,Large evening-peak households,1,2.7601645833333333,0.42857142857142855,0.2365855357142857,4.924708452380953,0.0,True,2025-01-16 21:00:00,2025-01-16 23:00:00,2025-01-15 14:00:00
8,13,C010,Large evening-peak households,1,2.627459375,0.8571428571428571,0.4504216071428571,5.37513005952381,0.0,True,2025-01-16 21:00:00,2025-01-16 23:00:00,2025-01-15 14:00:00
8,14,C013,Large evening-peak households,1,2.4227854166666667,0.7142857142857143,0.3461122023809524,5.721242261904763,0.0,True,2025-01-16 21:00:00,2025-01-16 23:00:00,2025-01-15 14:00:00
8,15,C009,Large evening-peak households,1,2.3470729166666664,0.2857142857142857,0.13411845238095238,5.855360714285715,0.0,True,2025-01-16 21:00:00,2025-01-16 23:00:00,2025-01-15 14:00:00
8,16,C035,Large evening-peak households,1,2.2614635416666666,0.8571428571428571,0.38767946428571426,6.243040178571429,0.0,True,2025-01-16 21:00:00,2025-01-16 23:00:00,2025-01-15 14:00:00
8,17,C027,Large evening-peak households,1,1.8998302083333332,0.7142857142857143,0.2714043154761904,6.51444449404762,0.0,True,2025-01-16 21:00:00,2025-01-16 23:00:00,2025-01-15 14:00:00
8,18,C002,Large evening-peak households,1,1.4621854166666666,0.14285714285714285,0.04177672619047619,6.556221220238096,0.0,True,2025-01-16 21:00:00,2025-01-16 23:00:00,2025-01-15 14:00:00
8,19,C047,"Daytime-occupied, high base load",2,3.814810416666667,0.7142857142857143,0.5449729166666668,7.101194136904763,0.0,True,2025-01-16 21:00:00,2025-01-16 23:00:00,2025-01-15 14:00:00
8,20,C037,"Daytime-occupied, high base load",2,3.514783333333333,0.7142857142857143,0.5021119047619047,7.603306041666667,0.0,True,2025-01-16 21:00:00,2025-01-16 23:00:00,2025-01-15 14:00:00
8,21,C044,"Daytime-occupied, high base load",2,3.199044791666667,0.8571428571428571,0.5484076785714287,8.151713720238096,0.0,True,2025-01-16 21:00:00,2025-01-16 23:00:00,2025-01-15 14:00:00
8,22,C019,"Daytime-occupied, high base load",2,2.8559416666666664,0.8571428571428571,0.48958999999999997,8.641303720238096,0.0,True,2025-01-16 21:00:00,2025-01-16 23:00:00,2025-01-15 14:00:00
8,23,C041,"Daytime-occupied, high base load",2,2.7734645833333333,0.5714285714285714,0.316967380952381,8.958271101190476,0.0,True,2025-01-16 21:00:00,2025-01-16 23:00:00,2025-01-15 14:00:00
8,24,C005,"Daytime-occupied, high base load",2,2.754209375,0.5714285714285714,0.31476678571428574,9.273037886904762,0.0,True,2025-01-16 21:00:00,2025-01-16 23:00:00,2025-01-15 14:00:00
8,25,C024,"Daytime-occupied, high base load",2,2.69919375,0.5714285714285714,0.30847928571428573,9.581517172619048,0.0,True,2025-01-16 21:00:00,2025-01-16 23:00:00,2025-01-15 14:00:00
8,26,C032,Medium AC users,3,2.4984791666666673,0.8571428571428571,0.4283107142857143,10.009827886904763,0.0,True,2025-01-16 21:00:00,2025-01-16 23:00:00,2025-01-15 14:00:00
8,27,C048,Medium AC users,3,2.3326395833333335,1.0,0.4665279166666667,10.47635580357143,0.0,True,2025-01-16 21:00:00,2025-01-16 23:00:00,2025-01-15 14:00:00
8,28,C036,Medium AC users,3,2.2686770833333334,0.2857142857142857,0.12963869047619048,10.60599449404762,0.0,True,2025-01-16 21:00:00,2025-01-16 23:00:00,2025-01-15 14:00:00
8,29,C001,Medium AC users,3,2.2542697916666667,0.7142857142857143,0.3220385416666667,10.928033035714286,0.0,True,2025-01-16 21:00:00,2025-01-16 23:00:00,2025-01-15 14:00:00
8,30,C020,Medium AC users,3,2.2052395833333334,0.5714285714285714,0.2520273809523809,11.180060416666667,0.0,True,2025-01-16 21:00:00,2025-01-16 23:00:00,2025-01-15 14:00:00
8,31,C049,Medium AC users,3,2.1917166666666663,0.8571428571428571,0.3757228571428571,11.555783273809524,0.0,True,2025-01-16 21:00:00,2025-01-16 23:00:00,2025-01-15 14:00:00
8,32,C028,Medium AC users,3,2.0645177083333333,0.5714285714285714,0.23594488095238095,11.791728154761906,0.0,True,2025-01-16 21:00:00,2025-01-16 23:00:00,2025-01-15 14:00:00
8,33,C012,Medium AC users,3,1.8014854166666665,0.42857142857142855,0.1544130357142857,11.946141190476192,0.0,True,2025-01-16 21:00:00,2025-01-16 23:00:00,2025-01-15 14:00:00
8,34,C017,Medium AC users,3,1.7582531249999998,0.5714285714285714,0.20094321428571427,12.147084404761907,0.0,True,2025-01-16 21:00:00,2025-01-16 23:00:00,2025-01-15 14:00:00
8,35,C030,Medium AC users,3,1.5814020833333335,0.7142857142857143,0.22591458333333336,12.37299898809524,0.0,True,2025-01-16 21:00:00,2025-01-16 23:00:00,2025-01-15 14:00:00
8,36,C004,Medium AC users,3,1.5468270833333333,0.42857142857142855,0.13258517857142857,12.505584166666669,0.0,True,2025-01-16 21:00:00,2025-01-16 23:00:00,2025-01-15 14:00:00
8,37,C014,Medium AC users,3,1.3988104166666668,0.7142857142857143,0.19983005952380956,12.705414226190479,0.0,True,2025-01-16 21:00:00,2025-01-16 23:00:00,2025-01-15 14:00:00
8,38,C008,Medium AC users,3,1.2067968749999998,0.7142857142857143,0.17239955357142855,12.877813779761908,0.0,True,2025-01-16 21:00:00,2025-01-16 23:00:00,2025-01-15 14:00:00
8,39,C040,Medium AC users,3,1.0169927083333332,0.7142857142857143,0.14528467261904762,13.023098452380955,0.0,True,2025-01-16 21:00:00,2025-01-16 23:00:00,2025-01-15 14:00:00
8,40,C025,Medium AC users,3,0.8879114583333333,0.7142857142857143,0.12684449404761905,13.149942946428574,0.0,True,2025-01-16 21:00:00,2025-01-16 23:00:00,2025-01-15 14:00:00
8,41,C038,Medium AC users,3,0.8821385416666667,0.42857142857142855,0.075611875,13.225554821428574,0.0,True,2025-01-16 21:00:00,2025-01-16 23:00:00,2025-01-15 14:00:00
8,42,C039,Medium AC users,3,0.8302729166666667,0.5714285714285714,0.09488833333333334,13.320443154761907,0.0,True,2025-01-16 21:00:00,2025-01-16 23:00:00,2025-01-15 14:00:00
8,43,C026,Low consumers without AC,4,2.756321875,0.8571428571428571,0.47251232142857136,13.792955476190478,0.0,True,2025-01-16 21:00:00,2025-01-16 23:00:00,2025-01-15 14:00:00
8,44,C006,Low consumers without AC,4,2.3994635416666665,0.0,0.0,13.792955476190478,0.0,True,2025-01-16 21:00:00,2025-01-16 23:00:00,2025-01-15 14:00:00
8,45,C003,Low consumers without AC,4,2.2864375000000003,0.8571428571428571,0.39196071428571433,14.184916190476192,0.0,True,2025-01-16 21:00:00,2025-01-16 23:00:00,2025-01-15 14:00:00
8,46,C050,Low consumers without AC,4,1.7721552083333332,0.7142857142857143,0.25316502976190475,14.438081220238097,0.0,True,2025-01-16 21:00:00,2025-01-16 23:00:00,2025-01-15 14:00:00
8,47,C046,Low consumers without AC,4,1.536640625,0.7142857142857143,0.2195200892857143,14.65760130952381,0.0,True,2025-01-16 21:00:00,2025-01-16 23:00:00,2025-01-15 14:00:00
8,48,C045,Low consumers without AC,4,1.5090708333333331,1.0,0.30181416666666666,14.959415476190477,0.0,True,2025-01-16 21:00:00,2025-01-16 23:00:00,2025-01-15 14:00:00
8,49,C018,Low consumers without AC,4,1.4087020833333335,1.0,0.2817404166666667,15.241155892857144,0.0,True,2025-01-16 21:00:00,2025-01-16 23:00:00,2025-01-15 14:00:00
8,50,C043,Low consumers without AC,4,1.4024875,0.2857142857142857,0.08014214285714287,15.321298035714287,0.0,True,2025-01-16 21:00:00,2025-01-16 23:00:00,2025-01-15 14:00:00
9,1,C022,Large evening-peak households,1,5.159577083333334,0.7142857142857143,0.7370824404761906,0.7370824404761906,0.0,True,2025-01-17 21:00:00,2025-01-17 23:00:00,2025-01-16 14:00:00
9,2,C015,Large evening-peak households,1,5.072721874999999,0.5714285714285714,0.5797396428571427,1.3168220833333333,0.0,True,2025-01-17 21:00:00,2025-01-17 23:00:00,2025-01-16 14:00:00
9,3,C021,Large evening-peak households,1,4.510232291666666,0.7142857142857143,0.6443188988095239,1.9611409821428571,0.0,True,2025-01-17 21:00:00,2025-01-17 23:00:00,2025-01-16 14:00:00
9,4,C023,Large evening-peak households,1,3.987509375,0.2857142857142857,0.22785767857142858,2.1889986607142857,0.0,True,2025-01-17 21:00:00,2025-01-17 23:00:00,2025-01-16 14:00:00
9,5,C029,Large evening-peak households,1,3.8113770833333334,0.5714285714285714,0.4355859523809524,2.624584613095238,0.0,True,2025-01-17 21:00:00,2025-01-17 23:00:00,2025-01-16 14:00:00
9,6,C016,Large evening-peak households,1,3.716071875,0.8571428571428571,0.6370408928571428,3.261625505952381,0.0,True,2025-01-17 21:00:00,2025-01-17 23:00:00,2025-01-16 14:00:00
9,7,C031,Large evening-peak households,1,3.5928854166666673,0.42857142857142855,0.3079616071428572,3.569587113095238,0.0,True,2025-01-17 21:00:00,2025-01-17 23:00:00,2025-01-16 14:00:00
9,8,C034,Large evening-peak households,1,3.4953906249999998,0.5714285714285714,0.39947321428571425,3.9690603273809524,0.0,True,2025-01-17 21:00:00,2025-01-17 23:00:00,2025-01-16 14:00:00
9,9,C007,Large evening-peak households,1,3.471439583333333,0.42857142857142855,0.29755196428571423,4.266612291666666,0.0,True,2025-01-17 21:00:00,2025-01-17 23:00:00,2025-01-16 14:00:00
9,10,C010,Large evening-peak households,1,3.4592614583333336,0.8571428571428571,0.59301625,4.859628541666666,0.0,True,2025-01-17 21:00:00,2025-01-17 23:00:00,2025-01-16 14:00:00
9,11,C033,Large evening-peak households,1,3.4201375,1.0,0.6840275,5.543656041666666,0.0,True,2025-01-17 21:00:00,2025-01-17 23:00:00,2025-01-16 14:00:00
9,12,C042,Large evening-peak households,1,3.1333635416666668,0.7142857142857143,0.4476233630952382,5.9912794047619045,0.0,True,2025-01-17 21:00:00,2025-01-17 23:00:00,2025-01-16 14:00:00
9,13,C009,Large evening-peak households,1,3.00516875,0.2857142857142857,0.1717239285714286,6.163003333333333,0.0,True,2025-01-17 21:00:00,2025-01-17 23:00:00,2025-01-16 14:00:00
9,14,C011,Large evening-peak households,1,2.8917354166666667,0.42857142857142855,0.2478630357142857,6.410866369047619,0.0,True,2025-01-17 21:00:00,2025-01-17 23:00:00,2025-01-16 14:00:00
9,15,C035,Large evening-peak households,1,2.6429968749999997,0.8571428571428571,0.4530851785714285,6.863951547619047,0.0,True,2025-01-17 21:00:00,2025-01-17 23:00:00,2025-01-16 14:00:00
9,16,C013,Large evening-peak households,1,2.6101833333333335,0.7142857142857143,0.3728833333333334,7.23683488095238,0.0,True,2025-01-17 21:00:00,2025-01-17 23:00:00,2025-01-16 14:00:00
9,17,C002,Large evening-peak households,1,2.4677791666666664,0.14285714285714285,0.07050797619047619,7.3073428571428565,0.0,True,2025-01-17 21:00:00,2025-01-17 23:00:00,2025-01-16 14:00:00
9,18,C027,Large evening-peak households,1,2.085767708333333,0.7142857142857143,0.29796681547619047,7.605309672619047,0.0,True,2025-01-17 21:00:00,2025-01-17 23:00:00,2025-01-16 14:00:00
9,19,C047,"Daytime-occupied, high base load",2,4.4783375,0.7142857142857143,0.6397625000000001,8.245072172619047,0.0,True,2025-01-17 21:00:00,2025-01-17 23:00:00,2025-01-16 14:00:00
9,20,C037,"Daytime-occupied, high base load",2,4.047675,0.7142857142857143,0.5782392857142857,8.823311458333333,0.0,True,2025-01-17 21:00:00,2025-01-17 23:00:00,2025-01-16 14:00:00
9,21,C024,"Daytime-occupied, high base load",2,3.5078291666666668,0.5714285714285714,0.40089476190476186,9.224206220238095,0.0,True,2025-01-17 21:00:00,2025-01-17 23:00:00,2025-01-16 14:00:00
9,22,C041,"Daytime-occupied, high base load",2,3.4995666666666665,0.5714285714285714,0.3999504761904762,9.624156696428571,0.0,True,2025-01-17 21:00:00,2025-01-17 23:00:00,2025-01-16 14:00:00
9,23,C044,"Daytime-occupied, high base load",2,3.497284375,0.8571428571428571,0.5995344642857143,10.223691160714285,0.0,True,2025-01-17 21:00:00,2025-01-17 23:00:00,2025-01-16 14:00:00
9,24,C005,"Daytime-occupied, high base load",2,3.0846260416666667,0.5714285714285714,0.35252869047619045,10.576219851190476,0.0,True,2025-01-17 21:00:00,2025-01-17 23:00:00,2025-01-16 14:00:00
9,25,C019,"Daytime-occupied, high base load",2,2.946366666666667,0.8571428571428571,0.5050914285714286,11.081311279761906,0.0,True,2025-01-17 21:00:00,2025-01-17 23:00:00,2025-01-16 14:00:00
9,26,C032,Medium AC users,3,3.1281145833333337,0.8571428571428571,0.5362482142857143,11.61755949404762,0.0,True,2025-01-17 21:00:00,2025-01-17 23:00:00,2025-01-16 14:00:00
9,27,C036,Medium AC users,3,2.8226385416666666,0.2857142857142857,0.16129363095238095,11.778853125000001,0.0,True,2025-01-17 21:00:00,2025-01-17 23:00:00,2025-01-16 14:00:00
9,28,C001,Medium AC users,3,2.7765802083333333,0.7142857142857143,0.3966543154761905,12.175507440476192,0.0,True,2025-01-17 21:00:00,2025-01-17 23:00:00,2025-01-16 14:00:00
9,29,C048,Medium AC users,3,2.7736625,1.0,0.5547325,12.730239940476192,0.0,True,2025-01-17 21:00:00,2025-01-17 23:00:00,2025-01-16 14:00:00
9,30,C049,Medium AC users,3,2.61194375,0.8571428571428571,0.4477617857142857,13.178001726190478,0.0,True,2025-01-17 21:00:00,2025-01-17 23:00:00,2025-01-16 14:00:00
9,31,C020,Medium AC users,3,2.406179166666667,0.5714285714285714,0.2749919047619048,13.452993630952383,0.0,True,2025-01-17 21:00:00,2025-01-17 23:00:00,2025-01-16 14:00:00
9,32,C017,Medium AC users,3,2.2533197916666667,0.5714285714285714,0.2575222619047619,13.710515892857146,0.0,True,2025-01-17 21:00:00,2025-01-17 23:00:00,2025-01-16 14:00:00
9,33,C028,Medium AC users,3,2.1196208333333333,0.5714285714285714,0.24224238095238096,13.952758273809527,0.0,True,2025-01-17 21:00:00,2025-01-17 23:00:00,2025-01-16 14:00:00
9,34,C014,Medium AC users,3,2.1133749999999996,0.7142857142857143,0.30191071428571425,14.254668988095242,0.0,True,2025-01-17 21:00:00,2025-01-17 23:00:00,2025-01-16 14:00:00
9,35,C004,Medium AC users,3,2.0028625,0.42857142857142855,0.17167392857142857,14.42634291666667,0.0,True,2025-01-17 21:00:00,2025-01-17 23:00:00,2025-01-16 14:00:00
9,36,C012,Medium AC users,3,1.9764895833333331,0.42857142857142855,0.16941339285714285,14.595756309523813,0.0,True,2025-01-17 21:00:00,2025-01-17 23:00:00,2025-01-16 14:00:00
9,37,C040,Medium AC users,3,1.8049697916666667,0.7142857142857143,0.2578528273809524,14.853609136904765,0.0,True,2025-01-17 21:00:00,2025-01-17 23:00:00,2025-01-16 14:00:00
9,38,C030,Medium AC users,3,1.68409375,0.7142857142857143,0.24058482142857143,15.094193958333337,0.0,True,2025-01-17 21:00:00,2025-01-17 23:00:00,2025-01-16 14:00:00
9,39,C008,Medium AC users,3,1.3226729166666669,0.7142857142857143,0.18895327380952387,15.283147232142861,0.0,True,2025-01-17 21:00:00,2025-01-17 23:00:00,2025-01-16 14:00:00
9,40,C038,Medium AC users,3,1.1292239583333332,0.42857142857142855,0.09679062499999999,15.379937857142862,0.0,True,2025-01-17 21:00:00,2025-01-17 23:00:00,2025-01-16 14:00:00
9,41,C025,Medium AC users,3,1.0018708333333333,0.7142857142857143,0.14312440476190477,15.523062261904766,0.0,True,2025-01-17 21:00:00,2025-01-17 23:00:00,2025-01-16 14:00:00
9,42,C039,Medium AC users,3,0.9652916666666667,0.5714285714285714,0.11031904761904761,15.633381309523813,0.0,True,2025-01-17 21:00:00,2025-01-17 23:00:00,2025-01-16 14:00:00
9,43,C003,Low consumers without AC,4,2.8687062500000002,0.8571428571428571,0.49177821428571433,16.125159523809526,0.0,True,2025-01-17 21:00:00,2025-01-17 23:00:00,2025-01-16 14:00:00
9,44,C026,Low consumers without AC,4,2.814848958333333,0.8571428571428571,0.48254553571428566,16.607705059523813,0.0,True,2025-01-17 21:00:00,2025-01-17 23:00:00,2025-01-16 14:00:00
9,45,C006,Low consumers without AC,4,2.5602302083333335,0.0,0.0,16.607705059523813,0.0,True,2025-01-17 21:00:00,2025-01-17 23:00:00,2025-01-16 14:00:00
9,46,C045,Low consumers without AC,4,2.3089145833333333,1.0,0.4617829166666667,17.06948797619048,0.0,True,2025-01-17 21:00:00,2025-01-17 23:00:00,2025-01-16 14:00:00
9,47,C050,Low consumers without AC,4,2.142582291666667,0.7142857142857143,0.30608318452380956,17.37557116071429,0.0,True,2025-01-17 21:00:00,2025-01-17 23:00:00,2025-01-16 14:00:00
9,48,C046,Low consumers without AC,4,1.9201614583333335,0.7142857142857143,0.27430877976190476,17.649879940476197,0.0,True,2025-01-17 21:00:00,2025-01-17 23:00:00,2025-01-16 14:00:00
9,49,C043,Low consumers without AC,4,1.8896437499999998,0.2857142857142857,0.10797964285714284,17.75785958333334,0.0,True,2025-01-17 21:00:00,2025-01-17 23:00:00,2025-01-16 14:00:00
9,50,C018,Low consumers without AC,4,1.7508604166666668,1.0,0.3501720833333334,18.108031666666673,0.0,True,2025-01-17 21:00:00,2025-01-17 23:00:00,2025-01-16 14:00:00
10,1,C022,Large evening-peak households,1,4.4107925,0.7777777777777778,0.6861232777777779,0.6861232777777779,0.0,True,2025-01-20 20:00:00,2025-01-20 22:00:00,2025-01-19 14:00:00
10,2,C015,Large evening-peak households,1,4.3627125,0.5555555555555556,0.4847458333333333,1.1708691111111111,0.0,True,2025-01-20 20:00:00,2025-01-20 22:00:00,2025-01-19 14:00:00
10,3,C029,Large evening-peak households,1,3.7422033333333324,0.6666666666666666,0.4989604444444443,1.6698295555555553,0.0,True,2025-01-20 20:00:00,2025-01-20 22:00:00,2025-01-19 14:00:00
10,4,C021,Large evening-peak households,1,3.7315033333333334,0.7777777777777778,0.5804560740740742,2.2502856296296296,0.0,True,2025-01-20 20:00:00,2025-01-20 22:00:00,2025-01-19 14:00:00
10,5,C016,Large evening-peak households,1,3.731292500000001,0.6666666666666666,0.49750566666666673,2.7477912962962963,0.0,True,2025-01-20 20:00:00,2025-01-20 22:00:00,2025-01-19 14:00:00
10,6,C034,Large evening-peak households,1,3.6349041666666673,0.6666666666666666,0.48465388888888894,3.232445185185185,0.0,True,2025-01-20 20:00:00,2025-01-20 22:00:00,2025-01-19 14:00:00
10,7,C033,Large evening-peak households,1,3.411378333333333,0.8888888888888888,0.6064672592592593,3.8389124444444445,0.0,True,2025-01-20 20:00:00,2025-01-20 22:00:00,2025-01-19 14:00:00
10,8,C023,Large evening-peak households,1,3.3680275,0.4444444444444444,0.2993802222222222,4.138292666666667,0.0,True,2025-01-20 20:00:00,2025-01-20 22:00:00,2025-01-19 14:00:00
10,9,C009,Large evening-peak households,1,3.360081666666667,0.3333333333333333,0.22400544444444448,4.362298111111111,0.0,True,2025-01-20 20:00:00,2025-01-20 22:00:00,2025-01-19 14:00:00
10,10,C010,Large evening-peak households,1,3.137136666666667,0.7777777777777778,0.4879990370370371,4.850297148148148,0.0,True,2025-01-20 20:00:00,2025-01-20 22:00:00,2025-01-19 14:00:00
10,11,C031,Large evening-peak households,1,3.078584166666667,0.4444444444444444,0.27365192592592597,5.1239490740740745,0.0,True,2025-01-20 20:00:00,2025-01-20 22:00:00,2025-01-19 14:00:00
10,12,C007,Large evening-peak households,1,2.9938775000000004,0.4444444444444444,0.2661224444444445,5.390071518518519,0.0,True,2025-01-20 20:00:00,2025-01-20 22:00:00,2025-01-19 14:00:00
10,13,C002,Large evening-peak households,1,2.86556,0.2222222222222222,0.12735822222222223,5.517429740740741,0.0,True,2025-01-20 20:00:00,2025-01-20 22:00:00,2025-01-19 14:00:00
10,14,C013,Large evening-peak households,1,2.8556958333333333,0.7777777777777778,0.44421935185185185,5.961649092592593,0.0,True,2025-01-20 20:00:00,2025-01-20 22:00:00,2025-01-19 14:00:00
10,15,C042,Large evening-peak households,1,2.7493608333333333,0.5555555555555556,0.3054845370370371,6.26713362962963,0.0,True,2025-01-20 20:00:00,2025-01-20 22:00:00,2025-01-19 14:00:00
10,16,C011,Large evening-peak households,1,2.67807,0.5555555555555556,0.29756333333333335,6.564696962962963,0.0,True,2025-01-20 20:00:00,2025-01-20 22:00:00,2025-01-19 14:00:00
10,17,C035,Large evening-peak households,1,2.668986666666666,0.7777777777777778,0.41517570370370366,6.979872666666667,0.0,True,2025-01-20 20:00:00,2025-01-20 22:00:00,2025-01-19 14:00:00
10,18,C027,Large evening-peak households,1,2.3498691666666662,0.7777777777777778,0.3655352037037036,7.345407870370371,0.0,True,2025-01-20 20:00:00,2025-01-20 22:00:00,2025-01-19 14:00:00
10,19,C047,"Daytime-occupied, high base load",2,4.271679166666667,0.7777777777777778,0.664483425925926,8.009891296296297,0.0,True,2025-01-20 20:00:00,2025-01-20 22:00:00,2025-01-19 14:00:00
10,20,C037,"Daytime-occupied, high base load",2,4.130051666666666,0.7777777777777778,0.6424524814814814,8.652343777777778,0.0,True,2025-01-20 20:00:00,2025-01-20 22:00:00,2025-01-19 14:00:00
10,21,C041,"Daytime-occupied, high base load",2,3.710988333333333,0.6666666666666666,0.49479844444444443,9.147142222222223,0.0,True,2025-01-20 20:00:00,2025-01-20 22:00:00,2025-01-19 14:00:00
10,22,C024,"Daytime-occupied, high base load",2,3.6539858333333335,0.5555555555555556,0.40599842592592594,9.55314064814815,0.0,True,2025-01-20 20:00:00,2025-01-20 22:00:00,2025-01-19 14:00:00
10,23,C005,"Daytime-occupied, high base load",2,3.1973425,0.5555555555555556,0.3552602777777778,9.908400925925926,0.0,True,2025-01-20 20:00:00,2025-01-20 22:00:00,2025-01-19 14:00:00
10,24,C044,"Daytime-occupied, high base load",2,3.1822075,0.7777777777777778,0.49501005555555566,10.403410981481482,0.0,True,2025-01-20 20:00:00,2025-01-20 22:00:00,2025-01-19 14:00:00
10,25,C019,"Daytime-occupied, high base load",2,2.726325,0.7777777777777778,0.4240950000000001,10.827505981481481,0.0,True,2025-01-20 20:00:00,2025-01-20 22:00:00,2025-01-19 14:00:00
10,26,C032,Medium AC users,3,2.921291666666667,0.6666666666666666,0.38950555555555555,11.217011537037036,0.0,True,2025-01-20 20:00:00,2025-01-20 22:00:00,2025-01-19 14:00:00
10,27,C048,Medium AC users,3,2.7356516666666666,1.0,0.5471303333333334,11.76414187037037,0.0,True,2025-01-20 20:00:00,2025-01-20 22:00:00,2025-01-19 14:00:00
10,28,C001,Medium AC users,3,2.2980149999999995,0.7777777777777778,0.3574689999999999,12.12161087037037,0.0,True,2025-01-20 20:00:00,2025-01-20 22:00:00,2025-01-19 14:00:00
10,29,C020,Medium AC users,3,2.2433066666666663,0.5555555555555556,0.24925629629629628,12.370867166666667,0.0,True,2025-01-20 20:00:00,2025-01-20 22:00:00,2025-01-19 14:00:00
10,30,C049,Medium AC users,3,2.156833333333333,0.8888888888888888,0.383437037037037,12.754304203703704,0.0,True,2025-01-20 20:00:00,2025-01-20 22:00:00,2025-01-19 14:00:00
10,31,C012,Medium AC users,3,2.144035,0.5555555555555556,0.23822611111111114,12.992530314814815,0.0,True,2025-01-20 20:00:00,2025-01-20 22:00:00,2025-01-19 14:00:00
10,32,C036,Medium AC users,3,1.927444166666667,0.2222222222222222,0.0856641851851852,13.0781945,0.0,True,2025-01-20 20:00:00,2025-01-20 22:00:00,2025-01-19 14:00:00
10,33,C028,Medium AC users,3,1.8529458333333335,0.4444444444444444,0.1647062962962963,13.242900796296297,0.0,True,2025-01-20 20:00:00,2025-01-20 22:00:00,2025-01-19 14:00:00
10,34,C014,Medium AC users,3,1.7671083333333333,0.5555555555555556,0.19634537037037036,13.439246166666667,0.0,True,2025-01-20 20:00:00,2025-01-20 22:00:00,2025-01-19 14:00:00
10,35,C030,Medium AC users,3,1.7668499999999998,0.5555555555555556,0.19631666666666667,13.635562833333333,0.0,True,2025-01-20 20:00:00,2025-01-20 22:00:00,2025-01-19 14:00:00
10,36,C004,Medium AC users,3,1.6748574999999999,0.4444444444444444,0.14887622222222222,13.784439055555556,0.0,True,2025-01-20 20:00:00,2025-01-20 22:00:00,2025-01-19 14:00:00
10,37,C008,Medium AC users,3,1.65298,0.6666666666666666,0.2203973333333333,14.004836388888888,0.0,True,2025-01-20 20:00:00,2025-01-20 22:00:00,2025-01-19 14:00:00
10,38,C040,Medium AC users,3,1.6355416666666667,0.5555555555555556,0.1817268518518519,14.18656324074074,0.0,True,2025-01-20 20:00:00,2025-01-20 22:00:00,2025-01-19 14:00:00
10,39,C017,Medium AC users,3,1.625364166666667,0.6666666666666666,0.21671522222222228,14.403278462962962,0.0,True,2025-01-20 20:00:00,2025-01-20 22:00:00,2025-01-19 14:00:00
10,40,C039,Medium AC users,3,1.086863333333333,0.6666666666666666,0.14491511111111108,14.548193574074073,0.0,True,2025-01-20 20:00:00,2025-01-20 22:00:00,2025-01-19 14:00:00
10,41,C038,Medium AC users,3,0.9330416666666667,0.3333333333333333,0.062202777777777774,14.61039635185185,0.0,True,2025-01-20 20:00:00,2025-01-20 22:00:00,2025-01-19 14:00:00
10,42,C025,Medium AC users,3,0.7891691666666667,0.6666666666666666,0.10522255555555556,14.715618907407405,0.0,True,2025-01-20 20:00:00,2025-01-20 22:00:00,2025-01-19 14:00:00
10,43,C026,Low consumers without AC,4,2.6921166666666667,0.8888888888888888,0.4785985185185185,15.194217425925924,0.0,True,2025-01-20 20:00:00,2025-01-20 22:00:00,2025-01-19 14:00:00
10,44,C003,Low consumers without AC,4,2.5251899999999994,0.7777777777777778,0.3928073333333333,15.587024759259258,0.0,True,2025-01-20 20:00:00,2025-01-20 22:00:00,2025-01-19 14:00:00
10,45,C006,Low consumers without AC,4,2.358034166666667,0.0,0.0,15.587024759259258,0.0,True,2025-01-20 20:00:00,2025-01-20 22:00:00,2025-01-19 14:00:00
10,46,C045,Low consumers without AC,4,2.0754916666666667,1.0,0.41509833333333335,16.00212309259259,0.0,True,2025-01-20 20:00:00,2025-01-20 22:00:00,2025-01-19 14:00:00
10,47,C050,Low consumers without AC,4,1.8666816666666666,0.6666666666666666,0.24889088888888888,16.251013981481478,0.0,True,2025-01-20 20:00:00,2025-01-20 22:00:00,2025-01-19 14:00:00
10,48,C043,Low consumers without AC,4,1.7480000000000004,0.4444444444444444,0.15537777777777784,16.406391759259257,0.0,True,2025-01-20 20:00:00,2025-01-20 22:00:00,2025-01-19 14:00:00
10,49,C046,Low consumers without AC,4,1.6141183333333333,0.6666666666666666,0.21521577777777778,16.621607537037036,0.0,True,2025-01-20 20:00:00,2025-01-20 22:00:00,2025-01-19 14:00:00
10,50,C018,Low consumers without AC,4,1.4715683333333334,1.0,0.2943136666666667,16.915921203703704,0.0,True,2025-01-20 20:00:00,2025-01-20 22:00:00,2025-01-19 14:00:00
11,1,C022,Large evening-peak households,1,3.3220841666666665,0.7777777777777778,0.5167686481481482,0.5167686481481482,0.0,True,2025-01-21 18:00:00,2025-01-21 20:00:00,2025-01-20 14:00:00
11,2,C021,Large evening-peak households,1,3.1809183333333335,0.7777777777777778,0.4948095185185186,1.0115781666666668,0.0,True,2025-01-21 18:00:00,2025-01-21 20:00:00,2025-01-20 14:00:00
11,3,C033,Large evening-peak households,1,3.0399033333333336,0.8888888888888888,0.5404272592592593,1.552005425925926,0.0,True,2025-01-21 18:00:00,2025-01-21 20:00:00,2025-01-20 14:00:00
11,4,C015,Large evening-peak households,1,3.0369325,0.5555555555555556,0.3374369444444445,1.8894423703703704,0.0,True,2025-01-21 18:00:00,2025-01-21 20:00:00,2025-01-20 14:00:00
11,5,C009,Large evening-peak households,1,2.912286666666667,0.3333333333333333,0.19415244444444446,2.083594814814815,0.0,True,2025-01-21 18:00:00,2025-01-21 20:00:00,2025-01-20 14:00:00
11,6,C029,Large evening-peak households,1,2.7548358333333334,0.6666666666666666,0.36731144444444447,2.450906259259259,0.0,True,2025-01-21 18:00:00,2025-01-21 20:00:00,2025-01-20 14:00:00
11,7,C002,Large evening-peak households,1,2.689158333333333,0.2222222222222222,0.11951814814814812,2.5704244074074074,0.0,True,2025-01-21 18:00:00,2025-01-21 20:00:00,2025-01-20 14:00:00
11,8,C010,Large evening-peak households,1,2.6772066666666663,0.7777777777777778,0.41645437037037036,2.9868787777777777,0.0,True,2025-01-21 18:00:00,2025-01-21 20:00:00,2025-01-20 14:00:00
11,9,C016,Large evening-peak households,1,2.672728333333333,0.6666666666666666,0.3563637777777777,3.3432425555555554,0.0,True,2025-01-21 18:00:00,2025-01-21 20:00:00,2025-01-20 14:00:00
11,10,C013,Large evening-peak households,1,2.6700299999999997,0.7777777777777778,0.415338,3.7585805555555556,0.0,True,2025-01-21 18:00:00,2025-01-21 20:00:00,2025-01-20 14:00:00
11,11,C031,Large evening-peak households,1,2.639256666666667,0.4444444444444444,0.2346005925925926,3.9931811481481483,0.0,True,2025-01-21 18:00:00,2025-01-21 20:00:00,2025-01-20 14:00:00
11,12,C042,Large evening-peak households,1,2.4834325,0.5555555555555556,0.2759369444444445,4.269118092592593,0.0,True,2025-01-21 18:00:00,2025-01-21 20:00:00,2025-01-20 14:00:00
11,13,C034,Large evening-peak households,1,2.424515,0.6666666666666666,0.32326866666666665,4.592386759259259,0.0,True,2025-01-21 18:00:00,2025-01-21 20:00:00,2025-01-20 14:00:00
11,14,C007,Large evening-peak households,1,2.413935,0.4444444444444444,0.21457199999999998,4.80695875925926,0.0,True,2025-01-21 18:00:00,2025-01-21 20:00:00,2025-01-20 14:00:00
11,15,C035,Large evening-peak households,1,2.3548083333333336,0.7777777777777778,0.3663035185185186,5.173262277777779,0.0,True,2025-01-21 18:00:00,2025-01-21 20:00:00,2025-01-20 14:00:00
11,16,C011,Large evening-peak households,1,2.352543333333333,0.5555555555555556,0.2613937037037037,5.434655981481482,0.0,True,2025-01-21 18:00:00,2025-01-21 20:00:00,2025-01-20 14:00:00
11,17,C023,Large evening-peak households,1,2.350445833333333,0.4444444444444444,0.20892851851851849,5.6435845,0.0,True,2025-01-21 18:00:00,2025-01-21 20:00:00,2025-01-20 14:00:00
11,18,C027,Large evening-peak households,1,2.1493966666666666,0.7777777777777778,0.33435059259259264,5.977935092592593,0.0,True,2025-01-21 18:00:00,2025-01-21 20:00:00,2025-01-20 14:00:00
11,19,C041,"Daytime-occupied, high base load",2,3.5838766666666664,0.6666666666666666,0.4778502222222222,6.455785314814815,0.0,True,2025-01-21 18:00:00,2025-01-21 20:00:00,2025-01-20 14:00:00
11,20,C005,"Daytime-occupied, high base load",2,3.4547475,0.5555555555555556,0.3838608333333333,6.839646148148148,0.0,True,2025-01-21 18:00:00,2025-01-21 20:00:00,2025-01-20 14:00:00
11,21,C047,"Daytime-occupied, high base load",2,3.34381,0.7777777777777778,0.5201482222222222,7.35979437037037,0.0,True,2025-01-21 18:00:00,2025-01-21 20:00:00,2025-01-20 14:00:00
11,22,C037,"Daytime-occupied, high base load",2,3.1803791666666665,0.7777777777777778,0.4947256481481482,7.854520018518518,0.0,True,2025-01-21 18:00:00,2025-01-21 20:00:00,2025-01-20 14:00:00
11,23,C044,"Daytime-occupied, high base load",2,3.1388783333333334,0.7777777777777778,0.488269962962963,8.34278998148148,0.0,True,2025-01-21 18:00:00,2025-01-21 20:00:00,2025-01-20 14:00:00
11,24,C024,"Daytime-occupied, high base load",2,3.0680258333333335,0.5555555555555556,0.3408917592592593,8.68368174074074,0.0,True,2025-01-21 18:00:00,2025-01-21 20:00:00,2025-01-20 14:00:00
11,25,C019,"Daytime-occupied, high base load",2,2.015178333333333,0.7777777777777778,0.31347218518518516,8.997153925925925,0.0,True,2025-01-21 18:00:00,2025-01-21 20:00:00,2025-01-20 14:00:00
11,26,C032,Medium AC users,3,2.618244166666667,0.6666666666666666,0.3490992222222222,9.346253148148147,0.0,True,2025-01-21 18:00:00,2025-01-21 20:00:00,2025-01-20 14:00:00
11,27,C048,Medium AC users,3,2.4771241666666666,1.0,0.4954248333333333,9.84167798148148,0.0,True,2025-01-21 18:00:00,2025-01-21 20:00:00,2025-01-20 14:00:00
11,28,C028,Medium AC users,3,2.4376283333333335,0.4444444444444444,0.2166780740740741,10.058356055555555,0.0,True,2025-01-21 18:00:00,2025-01-21 20:00:00,2025-01-20 14:00:00
11,29,C001,Medium AC users,3,1.9779841666666667,0.7777777777777778,0.307686425925926,10.36604248148148,0.0,True,2025-01-21 18:00:00,2025-01-21 20:00:00,2025-01-20 14:00:00
11,30,C020,Medium AC users,3,1.9503149999999998,0.5555555555555556,0.21670166666666668,10.582744148148148,0.0,True,2025-01-21 18:00:00,2025-01-21 20:00:00,2025-01-20 14:00:00
11,31,C049,Medium AC users,3,1.9321775000000003,0.8888888888888888,0.34349822222222226,10.926242370370371,0.0,True,2025-01-21 18:00:00,2025-01-21 20:00:00,2025-01-20 14:00:00
11,32,C030,Medium AC users,3,1.9279766666666664,0.5555555555555556,0.21421962962962962,11.140462000000001,0.0,True,2025-01-21 18:00:00,2025-01-21 20:00:00,2025-01-20 14:00:00
11,33,C036,Medium AC users,3,1.775421666666667,0.2222222222222222,0.07890762962962965,11.21936962962963,0.0,True,2025-01-21 18:00:00,2025-01-21 20:00:00,2025-01-20 14:00:00
11,34,C017,Medium AC users,3,1.7628100000000004,0.6666666666666666,0.2350413333333334,11.454410962962964,0.0,True,2025-01-21 18:00:00,2025-01-21 20:00:00,2025-01-20 14:00:00
11,35,C040,Medium AC users,3,1.7287683333333335,0.5555555555555556,0.1920853703703704,11.646496333333333,0.0,True,2025-01-21 18:00:00,2025-01-21 20:00:00,2025-01-20 14:00:00
11,36,C004,Medium AC users,3,1.5794733333333335,0.4444444444444444,0.14039762962962962,11.786893962962964,0.0,True,2025-01-21 18:00:00,2025-01-21 20:00:00,2025-01-20 14:00:00
11,37,C039,Medium AC users,3,1.404875,0.6666666666666666,0.1873166666666667,11.97421062962963,0.0,True,2025-01-21 18:00:00,2025-01-21 20:00:00,2025-01-20 14:00:00
11,38,C014,Medium AC users,3,1.2384608333333333,0.5555555555555556,0.13760675925925928,12.11181738888889,0.0,True,2025-01-21 18:00:00,2025-01-21 20:00:00,2025-01-20 14:00:00
11,39,C008,Medium AC users,3,1.2055275,0.6666666666666666,0.16073700000000002,12.272554388888889,0.0,True,2025-01-21 18:00:00,2025-01-21 20:00:00,2025-01-20 14:00:00
11,40,C025,Medium AC users,3,0.9278708333333334,0.6666666666666666,0.12371611111111112,12.3962705,0.0,True,2025-01-21 18:00:00,2025-01-21 20:00:00,2025-01-20 14:00:00
11,41,C038,Medium AC users,3,0.9208658333333333,0.3333333333333333,0.06139105555555555,12.457661555555555,0.0,True,2025-01-21 18:00:00,2025-01-21 20:00:00,2025-01-20 14:00:00
11,42,C012,Medium AC users,3,0.9099033333333335,0.5555555555555556,0.1011003703703704,12.558761925925925,0.0,True,2025-01-21 18:00:00,2025-01-21 20:00:00,2025-01-20 14:00:00
11,43,C026,Low consumers without AC,4,2.3739383333333333,0.8888888888888888,0.42203348148148145,12.980795407407406,0.0,True,2025-01-21 18:00:00,2025-01-21 20:00:00,2025-01-20 14:00:00
11,44,C045,Low consumers without AC,4,2.004366666666667,1.0,0.4008733333333334,13.38166874074074,0.0,True,2025-01-21 18:00:00,2025-01-21 20:00:00,2025-01-20 14:00:00
11,45,C043,Low consumers without AC,4,1.808419166666667,0.4444444444444444,0.16074837037037037,13.54241711111111,0.0,True,2025-01-21 18:00:00,2025-01-21 20:00:00,2025-01-20 14:00:00
11,46,C003,Low consumers without AC,4,1.7967816666666667,0.7777777777777778,0.2794993703703704,13.82191648148148,0.0,True,2025-01-21 18:00:00,2025-01-21 20:00:00,2025-01-20 14:00:00
11,47,C018,Low consumers without AC,4,1.4668733333333335,1.0,0.29337466666666673,14.115291148148147,0.0,True,2025-01-21 18:00:00,2025-01-21 20:00:00,2025-01-20 14:00:00
11,48,C050,Low consumers without AC,4,1.3702533333333333,0.6666666666666666,0.18270044444444444,14.297991592592592,0.0,True,2025-01-21 18:00:00,2025-01-21 20:00:00,2025-01-20 14:00:00
11,49,C006,Low consumers without AC,4,1.0516466666666666,0.0,0.0,14.297991592592592,0.0,True,2025-01-21 18:00:00,2025-01-21 20:00:00,2025-01-20 14:00:00
11,50,C046,Low consumers without AC,4,0.9604841666666666,0.6666666666666666,0.12806455555555554,14.426056148148147,0.0,True,2025-01-21 18:00:00,2025-01-21 20:00:00,2025-01-20 14:00:00
12,1,C021,Large evening-peak households,1,4.987110833333334,0.7,0.6981955166666668,0.6981955166666668,0.03683333333333323,True,2025-01-22 21:00:00,2025-01-22 23:00:00,2025-01-21 14:00:00
12,2,C015,Large evening-peak households,1,4.892756666666666,0.5,0.48927566666666666,1.1874711833333333,0.03683333333333323,True,2025-01-22 21:00:00,2025-01-22 23:00:00,2025-01-21 14:00:00
12,3,C022,Large evening-peak households,1,4.692964999999999,0.8,0.7508743999999999,1.9383455833333332,0.03683333333333323,True,2025-01-22 21:00:00,2025-01-22 23:00:00,2025-01-21 14:00:00
12,4,C029,Large evening-peak households,1,3.9111233333333333,0.6,0.46933479999999994,2.407680383333333,0.03683333333333323,True,2025-01-22 21:00:00,2025-01-22 23:00:00,2025-01-21 14:00:00
12,5,C016,Large evening-peak households,1,3.8938824999999992,0.6,0.4672658999999999,2.8749462833333332,0.03683333333333323,True,2025-01-22 21:00:00,2025-01-22 23:00:00,2025-01-21 14:00:00
12,6,C033,Large evening-peak households,1,3.7505200000000003,0.8,0.6000832000000001,3.4750294833333335,0.03683333333333323,True,2025-01-22 21:00:00,2025-01-22 23:00:00,2025-01-21 14:00:00
12,7,C023,Large evening-peak households,1,3.6502375000000002,0.5,0.36502375000000004,3.8400532333333337,0.03683333333333323,True,2025-01-22 21:00:00,2025-01-22 23:00:00,2025-01-21 14:00:00
12,8,C034,Large evening-peak households,1,3.593185833333334,0.7,0.5030460166666667,4.343099250000001,0.03683333333333323,True,2025-01-22 21:00:00,2025-01-22 23:00:00,2025-01-21 14:00:00
12,9,C007,Large evening-peak households,1,3.4759841666666667,0.4,0.2780787333333334,4.621177983333334,0.03683333333333323,True,2025-01-22 21:00:00,2025-01-22 23:00:00,2025-01-21 14:00:00
12,10,C010,Large evening-peak households,1,3.3383575000000008,0.8,0.5341372000000002,5.155315183333334,0.03683333333333323,True,2025-01-22 21:00:00,2025-01-22 23:00:00,2025-01-21 14:00:00
12,11,C031,Large evening-peak households,1,3.3275241666666675,0.4,0.2662019333333334,5.421517116666667,0.03683333333333323,True,2025-01-22 21:00:00,2025-01-22 23:00:00,2025-01-21 14:00:00
12,12,C009,Large evening-peak households,1,3.2736066666666668,0.3,0.19641640000000002,5.6179335166666675,0.03683333333333323,True,2025-01-22 21:00:00,2025-01-22 23:00:00,2025-01-21 14:00:00
12,13,C011,Large evening-peak households,1,3.106608333333333,0.5,0.31066083333333333,5.928594350000001,0.03683333333333323,True,2025-01-22 21:00:00,2025-01-22 23:00:00,2025-01-21 14:00:00
12,14,C035,Large evening-peak households,1,2.9899225,0.8,0.4783876,6.4069819500000005,0.03683333333333323,True,2025-01-22 21:00:00,2025-01-22 23:00:00,2025-01-21 14:00:00
12,15,C042,Large evening-peak households,1,2.9843416666666664,0.6,0.35812099999999997,6.76510295,0.03683333333333323,True,2025-01-22 21:00:00,2025-01-22 23:00:00,2025-01-21 14:00:00
12,16,C002,Large evening-peak households,1,2.900091666666667,0.2,0.11600366666666669,6.881106616666667,0.03683333333333323,True,2025-01-22 21:00:00,2025-01-22 23:00:00,2025-01-21 14:00:00
12,17,C013,Large evening-peak households,1,2.827275,0.7,0.3958185,7.276925116666667,0.03683333333333323,True,2025-01-22 21:00:00,2025-01-22 23:00:00,2025-01-21 14:00:00
12,18,C027,Large evening-peak households,1,2.603276666666667,0.7,0.36445873333333334,7.64138385,0.03683333333333323,True,2025-01-22 21:00:00,2025-01-22 23:00:00,2025-01-21 14:00:00
12,19,C047,"Daytime-occupied, high base load",2,4.439573333333334,0.8,0.7103317333333334,8.351715583333334,0.03683333333333323,True,2025-01-22 21:00:00,2025-01-22 23:00:00,2025-01-21 14:00:00
12,20,C037,"Daytime-occupied, high base load",2,4.019660833333334,0.8,0.6431457333333335,8.994861316666668,0.03683333333333323,True,2025-01-22 21:00:00,2025-01-22 23:00:00,2025-01-21 14:00:00
12,21,C024,"Daytime-occupied, high base load",2,3.831818333333333,0.6,0.45981819999999995,9.454679516666669,0.03683333333333323,True,2025-01-22 21:00:00,2025-01-22 23:00:00,2025-01-21 14:00:00
12,22,C044,"Daytime-occupied, high base load",2,3.7287325000000004,0.8,0.5965972,10.051276716666669,0.03683333333333323,True,2025-01-22 21:00:00,2025-01-22 23:00:00,2025-01-21 14:00:00
12,23,C041,"Daytime-occupied, high base load",2,3.672801666666666,0.6,0.4407361999999999,10.492012916666669,0.03683333333333323,True,2025-01-22 21:00:00,2025-01-22 23:00:00,2025-01-21 14:00:00
12,24,C005,"Daytime-occupied, high base load",2,3.4538975,0.5,0.34538975000000005,10.83740266666667,0.03683333333333323,True,2025-01-22 21:00:00,2025-01-22 23:00:00,2025-01-21 14:00:00
12,25,C019,"Daytime-occupied, high base load",2,2.9950016666666666,0.8,0.4792002666666667,11.316602933333336,0.03683333333333323,True,2025-01-22 21:00:00,2025-01-22 23:00:00,2025-01-21 14:00:00
12,26,C048,Medium AC users,3,3.1075341666666665,0.9,0.55935615,11.875959083333335,0.03683333333333323,True,2025-01-22 21:00:00,2025-01-22 23:00:00,2025-01-21 14:00:00
12,27,C032,Medium AC users,3,2.955186666666667,0.7,0.4137261333333334,12.289685216666669,0.03683333333333323,True,2025-01-22 21:00:00,2025-01-22 23:00:00,2025-01-21 14:00:00
12,28,C020,Medium AC users,3,2.8247666666666666,0.6,0.33897200000000005,12.628657216666669,0.03683333333333323,True,2025-01-22 21:00:00,2025-01-22 23:00:00,2025-01-21 14:00:00
12,29,C001,Medium AC users,3,2.8126491666666666,0.7,0.3937708833333333,13.022428100000003,0.03683333333333323,True,2025-01-22 21:00:00,2025-01-22 23:00:00,2025-01-21 14:00:00
12,30,C036,Medium AC users,3,2.702495833333333,0.2,0.10809983333333334,13.130527933333337,0.03683333333333323,True,2025-01-22 21:00:00,2025-01-22 23:00:00,2025-01-21 14:00:00
12,31,C049,Medium AC users,3,2.479429166666667,0.9,0.44629725000000003,13.576825183333337,0.03683333333333323,True,2025-01-22 21:00:00,2025-01-22 23:00:00,2025-01-21 14:00:00
12,32,C028,Medium AC users,3,2.367156666666667,0.5,0.23671566666666669,13.813540850000004,0.03683333333333323,True,2025-01-22 21:00:00,2025-01-22 23:00:00,2025-01-21 14:00:00
12,33,C040,Medium AC users,3,2.3356741666666667,0.6,0.2802809,14.093821750000004,0.03683333333333323,True,2025-01-22 21:00:00,2025-01-22 23:00:00,2025-01-21 14:00:00
12,34,C017,Medium AC users,3,2.2817958333333332,0.7,0.31945141666666665,14.41327316666667,0.03683333333333323,True,2025-01-22 21:00:00,2025-01-22 23:00:00,2025-01-21 14:00:00
12,35,C030,Medium AC users,3,2.1513199999999997,0.6,0.25815839999999995,14.67143156666667,0.03683333333333323,True,2025-01-22 21:00:00,2025-01-22 23:00:00,2025-01-21 14:00:00
12,36,C012,Medium AC users,3,2.110261666666667,0.6,0.25323140000000005,14.92466296666667,0.03683333333333323,True,2025-01-22 21:00:00,2025-01-22 23:00:00,2025-01-21 14:00:00
12,37,C004,Medium AC users,3,2.0924441666666667,0.4,0.16739553333333335,15.092058500000004,0.03683333333333323,True,2025-01-22 21:00:00,2025-01-22 23:00:00,2025-01-21 14:00:00
12,38,C014,Medium AC users,3,1.9742408333333334,0.5,0.19742408333333336,15.289482583333337,0.03683333333333323,True,2025-01-22 21:00:00,2025-01-22 23:00:00,2025-01-21 14:00:00
12,39,C008,Medium AC users,3,1.789705,0.7,0.25055869999999997,15.540041283333336,0.03683333333333323,True,2025-01-22 21:00:00,2025-01-22 23:00:00,2025-01-21 14:00:00
12,40,C039,Medium AC users,3,1.535836666666667,0.6,0.18430040000000003,15.724341683333336,0.03683333333333323,True,2025-01-22 21:00:00,2025-01-22 23:00:00,2025-01-21 14:00:00
12,41,C038,Medium AC users,3,1.0375741666666667,0.3,0.062254449999999996,15.786596133333335,0.03683333333333323,True,2025-01-22 21:00:00,2025-01-22 23:00:00,2025-01-21 14:00:00
12,42,C025,Medium AC users,3,0.9655983333333333,0.7,0.13518376666666665,15.9217799,0.03683333333333323,True,2025-01-22 21:00:00,2025-01-22 23:00:00,2025-01-21 14:00:00
12,43,C026,Low consumers without AC,4,3.5433933333333334,0.9,0.6378108,16.5595907,0.03683333333333323,True,2025-01-22 21:00:00,2025-01-22 23:00:00,2025-01-21 14:00:00
12,44,C045,Low consumers without AC,4,2.3523608333333335,1.0,0.4704721666666667,17.03006286666667,0.03683333333333323,True,2025-01-22 21:00:00,2025-01-22 23:00:00,2025-01-21 14:00:00
12,45,C003,Low consumers without AC,4,2.3233266666666665,0.8,0.3717322666666667,17.401795133333334,0.03683333333333323,True,2025-01-22 21:00:00,2025-01-22 23:00:00,2025-01-21 14:00:00
12,46,C006,Low consumers without AC,4,2.2523541666666667,0.1,0.04504708333333334,17.446842216666667,0.03683333333333323,True,2025-01-22 21:00:00,2025-01-22 23:00:00,2025-01-21 14:00:00
12,47,C050,Low consumers without AC,4,2.1721491666666664,0.6,0.26065789999999994,17.707500116666665,0.03683333333333323,True,2025-01-22 21:00:00,2025-01-22 23:00:00,2025-01-21 14:00:00
12,48,C046,Low consumers without AC,4,1.9036575,0.7,0.26651205,17.974012166666665,0.03683333333333323,True,2025-01-22 21:00:00,2025-01-22 23:00:00,2025-01-21 14:00:00
12,49,C043,Low consumers without AC,4,1.8891216666666668,0.5,0.1889121666666667,18.162924333333333,0.03683333333333323,True,2025-01-22 21:00:00,2025-01-22 23:00:00,2025-01-21 14:00:00
12,50,C018,Low consumers without AC,4,1.5278383333333332,1.0,0.3055676666666667,18.468491999999998,0.03683333333333323,True,2025-01-22 21:00:00,2025-01-22 23:00:00,2025-01-21 14:00:00
13,1,C021,Large evening-peak households,1,3.648668181818182,0.75,0.5473002272727273,0.5473002272727273,0.0,True,2025-01-24 22:00:00,2025-01-25 00:00:00,2025-01-23 14:00:00
13,2,C022,Large evening-peak households,1,3.2344545454545455,0.8333333333333334,0.5390757575757575,1.0863759848484849,0.0,True,2025-01-24 22:00:00,2025-01-25 00:00:00,2025-01-23 14:00:00
13,3,C015,Large evening-peak households,1,3.0701303030303033,0.5833333333333334,0.35818186868686874,1.4445578535353536,0.0,True,2025-01-24 22:00:00,2025-01-25 00:00:00,2025-01-23 14:00:00
13,4,C029,Large evening-peak households,1,2.924434848484849,0.5833333333333334,0.3411840656565657,1.7857419191919193,0.0,True,2025-01-24 22:00:00,2025-01-25 00:00:00,2025-01-23 14:00:00
13,5,C016,Large evening-peak households,1,2.9185886363636357,0.5833333333333334,0.34050200757575755,2.126243926767677,0.0,True,2025-01-24 22:00:00,2025-01-25 00:00:00,2025-01-23 14:00:00
13,6,C010,Large evening-peak households,1,2.814023484848485,0.75,0.42210352272727275,2.54834744949495,0.0,True,2025-01-24 22:00:00,2025-01-25 00:00:00,2025-01-23 14:00:00
13,7,C007,Large evening-peak households,1,2.695087878787879,0.4166666666666667,0.22459065656565658,2.7729381060606064,0.0,True,2025-01-24 22:00:00,2025-01-25 00:00:00,2025-01-23 14:00:00
13,8,C023,Large evening-peak households,1,2.591259090909091,0.4166666666666667,0.21593825757575758,2.988876363636364,0.0,True,2025-01-24 22:00:00,2025-01-25 00:00:00,2025-01-23 14:00:00
13,9,C034,Large evening-peak households,1,2.5894454545454546,0.6666666666666666,0.345259393939394,3.334135757575758,0.0,True,2025-01-24 22:00:00,2025-01-25 00:00:00,2025-01-23 14:00:00
13,10,C033,Large evening-peak households,1,2.5455666666666668,0.6666666666666666,0.33940888888888887,3.673544646464647,0.0,True,2025-01-24 22:00:00,2025-01-25 00:00:00,2025-01-23 14:00:00
13,11,C013,Large evening-peak households,1,2.5379136363636365,0.6666666666666666,0.3383884848484849,4.011933131313132,0.0,True,2025-01-24 22:00:00,2025-01-25 00:00:00,2025-01-23 14:00:00
13,12,C031,Large evening-peak households,1,2.463428787878788,0.5,0.2463428787878788,4.258276010101011,0.0,True,2025-01-24 22:00:00,2025-01-25 00:00:00,2025-01-23 14:00:00
13,13,C009,Large evening-peak households,1,2.3674257575757576,0.4166666666666667,0.19728547979797983,4.455561489898991,0.0,True,2025-01-24 22:00:00,2025-01-25 00:00:00,2025-01-23 14:00:00
13,14,C042,Large evening-peak households,1,2.2852765151515153,0.5833333333333334,0.2666155934343435,4.722177083333334,0.0,True,2025-01-24 22:00:00,2025-01-25 00:00:00,2025-01-23 14:00:00
13,15,C011,Large evening-peak households,1,2.1396590909090913,0.5,0.21396590909090915,4.9361429924242435,0.0,True,2025-01-24 22:00:00,2025-01-25 00:00:00,2025-01-23 14:00:00
13,16,C035,Large evening-peak households,1,2.081007575757576,0.8333333333333334,0.346834595959596,5.282977588383839,0.0,True,2025-01-24 22:00:00,2025-01-25 00:00:00,2025-01-23 14:00:00
13,17,C027,Large evening-peak households,1,2.0538712121212126,0.6666666666666666,0.273849494949495,5.556827083333334,0.0,True,2025-01-24 22:00:00,2025-01-25 00:00:00,2025-01-23 14:00:00
13,18,C002,Large evening-peak households,1,1.8756545454545455,0.3333333333333333,0.12504363636363636,5.68187071969697,0.0,True,2025-01-24 22:00:00,2025-01-25 00:00:00,2025-01-23 14:00:00
13,19,C047,"Daytime-occupied, high base load",2,3.239059848484849,0.75,0.48585897727272737,6.1677296969696975,0.0,True,2025-01-24 22:00:00,2025-01-25 00:00:00,2025-01-23 14:00:00
13,20,C044,"Daytime-occupied, high base load",2,3.1401856060606064,0.75,0.47102784090909094,6.638757537878789,0.0,True,2025-01-24 22:00:00,2025-01-25 00:00:00,2025-01-23 14:00:00
13,21,C041,"Daytime-occupied, high base load",2,2.8283636363636364,0.5833333333333334,0.3299757575757576,6.9687332954545465,0.0,True,2025-01-24 22:00:00,2025-01-25 00:00:00,2025-01-23 14:00:00
13,22,C037,"Daytime-occupied, high base load",2,2.674655303030303,0.8333333333333334,0.4457758838383839,7.4145091792929305,0.0,True,2025-01-24 22:00:00,2025-01-25 00:00:00,2025-01-23 14:00:00
13,23,C005,"Daytime-occupied, high base load",2,2.6149674242424243,0.5,0.2614967424242424,7.676005921717173,0.0,True,2025-01-24 22:00:00,2025-01-25 00:00:00,2025-01-23 14:00:00
13,24,C024,"Daytime-occupied, high base load",2,2.450084090909091,0.5,0.2450084090909091,7.921014330808082,0.0,True,2025-01-24 22:00:00,2025-01-25 00:00:00,2025-01-23 14:00:00
13,25,C019,"Daytime-occupied, high base load",2,2.211267424242424,0.75,0.3316901136363637,8.252704444444445,0.0,True,2025-01-24 22:00:00,2025-01-25 00:00:00,2025-01-23 14:00:00
13,26,C036,Medium AC users,3,2.6341636363636365,0.25,0.13170818181818184,8.384412626262627,0.0,True,2025-01-24 22:00:00,2025-01-25 00:00:00,2025-01-23 14:00:00
13,27,C001,Medium AC users,3,2.6093795454545456,0.6666666666666666,0.3479172727272728,8.7323298989899,0.0,True,2025-01-24 22:00:00,2025-01-25 00:00:00,2025-01-23 14:00:00
13,28,C032,Medium AC users,3,2.5489242424242424,0.75,0.3823386363636364,9.114668535353536,0.0,True,2025-01-24 22:00:00,2025-01-25 00:00:00,2025-01-23 14:00:00
13,29,C048,Medium AC users,3,2.4818189393939396,0.9166666666666666,0.4550001388888889,9.569668674242426,0.0,True,2025-01-24 22:00:00,2025-01-25 00:00:00,2025-01-23 14:00:00
13,30,C020,Medium AC users,3,2.396101515151515,0.5,0.23961015151515153,9.809278825757577,0.0,True,2025-01-24 22:00:00,2025-01-25 00:00:00,2025-01-23 14:00:00
13,31,C028,Medium AC users,3,2.3497257575757575,0.5833333333333334,0.2741346717171717,10.083413497474748,0.0,True,2025-01-24 22:00:00,2025-01-25 00:00:00,2025-01-23 14:00:00
13,32,C049,Medium AC users,3,2.135845454545454,0.8333333333333334,0.35597424242424236,10.43938773989899,0.0,True,2025-01-24 22:00:00,2025-01-25 00:00:00,2025-01-23 14:00:00
13,33,C017,Medium AC users,3,2.0982386363636363,0.75,0.3147357954545455,10.754123535353536,0.0,True,2025-01-24 22:00:00,2025-01-25 00:00:00,2025-01-23 14:00:00
13,34,C040,Medium AC users,3,1.9753916666666667,0.5,0.19753916666666668,10.951662702020203,0.0,True,2025-01-24 22:00:00,2025-01-25 00:00:00,2025-01-23 14:00:00
13,35,C030,Medium AC users,3,1.7422325757575756,0.5833333333333334,0.2032604671717172,11.15492316919192,0.0,True,2025-01-24 22:00:00,2025-01-25 00:00:00,2025-01-23 14:00:00
13,36,C004,Medium AC users,3,1.6968310606060606,0.5,0.16968310606060608,11.324606275252526,0.0,True,2025-01-24 22:00:00,2025-01-25 00:00:00,2025-01-23 14:00:00
13,37,C014,Medium AC users,3,1.6883030303030304,0.5833333333333334,0.1969686868686869,11.521574962121212,0.0,True,2025-01-24 22:00:00,2025-01-25 00:00:00,2025-01-23 14:00:00
13,38,C008,Medium AC users,3,1.5072545454545454,0.75,0.22608818181818183,11.747663143939395,0.0,True,2025-01-24 22:00:00,2025-01-25 00:00:00,2025-01-23 14:00:00
13,39,C039,Medium AC users,3,1.4404818181818182,0.6666666666666666,0.19206424242424244,11.939727386363638,0.0,True,2025-01-24 22:00:00,2025-01-25 00:00:00,2025-01-23 14:00:00
13,40,C012,Medium AC users,3,1.156260606060606,0.5833333333333334,0.13489707070707072,12.074624457070708,0.0,True,2025-01-24 22:00:00,2025-01-25 00:00:00,2025-01-23 14:00:00
13,41,C038,Medium AC users,3,0.8764704545454546,0.4166666666666667,0.07303920454545455,12.147663661616162,0.0,True,2025-01-24 22:00:00,2025-01-25 00:00:00,2025-01-23 14:00:00
13,42,C025,Medium AC users,3,0.8303045454545455,0.6666666666666666,0.11070727272727272,12.258370934343436,0.0,True,2025-01-24 22:00:00,2025-01-25 00:00:00,2025-01-23 14:00:00
13,43,C026,Low consumers without AC,4,2.6689386363636363,0.8333333333333334,0.44482310606060604,12.703194040404043,0.0,True,2025-01-24 22:00:00,2025-01-25 00:00:00,2025-01-23 14:00:00
13,44,C045,Low consumers without AC,4,1.789515909090909,0.9166666666666666,0.32807791666666664,13.03127195707071,0.0,True,2025-01-24 22:00:00,2025-01-25 00:00:00,2025-01-23 14:00:00
13,45,C003,Low consumers without AC,4,1.5293818181818182,0.75,0.22940727272727274,13.260679229797981,0.0,True,2025-01-24 22:00:00,2025-01-25 00:00:00,2025-01-23 14:00:00
13,46,C043,Low consumers without AC,4,1.4849348484848484,0.5833333333333334,0.17324239898989902,13.43392162878788,0.0,True,2025-01-24 22:00:00,2025-01-25 00:00:00,2025-01-23 14:00:00
13,47,C006,Low consumers without AC,4,1.4183204545454544,0.16666666666666666,0.047277348484848485,13.48119897727273,0.0,True,2025-01-24 22:00:00,2025-01-25 00:00:00,2025-01-23 14:00:00
13,48,C050,Low consumers without AC,4,1.2643015151515151,0.5833333333333334,0.14750184343434344,13.628700820707072,0.0,True,2025-01-24 22:00:00,2025-01-25 00:00:00,2025-01-23 14:00:00
13,49,C046,Low consumers without AC,4,1.115314393939394,0.6666666666666666,0.14870858585858585,13.777409406565658,0.0,True,2025-01-24 22:00:00,2025-01-25 00:00:00,2025-01-23 14:00:00
13,50,C018,Low consumers without AC,4,0.9892439393939394,1.0,0.1978487878787879,13.975258194444447,0.0,True,2025-01-24 22:00:00,2025-01-25 00:00:00,2025-01-23 14:00:00
14,1,C015,Large evening-peak households,1,4.910149242424242,0.5833333333333334,0.572850744949495,0.572850744949495,0.0,True,2025-01-25 20:00:00,2025-01-25 22:00:00,2025-01-24 14:00:00
14,2,C022,Large evening-peak households,1,4.746187121212121,0.8333333333333334,0.791031186868687,1.3638819318181818,0.0,True,2025-01-25 20:00:00,2025-01-25 22:00:00,2025-01-24 14:00:00
14,3,C021,Large evening-peak households,1,4.408842424242425,0.75,0.6613263636363638,2.0252082954545454,0.0,True,2025-01-25 20:00:00,2025-01-25 22:00:00,2025-01-24 14:00:00
14,4,C029,Large evening-peak households,1,4.324069696969698,0.5833333333333334,0.5044747979797981,2.5296830934343433,0.0,True,2025-01-25 20:00:00,2025-01-25 22:00:00,2025-01-24 14:00:00
14,5,C016,Large evening-peak households,1,4.250678030303031,0.5833333333333334,0.49591243686868697,3.0255955303030304,0.0,True,2025-01-25 20:00:00,2025-01-25 22:00:00,2025-01-24 14:00:00
14,6,C034,Large evening-peak households,1,4.152394696969697,0.6666666666666666,0.5536526262626262,3.5792481565656566,0.0,True,2025-01-25 20:00:00,2025-01-25 22:00:00,2025-01-24 14:00:00
14,7,C009,Large evening-peak households,1,3.9061636363636367,0.4166666666666667,0.3255136363636364,3.904761792929293,0.0,True,2025-01-25 20:00:00,2025-01-25 22:00:00,2025-01-24 14:00:00
14,8,C033,Large evening-peak households,1,3.694962878787879,0.6666666666666666,0.49266171717171725,4.39742351010101,0.0,True,2025-01-25 20:00:00,2025-01-25 22:00:00,2025-01-24 14:00:00
14,9,C002,Large evening-peak households,1,3.6894015151515145,0.3333333333333333,0.24596010101010096,4.643383611111111,0.0,True,2025-01-25 20:00:00,2025-01-25 22:00:00,2025-01-24 14:00:00
14,10,C023,Large evening-peak households,1,3.600849242424242,0.4166666666666667,0.3000707702020202,4.943454381313131,0.0,True,2025-01-25 20:00:00,2025-01-25 22:00:00,2025-01-24 14:00:00
14,11,C031,Large evening-peak households,1,3.551481060606061,0.5,0.3551481060606061,5.298602487373738,0.0,True,2025-01-25 20:00:00,2025-01-25 22:00:00,2025-01-24 14:00:00
14,12,C007,Large evening-peak households,1,3.4642825757575753,0.4166666666666667,0.28869021464646466,5.587292702020203,0.0,True,2025-01-25 20:00:00,2025-01-25 22:00:00,2025-01-24 14:00:00
14,13,C013,Large evening-peak households,1,3.3653325757575754,0.6666666666666666,0.44871101010101005,6.036003712121213,0.0,True,2025-01-25 20:00:00,2025-01-25 22:00:00,2025-01-24 14:00:00
14,14,C042,Large evening-peak households,1,3.2907037878787877,0.5833333333333334,0.3839154419191919,6.419919154040405,0.0,True,2025-01-25 20:00:00,2025-01-25 22:00:00,2025-01-24 14:00:00
14,15,C011,Large evening-peak households,1,3.2627166666666665,0.5,0.3262716666666667,6.7461908207070715,0.0,True,2025-01-25 20:00:00,2025-01-25 22:00:00,2025-01-24 14:00:00
14,16,C035,Large evening-peak households,1,3.2500818181818185,0.8333333333333334,0.5416803030303031,7.287871123737375,0.0,True,2025-01-25 20:00:00,2025-01-25 22:00:00,2025-01-24 14:00:00
14,17,C027,Large evening-peak households,1,3.156320454545454,0.6666666666666666,0.42084272727272726,7.708713851010102,0.0,True,2025-01-25 20:00:00,2025-01-25 22:00:00,2025-01-24 14:00:00
14,18,C010,Large evening-peak households,1,3.1209939393939394,0.75,0.46814909090909096,8.176862941919193,0.0,True,2025-01-25 20:00:00,2025-01-25 22:00:00,2025-01-24 14:00:00
14,19,C047,"Daytime-occupied, high base load",2,4.878112878787879,0.75,0.7317169318181819,8.908579873737375,0.0,True,2025-01-25 20:00:00,2025-01-25 22:00:00,2025-01-24 14:00:00
14,20,C037,"Daytime-occupied, high base load",2,4.51974393939394,0.8333333333333334,0.7532906565656567,9.661870530303032,0.0,True,2025-01-25 20:00:00,2025-01-25 22:00:00,2025-01-24 14:00:00
14,21,C044,"Daytime-occupied, high base load",2,4.225665909090909,0.75,0.6338498863636364,10.295720416666668,0.0,True,2025-01-25 20:00:00,2025-01-25 22:00:00,2025-01-24 14:00:00
14,22,C024,"Daytime-occupied, high base load",2,4.215405303030303,0.5,0.4215405303030303,10.717260946969699,0.0,True,2025-01-25 20:00:00,2025-01-25 22:00:00,2025-01-24 14:00:00
14,23,C005,"Daytime-occupied, high base load",2,4.070657575757576,0.5,0.4070657575757576,11.124326704545457,0.0,True,2025-01-25 20:00:00,2025-01-25 22:00:00,2025-01-24 14:00:00
14,24,C041,"Daytime-occupied, high base load",2,3.908139393939394,0.5833333333333334,0.45594959595959605,11.580276300505053,0.0,True,2025-01-25 20:00:00,2025-01-25 22:00:00,2025-01-24 14:00:00
14,25,C019,"Daytime-occupied, high base load",2,3.046079545454545,0.75,0.4569119318181818,12.037188232323235,0.0,True,2025-01-25 20:00:00,2025-01-25 22:00:00,2025-01-24 14:00:00
14,26,C032,Medium AC users,3,3.251672727272727,0.75,0.4877509090909091,12.524939141414144,0.0,True,2025-01-25 20:00:00,2025-01-25 22:00:00,2025-01-24 14:00:00
14,27,C048,Medium AC users,3,2.9801234848484843,0.9166666666666666,0.5463559722222221,13.071295113636367,0.0,True,2025-01-25 20:00:00,2025-01-25 22:00:00,2025-01-24 14:00:00
14,28,C020,Medium AC users,3,2.6343,0.5,0.26343,13.334725113636367,0.0,True,2025-01-25 20:00:00,2025-01-25 22:00:00,2025-01-24 14:00:00
14,29,C001,Medium AC users,3,2.5892681818181815,0.6666666666666666,0.34523575757575753,13.679960871212124,0.0,True,2025-01-25 20:00:00,2025-01-25 22:00:00,2025-01-24 14:00:00
14,30,C049,Medium AC users,3,2.3779196969696974,0.8333333333333334,0.39631994949494964,14.076280820707074,0.0,True,2025-01-25 20:00:00,2025-01-25 22:00:00,2025-01-24 14:00:00
14,31,C012,Medium AC users,3,2.3361954545454546,0.5833333333333334,0.2725561363636364,14.348836957070711,0.0,True,2025-01-25 20:00:00,2025-01-25 22:00:00,2025-01-24 14:00:00
14,32,C017,Medium AC users,3,2.305070454545455,0.75,0.3457605681818183,14.69459752525253,0.0,True,2025-01-25 20:00:00,2025-01-25 22:00:00,2025-01-24 14:00:00
14,33,C028,Medium AC users,3,2.2979522727272728,0.5833333333333334,0.2680944318181819,14.962691957070712,0.0,True,2025-01-25 20:00:00,2025-01-25 22:00:00,2025-01-24 14:00:00
14,34,C008,Medium AC users,3,2.180698484848485,0.75,0.3271047727272728,15.289796729797985,0.0,True,2025-01-25 20:00:00,2025-01-25 22:00:00,2025-01-24 14:00:00
14,35,C036,Medium AC users,3,2.148006818181818,0.25,0.1074003409090909,15.397197070707076,0.0,True,2025-01-25 20:00:00,2025-01-25 22:00:00,2025-01-24 14:00:00
14,36,C040,Medium AC users,3,2.1310340909090915,0.5,0.21310340909090916,15.610300479797985,0.0,True,2025-01-25 20:00:00,2025-01-25 22:00:00,2025-01-24 14:00:00
14,37,C004,Medium AC users,3,2.065191666666667,0.5,0.20651916666666673,15.816819646464651,0.0,True,2025-01-25 20:00:00,2025-01-25 22:00:00,2025-01-24 14:00:00
14,38,C030,Medium AC users,3,2.056148484848485,0.5833333333333334,0.23988398989898993,16.05670363636364,0.0,True,2025-01-25 20:00:00,2025-01-25 22:00:00,2025-01-24 14:00:00
14,39,C014,Medium AC users,3,2.033577272727273,0.5833333333333334,0.23725068181818187,16.29395431818182,0.0,True,2025-01-25 20:00:00,2025-01-25 22:00:00,2025-01-24 14:00:00
14,40,C039,Medium AC users,3,1.7163954545454545,0.6666666666666666,0.22885272727272726,16.52280704545455,0.0,True,2025-01-25 20:00:00,2025-01-25 22:00:00,2025-01-24 14:00:00
14,41,C038,Medium AC users,3,1.0251257575757575,0.4166666666666667,0.08542714646464647,16.608234191919195,0.0,True,2025-01-25 20:00:00,2025-01-25 22:00:00,2025-01-24 14:00:00
14,42,C025,Medium AC users,3,0.8753795454545457,0.6666666666666666,0.11671727272727275,16.724951464646466,0.0,True,2025-01-25 20:00:00,2025-01-25 22:00:00,2025-01-24 14:00:00
14,43,C026,Low consumers without AC,4,3.3014212121212125,0.8333333333333334,0.5502368686868688,17.275188333333336,0.0,True,2025-01-25 20:00:00,2025-01-25 22:00:00,2025-01-24 14:00:00
14,44,C003,Low consumers without AC,4,3.0148022727272727,0.75,0.4522203409090909,17.727408674242426,0.0,True,2025-01-25 20:00:00,2025-01-25 22:00:00,2025-01-24 14:00:00
14,45,C006,Low consumers without AC,4,2.87702196969697,0.16666666666666666,0.09590073232323233,17.82330940656566,0.0,True,2025-01-25 20:00:00,2025-01-25 22:00:00,2025-01-24 14:00:00
14,46,C045,Low consumers without AC,4,2.6502242424242426,0.9166666666666666,0.4858744444444445,18.309183851010104,0.0,True,2025-01-25 20:00:00,2025-01-25 22:00:00,2025-01-24 14:00:00
14,47,C050,Low consumers without AC,4,2.1237227272727277,0.5833333333333334,0.2477676515151516,18.556951502525255,0.0,True,2025-01-25 20:00:00,2025-01-25 22:00:00,2025-01-24 14:00:00
14,48,C043,Low consumers without AC,4,2.0913121212121215,0.5833333333333334,0.2439864141414142,18.80093791666667,0.0,True,2025-01-25 20:00:00,2025-01-25 22:00:00,2025-01-24 14:00:00
14,49,C046,Low consumers without AC,4,1.8206439393939393,0.6666666666666666,0.24275252525252525,19.043690441919193,0.0,True,2025-01-25 20:00:00,2025-01-25 22:00:00,2025-01-24 14:00:00
14,50,C018,Low consumers without AC,4,1.6046757575757573,1.0,0.3209351515151515,19.364625593434344,0.0,True,2025-01-25 20:00:00,2025-01-25 22:00:00,2025-01-24 14:00:00
15,1,C021,Large evening-peak households,1,1.9297274305555556,0.7142857142857143,0.27567534722222226,0.27567534722222226,0.0,True,2025-02-17 22:00:00,2025-02-18 00:00:00,2025-02-16 14:00:00
15,2,C010,Large evening-peak households,1,1.8704218750000006,0.7857142857142857,0.2939234375000001,0.5695987847222224,0.0,True,2025-02-17 22:00:00,2025-02-18 00:00:00,2025-02-16 14:00:00
15,3,C023,Large evening-peak households,1,1.8642343750000003,0.5,0.18642343750000004,0.7560222222222224,0.0,True,2025-02-17 22:00:00,2025-02-18 00:00:00,2025-02-16 14:00:00
15,4,C002,Large evening-peak households,1,1.8275026379567485,0.2857142857142857,0.10442872216895704,0.8604509443911794,0.0,True,2025-02-17 22:00:00,2025-02-18 00:00:00,2025-02-16 14:00:00
15,5,C009,Large evening-peak households,1,1.8027277777777775,0.42857142857142855,0.1545195238095238,1.0149704682007032,0.0,True,2025-02-17 22:00:00,2025-02-18 00:00:00,2025-02-16 14:00:00
15,6,C042,Large evening-peak households,1,1.8000548611111107,0.6428571428571429,0.23143562499999995,1.2464060932007033,0.0,True,2025-02-17 22:00:00,2025-02-18 00:00:00,2025-02-16 14:00:00
15,7,C031,Large evening-peak households,1,1.7963840277777774,0.5,0.17963840277777776,1.426044495978481,0.0,True,2025-02-17 22:00:00,2025-02-18 00:00:00,2025-02-16 14:00:00
15,8,C015,Large evening-peak households,1,1.7922204861111108,0.5714285714285714,0.20482519841269836,1.6308696943911793,0.0,True,2025-02-17 22:00:00,2025-02-18 00:00:00,2025-02-16 14:00:00
15,9,C033,Large evening-peak households,1,1.7530305555555552,0.7142857142857143,0.25043293650793647,1.8813026308991159,0.0,True,2025-02-17 22:00:00,2025-02-18 00:00:00,2025-02-16 14:00:00
15,10,C022,Large evening-peak households,1,1.737301736111111,0.7857142857142857,0.273004558531746,2.154307189430862,0.0,True,2025-02-17 22:00:00,2025-02-18 00:00:00,2025-02-16 14:00:00
15,11,C029,Large evening-peak households,1,1.7349704861111113,0.6428571428571429,0.22306763392857146,2.377374823359433,0.0,True,2025-02-17 22:00:00,2025-02-18 00:00:00,2025-02-16 14:00:00
15,12,C007,Large evening-peak households,1,1.712524652777778,0.35714285714285715,0.122323189484127,2.49969801284356,0.0,True,2025-02-17 22:00:00,2025-02-18 00:00:00,2025-02-16 14:00:00
15,13,C016,Large evening-peak households,1,1.7058902777777776,0.6428571428571429,0.21932875,2.71902676284356,0.0,True,2025-02-17 22:00:00,2025-02-18 00:00:00,2025-02-16 14:00:00
15,14,C035,Large evening-peak households,1,1.6704392361111111,0.8571428571428571,0.2863610119047619,3.0053877747483217,0.0,True,2025-02-17 22:00:00,2025-02-18 00:00:00,2025-02-16 14:00:00
15,15,C011,Large evening-peak households,1,1.6547510416666669,0.5,0.1654751041666667,3.1708628789149884,0.0,True,2025-02-17 22:00:00,2025-02-18 00:00:00,2025-02-16 14:00:00
15,16,C027,Large evening-peak households,1,1.5877743055555558,0.7142857142857143,0.22682490079365084,3.3976877797086393,0.0,True,2025-02-17 22:00:00,2025-02-18 00:00:00,2025-02-16 14:00:00
15,17,C013,Large evening-peak households,1,1.5829388888888891,0.7142857142857143,0.22613412698412702,3.623821906692766,0.0,True,2025-02-17 22:00:00,2025-02-18 00:00:00,2025-02-16 14:00:00
15,18,C034,Large evening-peak households,1,1.4974486111111112,0.5714285714285714,0.17113698412698414,3.7949588908197502,0.0,True,2025-02-17 22:00:00,2025-02-18 00:00:00,2025-02-16 14:00:00
15,19,C037,"Daytime-occupied, high base load",2,2.4835815972222224,0.7857142857142857,0.39027710813492067,4.185235998954671,0.0,True,2025-02-17 22:00:00,2025-02-18 00:00:00,2025-02-16 14:00:00
15,20,C024,"Daytime-occupied, high base load",2,1.9920364583333339,0.5,0.1992036458333334,4.384439644788004,0.0,True,2025-02-17 22:00:00,2025-02-18 00:00:00,2025-02-16 14:00:00
15,21,C005,"Daytime-occupied, high base load",2,1.9074131944444446,0.5,0.19074131944444447,4.575180964232448,0.0,True,2025-02-17 22:00:00,2025-02-18 00:00:00,2025-02-16 14:00:00
15,22,C047,"Daytime-occupied, high base load",2,1.813177083333333,0.7142857142857143,0.2590252976190476,4.834206261851496,0.0,True,2025-02-17 22:00:00,2025-02-18 00:00:00,2025-02-16 14:00:00
15,23,C041,"Daytime-occupied, high base load",2,1.7211513888888887,0.5714285714285714,0.19670301587301586,5.030909277724512,0.0,True,2025-02-17 22:00:00,2025-02-18 00:00:00,2025-02-16 14:00:00
15,24,C019,"Daytime-occupied, high base load",2,1.6695430694444449,0.7857142857142857,0.26235676805555563,5.293266045780068,0.0,True,2025-02-17 22:00:00,2025-02-18 00:00:00,2025-02-16 14:00:00
15,25,C044,"Daytime-occupied, high base load",2,1.6004909722222223,0.7857142857142857,0.2515057242063492,5.544771769986417,0.0,True,2025-02-17 22:00:00,2025-02-18 00:00:00,2025-02-16 14:00:00
15,26,C014,Medium AC users,3,1.6760739583333333,0.6428571428571429,0.2154952232142857,5.760266993200703,0.0,True,2025-02-17 22:00:00,2025-02-18 00:00:00,2025-02-16 14:00:00
15,27,C017,Medium AC users,3,1.6753413194444444,0.7142857142857143,0.2393344742063492,5.999601467407052,0.0,True,2025-02-17 22:00:00,2025-02-18 00:00:00,2025-02-16 14:00:00
15,28,C048,Medium AC users,3,1.663647916666667,0.8571428571428571,0.28519678571428575,6.2847982531213376,0.0,True,2025-02-17 22:00:00,2025-02-18 00:00:00,2025-02-16 14:00:00
15,29,C032,Medium AC users,3,1.6493246527777778,0.7857142857142857,0.25917958829365084,6.543977841414988,0.0,True,2025-02-17 22:00:00,2025-02-18 00:00:00,2025-02-16 14:00:00
15,30,C004,Medium AC users,3,1.6382874999999997,0.5,0.16382874999999997,6.707806591414988,0.0,True,2025-02-17 22:00:00,2025-02-18 00:00:00,2025-02-16 14:00:00
15,31,C040,Medium AC users,3,1.5593156249999998,0.5714285714285714,0.17820749999999996,6.886014091414988,0.0,True,2025-02-17 22:00:00,2025-02-18 00:00:00,2025-02-16 14:00:00
15,32,C008,Medium AC users,3,1.4595986111111114,0.7142857142857143,0.20851408730158735,7.094528178716575,0.0,True,2025-02-17 22:00:00,2025-02-18 00:00:00,2025-02-16 14:00:00
15,33,C028,Medium AC users,3,1.3941246527777775,0.5714285714285714,0.1593285317460317,7.253856710462607,0.0,True,2025-02-17 22:00:00,2025-02-18 00:00:00,2025-02-16 14:00:00
15,34,C036,Medium AC users,3,1.3757045138888893,0.2857142857142857,0.07861168650793654,7.332468396970543,0.0,True,2025-02-17 22:00:00,2025-02-18 00:00:00,2025-02-16 14:00:00
15,35,C001,Medium AC users,3,1.3508795138888887,0.6428571428571429,0.17368450892857143,7.506152905899114,0.0,True,2025-02-17 22:00:00,2025-02-18 00:00:00,2025-02-16 14:00:00
15,36,C039,Medium AC users,3,1.3440475694444445,0.7142857142857143,0.19200679563492065,7.698159701534035,0.0,True,2025-02-17 22:00:00,2025-02-18 00:00:00,2025-02-16 14:00:00
15,37,C030,Medium AC users,3,1.3177763888888891,0.6428571428571429,0.16942839285714292,7.867588094391178,0.0,True,2025-02-17 22:00:00,2025-02-18 00:00:00,2025-02-16 14:00:00
15,38,C020,Medium AC users,3,1.2386760124167502,0.5,0.12386760124167502,7.991455695632853,0.0,True,2025-02-17 22:00:00,2025-02-18 00:00:00,2025-02-16 14:00:00
15,39,C049,Medium AC users,3,1.0202958333333332,0.7857142857142857,0.16033220238095236,8.151787898013804,0.0,True,2025-02-17 22:00:00,2025-02-18 00:00:00,2025-02-16 14:00:00
15,40,C012,Medium AC users,3,0.892721875,0.5,0.0892721875,8.241060085513805,0.0,True,2025-02-17 22:00:00,2025-02-18 00:00:00,2025-02-16 14:00:00
15,41,C038,Medium AC users,3,0.6422729166666666,0.35714285714285715,0.0458766369047619,8.286936722418567,0.0,True,2025-02-17 22:00:00,2025-02-18 00:00:00,2025-02-16 14:00:00
15,42,C025,Medium AC users,3,0.6135055555555556,0.6428571428571429,0.07887928571428574,8.365816008132853,0.0,True,2025-02-17 22:00:00,2025-02-18 00:00:00,2025-02-16 14:00:00
15,43,C026,Low consumers without AC,4,1.7980792004574757,0.7857142857142857,0.2825553029290319,8.648371311061885,0.0,True,2025-02-17 22:00:00,2025-02-18 00:00:00,2025-02-16 14:00:00
15,44,C045,Low consumers without AC,4,1.7241947916666664,0.9285714285714286,0.32020760416666666,8.968578915228552,0.0,True,2025-02-17 22:00:00,2025-02-18 00:00:00,2025-02-16 14:00:00
15,45,C003,Low consumers without AC,4,1.4474986111111112,0.7142857142857143,0.2067855158730159,9.175364431101567,0.0,True,2025-02-17 22:00:00,2025-02-18 00:00:00,2025-02-16 14:00:00
15,46,C043,Low consumers without AC,4,1.3794611111111112,0.5714285714285714,0.15765269841269844,9.333017129514266,0.0,True,2025-02-17 22:00:00,2025-02-18 00:00:00,2025-02-16 14:00:00
15,47,C050,Low consumers without AC,4,1.09778125,0.5714285714285714,0.1254607142857143,9.45847784379998,0.0,True,2025-02-17 22:00:00,2025-02-18 00:00:00,2025-02-16 14:00:00
15,48,C046,Low consumers without AC,4,1.0582798611111113,0.7142857142857143,0.15118283730158733,9.609660681101566,0.0,True,2025-02-17 22:00:00,2025-02-18 00:00:00,2025-02-16 14:00:00
15,49,C006,Low consumers without AC,4,0.8337447916666666,0.21428571428571427,0.035731919642857136,9.645392600744422,0.0,True,2025-02-17 22:00:00,2025-02-18 00:00:00,2025-02-16 14:00:00
15,50,C018,Low consumers without AC,4,0.671322758838384,1.0,0.1342645517676768,9.7796571525121,0.0,True,2025-02-17 22:00:00,2025-02-18 00:00:00,2025-02-16 14:00:00
16,1,C021,Large evening-peak households,1,3.0450204861111114,0.7333333333333333,0.44660300462962965,0.44660300462962965,0.5388333333333337,False,2025-02-19 19:00:00,2025-02-19 21:00:00,2025-02-18 14:00:00
16,2,C015,Large evening-peak households,1,2.8025378472222218,0.5333333333333333,0.2989373703703703,0.745540375,0.5388333333333337,True,2025-02-19 19:00:00,2025-02-19 21:00:00,2025-02-18 14:00:00
16,3,C031,Large evening-peak households,1,2.667988194444444,0.5333333333333333,0.2845854074074074,1.0301257824074075,0.5388333333333337,True,2025-02-19 19:00:00,2025-02-19 21:00:00,2025-02-18 14:00:00
16,4,C022,Large evening-peak households,1,2.6335739583333333,0.8,0.4213718333333334,1.4514976157407409,0.5388333333333337,True,2025-02-19 19:00:00,2025-02-19 21:00:00,2025-02-18 14:00:00
16,5,C013,Large evening-peak households,1,2.4865909722222224,0.7333333333333333,0.3647000092592593,1.816197625,0.5388333333333337,True,2025-02-19 19:00:00,2025-02-19 21:00:00,2025-02-18 14:00:00
16,6,C002,Large evening-peak households,1,2.457084722222222,0.26666666666666666,0.1310445185185185,1.9472421435185185,0.5388333333333337,True,2025-02-19 19:00:00,2025-02-19 21:00:00,2025-02-18 14:00:00
16,7,C033,Large evening-peak households,1,2.369760763888889,0.7333333333333333,0.34756491203703704,2.2948070555555558,0.5388333333333337,True,2025-02-19 19:00:00,2025-02-19 21:00:00,2025-02-18 14:00:00
16,8,C009,Large evening-peak households,1,2.2897892361111114,0.4666666666666667,0.21371366203703707,2.5085207175925928,0.5388333333333337,True,2025-02-19 19:00:00,2025-02-19 21:00:00,2025-02-18 14:00:00
16,9,C010,Large evening-peak households,1,2.2759038194444443,0.8,0.3641446111111111,2.872665328703704,0.5388333333333337,True,2025-02-19 19:00:00,2025-02-19 21:00:00,2025-02-18 14:00:00
16,10,C016,Large evening-peak households,1,2.254888541666667,0.6666666666666666,0.3006518055555556,3.1733171342592597,0.5388333333333337,True,2025-02-19 19:00:00,2025-02-19 21:00:00,2025-02-18 14:00:00
16,11,C023,Large evening-peak households,1,2.2471038194444444,0.5333333333333333,0.23969107407407408,3.4130082083333337,0.5388333333333337,True,2025-02-19 19:00:00,2025-02-19 21:00:00,2025-02-18 14:00:00
16,12,C029,Large evening-peak households,1,2.190606597222222,0.6666666666666666,0.29208087962962964,3.705089087962963,0.5388333333333337,True,2025-02-19 19:00:00,2025-02-19 21:00:00,2025-02-18 14:00:00
16,13,C042,Large evening-peak households,1,2.0434829861111115,0.6666666666666666,0.2724643981481482,3.9775534861111113,0.5388333333333337,True,2025-02-19 19:00:00,2025-02-19 21:00:00,2025-02-18 14:00:00
16,14,C034,Large evening-peak households,1,2.0107847222222226,0.5333333333333333,0.21448370370370373,4.192037189814815,0.5388333333333337,True,2025-02-19 19:00:00,2025-02-19 21:00:00,2025-02-18 14:00:00
16,15,C007,Large evening-peak households,1,2.0054239583333335,0.4,0.1604339166666667,4.352471106481482,0.5388333333333337,True,2025-02-19 19:00:00,2025-02-19 21:00:00,2025-02-18 14:00:00
16,16,C027,Large evening-peak households,1,1.9911225694444443,0.7333333333333333,0.2920313101851852,4.644502416666667,0.5388333333333337,True,2025-02-19 19:00:00,2025-02-19 21:00:00,2025-02-18 14:00:00
16,17,C035,Large evening-peak households,1,1.9351079861111116,0.8,0.3096172777777779,4.9541196944444446,0.5388333333333337,True,2025-02-19 19:00:00,2025-02-19 21:00:00,2025-02-18 14:00:00
16,18,C011,Large evening-peak households,1,1.5129718749999996,0.5333333333333333,0.16138366666666662,5.115503361111111,0.5388333333333337,True,2025-02-19 19:00:00,2025-02-19 21:00:00,2025-02-18 14:00:00
16,19,C037,"Daytime-occupied, high base load",2,3.1436013888888894,0.7333333333333333,0.4610615370370371,5.576564898148148,0.5388333333333337,True,2025-02-19 19:00:00,2025-02-19 21:00:00,2025-02-18 14:00:00
16,20,C024,"Daytime-occupied, high base load",2,2.7871527777777785,0.4666666666666667,0.26013425925925937,5.836699157407407,0.5388333333333337,True,2025-02-19 19:00:00,2025-02-19 21:00:00,2025-02-18 14:00:00
16,21,C047,"Daytime-occupied, high base load",2,2.531888541666667,0.6666666666666666,0.3375851388888889,6.174284296296296,0.5388333333333337,True,2025-02-19 19:00:00,2025-02-19 21:00:00,2025-02-18 14:00:00
16,22,C005,"Daytime-occupied, high base load",2,2.484129166666667,0.5333333333333333,0.2649737777777778,6.439258074074074,0.5388333333333337,True,2025-02-19 19:00:00,2025-02-19 21:00:00,2025-02-18 14:00:00
16,23,C044,"Daytime-occupied, high base load",2,2.214098263888889,0.8,0.35425572222222224,6.7935137962962955,0.5388333333333337,True,2025-02-19 19:00:00,2025-02-19 21:00:00,2025-02-18 14:00:00
16,24,C041,"Daytime-occupied, high base load",2,1.9840895833333334,0.6,0.23809075000000002,7.031604546296295,0.5388333333333337,True,2025-02-19 19:00:00,2025-02-19 21:00:00,2025-02-18 14:00:00
16,25,C019,"Daytime-occupied, high base load",2,1.8926923611111108,0.8,0.3028307777777778,7.3344353240740725,0.5388333333333337,True,2025-02-19 19:00:00,2025-02-19 21:00:00,2025-02-18 14:00:00
16,26,C004,Medium AC users,3,1.7841847222222222,0.4666666666666667,0.1665239074074074,7.50095923148148,0.5388333333333337,True,2025-02-19 19:00:00,2025-02-19 21:00:00,2025-02-18 14:00:00
16,27,C001,Medium AC users,3,1.7747527777777776,0.6,0.21297033333333332,7.713929564814814,0.5388333333333337,True,2025-02-19 19:00:00,2025-02-19 21:00:00,2025-02-18 14:00:00
16,28,C028,Medium AC users,3,1.7047454861111113,0.5333333333333333,0.18183951851851854,7.895769083333333,0.5388333333333337,True,2025-02-19 19:00:00,2025-02-19 21:00:00,2025-02-18 14:00:00
16,29,C048,Medium AC users,3,1.636379166666667,0.8,0.26182066666666676,8.15758975,0.5388333333333337,True,2025-02-19 19:00:00,2025-02-19 21:00:00,2025-02-18 14:00:00
16,30,C032,Medium AC users,3,1.5773100694444444,0.8,0.2523696111111111,8.409959361111111,0.5388333333333337,True,2025-02-19 19:00:00,2025-02-19 21:00:00,2025-02-18 14:00:00
16,31,C017,Medium AC users,3,1.540498958333333,0.7333333333333333,0.22593984722222218,8.635899208333333,0.5388333333333337,True,2025-02-19 19:00:00,2025-02-19 21:00:00,2025-02-18 14:00:00
16,32,C036,Medium AC users,3,1.5382531249999998,0.26666666666666666,0.08204016666666666,8.717939375,0.5388333333333337,True,2025-02-19 19:00:00,2025-02-19 21:00:00,2025-02-18 14:00:00
16,33,C049,Medium AC users,3,1.5311111111111113,0.8,0.24497777777777785,8.962917152777779,0.5388333333333337,True,2025-02-19 19:00:00,2025-02-19 21:00:00,2025-02-18 14:00:00
16,34,C008,Medium AC users,3,1.530804166666667,0.7333333333333333,0.22451794444444448,9.187435097222224,0.5388333333333337,True,2025-02-19 19:00:00,2025-02-19 21:00:00,2025-02-18 14:00:00
16,35,C014,Medium AC users,3,1.5026100694444444,0.6666666666666666,0.20034800925925925,9.387783106481484,0.5388333333333337,True,2025-02-19 19:00:00,2025-02-19 21:00:00,2025-02-18 14:00:00
16,36,C039,Medium AC users,3,1.4311833333333335,0.6666666666666666,0.19082444444444446,9.578607550925929,0.5388333333333337,True,2025-02-19 19:00:00,2025-02-19 21:00:00,2025-02-18 14:00:00
16,37,C020,Medium AC users,3,1.3973204857896835,0.4666666666666667,0.1304165786737038,9.709024129599632,0.5388333333333337,True,2025-02-19 19:00:00,2025-02-19 21:00:00,2025-02-18 14:00:00
16,38,C025,Medium AC users,3,1.2618909722222222,0.6,0.15142691666666666,9.860451046266299,0.5388333333333337,True,2025-02-19 19:00:00,2025-02-19 21:00:00,2025-02-18 14:00:00
16,39,C012,Medium AC users,3,1.161753125,0.4666666666666667,0.10843029166666668,9.968881337932965,0.5388333333333337,True,2025-02-19 19:00:00,2025-02-19 21:00:00,2025-02-18 14:00:00
16,40,C030,Medium AC users,3,1.1538416666666664,0.6,0.13846099999999997,10.107342337932964,0.5388333333333337,True,2025-02-19 19:00:00,2025-02-19 21:00:00,2025-02-18 14:00:00
16,41,C038,Medium AC users,3,1.0322496527777776,0.3333333333333333,0.0688166435185185,10.176158981451483,0.5388333333333337,True,2025-02-19 19:00:00,2025-02-19 21:00:00,2025-02-18 14:00:00
16,42,C040,Medium AC users,3,1.0053472222222222,0.6,0.12064166666666665,10.296800648118149,0.5388333333333337,True,2025-02-19 19:00:00,2025-02-19 21:00:00,2025-02-18 14:00:00
16,43,C003,Low consumers without AC,4,2.245799652777778,0.7333333333333333,0.3293839490740741,10.626184597192223,0.5388333333333337,True,2025-02-19 19:00:00,2025-02-19 21:00:00,2025-02-18 14:00:00
16,44,C045,Low consumers without AC,4,1.8602416666666668,0.9333333333333333,0.34724511111111117,10.973429708303334,0.5388333333333337,True,2025-02-19 19:00:00,2025-02-19 21:00:00,2025-02-18 14:00:00
16,45,C026,Low consumers without AC,4,1.6873224962310251,0.8,0.269971599396964,11.243401307700298,0.5388333333333337,True,2025-02-19 19:00:00,2025-02-19 21:00:00,2025-02-18 14:00:00
16,46,C046,Low consumers without AC,4,1.619337847222222,0.7333333333333333,0.23750288425925922,11.480904191959556,0.5388333333333337,True,2025-02-19 19:00:00,2025-02-19 21:00:00,2025-02-18 14:00:00
16,47,C050,Low consumers without AC,4,1.5845885416666665,0.6,0.190150625,11.671054816959556,0.5388333333333337,True,2025-02-19 19:00:00,2025-02-19 21:00:00,2025-02-18 14:00:00
16,48,C043,Low consumers without AC,4,1.5723354166666665,0.6,0.18868025,11.859735066959555,0.5388333333333337,True,2025-02-19 19:00:00,2025-02-19 21:00:00,2025-02-18 14:00:00
16,49,C006,Low consumers without AC,4,1.4665131944444445,0.26666666666666666,0.07821403703703705,11.937949103996592,0.5388333333333337,True,2025-02-19 19:00:00,2025-02-19 21:00:00,2025-02-18 14:00:00
16,50,C018,Low consumers without AC,4,1.4505166666666665,0.9333333333333333,0.27076311111111107,12.208712215107703,0.5388333333333337,True,2025-02-19 19:00:00,2025-02-19 21:00:00,2025-02-18 14:00:00
17,1,C021,Large evening-peak households,1,4.388745138888889,0.7333333333333333,0.6436826203703704,0.6436826203703704,0.0,True,2025-02-20 20:00:00,2025-02-20 22:00:00,2025-02-19 14:00:00
17,2,C015,Large evening-peak households,1,3.763567361111111,0.5333333333333333,0.4014471851851852,1.0451298055555556,0.0,True,2025-02-20 20:00:00,2025-02-20 22:00:00,2025-02-19 14:00:00
17,3,C031,Large evening-peak households,1,3.6566510416666667,0.5333333333333333,0.3900427777777778,1.4351725833333333,0.0,True,2025-02-20 20:00:00,2025-02-20 22:00:00,2025-02-19 14:00:00
17,4,C022,Large evening-peak households,1,3.570739236111111,0.8,0.5713182777777778,2.006490861111111,0.0,True,2025-02-20 20:00:00,2025-02-20 22:00:00,2025-02-19 14:00:00
17,5,C002,Large evening-peak households,1,3.234420486111111,0.26666666666666666,0.1725024259259259,2.178993287037037,0.0,True,2025-02-20 20:00:00,2025-02-20 22:00:00,2025-02-19 14:00:00
17,6,C013,Large evening-peak households,1,3.1270850694444445,0.7333333333333333,0.4586391435185185,2.6376324305555556,0.0,True,2025-02-20 20:00:00,2025-02-20 22:00:00,2025-02-19 14:00:00
17,7,C034,Large evening-peak households,1,3.0642496527777774,0.5333333333333333,0.3268532962962963,2.964485726851852,0.0,True,2025-02-20 20:00:00,2025-02-20 22:00:00,2025-02-19 14:00:00
17,8,C016,Large evening-peak households,1,3.0207427083333336,0.6666666666666666,0.4027656944444445,3.3672514212962965,0.0,True,2025-02-20 20:00:00,2025-02-20 22:00:00,2025-02-19 14:00:00
17,9,C042,Large evening-peak households,1,3.017842361111111,0.6666666666666666,0.4023789814814815,3.769630402777778,0.0,True,2025-02-20 20:00:00,2025-02-20 22:00:00,2025-02-19 14:00:00
17,10,C029,Large evening-peak households,1,2.9535222222222224,0.6666666666666666,0.39380296296296297,4.163433365740741,0.0,True,2025-02-20 20:00:00,2025-02-20 22:00:00,2025-02-19 14:00:00
17,11,C035,Large evening-peak households,1,2.9219805555555554,0.8,0.4675168888888889,4.63095025462963,0.0,True,2025-02-20 20:00:00,2025-02-20 22:00:00,2025-02-19 14:00:00
17,12,C023,Large evening-peak households,1,2.8949635416666664,0.5333333333333333,0.3087961111111111,4.939746365740741,0.0,True,2025-02-20 20:00:00,2025-02-20 22:00:00,2025-02-19 14:00:00
17,13,C033,Large evening-peak households,1,2.8688267361111115,0.7333333333333333,0.42076125462962966,5.360507620370371,0.0,True,2025-02-20 20:00:00,2025-02-20 22:00:00,2025-02-19 14:00:00
17,14,C027,Large evening-peak households,1,2.7956750000000006,0.7333333333333333,0.4100323333333334,5.770539953703705,0.0,True,2025-02-20 20:00:00,2025-02-20 22:00:00,2025-02-19 14:00:00
17,15,C007,Large evening-peak households,1,2.704446527777778,0.4,0.21635572222222224,5.986895675925927,0.0,True,2025-02-20 20:00:00,2025-02-20 22:00:00,2025-02-19 14:00:00
17,16,C010,Large evening-peak households,1,2.5422531250000002,0.8,0.4067605000000001,6.393656175925927,0.0,True,2025-02-20 20:00:00,2025-02-20 22:00:00,2025-02-19 14:00:00
17,17,C009,Large evening-peak households,1,2.508513888888889,0.4666666666666667,0.234127962962963,6.62778413888889,0.0,True,2025-02-20 20:00:00,2025-02-20 22:00:00,2025-02-19 14:00:00
17,18,C011,Large evening-peak households,1,1.9453631944444443,0.5333333333333333,0.2075054074074074,6.8352895462962975,0.0,True,2025-02-20 20:00:00,2025-02-20 22:00:00,2025-02-19 14:00:00
17,19,C037,"Daytime-occupied, high base load",2,4.026530208333334,0.7333333333333333,0.5905577638888889,7.425847310185186,0.0,True,2025-02-20 20:00:00,2025-02-20 22:00:00,2025-02-19 14:00:00
17,20,C024,"Daytime-occupied, high base load",2,3.4197753472222225,0.4666666666666667,0.31917903240740747,7.745026342592594,0.0,True,2025-02-20 20:00:00,2025-02-20 22:00:00,2025-02-19 14:00:00
17,21,C047,"Daytime-occupied, high base load",2,3.3730840277777783,0.6666666666666666,0.4497445370370371,8.194770879629631,0.0,True,2025-02-20 20:00:00,2025-02-20 22:00:00,2025-02-19 14:00:00
17,22,C005,"Daytime-occupied, high base load",2,3.0252899305555556,0.5333333333333333,0.3226975925925926,8.517468472222225,0.0,True,2025-02-20 20:00:00,2025-02-20 22:00:00,2025-02-19 14:00:00
17,23,C044,"Daytime-occupied, high base load",2,2.9499826388888892,0.8,0.47199722222222235,8.989465694444448,0.0,True,2025-02-20 20:00:00,2025-02-20 22:00:00,2025-02-19 14:00:00
17,24,C041,"Daytime-occupied, high base load",2,2.6072531249999997,0.6,0.312870375,9.302336069444447,0.0,True,2025-02-20 20:00:00,2025-02-20 22:00:00,2025-02-19 14:00:00
17,25,C019,"Daytime-occupied, high base load",2,2.480448611111111,0.8,0.3968717777777778,9.699207847222224,0.0,True,2025-02-20 20:00:00,2025-02-20 22:00:00,2025-02-19 14:00:00
17,26,C004,Medium AC users,3,1.9655006944444444,0.4666666666666667,0.1834467314814815,9.882654578703706,0.0,True,2025-02-20 20:00:00,2025-02-20 22:00:00,2025-02-19 14:00:00
17,27,C048,Medium AC users,3,1.8601701388888887,0.8,0.2976272222222222,10.180281800925927,0.0,True,2025-02-20 20:00:00,2025-02-20 22:00:00,2025-02-19 14:00:00
17,28,C028,Medium AC users,3,1.8373229166666665,0.5333333333333333,0.1959811111111111,10.376262912037038,0.0,True,2025-02-20 20:00:00,2025-02-20 22:00:00,2025-02-19 14:00:00
17,29,C008,Medium AC users,3,1.827701736111111,0.7333333333333333,0.2680629212962963,10.644325833333335,0.0,True,2025-02-20 20:00:00,2025-02-20 22:00:00,2025-02-19 14:00:00
17,30,C032,Medium AC users,3,1.79259375,0.8,0.286815,10.931140833333336,0.0,True,2025-02-20 20:00:00,2025-02-20 22:00:00,2025-02-19 14:00:00
17,31,C039,Medium AC users,3,1.7503923611111112,0.6666666666666666,0.23338564814814813,11.164526481481484,0.0,True,2025-02-20 20:00:00,2025-02-20 22:00:00,2025-02-19 14:00:00
17,32,C036,Medium AC users,3,1.7440822916666665,0.26666666666666666,0.09301772222222221,11.257544203703707,0.0,True,2025-02-20 20:00:00,2025-02-20 22:00:00,2025-02-19 14:00:00
17,33,C001,Medium AC users,3,1.7436767361111112,0.6,0.20924120833333337,11.46678541203704,0.0,True,2025-02-20 20:00:00,2025-02-20 22:00:00,2025-02-19 14:00:00
17,34,C017,Medium AC users,3,1.7148770833333333,0.7333333333333333,0.25151530555555557,11.718300717592596,0.0,True,2025-02-20 20:00:00,2025-02-20 22:00:00,2025-02-19 14:00:00
17,35,C014,Medium AC users,3,1.688701736111111,0.6666666666666666,0.22516023148148145,11.943460949074078,0.0,True,2025-02-20 20:00:00,2025-02-20 22:00:00,2025-02-19 14:00:00
17,36,C049,Medium AC users,3,1.49501875,0.8,0.23920300000000003,12.182663949074078,0.0,True,2025-02-20 20:00:00,2025-02-20 22:00:00,2025-02-19 14:00:00
17,37,C020,Medium AC users,3,1.314736448369076,0.4666666666666667,0.12270873518111376,12.305372684255191,0.0,True,2025-02-20 20:00:00,2025-02-20 22:00:00,2025-02-19 14:00:00
17,38,C030,Medium AC users,3,1.298151736111111,0.6,0.15577820833333333,12.461150892588524,0.0,True,2025-02-20 20:00:00,2025-02-20 22:00:00,2025-02-19 14:00:00
17,39,C012,Medium AC users,3,1.2588892361111113,0.4666666666666667,0.11749632870370373,12.578647221292227,0.0,True,2025-02-20 20:00:00,2025-02-20 22:00:00,2025-02-19 14:00:00
17,40,C040,Medium AC users,3,1.2286690972222223,0.6,0.1474402916666667,12.726087512958895,0.0,True,2025-02-20 20:00:00,2025-02-20 22:00:00,2025-02-19 14:00:00
17,41,C025,Medium AC users,3,0.99099375,0.6,0.11891924999999999,12.845006762958894,0.0,True,2025-02-20 20:00:00,2025-02-20 22:00:00,2025-02-19 14:00:00
17,42,C038,Medium AC users,3,0.9733454861111112,0.3333333333333333,0.06488969907407408,12.909896462032968,0.0,True,2025-02-20 20:00:00,2025-02-20 22:00:00,2025-02-19 14:00:00
17,43,C003,Low consumers without AC,4,2.7108343749999997,0.7333333333333333,0.3975890416666666,13.307485503699635,0.0,True,2025-02-20 20:00:00,2025-02-20 22:00:00,2025-02-19 14:00:00
17,44,C045,Low consumers without AC,4,2.3297041666666667,0.9333333333333333,0.43487811111111113,13.742363614810746,0.0,True,2025-02-20 20:00:00,2025-02-20 22:00:00,2025-02-19 14:00:00
17,45,C026,Low consumers without AC,4,2.275763967084286,0.8,0.3641222347334858,14.106485849544232,0.0,True,2025-02-20 20:00:00,2025-02-20 22:00:00,2025-02-19 14:00:00
17,46,C050,Low consumers without AC,4,2.0280711805555556,0.6,0.24336854166666666,14.349854391210899,0.0,True,2025-02-20 20:00:00,2025-02-20 22:00:00,2025-02-19 14:00:00
17,47,C046,Low consumers without AC,4,1.9518531250000002,0.7333333333333333,0.28627179166666666,14.636126182877566,0.0,True,2025-02-20 20:00:00,2025-02-20 22:00:00,2025-02-19 14:00:00
17,48,C006,Low consumers without AC,4,1.918538541666667,0.26666666666666666,0.10232205555555557,14.738448238433122,0.0,True,2025-02-20 20:00:00,2025-02-20 22:00:00,2025-02-19 14:00:00
17,49,C018,Low consumers without AC,4,1.9009321022727272,0.9333333333333333,0.3548406590909091,15.093288897524031,0.0,True,2025-02-20 20:00:00,2025-02-20 22:00:00,2025-02-19 14:00:00
17,50,C043,Low consumers without AC,4,1.5319208333333334,0.6,0.1838305,15.277119397524032,0.0,True,2025-02-20 20:00:00,2025-02-20 22:00:00,2025-02-19 14:00:00
18,1,C021,Large evening-peak households,1,3.7547586805555553,0.6875,0.5162793185763889,0.5162793185763889,0.052666666666666376,True,2025-02-21 21:00:00,2025-02-21 23:00:00,2025-02-20 14:00:00
18,2,C015,Large evening-peak households,1,3.3541024305555553,0.5625,0.3773365234375,0.8936158420138889,0.052666666666666376,True,2025-02-21 21:00:00,2025-02-21 23:00:00,2025-02-20 14:00:00
18,3,C022,Large evening-peak households,1,3.2648375,0.8125,0.53053609375,1.4241519357638888,0.052666666666666376,True,2025-02-21 21:00:00,2025-02-21 23:00:00,2025-02-20 14:00:00
18,4,C042,Large evening-peak households,1,3.033159027777778,0.625,0.3791448784722222,1.803296814236111,0.052666666666666376,True,2025-02-21 21:00:00,2025-02-21 23:00:00,2025-02-20 14:00:00
18,5,C031,Large evening-peak households,1,3.0178718749999995,0.5,0.3017871875,2.105084001736111,0.052666666666666376,True,2025-02-21 21:00:00,2025-02-21 23:00:00,2025-02-20 14:00:00
18,6,C013,Large evening-peak households,1,2.8965750000000003,0.75,0.4344862500000001,2.539570251736111,0.052666666666666376,True,2025-02-21 21:00:00,2025-02-21 23:00:00,2025-02-20 14:00:00
18,7,C029,Large evening-peak households,1,2.8019125000000003,0.6875,0.38526296875000005,2.924833220486111,0.052666666666666376,True,2025-02-21 21:00:00,2025-02-21 23:00:00,2025-02-20 14:00:00
18,8,C023,Large evening-peak households,1,2.798040625,0.5625,0.31477957031250003,3.239612790798611,0.052666666666666376,True,2025-02-21 21:00:00,2025-02-21 23:00:00,2025-02-20 14:00:00
18,9,C002,Large evening-peak households,1,2.7942461805555556,0.3125,0.17464038628472223,3.4142531770833333,0.052666666666666376,True,2025-02-21 21:00:00,2025-02-21 23:00:00,2025-02-20 14:00:00
18,10,C035,Large evening-peak households,1,2.7665006944444444,0.75,0.4149751041666667,3.82922828125,0.052666666666666376,True,2025-02-21 21:00:00,2025-02-21 23:00:00,2025-02-20 14:00:00
18,11,C016,Large evening-peak households,1,2.714218402777778,0.6875,0.3732050303819445,4.202433311631944,0.052666666666666376,True,2025-02-21 21:00:00,2025-02-21 23:00:00,2025-02-20 14:00:00
18,12,C007,Large evening-peak households,1,2.661692013888889,0.4375,0.23289805121527782,4.435331362847222,0.052666666666666376,True,2025-02-21 21:00:00,2025-02-21 23:00:00,2025-02-20 14:00:00
18,13,C033,Large evening-peak households,1,2.5737309027777777,0.75,0.3860596354166667,4.8213909982638885,0.052666666666666376,True,2025-02-21 21:00:00,2025-02-21 23:00:00,2025-02-20 14:00:00
18,14,C034,Large evening-peak households,1,2.5354604166666665,0.5625,0.285239296875,5.106630295138888,0.052666666666666376,True,2025-02-21 21:00:00,2025-02-21 23:00:00,2025-02-20 14:00:00
18,15,C027,Large evening-peak households,1,2.5212204861111114,0.6875,0.34666781684027786,5.453298111979167,0.052666666666666376,True,2025-02-21 21:00:00,2025-02-21 23:00:00,2025-02-20 14:00:00
18,16,C010,Large evening-peak households,1,2.3796135416666666,0.8125,0.38668720052083333,5.8399853125,0.052666666666666376,True,2025-02-21 21:00:00,2025-02-21 23:00:00,2025-02-20 14:00:00
18,17,C009,Large evening-peak households,1,2.2344482638888894,0.5,0.22344482638888896,6.063430138888888,0.052666666666666376,True,2025-02-21 21:00:00,2025-02-21 23:00:00,2025-02-20 14:00:00
18,18,C011,Large evening-peak households,1,2.1914041666666666,0.5625,0.24653296874999997,6.309963107638888,0.052666666666666376,True,2025-02-21 21:00:00,2025-02-21 23:00:00,2025-02-20 14:00:00
18,19,C037,"Daytime-occupied, high base load",2,3.8723871527777773,0.75,0.5808580729166666,6.890821180555554,0.052666666666666376,True,2025-02-21 21:00:00,2025-02-21 23:00:00,2025-02-20 14:00:00
18,20,C047,"Daytime-occupied, high base load",2,3.241434930555556,0.6875,0.445697302951389,7.336518483506944,0.052666666666666376,True,2025-02-21 21:00:00,2025-02-21 23:00:00,2025-02-20 14:00:00
18,21,C024,"Daytime-occupied, high base load",2,2.957636111111111,0.5,0.2957636111111111,7.632282094618055,0.052666666666666376,True,2025-02-21 21:00:00,2025-02-21 23:00:00,2025-02-20 14:00:00
18,22,C005,"Daytime-occupied, high base load",2,2.71734375,0.5625,0.305701171875,7.937983266493054,0.052666666666666376,True,2025-02-21 21:00:00,2025-02-21 23:00:00,2025-02-20 14:00:00
18,23,C044,"Daytime-occupied, high base load",2,2.635537152777778,0.8125,0.42827478732638896,8.366258053819443,0.052666666666666376,True,2025-02-21 21:00:00,2025-02-21 23:00:00,2025-02-20 14:00:00
18,24,C019,"Daytime-occupied, high base load",2,2.5001849444444444,0.75,0.3750277416666667,8.74128579548611,0.052666666666666376,True,2025-02-21 21:00:00,2025-02-21 23:00:00,2025-02-20 14:00:00
18,25,C041,"Daytime-occupied, high base load",2,2.2973739583333335,0.625,0.2871717447916667,9.028457540277778,0.052666666666666376,True,2025-02-21 21:00:00,2025-02-21 23:00:00,2025-02-20 14:00:00
18,26,C004,Medium AC users,3,1.9666569444444442,0.4375,0.17208248263888887,9.200540022916666,0.052666666666666376,True,2025-02-21 21:00:00,2025-02-21 23:00:00,2025-02-20 14:00:00
18,27,C017,Medium AC users,3,1.9660944444444446,0.75,0.2949141666666667,9.495454189583333,0.052666666666666376,True,2025-02-21 21:00:00,2025-02-21 23:00:00,2025-02-20 14:00:00
18,28,C014,Medium AC users,3,1.924067361111111,0.625,0.24050842013888887,9.735962609722222,0.052666666666666376,True,2025-02-21 21:00:00,2025-02-21 23:00:00,2025-02-20 14:00:00
18,29,C032,Medium AC users,3,1.889723611111111,0.8125,0.3070800868055556,10.043042696527777,0.052666666666666376,True,2025-02-21 21:00:00,2025-02-21 23:00:00,2025-02-20 14:00:00
18,30,C048,Medium AC users,3,1.8795333333333335,0.8125,0.3054241666666667,10.348466863194444,0.052666666666666376,True,2025-02-21 21:00:00,2025-02-21 23:00:00,2025-02-20 14:00:00
18,31,C008,Medium AC users,3,1.8031756944444446,0.75,0.2704763541666667,10.61894321736111,0.052666666666666376,True,2025-02-21 21:00:00,2025-02-21 23:00:00,2025-02-20 14:00:00
18,32,C028,Medium AC users,3,1.765317361111111,0.5625,0.19859820312499998,10.81754142048611,0.052666666666666376,True,2025-02-21 21:00:00,2025-02-21 23:00:00,2025-02-20 14:00:00
18,33,C036,Medium AC users,3,1.7211201388888888,0.25,0.08605600694444444,10.903597427430554,0.052666666666666376,True,2025-02-21 21:00:00,2025-02-21 23:00:00,2025-02-20 14:00:00
18,34,C039,Medium AC users,3,1.7133447916666664,0.6875,0.23558490885416666,11.13918233628472,0.052666666666666376,True,2025-02-21 21:00:00,2025-02-21 23:00:00,2025-02-20 14:00:00
18,35,C001,Medium AC users,3,1.6513704861111111,0.625,0.20642131076388892,11.345603647048609,0.052666666666666376,True,2025-02-21 21:00:00,2025-02-21 23:00:00,2025-02-20 14:00:00
18,36,C030,Medium AC users,3,1.5880697916666666,0.625,0.19850872395833333,11.544112371006943,0.052666666666666376,True,2025-02-21 21:00:00,2025-02-21 23:00:00,2025-02-20 14:00:00
18,37,C040,Medium AC users,3,1.5029979166666667,0.625,0.18787473958333334,11.731987110590277,0.052666666666666376,True,2025-02-21 21:00:00,2025-02-21 23:00:00,2025-02-20 14:00:00
18,38,C049,Medium AC users,3,1.3391659722222222,0.75,0.20087489583333334,11.93286200642361,0.052666666666666376,True,2025-02-21 21:00:00,2025-02-21 23:00:00,2025-02-20 14:00:00
18,39,C020,Medium AC users,3,1.3211711609484686,0.4375,0.11560247658299101,12.048464483006601,0.052666666666666376,True,2025-02-21 21:00:00,2025-02-21 23:00:00,2025-02-20 14:00:00
18,40,C012,Medium AC users,3,1.187746875,0.5,0.1187746875,12.167239170506601,0.052666666666666376,True,2025-02-21 21:00:00,2025-02-21 23:00:00,2025-02-20 14:00:00
18,41,C038,Medium AC users,3,0.8894614583333332,0.375,0.06670960937499999,12.233948779881601,0.052666666666666376,True,2025-02-21 21:00:00,2025-02-21 23:00:00,2025-02-20 14:00:00
18,42,C025,Medium AC users,3,0.8699055555555555,0.625,0.10873819444444444,12.342686974326046,0.052666666666666376,True,2025-02-21 21:00:00,2025-02-21 23:00:00,2025-02-20 14:00:00
18,43,C003,Low consumers without AC,4,2.508183333333333,0.6875,0.3448752083333333,12.687562182659379,0.052666666666666376,True,2025-02-21 21:00:00,2025-02-21 23:00:00,2025-02-20 14:00:00
18,44,C026,Low consumers without AC,4,2.323426271270881,0.8125,0.3775567690815182,13.065118951740898,0.052666666666666376,True,2025-02-21 21:00:00,2025-02-21 23:00:00,2025-02-20 14:00:00
18,45,C045,Low consumers without AC,4,2.271685763888889,0.9375,0.42594108072916675,13.491060032470065,0.052666666666666376,True,2025-02-21 21:00:00,2025-02-21 23:00:00,2025-02-20 14:00:00
18,46,C050,Low consumers without AC,4,1.8481802083333332,0.625,0.23102252604166665,13.722082558511731,0.052666666666666376,True,2025-02-21 21:00:00,2025-02-21 23:00:00,2025-02-20 14:00:00
18,47,C046,Low consumers without AC,4,1.6880545138888887,0.75,0.2532081770833333,13.975290735595065,0.052666666666666376,True,2025-02-21 21:00:00,2025-02-21 23:00:00,2025-02-20 14:00:00
18,48,C043,Low consumers without AC,4,1.6027854166666664,0.625,0.2003481770833333,14.175638912678398,0.052666666666666376,True,2025-02-21 21:00:00,2025-02-21 23:00:00,2025-02-20 14:00:00
18,49,C018,Low consumers without AC,4,1.5464537247474748,0.9375,0.2899600733901515,14.46559898606855,0.052666666666666376,True,2025-02-21 21:00:00,2025-02-21 23:00:00,2025-02-20 14:00:00
18,50,C006,Low consumers without AC,4,1.474374652777778,0.25,0.0737187326388889,14.539317718707439,0.052666666666666376,True,2025-02-21 21:00:00,2025-02-21 23:00:00,2025-02-20 14:00:00
19,1,C022,Large evening-peak households,1,3.2880499999999993,0.7777777777777778,0.5114744444444443,0.5114744444444443,0.0,True,2025-03-20 21:00:00,2025-03-20 23:00:00,2025-03-19 14:00:00
19,2,C021,Large evening-peak households,1,3.190032051282052,0.7222222222222222,0.4607824074074075,0.9722568518518518,0.0,True,2025-03-20 21:00:00,2025-03-20 23:00:00,2025-03-19 14:00:00
19,3,C016,Large evening-peak households,1,2.894377243589744,0.7222222222222222,0.418076712962963,1.390333564814815,0.0,True,2025-03-20 21:00:00,2025-03-20 23:00:00,2025-03-19 14:00:00
19,4,C015,Large evening-peak households,1,2.819612319406482,0.5555555555555556,0.31329025771183133,1.7036238225266462,0.0,True,2025-03-20 21:00:00,2025-03-20 23:00:00,2025-03-19 14:00:00
19,5,C033,Large evening-peak households,1,2.7976929487179487,0.7222222222222222,0.4041112037037037,2.10773502623035,0.0,True,2025-03-20 21:00:00,2025-03-20 23:00:00,2025-03-19 14:00:00
19,6,C034,Large evening-peak households,1,2.751368269230769,0.5555555555555556,0.3057075854700855,2.413442611700435,0.0,True,2025-03-20 21:00:00,2025-03-20 23:00:00,2025-03-19 14:00:00
19,7,C029,Large evening-peak households,1,2.735494871794871,0.6666666666666666,0.3647326495726495,2.7781752612730846,0.0,True,2025-03-20 21:00:00,2025-03-20 23:00:00,2025-03-19 14:00:00
19,8,C002,Large evening-peak households,1,2.6215855769230774,0.3333333333333333,0.17477237179487182,2.9529476330679563,0.0,True,2025-03-20 21:00:00,2025-03-20 23:00:00,2025-03-19 14:00:00
19,9,C007,Large evening-peak households,1,2.5925262820512818,0.4444444444444444,0.2304467806267806,3.183394413694737,0.0,True,2025-03-20 21:00:00,2025-03-20 23:00:00,2025-03-19 14:00:00
19,10,C031,Large evening-peak households,1,2.5812288461538464,0.5555555555555556,0.2868032051282052,3.470197618822942,0.0,True,2025-03-20 21:00:00,2025-03-20 23:00:00,2025-03-19 14:00:00
19,11,C035,Large evening-peak households,1,2.4354602564102565,0.7777777777777778,0.3788493732193733,3.8490469920423154,0.0,True,2025-03-20 21:00:00,2025-03-20 23:00:00,2025-03-19 14:00:00
19,12,C009,Large evening-peak households,1,2.434727884615385,0.4444444444444444,0.21642025641025642,4.065467248452572,0.0,True,2025-03-20 21:00:00,2025-03-20 23:00:00,2025-03-19 14:00:00
19,13,C042,Large evening-peak households,1,2.290248076923077,0.5555555555555556,0.2544720085470086,4.3199392569995805,0.0,True,2025-03-20 21:00:00,2025-03-20 23:00:00,2025-03-19 14:00:00
19,14,C010,Large evening-peak households,1,2.22666858974359,0.7777777777777778,0.3463706695156696,4.66630992651525,0.0,True,2025-03-20 21:00:00,2025-03-20 23:00:00,2025-03-19 14:00:00
19,15,C013,Large evening-peak households,1,2.2171971153846153,0.7777777777777778,0.34489732905982906,5.011207255575079,0.0,True,2025-03-20 21:00:00,2025-03-20 23:00:00,2025-03-19 14:00:00
19,16,C027,Large evening-peak households,1,2.026265705128205,0.6666666666666666,0.27016876068376067,5.2813760162588395,0.0,True,2025-03-20 21:00:00,2025-03-20 23:00:00,2025-03-19 14:00:00
19,17,C011,Large evening-peak households,1,2.0222987179487175,0.6111111111111112,0.24716984330484326,5.528545859563683,0.0,True,2025-03-20 21:00:00,2025-03-20 23:00:00,2025-03-19 14:00:00
19,18,C023,Large evening-peak households,1,1.7729121794871798,0.6111111111111112,0.21668926638176644,5.745235125945449,0.0,True,2025-03-20 21:00:00,2025-03-20 23:00:00,2025-03-19 14:00:00
19,19,C047,"Daytime-occupied, high base load",2,3.4851891025641026,0.6666666666666666,0.4646918803418803,6.209927006287329,0.0,True,2025-03-20 21:00:00,2025-03-20 23:00:00,2025-03-19 14:00:00
19,20,C037,"Daytime-occupied, high base load",2,3.404237735849056,0.7777777777777778,0.5295480922431866,6.739475098530516,0.0,True,2025-03-20 21:00:00,2025-03-20 23:00:00,2025-03-19 14:00:00
19,21,C024,"Daytime-occupied, high base load",2,2.888059615384615,0.5555555555555556,0.3208955128205128,7.060370611351028,0.0,True,2025-03-20 21:00:00,2025-03-20 23:00:00,2025-03-19 14:00:00
19,22,C005,"Daytime-occupied, high base load",2,2.765851282051282,0.5555555555555556,0.30731680911680914,7.3676874204678375,0.0,True,2025-03-20 21:00:00,2025-03-20 23:00:00,2025-03-19 14:00:00
19,23,C044,"Daytime-occupied, high base load",2,2.3208141025641025,0.8333333333333334,0.38680235042735045,7.754489770895188,0.0,True,2025-03-20 21:00:00,2025-03-20 23:00:00,2025-03-19 14:00:00
19,24,C019,"Daytime-occupied, high base load",2,2.316551282051282,0.7777777777777778,0.36035242165242165,8.11484219254761,0.0,True,2025-03-20 21:00:00,2025-03-20 23:00:00,2025-03-19 14:00:00
19,25,C041,"Daytime-occupied, high base load",2,2.205867628205128,0.6111111111111112,0.26960604344729344,8.384448235994903,0.0,True,2025-03-20 21:00:00,2025-03-20 23:00:00,2025-03-19 14:00:00
19,26,C012,Medium AC users,3,1.6549231807511735,0.5555555555555556,0.1838803534167971,8.5683285894117,0.0,True,2025-03-20 21:00:00,2025-03-20 23:00:00,2025-03-19 14:00:00
19,27,C008,Medium AC users,3,1.5740278846153848,0.7777777777777778,0.2448487820512821,8.81317737146298,0.0,True,2025-03-20 21:00:00,2025-03-20 23:00:00,2025-03-19 14:00:00
19,28,C028,Medium AC users,3,1.2106076923076923,0.5,0.12106076923076924,8.93423814069375,0.0,True,2025-03-20 21:00:00,2025-03-20 23:00:00,2025-03-19 14:00:00
19,29,C001,Medium AC users,3,1.1236958333333336,0.6111111111111112,0.1373406018518519,9.071578742545602,0.0,True,2025-03-20 21:00:00,2025-03-20 23:00:00,2025-03-19 14:00:00
19,30,C014,Medium AC users,3,1.1038939102564103,0.6111111111111112,0.13492036680911682,9.20649910935472,0.0,True,2025-03-20 21:00:00,2025-03-20 23:00:00,2025-03-19 14:00:00
19,31,C049,Medium AC users,3,1.031998076923077,0.7222222222222222,0.1490663888888889,9.355565498243609,0.0,True,2025-03-20 21:00:00,2025-03-20 23:00:00,2025-03-19 14:00:00
19,32,C036,Medium AC users,3,0.9904314102564103,0.2777777777777778,0.05502396723646724,9.410589465480076,0.0,True,2025-03-20 21:00:00,2025-03-20 23:00:00,2025-03-19 14:00:00
19,33,C004,Medium AC users,3,0.986179487179487,0.5,0.09861794871794871,9.509207414198025,0.0,True,2025-03-20 21:00:00,2025-03-20 23:00:00,2025-03-19 14:00:00
19,34,C038,Medium AC users,3,0.9707971153846154,0.4444444444444444,0.08629307692307693,9.595500491121102,0.0,True,2025-03-20 21:00:00,2025-03-20 23:00:00,2025-03-19 14:00:00
19,35,C030,Medium AC users,3,0.9675910256410257,0.6666666666666666,0.12901213675213677,9.724512627873239,0.0,True,2025-03-20 21:00:00,2025-03-20 23:00:00,2025-03-19 14:00:00
19,36,C032,Medium AC users,3,0.9535939102564102,0.7777777777777778,0.14833683048433047,9.87284945835757,0.0,True,2025-03-20 21:00:00,2025-03-20 23:00:00,2025-03-19 14:00:00
19,37,C039,Medium AC users,3,0.9233865384615386,0.7222222222222222,0.13337805555555557,10.006227513913124,0.0,True,2025-03-20 21:00:00,2025-03-20 23:00:00,2025-03-19 14:00:00
19,38,C040,Medium AC users,3,0.9140981099590865,0.5555555555555556,0.10156645666212072,10.107793970575246,0.0,True,2025-03-20 21:00:00,2025-03-20 23:00:00,2025-03-19 14:00:00
19,39,C017,Medium AC users,3,0.898311217948718,0.7777777777777778,0.13973730056980058,10.247531271145046,0.0,True,2025-03-20 21:00:00,2025-03-20 23:00:00,2025-03-19 14:00:00
19,40,C020,Medium AC users,3,0.8601083333333334,0.4444444444444444,0.07645407407407408,10.323985345219121,0.0,True,2025-03-20 21:00:00,2025-03-20 23:00:00,2025-03-19 14:00:00
19,41,C025,Medium AC users,3,0.810636217948718,0.6111111111111112,0.09907775997150998,10.42306310519063,0.0,True,2025-03-20 21:00:00,2025-03-20 23:00:00,2025-03-19 14:00:00
19,42,C048,Medium AC users,3,0.7895009615384615,0.8333333333333334,0.1315834935897436,10.554646598780375,0.0,True,2025-03-20 21:00:00,2025-03-20 23:00:00,2025-03-19 14:00:00
19,43,C003,Low consumers without AC,4,2.282559935897436,0.7222222222222222,0.3297031018518519,10.884349700632226,0.0,True,2025-03-20 21:00:00,2025-03-20 23:00:00,2025-03-19 14:00:00
19,44,C050,Low consumers without AC,4,2.0785823717948713,0.6666666666666666,0.2771443162393162,11.161494016871542,0.0,True,2025-03-20 21:00:00,2025-03-20 23:00:00,2025-03-19 14:00:00
19,45,C046,Low consumers without AC,4,2.073636217948718,0.7777777777777778,0.322565633903134,11.484059650774675,0.0,True,2025-03-20 21:00:00,2025-03-20 23:00:00,2025-03-19 14:00:00
19,46,C018,Low consumers without AC,4,2.0241160256410256,0.9444444444444444,0.3823330270655271,11.866392677840203,0.0,True,2025-03-20 21:00:00,2025-03-20 23:00:00,2025-03-19 14:00:00
19,47,C026,Low consumers without AC,4,1.941842948717949,0.7777777777777778,0.30206445868945875,12.168457136529662,0.0,True,2025-03-20 21:00:00,2025-03-20 23:00:00,2025-03-19 14:00:00
19,48,C006,Low consumers without AC,4,1.7586528846153844,0.3333333333333333,0.11724352564102564,12.285700662170688,0.0,True,2025-03-20 21:00:00,2025-03-20 23:00:00,2025-03-19 14:00:00
19,49,C045,Low consumers without AC,4,1.4138858974358979,0.9444444444444444,0.2670673361823363,12.552767998353024,0.0,True,2025-03-20 21:00:00,2025-03-20 23:00:00,2025-03-19 14:00:00
19,50,C043,Low consumers without AC,4,1.1197227564102563,0.5555555555555556,0.1244136396011396,12.677181637954163,0.0,True,2025-03-20 21:00:00,2025-03-20 23:00:00,2025-03-19 14:00:00
20,1,C022,Large evening-peak households,1,3.4390480769230765,0.7777777777777778,0.5349630341880341,0.5349630341880341,0.0,True,2025-03-21 21:00:00,2025-03-21 23:00:00,2025-03-20 14:00:00
20,2,C021,Large evening-peak households,1,3.374571794871795,0.7222222222222222,0.48743814814814823,1.0224011823361825,0.0,True,2025-03-21 21:00:00,2025-03-21 23:00:00,2025-03-20 14:00:00
20,3,C016,Large evening-peak households,1,3.034081730769231,0.7222222222222222,0.43825625000000007,1.4606574323361825,0.0,True,2025-03-21 21:00:00,2025-03-21 23:00:00,2025-03-20 14:00:00
20,4,C015,Large evening-peak households,1,2.997588601457764,0.5555555555555556,0.3330654001619738,1.7937228324981562,0.0,True,2025-03-21 21:00:00,2025-03-21 23:00:00,2025-03-20 14:00:00
20,5,C033,Large evening-peak households,1,2.9624852564102566,0.7222222222222222,0.4279145370370371,2.2216373695351934,0.0,True,2025-03-21 21:00:00,2025-03-21 23:00:00,2025-03-20 14:00:00
20,6,C034,Large evening-peak households,1,2.863180448717949,0.5555555555555556,0.318131160968661,2.5397685305038546,0.0,True,2025-03-21 21:00:00,2025-03-21 23:00:00,2025-03-20 14:00:00
20,7,C029,Large evening-peak households,1,2.788562179487179,0.6666666666666666,0.37180829059829057,2.911576821102145,0.0,True,2025-03-21 21:00:00,2025-03-21 23:00:00,2025-03-20 14:00:00
20,8,C002,Large evening-peak households,1,2.7303073717948716,0.3333333333333333,0.18202049145299146,3.0935973125551364,0.0,True,2025-03-21 21:00:00,2025-03-21 23:00:00,2025-03-20 14:00:00
20,9,C007,Large evening-peak households,1,2.719041025641026,0.4444444444444444,0.24169253561253565,3.335289848167672,0.0,True,2025-03-21 21:00:00,2025-03-21 23:00:00,2025-03-20 14:00:00
20,10,C031,Large evening-peak households,1,2.6706391025641025,0.5555555555555556,0.2967376780626781,3.6320275262303503,0.0,True,2025-03-21 21:00:00,2025-03-21 23:00:00,2025-03-20 14:00:00
20,11,C035,Large evening-peak households,1,2.514075,0.7777777777777778,0.39107833333333336,4.0231058595636835,0.0,True,2025-03-21 21:00:00,2025-03-21 23:00:00,2025-03-20 14:00:00
20,12,C009,Large evening-peak households,1,2.510741987179487,0.4444444444444444,0.2231770655270655,4.246282925090749,0.0,True,2025-03-21 21:00:00,2025-03-21 23:00:00,2025-03-20 14:00:00
20,13,C042,Large evening-peak households,1,2.398726923076923,0.5555555555555556,0.26652521367521365,4.512808138765962,0.0,True,2025-03-21 21:00:00,2025-03-21 23:00:00,2025-03-20 14:00:00
20,14,C013,Large evening-peak households,1,2.2980400641025645,0.7777777777777778,0.35747289886039896,4.870281037626361,0.0,True,2025-03-21 21:00:00,2025-03-21 23:00:00,2025-03-20 14:00:00
20,15,C010,Large evening-peak households,1,2.2915583333333336,0.7777777777777778,0.35646462962962966,5.22674566725599,0.0,True,2025-03-21 21:00:00,2025-03-21 23:00:00,2025-03-20 14:00:00
20,16,C027,Large evening-peak households,1,2.1468067307692307,0.6666666666666666,0.2862408974358974,5.512986564691888,0.0,True,2025-03-21 21:00:00,2025-03-21 23:00:00,2025-03-20 14:00:00
20,17,C011,Large evening-peak households,1,2.1360076923076923,0.6111111111111112,0.2610676068376069,5.774054171529494,0.0,True,2025-03-21 21:00:00,2025-03-21 23:00:00,2025-03-20 14:00:00
20,18,C023,Large evening-peak households,1,1.8765724358974363,0.6111111111111112,0.22935885327635336,6.003413024805847,0.0,True,2025-03-21 21:00:00,2025-03-21 23:00:00,2025-03-20 14:00:00
20,19,C047,"Daytime-occupied, high base load",2,3.649147435897436,0.6666666666666666,0.48655299145299147,6.489966016258839,0.0,True,2025-03-21 21:00:00,2025-03-21 23:00:00,2025-03-20 14:00:00
20,20,C037,"Daytime-occupied, high base load",2,3.516585812772134,0.7777777777777778,0.5470244597645543,7.036990476023393,0.0,True,2025-03-21 21:00:00,2025-03-21 23:00:00,2025-03-20 14:00:00
20,21,C024,"Daytime-occupied, high base load",2,2.9988929487179488,0.5555555555555556,0.3332103276353277,7.3702008036587205,0.0,True,2025-03-21 21:00:00,2025-03-21 23:00:00,2025-03-20 14:00:00
20,22,C005,"Daytime-occupied, high base load",2,2.8694333333333333,0.5555555555555556,0.31882592592592596,7.689026729584646,0.0,True,2025-03-21 21:00:00,2025-03-21 23:00:00,2025-03-20 14:00:00
20,23,C044,"Daytime-occupied, high base load",2,2.431050641025641,0.8333333333333334,0.4051751068376069,8.094201836422252,0.0,True,2025-03-21 21:00:00,2025-03-21 23:00:00,2025-03-20 14:00:00
20,24,C019,"Daytime-occupied, high base load",2,2.3709,0.7777777777777778,0.36880666666666667,8.463008503088918,0.0,True,2025-03-21 21:00:00,2025-03-21 23:00:00,2025-03-20 14:00:00
20,25,C041,"Daytime-occupied, high base load",2,2.254684935897436,0.6111111111111112,0.27557260327635336,8.738581106365272,0.0,True,2025-03-21 21:00:00,2025-03-21 23:00:00,2025-03-20 14:00:00
20,26,C012,Medium AC users,3,1.708161001263994,0.5555555555555556,0.18979566680711046,8.928376773172383,0.0,True,2025-03-21 21:00:00,2025-03-21 23:00:00,2025-03-20 14:00:00
20,27,C008,Medium AC users,3,1.6062400641025638,0.7777777777777778,0.2498595655270655,9.178236338699449,0.0,True,2025-03-21 21:00:00,2025-03-21 23:00:00,2025-03-20 14:00:00
20,28,C028,Medium AC users,3,1.2432833333333333,0.5,0.12432833333333333,9.302564672032782,0.0,True,2025-03-21 21:00:00,2025-03-21 23:00:00,2025-03-20 14:00:00
20,29,C001,Medium AC users,3,1.1645939102564105,0.6111111111111112,0.14233925569800573,9.444903927730788,0.0,True,2025-03-21 21:00:00,2025-03-21 23:00:00,2025-03-20 14:00:00
20,30,C014,Medium AC users,3,1.140068269230769,0.6111111111111112,0.13934167735042735,9.584245605081216,0.0,True,2025-03-21 21:00:00,2025-03-21 23:00:00,2025-03-20 14:00:00
20,31,C049,Medium AC users,3,1.0600391025641025,0.7222222222222222,0.15311675925925927,9.737362364340475,0.0,True,2025-03-21 21:00:00,2025-03-21 23:00:00,2025-03-20 14:00:00
20,32,C004,Medium AC users,3,1.022097435897436,0.5,0.1022097435897436,9.839572107930218,0.0,True,2025-03-21 21:00:00,2025-03-21 23:00:00,2025-03-20 14:00:00
20,33,C036,Medium AC users,3,1.0173846153846153,0.2777777777777778,0.05652136752136752,9.896093475451586,0.0,True,2025-03-21 21:00:00,2025-03-21 23:00:00,2025-03-20 14:00:00
20,34,C030,Medium AC users,3,1.0000939102564104,0.6666666666666666,0.13334585470085472,10.02943933015244,0.0,True,2025-03-21 21:00:00,2025-03-21 23:00:00,2025-03-20 14:00:00
20,35,C038,Medium AC users,3,0.999588141025641,0.4444444444444444,0.0888522792022792,10.118291609354719,0.0,True,2025-03-21 21:00:00,2025-03-21 23:00:00,2025-03-20 14:00:00
20,36,C032,Medium AC users,3,0.9838304487179487,0.7777777777777778,0.153040292022792,10.271331901377511,0.0,True,2025-03-21 21:00:00,2025-03-21 23:00:00,2025-03-20 14:00:00
20,37,C039,Medium AC users,3,0.9516083333333334,0.7222222222222222,0.13745453703703706,10.408786438414548,0.0,True,2025-03-21 21:00:00,2025-03-21 23:00:00,2025-03-20 14:00:00
20,38,C040,Medium AC users,3,0.9458250330360093,0.5555555555555556,0.10509167033733438,10.513878108751882,0.0,True,2025-03-21 21:00:00,2025-03-21 23:00:00,2025-03-20 14:00:00
20,39,C017,Medium AC users,3,0.9290423076923078,0.7777777777777778,0.14451769230769232,10.658395801059575,0.0,True,2025-03-21 21:00:00,2025-03-21 23:00:00,2025-03-20 14:00:00
20,40,C020,Medium AC users,3,0.8941397435897436,0.4444444444444444,0.07947908831908831,10.737874889378663,0.0,True,2025-03-21 21:00:00,2025-03-21 23:00:00,2025-03-20 14:00:00
20,41,C025,Medium AC users,3,0.8389663461538461,0.6111111111111112,0.1025403311965812,10.840415220575244,0.0,True,2025-03-21 21:00:00,2025-03-21 23:00:00,2025-03-20 14:00:00
20,42,C048,Medium AC users,3,0.8201714743589744,0.8333333333333334,0.13669524572649575,10.97711046630174,0.0,True,2025-03-21 21:00:00,2025-03-21 23:00:00,2025-03-20 14:00:00
20,43,C003,Low consumers without AC,4,2.407140064102564,0.7222222222222222,0.3476980092592593,11.324808475561,0.0,True,2025-03-21 21:00:00,2025-03-21 23:00:00,2025-03-20 14:00:00
20,44,C046,Low consumers without AC,4,2.158650961538461,0.7777777777777778,0.3357901495726495,11.660598625133648,0.0,True,2025-03-21 21:00:00,2025-03-21 23:00:00,2025-03-20 14:00:00
20,45,C050,Low consumers without AC,4,2.143714423076923,0.6666666666666666,0.2858285897435897,11.946427214877238,0.0,True,2025-03-21 21:00:00,2025-03-21 23:00:00,2025-03-20 14:00:00
20,46,C018,Low consumers without AC,4,2.125250641025641,0.9444444444444444,0.40143623219373215,12.34786344707097,0.0,True,2025-03-21 21:00:00,2025-03-21 23:00:00,2025-03-20 14:00:00
20,47,C026,Low consumers without AC,4,2.059071794871795,0.7777777777777778,0.32030005698005704,12.668163504051028,0.0,True,2025-03-21 21:00:00,2025-03-21 23:00:00,2025-03-20 14:00:00
20,48,C006,Low consumers without AC,4,1.8049778846153843,0.3333333333333333,0.12033185897435894,12.788495363025387,0.0,True,2025-03-21 21:00:00,2025-03-21 23:00:00,2025-03-20 14:00:00
20,49,C045,Low consumers without AC,4,1.446921153846154,0.9444444444444444,0.2733073290598291,13.061802692085216,0.0,True,2025-03-21 21:00:00,2025-03-21 23:00:00,2025-03-20 14:00:00
20,50,C043,Low consumers without AC,4,1.1559727564102564,0.5555555555555556,0.1284414173789174,13.190244109464134,0.0,True,2025-03-21 21:00:00,2025-03-21 23:00:00,2025-03-20 14:00:00
21,1,C033,Large evening-peak households,1,2.083985802469136,0.7,0.291758012345679,0.291758012345679,0.2734999999999997,True,2025-03-24 22:00:00,2025-03-25 00:00:00,2025-03-23 14:00:00
21,2,C022,Large evening-peak households,1,1.9508317901234566,0.7,0.27311645061728396,0.564874462962963,0.2734999999999997,True,2025-03-24 22:00:00,2025-03-25 00:00:00,2025-03-23 14:00:00
21,3,C029,Large evening-peak households,1,1.9278944444444446,0.7,0.26990522222222224,0.8347796851851852,0.2734999999999997,True,2025-03-24 22:00:00,2025-03-25 00:00:00,2025-03-23 14:00:00
21,4,C015,Large evening-peak households,1,1.8939255796828978,0.55,0.20833181376511878,1.0431114989503039,0.2734999999999997,True,2025-03-24 22:00:00,2025-03-25 00:00:00,2025-03-23 14:00:00
21,5,C007,Large evening-peak households,1,1.876275925925926,0.5,0.18762759259259262,1.2307390915428964,0.2734999999999997,True,2025-03-24 22:00:00,2025-03-25 00:00:00,2025-03-23 14:00:00
21,6,C016,Large evening-peak households,1,1.8099743827160495,0.7,0.2533964135802469,1.4841355051231433,0.2734999999999997,True,2025-03-24 22:00:00,2025-03-25 00:00:00,2025-03-23 14:00:00
21,7,C034,Large evening-peak households,1,1.772,0.5,0.17720000000000002,1.6613355051231433,0.2734999999999997,True,2025-03-24 22:00:00,2025-03-25 00:00:00,2025-03-23 14:00:00
21,8,C035,Large evening-peak households,1,1.7003265432098766,0.75,0.25504898148148153,1.916384486604625,0.2734999999999997,True,2025-03-24 22:00:00,2025-03-25 00:00:00,2025-03-23 14:00:00
21,9,C021,Large evening-peak households,1,1.6865197530864198,0.65,0.2192475679012346,2.1356320545058596,0.2734999999999997,True,2025-03-24 22:00:00,2025-03-25 00:00:00,2025-03-23 14:00:00
21,10,C031,Large evening-peak households,1,1.6426558641975308,0.55,0.18069214506172843,2.316324199567588,0.2734999999999997,True,2025-03-24 22:00:00,2025-03-25 00:00:00,2025-03-23 14:00:00
21,11,C002,Large evening-peak households,1,1.6376003086419755,0.3,0.09825601851851853,2.4145802180861065,0.2734999999999997,True,2025-03-24 22:00:00,2025-03-25 00:00:00,2025-03-23 14:00:00
21,12,C013,Large evening-peak households,1,1.63234475308642,0.75,0.24485171296296301,2.6594319310490695,0.2734999999999997,True,2025-03-24 22:00:00,2025-03-25 00:00:00,2025-03-23 14:00:00
21,13,C010,Large evening-peak households,1,1.5748783950617284,0.75,0.2362317592592593,2.8956636903083286,0.2734999999999997,True,2025-03-24 22:00:00,2025-03-25 00:00:00,2025-03-23 14:00:00
21,14,C042,Large evening-peak households,1,1.5650604938271604,0.55,0.17215665432098767,3.0678203446293164,0.2734999999999997,True,2025-03-24 22:00:00,2025-03-25 00:00:00,2025-03-23 14:00:00
21,15,C009,Large evening-peak households,1,1.4959799382716048,0.45,0.13463819444444444,3.2024585390737608,0.2734999999999997,True,2025-03-24 22:00:00,2025-03-25 00:00:00,2025-03-23 14:00:00
21,16,C027,Large evening-peak households,1,1.360342901234568,0.65,0.17684457716049384,3.3793031162342544,0.2734999999999997,True,2025-03-24 22:00:00,2025-03-25 00:00:00,2025-03-23 14:00:00
21,17,C011,Large evening-peak households,1,1.3552305555555557,0.6,0.1626276666666667,3.5419307829009212,0.2734999999999997,True,2025-03-24 22:00:00,2025-03-25 00:00:00,2025-03-23 14:00:00
21,18,C023,Large evening-peak households,1,1.34533487654321,0.65,0.17489353395061732,3.7168243168515387,0.2734999999999997,True,2025-03-24 22:00:00,2025-03-25 00:00:00,2025-03-23 14:00:00
21,19,C047,"Daytime-occupied, high base load",2,2.281351234567901,0.7,0.3193891728395062,4.036213489691045,0.2734999999999997,True,2025-03-24 22:00:00,2025-03-25 00:00:00,2025-03-23 14:00:00
21,20,C037,"Daytime-occupied, high base load",2,2.251236111111111,0.8,0.36019777777777784,4.396411267468823,0.2734999999999997,True,2025-03-24 22:00:00,2025-03-25 00:00:00,2025-03-23 14:00:00
21,21,C024,"Daytime-occupied, high base load",2,2.0345854938271604,0.6,0.24415025925925923,4.6405615267280815,0.2734999999999997,True,2025-03-24 22:00:00,2025-03-25 00:00:00,2025-03-23 14:00:00
21,22,C019,"Daytime-occupied, high base load",2,1.658920061728395,0.75,0.24883800925925925,4.889399535987341,0.2734999999999997,True,2025-03-24 22:00:00,2025-03-25 00:00:00,2025-03-23 14:00:00
21,23,C044,"Daytime-occupied, high base load",2,1.589695061728395,0.8,0.2543512098765432,5.143750745863884,0.2734999999999997,True,2025-03-24 22:00:00,2025-03-25 00:00:00,2025-03-23 14:00:00
21,24,C005,"Daytime-occupied, high base load",2,1.5002833333333332,0.55,0.16503116666666667,5.308781912530551,0.2734999999999997,True,2025-03-24 22:00:00,2025-03-25 00:00:00,2025-03-23 14:00:00
21,25,C041,"Daytime-occupied, high base load",2,1.4364898148148146,0.65,0.18674367592592592,5.495525588456477,0.2734999999999997,True,2025-03-24 22:00:00,2025-03-25 00:00:00,2025-03-23 14:00:00
21,26,C012,Medium AC users,3,1.2227324074074073,0.6,0.14672788888888888,5.642253477345366,0.2734999999999997,True,2025-03-24 22:00:00,2025-03-25 00:00:00,2025-03-23 14:00:00
21,27,C008,Medium AC users,3,1.2112657407407408,0.8,0.19380251851851854,5.836055995863885,0.2734999999999997,True,2025-03-24 22:00:00,2025-03-25 00:00:00,2025-03-23 14:00:00
21,28,C014,Medium AC users,3,1.0960049382716048,0.6,0.13152059259259258,5.9675765884564775,0.2734999999999997,True,2025-03-24 22:00:00,2025-03-25 00:00:00,2025-03-23 14:00:00
21,29,C004,Medium AC users,3,1.0589633258975992,0.55,0.11648596584873593,6.084062554305214,0.2734999999999997,True,2025-03-24 22:00:00,2025-03-25 00:00:00,2025-03-23 14:00:00
21,30,C030,Medium AC users,3,1.0342753086419754,0.65,0.13445579012345682,6.21851834442867,0.2734999999999997,True,2025-03-24 22:00:00,2025-03-25 00:00:00,2025-03-23 14:00:00
21,31,C028,Medium AC users,3,0.9914604938271604,0.5,0.09914604938271604,6.317664393811386,0.2734999999999997,True,2025-03-24 22:00:00,2025-03-25 00:00:00,2025-03-23 14:00:00
21,32,C032,Medium AC users,3,0.9855046296296295,0.75,0.14782569444444443,6.46549008825583,0.2734999999999997,True,2025-03-24 22:00:00,2025-03-25 00:00:00,2025-03-23 14:00:00
21,33,C001,Medium AC users,3,0.9581274691358026,0.55,0.1053940216049383,6.570884109860769,0.2734999999999997,True,2025-03-24 22:00:00,2025-03-25 00:00:00,2025-03-23 14:00:00
21,34,C036,Medium AC users,3,0.9424796296296297,0.25,0.04712398148148149,6.618008091342251,0.2734999999999997,True,2025-03-24 22:00:00,2025-03-25 00:00:00,2025-03-23 14:00:00
21,35,C049,Medium AC users,3,0.897562962962963,0.75,0.13463444444444447,6.752642535786695,0.2734999999999997,True,2025-03-24 22:00:00,2025-03-25 00:00:00,2025-03-23 14:00:00
21,36,C040,Medium AC users,3,0.8706971797036549,0.55,0.09577668976740206,6.848419225554097,0.2734999999999997,True,2025-03-24 22:00:00,2025-03-25 00:00:00,2025-03-23 14:00:00
21,37,C038,Medium AC users,3,0.8599049382716051,0.4,0.0687923950617284,6.917211620615825,0.2734999999999997,True,2025-03-24 22:00:00,2025-03-25 00:00:00,2025-03-23 14:00:00
21,38,C017,Medium AC users,3,0.8560163580246914,0.75,0.1284024537037037,7.045614074319529,0.2734999999999997,True,2025-03-24 22:00:00,2025-03-25 00:00:00,2025-03-23 14:00:00
21,39,C048,Medium AC users,3,0.8468179012345679,0.85,0.14395904320987654,7.189573117529405,0.2734999999999997,True,2025-03-24 22:00:00,2025-03-25 00:00:00,2025-03-23 14:00:00
21,40,C020,Medium AC users,3,0.7941129629629629,0.45,0.07147016666666665,7.261043284196072,0.2734999999999997,True,2025-03-24 22:00:00,2025-03-25 00:00:00,2025-03-23 14:00:00
21,41,C039,Medium AC users,3,0.7850336419753086,0.75,0.11775504629629628,7.378798330492368,0.2734999999999997,True,2025-03-24 22:00:00,2025-03-25 00:00:00,2025-03-23 14:00:00
21,42,C025,Medium AC users,3,0.7344253086419753,0.6,0.08813103703703704,7.4669293675294055,0.2734999999999997,True,2025-03-24 22:00:00,2025-03-25 00:00:00,2025-03-23 14:00:00
21,43,C046,Low consumers without AC,4,1.5228308641975308,0.7,0.21319632098765431,7.68012568851706,0.2734999999999997,True,2025-03-24 22:00:00,2025-03-25 00:00:00,2025-03-23 14:00:00
21,44,C003,Low consumers without AC,4,1.4777429012345678,0.7,0.20688400617283947,7.887009694689899,0.2734999999999997,True,2025-03-24 22:00:00,2025-03-25 00:00:00,2025-03-23 14:00:00
21,45,C018,Low consumers without AC,4,1.443610185185185,0.9,0.25984983333333334,8.146859528023233,0.2734999999999997,True,2025-03-24 22:00:00,2025-03-25 00:00:00,2025-03-23 14:00:00
21,46,C026,Low consumers without AC,4,1.4061740740740742,0.75,0.21092611111111115,8.357785639134345,0.2734999999999997,True,2025-03-24 22:00:00,2025-03-25 00:00:00,2025-03-23 14:00:00
21,47,C050,Low consumers without AC,4,1.3840358024691357,0.65,0.17992465432098767,8.537710293455333,0.2734999999999997,True,2025-03-24 22:00:00,2025-03-25 00:00:00,2025-03-23 14:00:00
21,48,C006,Low consumers without AC,4,1.2160256172839505,0.3,0.07296153703703703,8.61067183049237,0.2734999999999997,True,2025-03-24 22:00:00,2025-03-25 00:00:00,2025-03-23 14:00:00
21,49,C045,Low consumers without AC,4,1.1900444444444447,0.95,0.22610844444444447,8.836780274936814,0.2734999999999997,True,2025-03-24 22:00:00,2025-03-25 00:00:00,2025-03-23 14:00:00
21,50,C043,Low consumers without AC,4,0.9984046296296296,0.5,0.09984046296296296,8.936620737899776,0.2734999999999997,True,2025-03-24 22:00:00,2025-03-25 00:00:00,2025-03-23 14:00:00
22,1,C021,Large evening-peak households,1,3.566325961538461,0.65,0.4636223749999999,0.4636223749999999,0.0,True,2025-03-25 20:00:00,2025-03-25 22:00:00,2025-03-24 14:00:00
22,2,C015,Large evening-peak households,1,3.4858149973968504,0.55,0.38343964971365363,0.8470620247136535,0.0,True,2025-03-25 20:00:00,2025-03-25 22:00:00,2025-03-24 14:00:00
22,3,C022,Large evening-peak households,1,3.1077483974358975,0.7,0.43508477564102566,1.2821468003546792,0.0,True,2025-03-25 20:00:00,2025-03-25 22:00:00,2025-03-24 14:00:00
22,4,C033,Large evening-peak households,1,3.054348076923077,0.7,0.4276087307692308,1.70975553112391,0.0,True,2025-03-25 20:00:00,2025-03-25 22:00:00,2025-03-24 14:00:00
22,5,C016,Large evening-peak households,1,2.904427884615385,0.7,0.40661990384615393,2.116375434970064,0.0,True,2025-03-25 20:00:00,2025-03-25 22:00:00,2025-03-24 14:00:00
22,6,C031,Large evening-peak households,1,2.8975714743589744,0.55,0.3187328621794872,2.4351082971495512,0.0,True,2025-03-25 20:00:00,2025-03-25 22:00:00,2025-03-24 14:00:00
22,7,C002,Large evening-peak households,1,2.8172403846153844,0.3,0.16903442307692307,2.6041427202264744,0.0,True,2025-03-25 20:00:00,2025-03-25 22:00:00,2025-03-24 14:00:00
22,8,C029,Large evening-peak households,1,2.7051477564102564,0.7,0.3787206858974359,2.9828634061239105,0.0,True,2025-03-25 20:00:00,2025-03-25 22:00:00,2025-03-24 14:00:00
22,9,C007,Large evening-peak households,1,2.5871384615384616,0.5,0.2587138461538462,3.241577252277757,0.0,True,2025-03-25 20:00:00,2025-03-25 22:00:00,2025-03-24 14:00:00
22,10,C034,Large evening-peak households,1,2.5743663461538464,0.5,0.25743663461538463,3.4990138868931413,0.0,True,2025-03-25 20:00:00,2025-03-25 22:00:00,2025-03-24 14:00:00
22,11,C009,Large evening-peak households,1,2.4470141025641023,0.45,0.22023126923076922,3.7192451561239106,0.0,True,2025-03-25 20:00:00,2025-03-25 22:00:00,2025-03-24 14:00:00
22,12,C042,Large evening-peak households,1,2.4011298076923073,0.55,0.26412427884615386,3.9833694349700646,0.0,True,2025-03-25 20:00:00,2025-03-25 22:00:00,2025-03-24 14:00:00
22,13,C035,Large evening-peak households,1,2.3676930725139056,0.75,0.3551539608770859,4.33852339584715,0.0,True,2025-03-25 20:00:00,2025-03-25 22:00:00,2025-03-24 14:00:00
22,14,C013,Large evening-peak households,1,2.2673647435897433,0.75,0.3401047115384615,4.678628107385611,0.0,True,2025-03-25 20:00:00,2025-03-25 22:00:00,2025-03-24 14:00:00
22,15,C027,Large evening-peak households,1,2.1846384615384618,0.65,0.28400300000000006,4.9626311073856115,0.0,True,2025-03-25 20:00:00,2025-03-25 22:00:00,2025-03-24 14:00:00
22,16,C010,Large evening-peak households,1,2.1209349358974356,0.75,0.31814024038461536,5.2807713477702265,0.0,True,2025-03-25 20:00:00,2025-03-25 22:00:00,2025-03-24 14:00:00
22,17,C023,Large evening-peak households,1,2.047457051282051,0.65,0.26616941666666666,5.5469407644368935,0.0,True,2025-03-25 20:00:00,2025-03-25 22:00:00,2025-03-24 14:00:00
22,18,C011,Large evening-peak households,1,1.9363801282051278,0.6,0.23236561538461534,5.7793063798215085,0.0,True,2025-03-25 20:00:00,2025-03-25 22:00:00,2025-03-24 14:00:00
22,19,C047,"Daytime-occupied, high base load",2,3.3308929487179486,0.7,0.4663250128205128,6.2456313926420215,0.0,True,2025-03-25 20:00:00,2025-03-25 22:00:00,2025-03-24 14:00:00
22,20,C037,"Daytime-occupied, high base load",2,3.265323076923077,0.8,0.5224516923076924,6.768083084949714,0.0,True,2025-03-25 20:00:00,2025-03-25 22:00:00,2025-03-24 14:00:00
22,21,C005,"Daytime-occupied, high base load",2,3.037275961538462,0.55,0.33410035576923086,7.102183440718945,0.0,True,2025-03-25 20:00:00,2025-03-25 22:00:00,2025-03-24 14:00:00
22,22,C024,"Daytime-occupied, high base load",2,2.7159887820512827,0.6,0.3259186538461539,7.428102094565099,0.0,True,2025-03-25 20:00:00,2025-03-25 22:00:00,2025-03-24 14:00:00
22,23,C044,"Daytime-occupied, high base load",2,2.3739394230769233,0.8,0.37983030769230774,7.807932402257407,0.0,True,2025-03-25 20:00:00,2025-03-25 22:00:00,2025-03-24 14:00:00
22,24,C019,"Daytime-occupied, high base load",2,2.2653096153846155,0.75,0.33979644230769235,8.1477288445651,0.0,True,2025-03-25 20:00:00,2025-03-25 22:00:00,2025-03-24 14:00:00
22,25,C041,"Daytime-occupied, high base load",2,2.2487153846153847,0.65,0.292333,8.440061844565099,0.0,True,2025-03-25 20:00:00,2025-03-25 22:00:00,2025-03-24 14:00:00
22,26,C012,Medium AC users,3,1.72108749097147,0.6,0.20653049891657638,8.646592343481675,0.0,True,2025-03-25 20:00:00,2025-03-25 22:00:00,2025-03-24 14:00:00
22,27,C008,Medium AC users,3,1.4662746794871793,0.8,0.23460394871794868,8.881196292199624,0.0,True,2025-03-25 20:00:00,2025-03-25 22:00:00,2025-03-24 14:00:00
22,28,C028,Medium AC users,3,1.2911602564102564,0.5,0.12911602564102564,9.010312317840649,0.0,True,2025-03-25 20:00:00,2025-03-25 22:00:00,2025-03-24 14:00:00
22,29,C030,Medium AC users,3,1.0380003205128205,0.65,0.13494004166666668,9.145252359507316,0.0,True,2025-03-25 20:00:00,2025-03-25 22:00:00,2025-03-24 14:00:00
22,30,C001,Medium AC users,3,1.0046455128205127,0.55,0.11051100641025642,9.255763365917572,0.0,True,2025-03-25 20:00:00,2025-03-25 22:00:00,2025-03-24 14:00:00
22,31,C025,Medium AC users,3,1.002664423076923,0.6,0.12031973076923078,9.376083096686802,0.0,True,2025-03-25 20:00:00,2025-03-25 22:00:00,2025-03-24 14:00:00
22,32,C004,Medium AC users,3,0.9899471962053242,0.55,0.10889419158258568,9.484977288269388,0.0,True,2025-03-25 20:00:00,2025-03-25 22:00:00,2025-03-24 14:00:00
22,33,C038,Medium AC users,3,0.9821891025641027,0.4,0.07857512820512823,9.563552416474517,0.0,True,2025-03-25 20:00:00,2025-03-25 22:00:00,2025-03-24 14:00:00
22,34,C039,Medium AC users,3,0.9385240384615385,0.75,0.1407786057692308,9.704331022243748,0.0,True,2025-03-25 20:00:00,2025-03-25 22:00:00,2025-03-24 14:00:00
22,35,C020,Medium AC users,3,0.9303913461538463,0.45,0.08373522115384618,9.788066243397594,0.0,True,2025-03-25 20:00:00,2025-03-25 22:00:00,2025-03-24 14:00:00
22,36,C040,Medium AC users,3,0.9290212640720694,0.55,0.10219233904792764,9.890258582445522,0.0,True,2025-03-25 20:00:00,2025-03-25 22:00:00,2025-03-24 14:00:00
22,37,C014,Medium AC users,3,0.9052983974358975,0.6,0.1086358076923077,9.99889439013783,0.0,True,2025-03-25 20:00:00,2025-03-25 22:00:00,2025-03-24 14:00:00
22,38,C036,Medium AC users,3,0.8966961538461539,0.25,0.044834807692307695,10.043729197830137,0.0,True,2025-03-25 20:00:00,2025-03-25 22:00:00,2025-03-24 14:00:00
22,39,C048,Medium AC users,3,0.8263544871794871,0.85,0.14048026282051282,10.18420946065065,0.0,True,2025-03-25 20:00:00,2025-03-25 22:00:00,2025-03-24 14:00:00
22,40,C032,Medium AC users,3,0.8215637820512822,0.75,0.12323456730769233,10.307444027958342,0.0,True,2025-03-25 20:00:00,2025-03-25 22:00:00,2025-03-24 14:00:00
22,41,C017,Medium AC users,3,0.8077426282051282,0.75,0.12116139423076924,10.428605422189111,0.0,True,2025-03-25 20:00:00,2025-03-25 22:00:00,2025-03-24 14:00:00
22,42,C049,Medium AC users,3,0.798359935897436,0.75,0.11975399038461541,10.548359412573726,0.0,True,2025-03-25 20:00:00,2025-03-25 22:00:00,2025-03-24 14:00:00
22,43,C003,Low consumers without AC,4,2.349875641025641,0.7,0.32898258974358974,10.877342002317315,0.0,True,2025-03-25 20:00:00,2025-03-25 22:00:00,2025-03-24 14:00:00
22,44,C050,Low consumers without AC,4,2.2313961538461538,0.65,0.29008150000000005,11.167423502317314,0.0,True,2025-03-25 20:00:00,2025-03-25 22:00:00,2025-03-24 14:00:00
22,45,C018,Low consumers without AC,4,2.1979493589743586,0.9,0.3956308846153846,11.563054386932698,0.0,True,2025-03-25 20:00:00,2025-03-25 22:00:00,2025-03-24 14:00:00
22,46,C046,Low consumers without AC,4,2.027125,0.7,0.2837975,11.846851886932699,0.0,True,2025-03-25 20:00:00,2025-03-25 22:00:00,2025-03-24 14:00:00
22,47,C006,Low consumers without AC,4,1.913069871794872,0.3,0.11478419230769232,11.96163607924039,0.0,True,2025-03-25 20:00:00,2025-03-25 22:00:00,2025-03-24 14:00:00
22,48,C026,Low consumers without AC,4,1.8186294871794872,0.75,0.2727944230769231,12.234430502317315,0.0,True,2025-03-25 20:00:00,2025-03-25 22:00:00,2025-03-24 14:00:00
22,49,C045,Low consumers without AC,4,1.4658282051282052,0.95,0.27850735897435897,12.512937861291674,0.0,True,2025-03-25 20:00:00,2025-03-25 22:00:00,2025-03-24 14:00:00
22,50,C043,Low consumers without AC,4,0.9254157051282051,0.5,0.09254157051282053,12.605479431804493,0.0,True,2025-03-25 20:00:00,2025-03-25 22:00:00,2025-03-24 14:00:00
23,1,C016,Large evening-peak households,1,3.1311985632183905,0.7272727272727273,0.4554470637408568,0.4554470637408568,0.0,True,2025-06-17 19:00:00,2025-06-17 21:00:00,2025-06-16 14:00:00
23,2,C021,Large evening-peak households,1,3.117824712643678,0.6363636363636364,0.3968140543364681,0.852261118077325,0.0,True,2025-06-17 19:00:00,2025-06-17 21:00:00,2025-06-16 14:00:00
23,3,C015,Large evening-peak households,1,2.9260775862068966,0.5454545454545454,0.31920846394984326,1.1714695820271683,0.0,True,2025-06-17 19:00:00,2025-06-17 21:00:00,2025-06-16 14:00:00
23,4,C007,Large evening-peak households,1,2.7816063218390807,0.5,0.2781606321839081,1.4496302142110764,0.0,True,2025-06-17 19:00:00,2025-06-17 21:00:00,2025-06-16 14:00:00
23,5,C022,Large evening-peak households,1,2.7052997126436784,0.6818181818181818,0.36890450626959254,1.818534720480669,0.0,True,2025-06-17 19:00:00,2025-06-17 21:00:00,2025-06-16 14:00:00
23,6,C042,Large evening-peak households,1,2.4745591954022985,0.5454545454545454,0.2699519122257053,2.0884866327063745,0.0,True,2025-06-17 19:00:00,2025-06-17 21:00:00,2025-06-16 14:00:00
23,7,C033,Large evening-peak households,1,2.4666752873563214,0.7272727272727273,0.358789132706374,2.4472757654127486,0.0,True,2025-06-17 19:00:00,2025-06-17 21:00:00,2025-06-16 14:00:00
23,8,C034,Large evening-peak households,1,2.4648112068965515,0.5454545454545454,0.2688884952978056,2.716164260710554,0.0,True,2025-06-17 19:00:00,2025-06-17 21:00:00,2025-06-16 14:00:00
23,9,C031,Large evening-peak households,1,2.426949712643678,0.5909090909090909,0.28682132967607105,3.002985590386625,0.0,True,2025-06-17 19:00:00,2025-06-17 21:00:00,2025-06-16 14:00:00
23,10,C029,Large evening-peak households,1,2.4188275862068966,0.7272727272727273,0.3518294670846396,3.3548150574712645,0.0,True,2025-06-17 19:00:00,2025-06-17 21:00:00,2025-06-16 14:00:00
23,11,C013,Large evening-peak households,1,2.384392816091954,0.7727272727272727,0.3684970715778475,3.723312129049112,0.0,True,2025-06-17 19:00:00,2025-06-17 21:00:00,2025-06-16 14:00:00
23,12,C023,Large evening-peak households,1,2.293287068965517,0.6818181818181818,0.3127209639498432,4.036033092998955,0.0,True,2025-06-17 19:00:00,2025-06-17 21:00:00,2025-06-16 14:00:00
23,13,C035,Large evening-peak households,1,2.1662925287356325,0.7272727272727273,0.3150970950888193,4.351130188087774,0.0,True,2025-06-17 19:00:00,2025-06-17 21:00:00,2025-06-16 14:00:00
23,14,C002,Large evening-peak households,1,2.162828735632184,0.2727272727272727,0.1179724764890282,4.469102664576802,0.0,True,2025-06-17 19:00:00,2025-06-17 21:00:00,2025-06-16 14:00:00
23,15,C027,Large evening-peak households,1,2.115416954022989,0.6363636363636364,0.2692348850574713,4.738337549634274,0.0,True,2025-06-17 19:00:00,2025-06-17 21:00:00,2025-06-16 14:00:00
23,16,C011,Large evening-peak households,1,1.9575103448275866,0.6363636363636364,0.24913768025078376,4.9874752298850575,0.0,True,2025-06-17 19:00:00,2025-06-17 21:00:00,2025-06-16 14:00:00
23,17,C009,Large evening-peak households,1,1.8472382183908045,0.45454545454545453,0.16793074712643677,5.155405977011494,0.0,True,2025-06-17 19:00:00,2025-06-17 21:00:00,2025-06-16 14:00:00
23,18,C010,Large evening-peak households,1,1.483735344827586,0.7727272727272727,0.229304553291536,5.38471053030303,0.0,True,2025-06-17 19:00:00,2025-06-17 21:00:00,2025-06-16 14:00:00
23,19,C037,"Daytime-occupied, high base load",2,2.912809482758621,0.8181818181818182,0.476641551724138,5.861352082027168,0.0,True,2025-06-17 19:00:00,2025-06-17 21:00:00,2025-06-16 14:00:00
23,20,C047,"Daytime-occupied, high base load",2,2.766742816091954,0.6363636363636364,0.3521309038662487,6.213482985893417,0.0,True,2025-06-17 19:00:00,2025-06-17 21:00:00,2025-06-16 14:00:00
23,21,C024,"Daytime-occupied, high base load",2,2.3862126436781605,0.5909090909090909,0.28200694879832805,6.4954899346917445,0.0,True,2025-06-17 19:00:00,2025-06-17 21:00:00,2025-06-16 14:00:00
23,22,C019,"Daytime-occupied, high base load",2,2.229166379310345,0.7727272727272727,0.3445075313479624,6.839997466039707,0.0,True,2025-06-17 19:00:00,2025-06-17 21:00:00,2025-06-16 14:00:00
23,23,C041,"Daytime-occupied, high base load",2,2.013541091954023,0.5909090909090909,0.23796394723093003,7.0779614132706365,0.0,True,2025-06-17 19:00:00,2025-06-17 21:00:00,2025-06-16 14:00:00
23,24,C044,"Daytime-occupied, high base load",2,1.806273275862069,0.8181818181818182,0.2955719905956113,7.373533403866248,0.0,True,2025-06-17 19:00:00,2025-06-17 21:00:00,2025-06-16 14:00:00
23,25,C005,"Daytime-occupied, high base load",2,1.8062178160919538,0.5454545454545454,0.19704194357366767,7.570575347439916,0.0,True,2025-06-17 19:00:00,2025-06-17 21:00:00,2025-06-16 14:00:00
23,26,C020,Medium AC users,3,1.7583281609195403,0.45454545454545453,0.15984801462904913,7.730423362068965,0.0,True,2025-06-17 19:00:00,2025-06-17 21:00:00,2025-06-16 14:00:00
23,27,C001,Medium AC users,3,1.6046022988505748,0.5,0.16046022988505748,7.890883591954022,0.0,True,2025-06-17 19:00:00,2025-06-17 21:00:00,2025-06-16 14:00:00
23,28,C017,Medium AC users,3,1.463358908045977,0.7272727272727273,0.21285220480668757,8.10373579676071,0.0,True,2025-06-17 19:00:00,2025-06-17 21:00:00,2025-06-16 14:00:00
23,29,C012,Medium AC users,3,1.4398327586206896,0.6363636363636364,0.1832514420062696,8.28698723876698,0.0,True,2025-06-17 19:00:00,2025-06-17 21:00:00,2025-06-16 14:00:00
23,30,C028,Medium AC users,3,1.420591091954023,0.5,0.1420591091954023,8.429046347962382,0.0,True,2025-06-17 19:00:00,2025-06-17 21:00:00,2025-06-16 14:00:00
23,31,C040,Medium AC users,3,1.398058908045977,0.5,0.1398058908045977,8.56885223876698,0.0,True,2025-06-17 19:00:00,2025-06-17 21:00:00,2025-06-16 14:00:00
23,32,C032,Medium AC users,3,1.3863511494252874,0.7727272727272727,0.21425426854754442,8.783106507314523,0.0,True,2025-06-17 19:00:00,2025-06-17 21:00:00,2025-06-16 14:00:00
23,33,C008,Medium AC users,3,1.3326125678383567,0.7727272727272727,0.20594921502956423,8.989055722344087,0.0,True,2025-06-17 19:00:00,2025-06-17 21:00:00,2025-06-16 14:00:00
23,34,C030,Medium AC users,3,1.3244382183908048,0.6363636363636364,0.1685648641588297,9.157620586502917,0.0,True,2025-06-17 19:00:00,2025-06-17 21:00:00,2025-06-16 14:00:00
23,35,C004,Medium AC users,3,1.2830600574712645,0.5909090909090909,0.1516343704284222,9.309254956931339,0.0,True,2025-06-17 19:00:00,2025-06-17 21:00:00,2025-06-16 14:00:00
23,36,C049,Medium AC users,3,1.2693752873563215,0.7727272727272727,0.19617618077324972,9.505431137704589,0.0,True,2025-06-17 19:00:00,2025-06-17 21:00:00,2025-06-16 14:00:00
23,37,C014,Medium AC users,3,1.2204140804597703,0.5454545454545454,0.13313608150470221,9.63856721920929,0.0,True,2025-06-17 19:00:00,2025-06-17 21:00:00,2025-06-16 14:00:00
23,38,C048,Medium AC users,3,1.1996922413793103,0.8181818181818182,0.19631327586206898,9.83488049507136,0.0,True,2025-06-17 19:00:00,2025-06-17 21:00:00,2025-06-16 14:00:00
23,39,C036,Medium AC users,3,1.17171408045977,0.22727272727272727,0.05325973092998955,9.88814022600135,0.0,True,2025-06-17 19:00:00,2025-06-17 21:00:00,2025-06-16 14:00:00
23,40,C039,Medium AC users,3,1.1332681034482757,0.7727272727272727,0.17514143416927896,10.063281660170627,0.0,True,2025-06-17 19:00:00,2025-06-17 21:00:00,2025-06-16 14:00:00
23,41,C025,Medium AC users,3,1.0977734678027784,0.5909090909090909,0.12973686437669202,10.19301852454732,0.0,True,2025-06-17 19:00:00,2025-06-17 21:00:00,2025-06-16 14:00:00
23,42,C038,Medium AC users,3,1.0847169540229886,0.36363636363636365,0.07888850574712646,10.271907030294447,0.0,True,2025-06-17 19:00:00,2025-06-17 21:00:00,2025-06-16 14:00:00
23,43,C003,Low consumers without AC,4,1.9702557471264368,0.6818181818181818,0.2686712382445141,10.54057826853896,0.0,True,2025-06-17 19:00:00,2025-06-17 21:00:00,2025-06-16 14:00:00
23,44,C026,Low consumers without AC,4,1.912987643678161,0.7727272727272727,0.29564354493207945,10.83622181347104,0.0,True,2025-06-17 19:00:00,2025-06-17 21:00:00,2025-06-16 14:00:00
23,45,C046,Low consumers without AC,4,1.8513422413793104,0.6818181818181818,0.2524557601880878,11.088677573659128,0.0,True,2025-06-17 19:00:00,2025-06-17 21:00:00,2025-06-16 14:00:00
23,46,C050,Low consumers without AC,4,1.8326652298850572,0.6818181818181818,0.24990889498432597,11.338586468643454,0.0,True,2025-06-17 19:00:00,2025-06-17 21:00:00,2025-06-16 14:00:00
23,47,C043,Low consumers without AC,4,1.8326416666666667,0.5,0.18326416666666667,11.521850635310122,0.0,True,2025-06-17 19:00:00,2025-06-17 21:00:00,2025-06-16 14:00:00
23,48,C018,Low consumers without AC,4,1.7044307471264368,0.9090909090909091,0.30989649947753395,11.831747134787655,0.0,True,2025-06-17 19:00:00,2025-06-17 21:00:00,2025-06-16 14:00:00
23,49,C045,Low consumers without AC,4,1.665576436781609,0.9545454545454546,0.31797368338557996,12.149720818173234,0.0,True,2025-06-17 19:00:00,2025-06-17 21:00:00,2025-06-16 14:00:00
23,50,C006,Low consumers without AC,4,1.5346545977011492,0.2727272727272727,0.08370843260188086,12.233429250775115,0.0,True,2025-06-17 19:00:00,2025-06-17 21:00:00,2025-06-16 14:00:00
24,1,C021,Large evening-peak households,1,3.153280357142857,0.6521739130434783,0.4112974378881988,0.4112974378881988,0.8918333333333329,False,2025-06-23 19:00:00,2025-06-23 21:00:00,2025-06-22 14:00:00
24,2,C016,Large evening-peak households,1,2.9186779761904766,0.6956521739130435,0.4060769358178054,0.8173743737060042,0.8918333333333329,False,2025-06-23 19:00:00,2025-06-23 21:00:00,2025-06-22 14:00:00
24,3,C015,Large evening-peak households,1,2.844195238095238,0.5652173913043478,0.32151772256728783,1.138892096273292,0.8918333333333329,True,2025-06-23 19:00:00,2025-06-23 21:00:00,2025-06-22 14:00:00
24,4,C034,Large evening-peak households,1,2.5971035714285713,0.5217391304347826,0.27100211180124223,1.4098942080745342,0.8918333333333329,True,2025-06-23 19:00:00,2025-06-23 21:00:00,2025-06-22 14:00:00
24,5,C007,Large evening-peak households,1,2.5918366071428567,0.5217391304347826,0.27045251552795024,1.6803467236024845,0.8918333333333329,True,2025-06-23 19:00:00,2025-06-23 21:00:00,2025-06-22 14:00:00
24,6,C042,Large evening-peak households,1,2.462046726190476,0.5217391304347826,0.25690922360248447,1.937255947204969,0.8918333333333329,True,2025-06-23 19:00:00,2025-06-23 21:00:00,2025-06-22 14:00:00
24,7,C022,Large evening-peak households,1,2.4326163392857145,0.6956521739130435,0.33845096894409943,2.2757069161490686,0.8918333333333329,True,2025-06-23 19:00:00,2025-06-23 21:00:00,2025-06-22 14:00:00
24,8,C033,Large evening-peak households,1,2.3888514880952383,0.6956521739130435,0.33236194616977227,2.608068862318841,0.8918333333333329,True,2025-06-23 19:00:00,2025-06-23 21:00:00,2025-06-22 14:00:00
24,9,C029,Large evening-peak households,1,2.2950122023809523,0.7391304347826086,0.33926267339544514,2.9473315357142864,0.8918333333333329,True,2025-06-23 19:00:00,2025-06-23 21:00:00,2025-06-22 14:00:00
24,10,C031,Large evening-peak households,1,2.2478580357142857,0.6086956521739131,0.2736522826086957,3.220983818322982,0.8918333333333329,True,2025-06-23 19:00:00,2025-06-23 21:00:00,2025-06-22 14:00:00
24,11,C023,Large evening-peak households,1,2.2195074404761903,0.6956521739130435,0.3088010351966874,3.5297848535196694,0.8918333333333329,True,2025-06-23 19:00:00,2025-06-23 21:00:00,2025-06-22 14:00:00
24,12,C013,Large evening-peak households,1,2.1674035714285713,0.7391304347826086,0.32039878881987577,3.850183642339545,0.8918333333333329,True,2025-06-23 19:00:00,2025-06-23 21:00:00,2025-06-22 14:00:00
24,13,C002,Large evening-peak households,1,2.110760119047619,0.2608695652173913,0.11012661490683229,3.9603102572463773,0.8918333333333329,True,2025-06-23 19:00:00,2025-06-23 21:00:00,2025-06-22 14:00:00
24,14,C035,Large evening-peak households,1,2.0426479166666667,0.7391304347826086,0.3019566485507246,4.262266905797102,0.8918333333333329,True,2025-06-23 19:00:00,2025-06-23 21:00:00,2025-06-22 14:00:00
24,15,C027,Large evening-peak households,1,2.027199404761905,0.6086956521739131,0.24678949275362322,4.509056398550725,0.8918333333333329,True,2025-06-23 19:00:00,2025-06-23 21:00:00,2025-06-22 14:00:00
24,16,C009,Large evening-peak households,1,1.7566077380952383,0.4782608695652174,0.16802334886128367,4.677079747412009,0.8918333333333329,True,2025-06-23 19:00:00,2025-06-23 21:00:00,2025-06-22 14:00:00
24,17,C011,Large evening-peak households,1,1.7349482142857144,0.6521739130434783,0.22629759316770193,4.903377340579711,0.8918333333333329,True,2025-06-23 19:00:00,2025-06-23 21:00:00,2025-06-22 14:00:00
24,18,C010,Large evening-peak households,1,1.5012080357142854,0.782608695652174,0.23497169254658382,5.138349033126294,0.8918333333333329,True,2025-06-23 19:00:00,2025-06-23 21:00:00,2025-06-22 14:00:00
24,19,C047,"Daytime-occupied, high base load",2,2.8349104166666663,0.6086956521739131,0.34511952898550724,5.483468562111802,0.8918333333333329,True,2025-06-23 19:00:00,2025-06-23 21:00:00,2025-06-22 14:00:00
24,20,C037,"Daytime-occupied, high base load",2,2.774570833333334,0.8260869565217391,0.45840735507246394,5.941875917184266,0.8918333333333329,True,2025-06-23 19:00:00,2025-06-23 21:00:00,2025-06-22 14:00:00
24,21,C024,"Daytime-occupied, high base load",2,2.331197321428572,0.5652173913043478,0.2635266537267082,6.205402570910974,0.8918333333333329,True,2025-06-23 19:00:00,2025-06-23 21:00:00,2025-06-22 14:00:00
24,22,C019,"Daytime-occupied, high base load",2,2.044400892857143,0.782608695652174,0.31999318322981374,6.525395754140788,0.8918333333333329,True,2025-06-23 19:00:00,2025-06-23 21:00:00,2025-06-22 14:00:00
24,23,C005,"Daytime-occupied, high base load",2,1.9045806547619046,0.5652173913043478,0.21530042184265008,6.740696175983437,0.8918333333333329,True,2025-06-23 19:00:00,2025-06-23 21:00:00,2025-06-22 14:00:00
24,24,C041,"Daytime-occupied, high base load",2,1.865916369047619,0.5652173913043478,0.21092967650103522,6.951625852484472,0.8918333333333329,True,2025-06-23 19:00:00,2025-06-23 21:00:00,2025-06-22 14:00:00
24,25,C044,"Daytime-occupied, high base load",2,1.7641122023809523,0.782608695652174,0.2761219099378882,7.227747762422361,0.8918333333333329,True,2025-06-23 19:00:00,2025-06-23 21:00:00,2025-06-22 14:00:00
24,26,C020,Medium AC users,3,1.6469636904761906,0.4782608695652174,0.1575356573498965,7.385283419772257,0.8918333333333329,True,2025-06-23 19:00:00,2025-06-23 21:00:00,2025-06-22 14:00:00
24,27,C001,Medium AC users,3,1.5890934523809523,0.4782608695652174,0.15200024327122152,7.537283663043478,0.8918333333333329,True,2025-06-23 19:00:00,2025-06-23 21:00:00,2025-06-22 14:00:00
24,28,C028,Medium AC users,3,1.4370616071428572,0.5217391304347826,0.1499542546583851,7.6872379177018635,0.8918333333333329,True,2025-06-23 19:00:00,2025-06-23 21:00:00,2025-06-22 14:00:00
24,29,C030,Medium AC users,3,1.3530550595238096,0.6086956521739131,0.16471974637681164,7.851957664078675,0.8918333333333329,True,2025-06-23 19:00:00,2025-06-23 21:00:00,2025-06-22 14:00:00
24,30,C049,Medium AC users,3,1.3413428571428572,0.7391304347826086,0.1982854658385093,8.050243129917185,0.8918333333333329,True,2025-06-23 19:00:00,2025-06-23 21:00:00,2025-06-22 14:00:00
24,31,C004,Medium AC users,3,1.326040773809524,0.6086956521739131,0.1614310507246377,8.211674180641822,0.8918333333333329,True,2025-06-23 19:00:00,2025-06-23 21:00:00,2025-06-22 14:00:00
24,32,C008,Medium AC users,3,1.3169472428802027,0.7391304347826086,0.1946791576431604,8.406353338284982,0.8918333333333329,True,2025-06-23 19:00:00,2025-06-23 21:00:00,2025-06-22 14:00:00
24,33,C017,Medium AC users,3,1.306978273809524,0.7391304347826086,0.19320548395445136,8.599558822239432,0.8918333333333329,True,2025-06-23 19:00:00,2025-06-23 21:00:00,2025-06-22 14:00:00
24,34,C012,Medium AC users,3,1.2841541666666665,0.6086956521739131,0.1563318115942029,8.755890633833635,0.8918333333333329,True,2025-06-23 19:00:00,2025-06-23 21:00:00,2025-06-22 14:00:00
24,35,C040,Medium AC users,3,1.2437449404761904,0.4782608695652174,0.11896690734989648,8.874857541183532,0.8918333333333329,True,2025-06-23 19:00:00,2025-06-23 21:00:00,2025-06-22 14:00:00
24,36,C048,Medium AC users,3,1.1572455357142855,0.782608695652174,0.18113408385093166,9.055991625034464,0.8918333333333329,True,2025-06-23 19:00:00,2025-06-23 21:00:00,2025-06-22 14:00:00
24,37,C039,Medium AC users,3,1.1538485119047621,0.782608695652174,0.18060237577639757,9.236594000810861,0.8918333333333329,True,2025-06-23 19:00:00,2025-06-23 21:00:00,2025-06-22 14:00:00
24,38,C014,Medium AC users,3,1.1520919642857146,0.5217391304347826,0.12021829192546588,9.356812292736327,0.8918333333333329,True,2025-06-23 19:00:00,2025-06-23 21:00:00,2025-06-22 14:00:00
24,39,C032,Medium AC users,3,1.1432220238095236,0.782608695652174,0.17893909937888197,9.535751392115209,0.8918333333333329,True,2025-06-23 19:00:00,2025-06-23 21:00:00,2025-06-22 14:00:00
24,40,C036,Medium AC users,3,1.0637416666666668,0.21739130434782608,0.04624963768115943,9.582001029796368,0.8918333333333329,True,2025-06-23 19:00:00,2025-06-23 21:00:00,2025-06-22 14:00:00
24,41,C025,Medium AC users,3,1.0612391868909725,0.5652173913043478,0.11996616895289254,9.70196719874926,0.8918333333333329,True,2025-06-23 19:00:00,2025-06-23 21:00:00,2025-06-22 14:00:00
24,42,C038,Medium AC users,3,0.9652470238095238,0.391304347826087,0.07554107142857143,9.777508270177831,0.8918333333333329,True,2025-06-23 19:00:00,2025-06-23 21:00:00,2025-06-22 14:00:00
24,43,C003,Low consumers without AC,4,2.036040773809524,0.6521739130434783,0.26557053571428574,10.043078805892117,0.8918333333333329,True,2025-06-23 19:00:00,2025-06-23 21:00:00,2025-06-22 14:00:00
24,44,C043,Low consumers without AC,4,1.9765291666666662,0.5217391304347826,0.20624652173913038,10.249325327631247,0.8918333333333329,True,2025-06-23 19:00:00,2025-06-23 21:00:00,2025-06-22 14:00:00
24,45,C046,Low consumers without AC,4,1.9669327380952382,0.6521739130434783,0.2565564440993789,10.505881771730627,0.8918333333333329,True,2025-06-23 19:00:00,2025-06-23 21:00:00,2025-06-22 14:00:00
24,46,C050,Low consumers without AC,4,1.8369836309523804,0.6521739130434783,0.23960656055900614,10.745488332289632,0.8918333333333329,True,2025-06-23 19:00:00,2025-06-23 21:00:00,2025-06-22 14:00:00
24,47,C026,Low consumers without AC,4,1.8358729166666665,0.7391304347826086,0.2713899094202898,11.016878241709922,0.8918333333333329,True,2025-06-23 19:00:00,2025-06-23 21:00:00,2025-06-22 14:00:00
24,48,C045,Low consumers without AC,4,1.6626458333333336,0.9130434782608695,0.3036135869565218,11.320491828666443,0.8918333333333329,True,2025-06-23 19:00:00,2025-06-23 21:00:00,2025-06-22 14:00:00
24,49,C018,Low consumers without AC,4,1.6315651785714287,0.9130434782608695,0.2979379891304348,11.618429817796878,0.8918333333333329,True,2025-06-23 19:00:00,2025-06-23 21:00:00,2025-06-22 14:00:00
24,50,C006,Low consumers without AC,4,1.5668276785714284,0.30434782608695654,0.09537211956521739,11.713801937362096,0.8918333333333329,True,2025-06-23 19:00:00,2025-06-23 21:00:00,2025-06-22 14:00:00
25,1,C015,Large evening-peak households,1,3.197057098765432,0.5416666666666666,0.3463478523662551,0.3463478523662551,49.242666666666665,False,2025-06-30 19:00:00,2025-06-30 21:00:00,2025-06-29 14:00:00
25,2,C021,Large evening-peak households,1,3.1720762345679017,0.625,0.3965095293209877,0.7428573816872428,49.242666666666665,False,2025-06-30 19:00:00,2025-06-30 21:00:00,2025-06-29 14:00:00
25,3,C016,Large evening-peak households,1,3.1021172839506175,0.7083333333333334,0.43946661522633756,1.1823239969135804,49.242666666666665,False,2025-06-30 19:00:00,2025-06-30 21:00:00,2025-06-29 14:00:00
25,4,C022,Large evening-peak households,1,2.85886200617284,0.7083333333333334,0.40500545087448564,1.587329447788066,49.242666666666665,False,2025-06-30 19:00:00,2025-06-30 21:00:00,2025-06-29 14:00:00
25,5,C033,Large evening-peak households,1,2.8561404320987656,0.7083333333333334,0.40461989454732517,1.9919493423353911,49.242666666666665,False,2025-06-30 19:00:00,2025-06-30 21:00:00,2025-06-29 14:00:00
25,6,C034,Large evening-peak households,1,2.7850283950617287,0.5416666666666666,0.3017114094650206,2.2936607518004117,49.242666666666665,False,2025-06-30 19:00:00,2025-06-30 21:00:00,2025-06-29 14:00:00
25,7,C007,Large evening-peak households,1,2.7106632716049384,0.5,0.27106632716049384,2.564727078960906,49.242666666666665,False,2025-06-30 19:00:00,2025-06-30 21:00:00,2025-06-29 14:00:00
25,8,C042,Large evening-peak households,1,2.6812472222222223,0.5416666666666666,0.29046844907407404,2.85519552803498,49.242666666666665,False,2025-06-30 19:00:00,2025-06-30 21:00:00,2025-06-29 14:00:00
25,9,C029,Large evening-peak households,1,2.6710787037037034,0.75,0.40066180555555553,3.2558573335905354,49.242666666666665,False,2025-06-30 19:00:00,2025-06-30 21:00:00,2025-06-29 14:00:00
25,10,C023,Large evening-peak households,1,2.6421635802469132,0.7083333333333334,0.37430650720164604,3.6301638407921812,49.242666666666665,False,2025-06-30 19:00:00,2025-06-30 21:00:00,2025-06-29 14:00:00
25,11,C031,Large evening-peak households,1,2.641461111111111,0.625,0.3301826388888889,3.9603464796810703,49.242666666666665,False,2025-06-30 19:00:00,2025-06-30 21:00:00,2025-06-29 14:00:00
25,12,C035,Large evening-peak households,1,2.53445,0.75,0.38016750000000005,4.34051397968107,49.242666666666665,False,2025-06-30 19:00:00,2025-06-30 21:00:00,2025-06-29 14:00:00
25,13,C013,Large evening-peak households,1,2.4575212962962962,0.7083333333333334,0.348148850308642,4.688662829989712,49.242666666666665,False,2025-06-30 19:00:00,2025-06-30 21:00:00,2025-06-29 14:00:00
25,14,C002,Large evening-peak households,1,2.445512962962963,0.25,0.12227564814814816,4.81093847813786,49.242666666666665,False,2025-06-30 19:00:00,2025-06-30 21:00:00,2025-06-29 14:00:00
25,15,C027,Large evening-peak households,1,2.445438580246914,0.5833333333333334,0.2853011676954733,5.096239645833333,49.242666666666665,False,2025-06-30 19:00:00,2025-06-30 21:00:00,2025-06-29 14:00:00
25,16,C009,Large evening-peak households,1,2.2986450617283953,0.4583333333333333,0.21070913065843624,5.30694877649177,49.242666666666665,False,2025-06-30 19:00:00,2025-06-30 21:00:00,2025-06-29 14:00:00
25,17,C011,Large evening-peak households,1,2.1660472222222222,0.625,0.2707559027777778,5.577704679269548,49.242666666666665,False,2025-06-30 19:00:00,2025-06-30 21:00:00,2025-06-29 14:00:00
25,18,C010,Large evening-peak households,1,1.7906932098765436,0.7916666666666666,0.2835264248971194,5.861231104166667,49.242666666666665,False,2025-06-30 19:00:00,2025-06-30 21:00:00,2025-06-29 14:00:00
25,19,C047,"Daytime-occupied, high base load",2,3.1559354938271604,0.625,0.39449193672839505,6.255723040895062,49.242666666666665,False,2025-06-30 19:00:00,2025-06-30 21:00:00,2025-06-29 14:00:00
25,20,C037,"Daytime-occupied, high base load",2,3.1194919753086423,0.7916666666666666,0.49391956275720167,6.749642603652264,49.242666666666665,False,2025-06-30 19:00:00,2025-06-30 21:00:00,2025-06-29 14:00:00
25,21,C024,"Daytime-occupied, high base load",2,2.644514197530864,0.5833333333333334,0.3085266563786009,7.058169260030865,49.242666666666665,False,2025-06-30 19:00:00,2025-06-30 21:00:00,2025-06-29 14:00:00
25,22,C019,"Daytime-occupied, high base load",2,2.326669135802469,0.75,0.3490003703703704,7.407169630401235,49.242666666666665,False,2025-06-30 19:00:00,2025-06-30 21:00:00,2025-06-29 14:00:00
25,23,C005,"Daytime-occupied, high base load",2,2.300376234567901,0.5416666666666666,0.2492074254115226,7.656377055812757,49.242666666666665,False,2025-06-30 19:00:00,2025-06-30 21:00:00,2025-06-29 14:00:00
25,24,C041,"Daytime-occupied, high base load",2,2.230054938271605,0.5833333333333334,0.2601730761316873,7.916550131944445,49.242666666666665,False,2025-06-30 19:00:00,2025-06-30 21:00:00,2025-06-29 14:00:00
25,25,C044,"Daytime-occupied, high base load",2,2.0716092592592594,0.7916666666666666,0.3280047993827161,8.24455493132716,49.242666666666665,False,2025-06-30 19:00:00,2025-06-30 21:00:00,2025-06-29 14:00:00
25,26,C020,Medium AC users,3,1.8651132716049383,0.5,0.18651132716049384,8.431066258487654,49.242666666666665,False,2025-06-30 19:00:00,2025-06-30 21:00:00,2025-06-29 14:00:00
25,27,C030,Medium AC users,3,1.8273413580246913,0.5833333333333334,0.21318982510288068,8.644256083590534,49.242666666666665,False,2025-06-30 19:00:00,2025-06-30 21:00:00,2025-06-29 14:00:00
25,28,C001,Medium AC users,3,1.8097012345679009,0.4583333333333333,0.16588927983539092,8.810145363425924,49.242666666666665,False,2025-06-30 19:00:00,2025-06-30 21:00:00,2025-06-29 14:00:00
25,29,C028,Medium AC users,3,1.7900058641975307,0.5,0.17900058641975308,8.989145949845678,49.242666666666665,False,2025-06-30 19:00:00,2025-06-30 21:00:00,2025-06-29 14:00:00
25,30,C049,Medium AC users,3,1.7078074074074072,0.75,0.25617111111111107,9.24531706095679,49.242666666666665,False,2025-06-30 19:00:00,2025-06-30 21:00:00,2025-06-29 14:00:00
25,31,C004,Medium AC users,3,1.5567984567901234,0.5833333333333334,0.18162648662551442,9.426943547582304,49.242666666666665,False,2025-06-30 19:00:00,2025-06-30 21:00:00,2025-06-29 14:00:00
25,32,C008,Medium AC users,3,1.5038020790362598,0.7083333333333334,0.21303862786347016,9.639982175445775,49.242666666666665,False,2025-06-30 19:00:00,2025-06-30 21:00:00,2025-06-29 14:00:00
25,33,C048,Medium AC users,3,1.451028086419753,0.7916666666666666,0.22974611368312756,9.869728289128902,49.242666666666665,False,2025-06-30 19:00:00,2025-06-30 21:00:00,2025-06-29 14:00:00
25,34,C040,Medium AC users,3,1.4324271604938272,0.5,0.14324271604938274,10.012971005178285,49.242666666666665,False,2025-06-30 19:00:00,2025-06-30 21:00:00,2025-06-29 14:00:00
25,35,C017,Medium AC users,3,1.4266577160493827,0.75,0.21399865740740742,10.226969662585692,49.242666666666665,False,2025-06-30 19:00:00,2025-06-30 21:00:00,2025-06-29 14:00:00
25,36,C039,Medium AC users,3,1.4174530864197532,0.7916666666666666,0.22443007201646092,10.451399734602152,49.242666666666665,False,2025-06-30 19:00:00,2025-06-30 21:00:00,2025-06-29 14:00:00
25,37,C014,Medium AC users,3,1.3639015432098764,0.5416666666666666,0.14775600051440327,10.599155735116556,49.242666666666665,False,2025-06-30 19:00:00,2025-06-30 21:00:00,2025-06-29 14:00:00
25,38,C032,Medium AC users,3,1.3546484567901234,0.7916666666666666,0.21448600565843623,10.813641740774992,49.242666666666665,False,2025-06-30 19:00:00,2025-06-30 21:00:00,2025-06-29 14:00:00
25,39,C012,Medium AC users,3,1.3529129629629628,0.5833333333333334,0.15783984567901235,10.971481586454004,49.242666666666665,False,2025-06-30 19:00:00,2025-06-30 21:00:00,2025-06-29 14:00:00
25,40,C036,Medium AC users,3,1.2948845679012346,0.25,0.06474422839506173,11.036225814849066,49.242666666666665,False,2025-06-30 19:00:00,2025-06-30 21:00:00,2025-06-29 14:00:00
25,41,C025,Medium AC users,3,1.0064265432098765,0.5416666666666666,0.10902954218106996,11.145255357030136,49.242666666666665,False,2025-06-30 19:00:00,2025-06-30 21:00:00,2025-06-29 14:00:00
25,42,C038,Medium AC users,3,0.8954444444444444,0.375,0.06715833333333333,11.21241369036347,49.242666666666665,False,2025-06-30 19:00:00,2025-06-30 21:00:00,2025-06-29 14:00:00
25,43,C043,Low consumers without AC,4,2.3167719135802467,0.5,0.23167719135802467,11.444090881721493,49.242666666666665,False,2025-06-30 19:00:00,2025-06-30 21:00:00,2025-06-29 14:00:00
25,44,C003,Low consumers without AC,4,2.1951503086419755,0.625,0.27439378858024693,11.71848467030174,49.242666666666665,False,2025-06-30 19:00:00,2025-06-30 21:00:00,2025-06-29 14:00:00
25,45,C026,Low consumers without AC,4,2.1650506172839505,0.75,0.32475759259259257,12.043242262894331,49.242666666666665,False,2025-06-30 19:00:00,2025-06-30 21:00:00,2025-06-29 14:00:00
25,46,C050,Low consumers without AC,4,1.9118206790123455,0.6666666666666666,0.2549094238683127,12.298151686762644,49.242666666666665,False,2025-06-30 19:00:00,2025-06-30 21:00:00,2025-06-29 14:00:00
25,47,C046,Low consumers without AC,4,1.8095913580246916,0.6666666666666666,0.24127884773662556,12.53943053449927,49.242666666666665,False,2025-06-30 19:00:00,2025-06-30 21:00:00,2025-06-29 14:00:00
25,48,C045,Low consumers without AC,4,1.8025839506172838,0.9166666666666666,0.3304737242798354,12.869904258779105,49.242666666666665,False,2025-06-30 19:00:00,2025-06-30 21:00:00,2025-06-29 14:00:00
25,49,C018,Low consumers without AC,4,1.6523296296296295,0.9166666666666666,0.30292709876543206,13.172831357544537,49.242666666666665,False,2025-06-30 19:00:00,2025-06-30 21:00:00,2025-06-29 14:00:00
25,50,C006,Low consumers without AC,4,1.34839012345679,0.2916666666666667,0.07865609053497943,13.251487448079516,49.242666666666665,False,2025-06-30 19:00:00,2025-06-30 21:00:00,2025-06-29 14:00:00
26,1,C015,Large evening-peak households,1,3.363165064102564,0.5416666666666666,0.3643428819444445,0.3643428819444445,25.029333333333334,False,2025-07-01 19:00:00,2025-07-01 21:00:00,2025-06-30 14:00:00
26,2,C016,Large evening-peak households,1,3.2215294871794873,0.7083333333333334,0.4563833440170941,0.8207262259615385,25.029333333333334,False,2025-07-01 19:00:00,2025-07-01 21:00:00,2025-06-30 14:00:00
26,3,C021,Large evening-peak households,1,3.186326602564103,0.625,0.39829082532051285,1.2190170512820515,25.029333333333334,False,2025-07-01 19:00:00,2025-07-01 21:00:00,2025-06-30 14:00:00
26,4,C033,Large evening-peak households,1,3.112581730769231,0.7083333333333334,0.44094907852564114,1.6599661298076926,25.029333333333334,False,2025-07-01 19:00:00,2025-07-01 21:00:00,2025-06-30 14:00:00
26,5,C022,Large evening-peak households,1,3.0038720833333334,0.7083333333333334,0.42554854513888896,2.0855146749465816,25.029333333333334,False,2025-07-01 19:00:00,2025-07-01 21:00:00,2025-06-30 14:00:00
26,6,C034,Large evening-peak households,1,2.961265384615385,0.5416666666666666,0.32080375000000005,2.4063184249465817,25.029333333333334,False,2025-07-01 19:00:00,2025-07-01 21:00:00,2025-06-30 14:00:00
26,7,C042,Large evening-peak households,1,2.933145192307692,0.5416666666666666,0.3177573958333333,2.724075820779915,25.029333333333334,False,2025-07-01 19:00:00,2025-07-01 21:00:00,2025-06-30 14:00:00
26,8,C023,Large evening-peak households,1,2.8595288461538457,0.7083333333333334,0.40509991987179483,3.12917574065171,25.029333333333334,False,2025-07-01 19:00:00,2025-07-01 21:00:00,2025-06-30 14:00:00
26,9,C007,Large evening-peak households,1,2.8521445512820516,0.5,0.28521445512820515,3.414390195779915,25.029333333333334,False,2025-07-01 19:00:00,2025-07-01 21:00:00,2025-06-30 14:00:00
26,10,C029,Large evening-peak households,1,2.7447766025641025,0.75,0.41171649038461544,3.8261066861645303,25.029333333333334,False,2025-07-01 19:00:00,2025-07-01 21:00:00,2025-06-30 14:00:00
26,11,C031,Large evening-peak households,1,2.7438608974358973,0.625,0.3429826121794872,4.1690892983440175,25.029333333333334,False,2025-07-01 19:00:00,2025-07-01 21:00:00,2025-06-30 14:00:00
26,12,C027,Large evening-peak households,1,2.6588669871794868,0.5833333333333334,0.3102011485042735,4.479290446848291,25.029333333333334,False,2025-07-01 19:00:00,2025-07-01 21:00:00,2025-06-30 14:00:00
26,13,C035,Large evening-peak households,1,2.654347756410257,0.75,0.3981521634615386,4.87744261030983,25.029333333333334,False,2025-07-01 19:00:00,2025-07-01 21:00:00,2025-06-30 14:00:00
26,14,C002,Large evening-peak households,1,2.635890064102564,0.25,0.1317945032051282,5.009237113514958,25.029333333333334,False,2025-07-01 19:00:00,2025-07-01 21:00:00,2025-06-30 14:00:00
26,15,C013,Large evening-peak households,1,2.5903560897435898,0.7083333333333334,0.36696711271367527,5.376204226228634,25.029333333333334,False,2025-07-01 19:00:00,2025-07-01 21:00:00,2025-06-30 14:00:00
26,16,C009,Large evening-peak households,1,2.461030769230769,0.4583333333333333,0.22559448717948716,5.601798713408121,25.029333333333334,False,2025-07-01 19:00:00,2025-07-01 21:00:00,2025-06-30 14:00:00
26,17,C011,Large evening-peak households,1,2.3727259615384617,0.625,0.2965907451923077,5.898389458600429,25.029333333333334,False,2025-07-01 19:00:00,2025-07-01 21:00:00,2025-06-30 14:00:00
26,18,C010,Large evening-peak households,1,1.8609294871794875,0.7916666666666666,0.29464716880341885,6.193036627403847,25.029333333333334,False,2025-07-01 19:00:00,2025-07-01 21:00:00,2025-06-30 14:00:00
26,19,C037,"Daytime-occupied, high base load",2,3.326263461538462,0.7916666666666666,0.5266583814102564,6.719695008814104,25.029333333333334,False,2025-07-01 19:00:00,2025-07-01 21:00:00,2025-06-30 14:00:00
26,20,C047,"Daytime-occupied, high base load",2,3.3121022435897434,0.625,0.4140127804487179,7.133707789262822,25.029333333333334,False,2025-07-01 19:00:00,2025-07-01 21:00:00,2025-06-30 14:00:00
26,21,C024,"Daytime-occupied, high base load",2,2.8755660256410254,0.5833333333333334,0.335482702991453,7.469190492254275,25.029333333333334,False,2025-07-01 19:00:00,2025-07-01 21:00:00,2025-06-30 14:00:00
26,22,C019,"Daytime-occupied, high base load",2,2.481810256410256,0.75,0.37227153846153843,7.841462030715813,25.029333333333334,False,2025-07-01 19:00:00,2025-07-01 21:00:00,2025-06-30 14:00:00
26,23,C005,"Daytime-occupied, high base load",2,2.476308653846154,0.5416666666666666,0.26826677083333333,8.109728801549146,25.029333333333334,False,2025-07-01 19:00:00,2025-07-01 21:00:00,2025-06-30 14:00:00
26,24,C041,"Daytime-occupied, high base load",2,2.447255769230769,0.5833333333333334,0.2855131730769231,8.39524197462607,25.029333333333334,False,2025-07-01 19:00:00,2025-07-01 21:00:00,2025-06-30 14:00:00
26,25,C044,"Daytime-occupied, high base load",2,2.1371291666666665,0.7916666666666666,0.3383787847222222,8.733620759348291,25.029333333333334,False,2025-07-01 19:00:00,2025-07-01 21:00:00,2025-06-30 14:00:00
26,26,C020,Medium AC users,3,2.030456730769231,0.5,0.20304567307692312,8.936666432425215,25.029333333333334,False,2025-07-01 19:00:00,2025-07-01 21:00:00,2025-06-30 14:00:00
26,27,C001,Medium AC users,3,1.9828025641025642,0.4583333333333333,0.18175690170940173,9.118423334134617,25.029333333333334,False,2025-07-01 19:00:00,2025-07-01 21:00:00,2025-06-30 14:00:00
26,28,C030,Medium AC users,3,1.972167628205128,0.5833333333333334,0.2300862232905983,9.348509557425215,25.029333333333334,False,2025-07-01 19:00:00,2025-07-01 21:00:00,2025-06-30 14:00:00
26,29,C028,Medium AC users,3,1.948,0.5,0.1948,9.543309557425216,25.029333333333334,False,2025-07-01 19:00:00,2025-07-01 21:00:00,2025-06-30 14:00:00
26,30,C049,Medium AC users,3,1.7715352564102564,0.75,0.26573028846153846,9.809039845886755,25.029333333333334,False,2025-07-01 19:00:00,2025-07-01 21:00:00,2025-06-30 14:00:00
26,31,C004,Medium AC users,3,1.6891336538461537,0.5833333333333334,0.19706559294871795,10.006105438835473,25.029333333333334,False,2025-07-01 19:00:00,2025-07-01 21:00:00,2025-06-30 14:00:00
26,32,C048,Medium AC users,3,1.5911817307692304,0.7916666666666666,0.2519371073717948,10.258042546207268,25.029333333333334,False,2025-07-01 19:00:00,2025-07-01 21:00:00,2025-06-30 14:00:00
26,33,C008,Medium AC users,3,1.576415300024834,0.7083333333333334,0.22332550083685151,10.48136804704412,25.029333333333334,False,2025-07-01 19:00:00,2025-07-01 21:00:00,2025-06-30 14:00:00
26,34,C039,Medium AC users,3,1.5614038461538462,0.7916666666666666,0.24722227564102567,10.728590322685145,25.029333333333334,False,2025-07-01 19:00:00,2025-07-01 21:00:00,2025-06-30 14:00:00
26,35,C040,Medium AC users,3,1.5419032051282051,0.5,0.15419032051282053,10.882780643197965,25.029333333333334,False,2025-07-01 19:00:00,2025-07-01 21:00:00,2025-06-30 14:00:00
26,36,C017,Medium AC users,3,1.528096794871795,0.75,0.22921451923076927,11.111995162428734,25.029333333333334,False,2025-07-01 19:00:00,2025-07-01 21:00:00,2025-06-30 14:00:00
26,37,C014,Medium AC users,3,1.4943086538461539,0.5416666666666666,0.1618834375,11.273878599928734,25.029333333333334,False,2025-07-01 19:00:00,2025-07-01 21:00:00,2025-06-30 14:00:00
26,38,C032,Medium AC users,3,1.4783240384615384,0.7916666666666666,0.23406797275641025,11.507946572685144,25.029333333333334,False,2025-07-01 19:00:00,2025-07-01 21:00:00,2025-06-30 14:00:00
26,39,C036,Medium AC users,3,1.4203012820512824,0.25,0.07101506410256413,11.578961636787708,25.029333333333334,False,2025-07-01 19:00:00,2025-07-01 21:00:00,2025-06-30 14:00:00
26,40,C012,Medium AC users,3,1.385850641025641,0.5833333333333334,0.1616825747863248,11.740644211574033,25.029333333333334,False,2025-07-01 19:00:00,2025-07-01 21:00:00,2025-06-30 14:00:00
26,41,C025,Medium AC users,3,1.045826923076923,0.5416666666666666,0.11329791666666666,11.8539421282407,25.029333333333334,False,2025-07-01 19:00:00,2025-07-01 21:00:00,2025-06-30 14:00:00
26,42,C038,Medium AC users,3,0.9348019230769231,0.375,0.07011014423076924,11.924052272471469,25.029333333333334,False,2025-07-01 19:00:00,2025-07-01 21:00:00,2025-06-30 14:00:00
26,43,C043,Low consumers without AC,4,2.4504496794871793,0.5,0.24504496794871794,12.169097240420188,25.029333333333334,False,2025-07-01 19:00:00,2025-07-01 21:00:00,2025-06-30 14:00:00
26,44,C003,Low consumers without AC,4,2.345259935897436,0.625,0.2931574919871795,12.462254732407366,25.029333333333334,False,2025-07-01 19:00:00,2025-07-01 21:00:00,2025-06-30 14:00:00
26,45,C026,Low consumers without AC,4,2.3372416666666664,0.75,0.35058625,12.812840982407366,25.029333333333334,False,2025-07-01 19:00:00,2025-07-01 21:00:00,2025-06-30 14:00:00
26,46,C045,Low consumers without AC,4,1.9511538461538462,0.9166666666666666,0.35771153846153847,13.170552520868904,25.029333333333334,False,2025-07-01 19:00:00,2025-07-01 21:00:00,2025-06-30 14:00:00
26,47,C050,Low consumers without AC,4,1.9459695512820512,0.6666666666666666,0.25946260683760686,13.430015127706511,25.029333333333334,False,2025-07-01 19:00:00,2025-07-01 21:00:00,2025-06-30 14:00:00
26,48,C046,Low consumers without AC,4,1.9202070512820515,0.6666666666666666,0.25602760683760684,13.686042734544118,25.029333333333334,False,2025-07-01 19:00:00,2025-07-01 21:00:00,2025-06-30 14:00:00
26,49,C018,Low consumers without AC,4,1.7016314102564105,0.9166666666666666,0.3119657585470086,13.998008493091127,25.029333333333334,False,2025-07-01 19:00:00,2025-07-01 21:00:00,2025-06-30 14:00:00
26,50,C006,Low consumers without AC,4,1.4167320512820514,0.2916666666666667,0.082642702991453,14.08065119608258,25.029333333333334,False,2025-07-01 19:00:00,2025-07-01 21:00:00,2025-06-30 14:00:00
27,1,C015,Large evening-peak households,1,3.9006566666666656,0.52,0.4056682933333333,0.4056682933333333,6.308333333333334,False,2025-07-02 20:00:00,2025-07-02 22:00:00,2025-07-01 14:00:00
27,2,C021,Large evening-peak households,1,3.620086666666667,0.64,0.46337109333333343,0.8690393866666668,6.308333333333334,False,2025-07-02 20:00:00,2025-07-02 22:00:00,2025-07-01 14:00:00
27,3,C016,Large evening-peak households,1,3.583895,0.72,0.51608088,1.3851202666666667,6.308333333333334,False,2025-07-02 20:00:00,2025-07-02 22:00:00,2025-07-01 14:00:00
27,4,C031,Large evening-peak households,1,3.2017546666666665,0.6,0.38421056,1.7693308266666667,6.308333333333334,False,2025-07-02 20:00:00,2025-07-02 22:00:00,2025-07-01 14:00:00
27,5,C033,Large evening-peak households,1,3.1608609999999993,0.68,0.429877096,2.199207922666667,6.308333333333334,False,2025-07-02 20:00:00,2025-07-02 22:00:00,2025-07-01 14:00:00
27,6,C022,Large evening-peak households,1,3.124842166666667,0.72,0.44997727200000004,2.649185194666667,6.308333333333334,False,2025-07-02 20:00:00,2025-07-02 22:00:00,2025-07-01 14:00:00
27,7,C042,Large evening-peak households,1,3.047298,0.52,0.316918992,2.966104186666667,6.308333333333334,False,2025-07-02 20:00:00,2025-07-02 22:00:00,2025-07-01 14:00:00
27,8,C023,Large evening-peak households,1,2.985504666666667,0.68,0.4060286346666668,3.372132821333334,6.308333333333334,False,2025-07-02 20:00:00,2025-07-02 22:00:00,2025-07-01 14:00:00
27,9,C007,Large evening-peak households,1,2.9245573333333335,0.48,0.28075750400000005,3.652890325333334,6.308333333333334,False,2025-07-02 20:00:00,2025-07-02 22:00:00,2025-07-01 14:00:00
27,10,C013,Large evening-peak households,1,2.877326,0.72,0.414334944,4.067225269333334,6.308333333333334,False,2025-07-02 20:00:00,2025-07-02 22:00:00,2025-07-01 14:00:00
27,11,C034,Large evening-peak households,1,2.8666153333333324,0.52,0.29812799466666656,4.365353264,6.308333333333334,False,2025-07-02 20:00:00,2025-07-02 22:00:00,2025-07-01 14:00:00
27,12,C002,Large evening-peak households,1,2.8650452489451483,0.24,0.1375221719493671,4.502875435949368,6.308333333333334,False,2025-07-02 20:00:00,2025-07-02 22:00:00,2025-07-01 14:00:00
27,13,C029,Large evening-peak households,1,2.82478,0.72,0.40676832000000007,4.909643755949368,6.308333333333334,False,2025-07-02 20:00:00,2025-07-02 22:00:00,2025-07-01 14:00:00
27,14,C009,Large evening-peak households,1,2.8067309999999996,0.44,0.24699232799999998,5.156636083949368,6.308333333333334,False,2025-07-02 20:00:00,2025-07-02 22:00:00,2025-07-01 14:00:00
27,15,C035,Large evening-peak households,1,2.5836400000000004,0.76,0.3927132800000001,5.549349363949368,6.308333333333334,False,2025-07-02 20:00:00,2025-07-02 22:00:00,2025-07-01 14:00:00
27,16,C027,Large evening-peak households,1,2.437060666666667,0.56,0.2729507946666667,5.822300158616034,6.308333333333334,False,2025-07-02 20:00:00,2025-07-02 22:00:00,2025-07-01 14:00:00
27,17,C011,Large evening-peak households,1,2.403338333333333,0.6,0.2884006,6.1107007586160345,6.308333333333334,False,2025-07-02 20:00:00,2025-07-02 22:00:00,2025-07-01 14:00:00
27,18,C010,Large evening-peak households,1,1.832437,0.8,0.29318992000000005,6.403890678616034,6.308333333333334,True,2025-07-02 20:00:00,2025-07-02 22:00:00,2025-07-01 14:00:00
27,19,C047,"Daytime-occupied, high base load",2,3.742885333333333,0.64,0.47908932266666665,6.882980001282701,6.308333333333334,True,2025-07-02 20:00:00,2025-07-02 22:00:00,2025-07-01 14:00:00
27,20,C037,"Daytime-occupied, high base load",2,3.740875,0.76,0.568613,7.451593001282701,6.308333333333334,True,2025-07-02 20:00:00,2025-07-02 22:00:00,2025-07-01 14:00:00
27,21,C024,"Daytime-occupied, high base load",2,3.0830923333333335,0.56,0.34530634133333343,7.796899342616034,6.308333333333334,True,2025-07-02 20:00:00,2025-07-02 22:00:00,2025-07-01 14:00:00
27,22,C019,"Daytime-occupied, high base load",2,2.612033333333333,0.72,0.3761328,8.173032142616034,6.308333333333334,True,2025-07-02 20:00:00,2025-07-02 22:00:00,2025-07-01 14:00:00
27,23,C041,"Daytime-occupied, high base load",2,2.6088053333333328,0.56,0.2921861973333333,8.465218339949367,6.308333333333334,True,2025-07-02 20:00:00,2025-07-02 22:00:00,2025-07-01 14:00:00
27,24,C005,"Daytime-occupied, high base load",2,2.4590973333333332,0.52,0.2557461226666667,8.720964462616033,6.308333333333334,True,2025-07-02 20:00:00,2025-07-02 22:00:00,2025-07-01 14:00:00
27,25,C044,"Daytime-occupied, high base load",2,2.1951430000000003,0.8,0.3512228800000001,9.072187342616033,6.308333333333334,True,2025-07-02 20:00:00,2025-07-02 22:00:00,2025-07-01 14:00:00
27,26,C028,Medium AC users,3,1.879055,0.48,0.18038927999999999,9.252576622616033,6.308333333333334,True,2025-07-02 20:00:00,2025-07-02 22:00:00,2025-07-01 14:00:00
27,27,C020,Medium AC users,3,1.7168643333333335,0.52,0.17855389066666671,9.4311305132827,6.308333333333334,True,2025-07-02 20:00:00,2025-07-02 22:00:00,2025-07-01 14:00:00
27,28,C030,Medium AC users,3,1.6632926666666668,0.6,0.19959512000000001,9.6307256332827,6.308333333333334,True,2025-07-02 20:00:00,2025-07-02 22:00:00,2025-07-01 14:00:00
27,29,C012,Medium AC users,3,1.532526333333333,0.56,0.17164294933333332,9.802368582616033,6.308333333333334,True,2025-07-02 20:00:00,2025-07-02 22:00:00,2025-07-01 14:00:00
27,30,C001,Medium AC users,3,1.5255183333333338,0.44,0.13424561333333337,9.936614195949366,6.308333333333334,True,2025-07-02 20:00:00,2025-07-02 22:00:00,2025-07-01 14:00:00
27,31,C008,Medium AC users,3,1.5138713333333333,0.68,0.20588650133333336,10.1425006972827,6.308333333333334,True,2025-07-02 20:00:00,2025-07-02 22:00:00,2025-07-01 14:00:00
27,32,C049,Medium AC users,3,1.428614333333333,0.76,0.21714937866666664,10.359650075949366,6.308333333333334,True,2025-07-02 20:00:00,2025-07-02 22:00:00,2025-07-01 14:00:00
27,33,C048,Medium AC users,3,1.4054346666666666,0.76,0.21362606933333336,10.5732761452827,6.308333333333334,True,2025-07-02 20:00:00,2025-07-02 22:00:00,2025-07-01 14:00:00
27,34,C004,Medium AC users,3,1.391636333333333,0.56,0.15586326933333333,10.729139414616032,6.308333333333334,True,2025-07-02 20:00:00,2025-07-02 22:00:00,2025-07-01 14:00:00
27,35,C017,Medium AC users,3,1.3904673333333333,0.76,0.2113510346666667,10.940490449282699,6.308333333333334,True,2025-07-02 20:00:00,2025-07-02 22:00:00,2025-07-01 14:00:00
27,36,C014,Medium AC users,3,1.3693423333333334,0.52,0.1424116026666667,11.082902051949365,6.308333333333334,True,2025-07-02 20:00:00,2025-07-02 22:00:00,2025-07-01 14:00:00
27,37,C039,Medium AC users,3,1.3349806666666666,0.76,0.20291706133333332,11.285819113282699,6.308333333333334,True,2025-07-02 20:00:00,2025-07-02 22:00:00,2025-07-01 14:00:00
27,38,C040,Medium AC users,3,1.3057253333333332,0.48,0.125349632,11.4111687452827,6.308333333333334,True,2025-07-02 20:00:00,2025-07-02 22:00:00,2025-07-01 14:00:00
27,39,C032,Medium AC users,3,1.2719323333333334,0.76,0.1933337146666667,11.604502459949366,6.308333333333334,True,2025-07-02 20:00:00,2025-07-02 22:00:00,2025-07-01 14:00:00
27,40,C036,Medium AC users,3,1.2256463333333334,0.24,0.058831024,11.663333483949366,6.308333333333334,True,2025-07-02 20:00:00,2025-07-02 22:00:00,2025-07-01 14:00:00
27,41,C025,Medium AC users,3,1.0717616666666667,0.52,0.11146321333333334,11.7747966972827,6.308333333333334,True,2025-07-02 20:00:00,2025-07-02 22:00:00,2025-07-01 14:00:00
27,42,C038,Medium AC users,3,0.8509666666666666,0.36,0.06126960000000001,11.836066297282699,6.308333333333334,True,2025-07-02 20:00:00,2025-07-02 22:00:00,2025-07-01 14:00:00
27,43,C003,Low consumers without AC,4,2.5231006666666667,0.6,0.30277208,12.138838377282699,6.308333333333334,True,2025-07-02 20:00:00,2025-07-02 22:00:00,2025-07-01 14:00:00
27,44,C046,Low consumers without AC,4,2.2804189999999998,0.64,0.291893632,12.4307320092827,6.308333333333334,True,2025-07-02 20:00:00,2025-07-02 22:00:00,2025-07-01 14:00:00
27,45,C026,Low consumers without AC,4,2.274665333333333,0.72,0.32755180799999994,12.758283817282699,6.308333333333334,True,2025-07-02 20:00:00,2025-07-02 22:00:00,2025-07-01 14:00:00
27,46,C050,Low consumers without AC,4,2.1509810512820513,0.64,0.27532557456410256,13.033609391846802,6.308333333333334,True,2025-07-02 20:00:00,2025-07-02 22:00:00,2025-07-01 14:00:00
27,47,C043,Low consumers without AC,4,1.9954666666666667,0.48,0.1915648,13.225174191846802,6.308333333333334,True,2025-07-02 20:00:00,2025-07-02 22:00:00,2025-07-01 14:00:00
27,48,C018,Low consumers without AC,4,1.890338,0.88,0.33269948800000004,13.557873679846802,6.308333333333334,True,2025-07-02 20:00:00,2025-07-02 22:00:00,2025-07-01 14:00:00
27,49,C045,Low consumers without AC,4,1.8876803333333334,0.92,0.34733318133333335,13.905206861180135,6.308333333333334,True,2025-07-02 20:00:00,2025-07-02 22:00:00,2025-07-01 14:00:00
27,50,C006,Low consumers without AC,4,1.5797480000000002,0.28,0.08846588800000002,13.993672749180135,6.308333333333334,True,2025-07-02 20:00:00,2025-07-02 22:00:00,2025-07-01 14:00:00
28,1,C015,Large evening-peak households,1,2.8812031250000003,0.5384615384615384,0.3102834134615385,0.3102834134615385,0.20150000000000007,True,2025-07-03 21:00:00,2025-07-03 23:00:00,2025-07-02 14:00:00
28,2,C016,Large evening-peak households,1,2.724326388888889,0.7307692307692307,0.39817077991453,0.7084541933760684,0.20150000000000007,True,2025-07-03 21:00:00,2025-07-03 23:00:00,2025-07-02 14:00:00
28,3,C031,Large evening-peak households,1,2.695301736111111,0.6153846153846154,0.33172944444444447,1.040183637820513,0.20150000000000007,True,2025-07-03 21:00:00,2025-07-03 23:00:00,2025-07-02 14:00:00
28,4,C021,Large evening-peak households,1,2.685655902777778,0.6153846153846154,0.330542264957265,1.370725902777778,0.20150000000000007,True,2025-07-03 21:00:00,2025-07-03 23:00:00,2025-07-02 14:00:00
28,5,C033,Large evening-peak households,1,2.4710211805555553,0.6923076923076923,0.34214139423076917,1.7128672970085472,0.20150000000000007,True,2025-07-03 21:00:00,2025-07-03 23:00:00,2025-07-02 14:00:00
28,6,C042,Large evening-peak households,1,2.39879375,0.5384615384615384,0.2583316346153846,1.9711989316239318,0.20150000000000007,True,2025-07-03 21:00:00,2025-07-03 23:00:00,2025-07-02 14:00:00
28,7,C013,Large evening-peak households,1,2.362261111111111,0.6923076923076923,0.3270823076923077,2.2982812393162395,0.20150000000000007,True,2025-07-03 21:00:00,2025-07-03 23:00:00,2025-07-02 14:00:00
28,8,C002,Large evening-peak households,1,2.3205795138888887,0.23076923076923078,0.10710366987179487,2.4053849091880344,0.20150000000000007,True,2025-07-03 21:00:00,2025-07-03 23:00:00,2025-07-02 14:00:00
28,9,C022,Large evening-peak households,1,2.3083066319444443,0.6923076923076923,0.31961168749999996,2.7249965966880345,0.20150000000000007,True,2025-07-03 21:00:00,2025-07-03 23:00:00,2025-07-02 14:00:00
28,10,C029,Large evening-peak households,1,2.280619444444444,0.6923076923076923,0.3157780769230769,3.0407746736111116,0.20150000000000007,True,2025-07-03 21:00:00,2025-07-03 23:00:00,2025-07-02 14:00:00
28,11,C023,Large evening-peak households,1,2.2576347222222224,0.6923076923076923,0.312595576923077,3.3533702505341885,0.20150000000000007,True,2025-07-03 21:00:00,2025-07-03 23:00:00,2025-07-02 14:00:00
28,12,C034,Large evening-peak households,1,2.173188888888889,0.5384615384615384,0.23403572649572646,3.587405977029915,0.20150000000000007,True,2025-07-03 21:00:00,2025-07-03 23:00:00,2025-07-02 14:00:00
28,13,C007,Large evening-peak households,1,2.155094097222222,0.5,0.2155094097222222,3.8029153867521375,0.20150000000000007,True,2025-07-03 21:00:00,2025-07-03 23:00:00,2025-07-02 14:00:00
28,14,C027,Large evening-peak households,1,2.1178510416666665,0.5384615384615384,0.22807626602564102,4.030991652777779,0.20150000000000007,True,2025-07-03 21:00:00,2025-07-03 23:00:00,2025-07-02 14:00:00
28,15,C009,Large evening-peak households,1,2.1097319444444445,0.4230769230769231,0.17851577991452994,4.209507432692309,0.20150000000000007,True,2025-07-03 21:00:00,2025-07-03 23:00:00,2025-07-02 14:00:00
28,16,C035,Large evening-peak households,1,2.0872180555555553,0.7692307692307693,0.3211104700854701,4.530617902777779,0.20150000000000007,True,2025-07-03 21:00:00,2025-07-03 23:00:00,2025-07-02 14:00:00
28,17,C011,Large evening-peak households,1,1.9378878472222223,0.5769230769230769,0.2236024439102564,4.754220346688036,0.20150000000000007,True,2025-07-03 21:00:00,2025-07-03 23:00:00,2025-07-02 14:00:00
28,18,C010,Large evening-peak households,1,1.536448611111111,0.8076923076923077,0.24819554487179488,5.0024158915598305,0.20150000000000007,True,2025-07-03 21:00:00,2025-07-03 23:00:00,2025-07-02 14:00:00
28,19,C047,"Daytime-occupied, high base load",2,3.0515114583333336,0.6153846153846154,0.3755706410256411,5.377986532585472,0.20150000000000007,True,2025-07-03 21:00:00,2025-07-03 23:00:00,2025-07-02 14:00:00
28,20,C037,"Daytime-occupied, high base load",2,2.830212847222222,0.7692307692307693,0.4354173611111112,5.813403893696583,0.20150000000000007,True,2025-07-03 21:00:00,2025-07-03 23:00:00,2025-07-02 14:00:00
28,21,C024,"Daytime-occupied, high base load",2,2.282415625,0.5769230769230769,0.26335564903846154,6.0767595427350445,0.20150000000000007,True,2025-07-03 21:00:00,2025-07-03 23:00:00,2025-07-02 14:00:00
28,22,C041,"Daytime-occupied, high base load",2,2.021459722222222,0.5769230769230769,0.23324535256410256,6.310004895299147,0.20150000000000007,True,2025-07-03 21:00:00,2025-07-03 23:00:00,2025-07-02 14:00:00
28,23,C005,"Daytime-occupied, high base load",2,1.9334506944444445,0.5,0.19334506944444446,6.503349964743592,0.20150000000000007,True,2025-07-03 21:00:00,2025-07-03 23:00:00,2025-07-02 14:00:00
28,24,C019,"Daytime-occupied, high base load",2,1.9001496527777777,0.7307692307692307,0.2777141800213675,6.781064144764959,0.20150000000000007,True,2025-07-03 21:00:00,2025-07-03 23:00:00,2025-07-02 14:00:00
28,25,C044,"Daytime-occupied, high base load",2,1.816338888888889,0.8076923076923077,0.2934085897435898,7.074472734508548,0.20150000000000007,True,2025-07-03 21:00:00,2025-07-03 23:00:00,2025-07-02 14:00:00
28,26,C028,Medium AC users,3,1.4698024305555555,0.46153846153846156,0.13567407051282052,7.210146805021369,0.20150000000000007,True,2025-07-03 21:00:00,2025-07-03 23:00:00,2025-07-02 14:00:00
28,27,C001,Medium AC users,3,1.3061902777777776,0.46153846153846156,0.12057141025641026,7.330718215277779,0.20150000000000007,True,2025-07-03 21:00:00,2025-07-03 23:00:00,2025-07-02 14:00:00
28,28,C008,Medium AC users,3,1.266409375,0.6538461538461539,0.16560737980769233,7.496325595085471,0.20150000000000007,True,2025-07-03 21:00:00,2025-07-03 23:00:00,2025-07-02 14:00:00
28,29,C030,Medium AC users,3,1.2442451388888889,0.5769230769230769,0.14356674679487177,7.639892341880343,0.20150000000000007,True,2025-07-03 21:00:00,2025-07-03 23:00:00,2025-07-02 14:00:00
28,30,C014,Medium AC users,3,1.2352809027777776,0.5,0.12352809027777777,7.763420432158121,0.20150000000000007,True,2025-07-03 21:00:00,2025-07-03 23:00:00,2025-07-02 14:00:00
28,31,C020,Medium AC users,3,1.2313347222222222,0.5,0.12313347222222222,7.886553904380343,0.20150000000000007,True,2025-07-03 21:00:00,2025-07-03 23:00:00,2025-07-02 14:00:00
28,32,C049,Medium AC users,3,1.1819097222222221,0.7692307692307693,0.18183226495726496,8.068386169337607,0.20150000000000007,True,2025-07-03 21:00:00,2025-07-03 23:00:00,2025-07-02 14:00:00
28,33,C036,Medium AC users,3,1.160417013888889,0.2692307692307692,0.062483993055555555,8.130870162393164,0.20150000000000007,True,2025-07-03 21:00:00,2025-07-03 23:00:00,2025-07-02 14:00:00
28,34,C048,Medium AC users,3,1.1584788194444444,0.7692307692307693,0.1782275106837607,8.309097673076923,0.20150000000000007,True,2025-07-03 21:00:00,2025-07-03 23:00:00,2025-07-02 14:00:00
28,35,C004,Medium AC users,3,1.1447961805555555,0.5384615384615384,0.12328574252136754,8.432383415598292,0.20150000000000007,True,2025-07-03 21:00:00,2025-07-03 23:00:00,2025-07-02 14:00:00
28,36,C017,Medium AC users,3,1.1320125,0.7692307692307693,0.17415576923076925,8.60653918482906,0.20150000000000007,True,2025-07-03 21:00:00,2025-07-03 23:00:00,2025-07-02 14:00:00
28,37,C012,Medium AC users,3,1.1234347222222223,0.5769230769230769,0.12962708333333334,8.736166268162394,0.20150000000000007,True,2025-07-03 21:00:00,2025-07-03 23:00:00,2025-07-02 14:00:00
28,38,C039,Medium AC users,3,1.0880805555555555,0.7692307692307693,0.16739700854700856,8.903563276709402,0.20150000000000007,True,2025-07-03 21:00:00,2025-07-03 23:00:00,2025-07-02 14:00:00
28,39,C040,Medium AC users,3,1.0878607638888889,0.46153846153846156,0.10041791666666666,9.003981193376069,0.20150000000000007,True,2025-07-03 21:00:00,2025-07-03 23:00:00,2025-07-02 14:00:00
28,40,C032,Medium AC users,3,1.0391729166666668,0.7692307692307693,0.15987275641025644,9.163853949786326,0.20150000000000007,True,2025-07-03 21:00:00,2025-07-03 23:00:00,2025-07-02 14:00:00
28,41,C025,Medium AC users,3,0.9040732638888889,0.5,0.09040732638888889,9.254261276175214,0.20150000000000007,True,2025-07-03 21:00:00,2025-07-03 23:00:00,2025-07-02 14:00:00
28,42,C038,Medium AC users,3,0.7547364583333334,0.34615384615384615,0.052250985576923085,9.306512261752136,0.20150000000000007,True,2025-07-03 21:00:00,2025-07-03 23:00:00,2025-07-02 14:00:00
28,43,C003,Low consumers without AC,4,1.934323611111111,0.5769230769230769,0.22319118589743586,9.529703447649572,0.20150000000000007,True,2025-07-03 21:00:00,2025-07-03 23:00:00,2025-07-02 14:00:00
28,44,C046,Low consumers without AC,4,1.8050506944444447,0.6538461538461539,0.23604509081196584,9.765748538461539,0.20150000000000007,True,2025-07-03 21:00:00,2025-07-03 23:00:00,2025-07-02 14:00:00
28,45,C026,Low consumers without AC,4,1.80064375,0.7307692307692307,0.26317100961538464,10.028919548076923,0.20150000000000007,True,2025-07-03 21:00:00,2025-07-03 23:00:00,2025-07-02 14:00:00
28,46,C043,Low consumers without AC,4,1.6541326388888888,0.5,0.16541326388888888,10.194332811965811,0.20150000000000007,True,2025-07-03 21:00:00,2025-07-03 23:00:00,2025-07-02 14:00:00
28,47,C050,Low consumers without AC,4,1.627664316239316,0.6538461538461539,0.21284841058514134,10.407181222550953,0.20150000000000007,True,2025-07-03 21:00:00,2025-07-03 23:00:00,2025-07-02 14:00:00
28,48,C045,Low consumers without AC,4,1.5972930555555556,0.8846153846153846,0.2825980021367522,10.689779224687705,0.20150000000000007,True,2025-07-03 21:00:00,2025-07-03 23:00:00,2025-07-02 14:00:00
28,49,C006,Low consumers without AC,4,1.4646722222222222,0.2692307692307692,0.07886696581196581,10.76864619049967,0.20150000000000007,True,2025-07-03 21:00:00,2025-07-03 23:00:00,2025-07-02 14:00:00
28,50,C018,Low consumers without AC,4,1.3760895833333333,0.8846153846153846,0.2434620032051282,11.012108193704798,0.20150000000000007,True,2025-07-03 21:00:00,2025-07-03 23:00:00,2025-07-02 14:00:00
29,1,C015,Large evening-peak households,1,3.9531246376811593,0.5357142857142857,0.4235490683229814,0.4235490683229814,21.963833333333334,False,2025-07-07 20:00:00,2025-07-07 22:00:00,2025-07-06 14:00:00
29,2,C021,Large evening-peak households,1,3.6317293728135924,0.6071428571428571,0.4409957095559362,0.8645447778789176,21.963833333333334,False,2025-07-07 20:00:00,2025-07-07 22:00:00,2025-07-06 14:00:00
29,3,C016,Large evening-peak households,1,3.419197826086956,0.7142857142857143,0.48845683229813663,1.3530016101770541,21.963833333333334,False,2025-07-07 20:00:00,2025-07-07 22:00:00,2025-07-06 14:00:00
29,4,C033,Large evening-peak households,1,3.185370652173913,0.6428571428571429,0.4095476552795031,1.762549265456557,21.963833333333334,False,2025-07-07 20:00:00,2025-07-07 22:00:00,2025-07-06 14:00:00
29,5,C022,Large evening-peak households,1,3.069384239130435,0.7142857142857143,0.43848346273291927,2.2010327281894764,21.963833333333334,False,2025-07-07 20:00:00,2025-07-07 22:00:00,2025-07-06 14:00:00
29,6,C042,Large evening-peak households,1,3.0182275362318842,0.5714285714285714,0.34494028985507247,2.545973018044549,21.963833333333334,False,2025-07-07 20:00:00,2025-07-07 22:00:00,2025-07-06 14:00:00
29,7,C031,Large evening-peak households,1,3.013592028985507,0.5714285714285714,0.3444105175983436,2.8903835356428926,21.963833333333334,False,2025-07-07 20:00:00,2025-07-07 22:00:00,2025-07-06 14:00:00
29,8,C007,Large evening-peak households,1,2.9129797101449273,0.4642857142857143,0.2704909730848861,3.1608745087277788,21.963833333333334,False,2025-07-07 20:00:00,2025-07-07 22:00:00,2025-07-06 14:00:00
29,9,C023,Large evening-peak households,1,2.8938452898550717,0.6785714285714286,0.39273614648033117,3.55361065520811,21.963833333333334,False,2025-07-07 20:00:00,2025-07-07 22:00:00,2025-07-06 14:00:00
29,10,C002,Large evening-peak households,1,2.8570687488534214,0.21428571428571427,0.1224458035222895,3.6760564587303994,21.963833333333334,False,2025-07-07 20:00:00,2025-07-07 22:00:00,2025-07-06 14:00:00
29,11,C009,Large evening-peak households,1,2.855389492753623,0.39285714285714285,0.22435203157349895,3.9004084903038985,21.963833333333334,False,2025-07-07 20:00:00,2025-07-07 22:00:00,2025-07-06 14:00:00
29,12,C034,Large evening-peak households,1,2.801134782608696,0.5,0.2801134782608696,4.180521968564768,21.963833333333334,False,2025-07-07 20:00:00,2025-07-07 22:00:00,2025-07-06 14:00:00
29,13,C029,Large evening-peak households,1,2.747595289855072,0.6428571428571429,0.353262251552795,4.533784220117562,21.963833333333334,False,2025-07-07 20:00:00,2025-07-07 22:00:00,2025-07-06 14:00:00
29,14,C013,Large evening-peak households,1,2.7435289855072464,0.7142857142857143,0.39193271221532094,4.925716932332883,21.963833333333334,False,2025-07-07 20:00:00,2025-07-07 22:00:00,2025-07-06 14:00:00
29,15,C035,Large evening-peak households,1,2.485240579710145,0.7142857142857143,0.35503436853002074,5.280751300862904,21.963833333333334,False,2025-07-07 20:00:00,2025-07-07 22:00:00,2025-07-06 14:00:00
29,16,C027,Large evening-peak households,1,2.454959420289855,0.5357142857142857,0.2630313664596273,5.543782667322532,21.963833333333334,False,2025-07-07 20:00:00,2025-07-07 22:00:00,2025-07-06 14:00:00
29,17,C011,Large evening-peak households,1,2.1407246376811595,0.5714285714285714,0.24465424430641824,5.78843691162895,21.963833333333334,False,2025-07-07 20:00:00,2025-07-07 22:00:00,2025-07-06 14:00:00
29,18,C010,Large evening-peak households,1,1.8500315217391303,0.8214285714285714,0.30393375,6.09237066162895,21.963833333333334,False,2025-07-07 20:00:00,2025-07-07 22:00:00,2025-07-06 14:00:00
29,19,C037,"Daytime-occupied, high base load",2,3.896745289855073,0.75,0.584511793478261,6.676882455107211,21.963833333333334,False,2025-07-07 20:00:00,2025-07-07 22:00:00,2025-07-06 14:00:00
29,20,C047,"Daytime-occupied, high base load",2,3.638654347826087,0.6428571428571429,0.46782698757763974,7.14470944268485,21.963833333333334,False,2025-07-07 20:00:00,2025-07-07 22:00:00,2025-07-06 14:00:00
29,21,C024,"Daytime-occupied, high base load",2,3.013580072463768,0.5714285714285714,0.34440915113871634,7.489118593823567,21.963833333333334,False,2025-07-07 20:00:00,2025-07-07 22:00:00,2025-07-06 14:00:00
29,22,C041,"Daytime-occupied, high base load",2,2.5139989130434786,0.5714285714285714,0.2873141614906833,7.77643275531425,21.963833333333334,False,2025-07-07 20:00:00,2025-07-07 22:00:00,2025-07-06 14:00:00
29,23,C019,"Daytime-occupied, high base load",2,2.4897909420289857,0.75,0.37346864130434787,8.149901396618597,21.963833333333334,False,2025-07-07 20:00:00,2025-07-07 22:00:00,2025-07-06 14:00:00
29,24,C005,"Daytime-occupied, high base load",2,2.4414278985507245,0.5,0.24414278985507246,8.39404418647367,21.963833333333334,False,2025-07-07 20:00:00,2025-07-07 22:00:00,2025-07-06 14:00:00
29,25,C044,"Daytime-occupied, high base load",2,2.138984420289855,0.7857142857142857,0.33612612318840585,8.730170309662075,21.963833333333334,False,2025-07-07 20:00:00,2025-07-07 22:00:00,2025-07-06 14:00:00
29,26,C028,Medium AC users,3,1.8542583333333333,0.4642857142857143,0.17218113095238097,8.902351440614456,21.963833333333334,False,2025-07-07 20:00:00,2025-07-07 22:00:00,2025-07-06 14:00:00
29,27,C020,Medium AC users,3,1.7222032608695652,0.5357142857142857,0.18452177795031055,9.086873218564767,21.963833333333334,False,2025-07-07 20:00:00,2025-07-07 22:00:00,2025-07-06 14:00:00
29,28,C001,Medium AC users,3,1.6611184782608697,0.4642857142857143,0.15424671583850935,9.241119934403276,21.963833333333334,False,2025-07-07 20:00:00,2025-07-07 22:00:00,2025-07-06 14:00:00
29,29,C030,Medium AC users,3,1.6350188405797104,0.5357142857142857,0.17518059006211184,9.416300524465388,21.963833333333334,False,2025-07-07 20:00:00,2025-07-07 22:00:00,2025-07-06 14:00:00
29,30,C049,Medium AC users,3,1.56310615942029,0.75,0.23446592391304352,9.650766448378432,21.963833333333334,False,2025-07-07 20:00:00,2025-07-07 22:00:00,2025-07-06 14:00:00
29,31,C008,Medium AC users,3,1.5118079710144927,0.6785714285714286,0.20517393892339544,9.855940387301828,21.963833333333334,False,2025-07-07 20:00:00,2025-07-07 22:00:00,2025-07-06 14:00:00
29,32,C014,Medium AC users,3,1.4940025362318843,0.5357142857142857,0.16007170031055903,10.016012087612387,21.963833333333334,False,2025-07-07 20:00:00,2025-07-07 22:00:00,2025-07-06 14:00:00
29,33,C048,Medium AC users,3,1.4674264492753626,0.75,0.2201139673913044,10.236126055003691,21.963833333333334,False,2025-07-07 20:00:00,2025-07-07 22:00:00,2025-07-06 14:00:00
29,34,C004,Medium AC users,3,1.437003260869565,0.5,0.14370032608695651,10.379826381090648,21.963833333333334,False,2025-07-07 20:00:00,2025-07-07 22:00:00,2025-07-06 14:00:00
29,35,C040,Medium AC users,3,1.413151811594203,0.4642857142857143,0.13122123964803314,10.511047620738681,21.963833333333334,False,2025-07-07 20:00:00,2025-07-07 22:00:00,2025-07-06 14:00:00
29,36,C039,Medium AC users,3,1.4010601449275364,0.75,0.21015902173913048,10.721206642477812,21.963833333333334,False,2025-07-07 20:00:00,2025-07-07 22:00:00,2025-07-06 14:00:00
29,37,C017,Medium AC users,3,1.3608282608695652,0.75,0.20412423913043476,10.925330881608247,21.963833333333334,False,2025-07-07 20:00:00,2025-07-07 22:00:00,2025-07-06 14:00:00
29,38,C012,Medium AC users,3,1.3419750000000001,0.5714285714285714,0.15336857142857144,11.078699453036817,21.963833333333334,False,2025-07-07 20:00:00,2025-07-07 22:00:00,2025-07-06 14:00:00
29,39,C032,Medium AC users,3,1.3374981884057973,0.7857142857142857,0.2101782867494824,11.2888777397863,21.963833333333334,False,2025-07-07 20:00:00,2025-07-07 22:00:00,2025-07-06 14:00:00
29,40,C036,Medium AC users,3,1.2972644927536232,0.2857142857142857,0.07412939958592132,11.36300713937222,21.963833333333334,False,2025-07-07 20:00:00,2025-07-07 22:00:00,2025-07-06 14:00:00
29,41,C025,Medium AC users,3,0.9474199275362318,0.4642857142857143,0.08797470755693582,11.450981846929157,21.963833333333334,False,2025-07-07 20:00:00,2025-07-07 22:00:00,2025-07-06 14:00:00
29,42,C038,Medium AC users,3,0.8565438405797101,0.32142857142857145,0.055063532608695655,11.506045379537852,21.963833333333334,False,2025-07-07 20:00:00,2025-07-07 22:00:00,2025-07-06 14:00:00
29,43,C003,Low consumers without AC,4,2.5931760869565217,0.6071428571428571,0.3148856677018633,11.820931047239716,21.963833333333334,False,2025-07-07 20:00:00,2025-07-07 22:00:00,2025-07-06 14:00:00
29,44,C026,Low consumers without AC,4,2.2883344202898552,0.75,0.34325016304347833,12.164181210283195,21.963833333333334,False,2025-07-07 20:00:00,2025-07-07 22:00:00,2025-07-06 14:00:00
29,45,C043,Low consumers without AC,4,2.114628985507246,0.5,0.21146289855072464,12.375644108833919,21.963833333333334,False,2025-07-07 20:00:00,2025-07-07 22:00:00,2025-07-06 14:00:00
29,46,C050,Low consumers without AC,4,2.070088099219621,0.6785714285714286,0.28094052775123435,12.656584636585153,21.963833333333334,False,2025-07-07 20:00:00,2025-07-07 22:00:00,2025-07-06 14:00:00
29,47,C046,Low consumers without AC,4,2.0246760869565215,0.6785714285714286,0.2747774689440993,12.931362105529253,21.963833333333334,False,2025-07-07 20:00:00,2025-07-07 22:00:00,2025-07-06 14:00:00
29,48,C045,Low consumers without AC,4,1.8992978260869564,0.8571428571428571,0.32559391304347823,13.256956018572732,21.963833333333334,False,2025-07-07 20:00:00,2025-07-07 22:00:00,2025-07-06 14:00:00
29,49,C018,Low consumers without AC,4,1.7587028985507245,0.8928571428571429,0.3140540890269151,13.571010107599646,21.963833333333334,False,2025-07-07 20:00:00,2025-07-07 22:00:00,2025-07-06 14:00:00
29,50,C006,Low consumers without AC,4,1.590033695652174,0.2857142857142857,0.09085906832298137,13.661869175922627,21.963833333333334,False,2025-07-07 20:00:00,2025-07-07 22:00:00,2025-07-06 14:00:00
30,1,C015,Large evening-peak households,1,4.218741666666666,0.5357142857142857,0.4520080357142857,0.4520080357142857,13.782666666666668,False,2025-07-08 20:00:00,2025-07-08 22:00:00,2025-07-07 14:00:00
30,2,C021,Large evening-peak households,1,3.7959572230929983,0.6071428571428571,0.4609376628041497,0.9129456985184354,13.782666666666668,False,2025-07-08 20:00:00,2025-07-08 22:00:00,2025-07-07 14:00:00
30,3,C016,Large evening-peak households,1,3.726622727272727,0.7142857142857143,0.5323746753246753,1.4453203738431109,13.782666666666668,False,2025-07-08 20:00:00,2025-07-08 22:00:00,2025-07-07 14:00:00
30,4,C033,Large evening-peak households,1,3.4365965909090908,0.6428571428571429,0.4418481331168831,1.887168506959994,13.782666666666668,False,2025-07-08 20:00:00,2025-07-08 22:00:00,2025-07-07 14:00:00
30,5,C022,Large evening-peak households,1,3.4260785984848483,0.7142857142857143,0.4894397997835498,2.3766083067435435,13.782666666666668,False,2025-07-08 20:00:00,2025-07-08 22:00:00,2025-07-07 14:00:00
30,6,C023,Large evening-peak households,1,3.162279166666667,0.6785714285714286,0.4291664583333334,2.805774765076877,13.782666666666668,False,2025-07-08 20:00:00,2025-07-08 22:00:00,2025-07-07 14:00:00
30,7,C007,Large evening-peak households,1,3.1329409090909084,0.4642857142857143,0.2909159415584415,3.0966907066353184,13.782666666666668,False,2025-07-08 20:00:00,2025-07-08 22:00:00,2025-07-07 14:00:00
30,8,C002,Large evening-peak households,1,3.1257389192558493,0.21428571428571427,0.13396023939667925,3.230650946031998,13.782666666666668,False,2025-07-08 20:00:00,2025-07-08 22:00:00,2025-07-07 14:00:00
30,9,C009,Large evening-peak households,1,3.033435984848485,0.39285714285714285,0.23834139880952382,3.4689923448415216,13.782666666666668,False,2025-07-08 20:00:00,2025-07-08 22:00:00,2025-07-07 14:00:00
30,10,C042,Large evening-peak households,1,3.028728787878788,0.5714285714285714,0.34614043290043295,3.8151327777419546,13.782666666666668,False,2025-07-08 20:00:00,2025-07-08 22:00:00,2025-07-07 14:00:00
30,11,C031,Large evening-peak households,1,3.020375,0.5714285714285714,0.34518571428571426,4.160318492027669,13.782666666666668,False,2025-07-08 20:00:00,2025-07-08 22:00:00,2025-07-07 14:00:00
30,12,C029,Large evening-peak households,1,3.0009443181818183,0.6428571428571429,0.3858356980519481,4.5461541900796165,13.782666666666668,False,2025-07-08 20:00:00,2025-07-08 22:00:00,2025-07-07 14:00:00
30,13,C034,Large evening-peak households,1,2.9162613636363632,0.5,0.2916261363636363,4.837780326443253,13.782666666666668,False,2025-07-08 20:00:00,2025-07-08 22:00:00,2025-07-07 14:00:00
30,14,C013,Large evening-peak households,1,2.8987757575757573,0.7142857142857143,0.4141108225108225,5.251891148954075,13.782666666666668,False,2025-07-08 20:00:00,2025-07-08 22:00:00,2025-07-07 14:00:00
30,15,C035,Large evening-peak households,1,2.7926780303030303,0.7142857142857143,0.39895400432900435,5.65084515328308,13.782666666666668,False,2025-07-08 20:00:00,2025-07-08 22:00:00,2025-07-07 14:00:00
30,16,C027,Large evening-peak households,1,2.525249242424242,0.5357142857142857,0.27056241883116877,5.921407572114249,13.782666666666668,False,2025-07-08 20:00:00,2025-07-08 22:00:00,2025-07-07 14:00:00
30,17,C011,Large evening-peak households,1,2.1970681818181816,0.5714285714285714,0.2510935064935065,6.172501078607755,13.782666666666668,False,2025-07-08 20:00:00,2025-07-08 22:00:00,2025-07-07 14:00:00
30,18,C010,Large evening-peak households,1,1.948444318181818,0.8214285714285714,0.3201015665584415,6.492602645166197,13.782666666666668,False,2025-07-08 20:00:00,2025-07-08 22:00:00,2025-07-07 14:00:00
30,19,C037,"Daytime-occupied, high base load",2,4.178148106060606,0.75,0.6267222159090909,7.119324861075287,13.782666666666668,False,2025-07-08 20:00:00,2025-07-08 22:00:00,2025-07-07 14:00:00
30,20,C047,"Daytime-occupied, high base load",2,3.8549954545454543,0.6428571428571429,0.49564227272727274,7.61496713380256,13.782666666666668,False,2025-07-08 20:00:00,2025-07-08 22:00:00,2025-07-07 14:00:00
30,21,C024,"Daytime-occupied, high base load",2,3.2461609848484856,0.5714285714285714,0.3709898268398269,7.985956960642387,13.782666666666668,False,2025-07-08 20:00:00,2025-07-08 22:00:00,2025-07-07 14:00:00
30,22,C005,"Daytime-occupied, high base load",2,2.6874412878787877,0.5,0.2687441287878788,8.254701089430265,13.782666666666668,False,2025-07-08 20:00:00,2025-07-08 22:00:00,2025-07-07 14:00:00
30,23,C041,"Daytime-occupied, high base load",2,2.6792223484848487,0.5714285714285714,0.3061968398268399,8.560897929257104,13.782666666666668,False,2025-07-08 20:00:00,2025-07-08 22:00:00,2025-07-07 14:00:00
30,24,C019,"Daytime-occupied, high base load",2,2.671248497910136,0.75,0.40068727468652043,8.961585203943624,13.782666666666668,False,2025-07-08 20:00:00,2025-07-08 22:00:00,2025-07-07 14:00:00
30,25,C044,"Daytime-occupied, high base load",2,2.1859670454545452,0.7857142857142857,0.3435091071428571,9.305094311086481,13.782666666666668,False,2025-07-08 20:00:00,2025-07-08 22:00:00,2025-07-07 14:00:00
30,26,C028,Medium AC users,3,2.047303409090909,0.4642857142857143,0.19010674512987014,9.495201056216352,13.782666666666668,False,2025-07-08 20:00:00,2025-07-08 22:00:00,2025-07-07 14:00:00
30,27,C020,Medium AC users,3,1.931748106060606,0.5357142857142857,0.20697301136363638,9.702174067579989,13.782666666666668,False,2025-07-08 20:00:00,2025-07-08 22:00:00,2025-07-07 14:00:00
30,28,C001,Medium AC users,3,1.8455212121212121,0.4642857142857143,0.17136982683982685,9.873543894419816,13.782666666666668,False,2025-07-08 20:00:00,2025-07-08 22:00:00,2025-07-07 14:00:00
30,29,C030,Medium AC users,3,1.8110727272727274,0.5357142857142857,0.19404350649350652,10.067587400913323,13.782666666666668,False,2025-07-08 20:00:00,2025-07-08 22:00:00,2025-07-07 14:00:00
30,30,C049,Medium AC users,3,1.7523439393939393,0.75,0.2628515909090909,10.330438991822414,13.782666666666668,False,2025-07-08 20:00:00,2025-07-08 22:00:00,2025-07-07 14:00:00
30,31,C008,Medium AC users,3,1.6888382575757577,0.6785714285714286,0.22919947781385286,10.559638469636266,13.782666666666668,False,2025-07-08 20:00:00,2025-07-08 22:00:00,2025-07-07 14:00:00
30,32,C014,Medium AC users,3,1.6845935606060607,0.5357142857142857,0.18049216720779224,10.740130636844057,13.782666666666668,False,2025-07-08 20:00:00,2025-07-08 22:00:00,2025-07-07 14:00:00
30,33,C048,Medium AC users,3,1.640620075757576,0.75,0.24609301136363637,10.986223648207694,13.782666666666668,False,2025-07-08 20:00:00,2025-07-08 22:00:00,2025-07-07 14:00:00
30,34,C039,Medium AC users,3,1.541382196969697,0.75,0.23120732954545456,11.21743097775315,13.782666666666668,False,2025-07-08 20:00:00,2025-07-08 22:00:00,2025-07-07 14:00:00
30,35,C017,Medium AC users,3,1.5200969696969695,0.75,0.22801454545454544,11.445445523207695,13.782666666666668,False,2025-07-08 20:00:00,2025-07-08 22:00:00,2025-07-07 14:00:00
30,36,C004,Medium AC users,3,1.5022708333333332,0.5,0.15022708333333334,11.59567260654103,13.782666666666668,False,2025-07-08 20:00:00,2025-07-08 22:00:00,2025-07-07 14:00:00
30,37,C036,Medium AC users,3,1.4793469696969697,0.2857142857142857,0.08453411255411256,11.680206719095143,13.782666666666668,False,2025-07-08 20:00:00,2025-07-08 22:00:00,2025-07-07 14:00:00
30,38,C040,Medium AC users,3,1.4791458333333332,0.4642857142857143,0.13734925595238096,11.817555975047524,13.782666666666668,False,2025-07-08 20:00:00,2025-07-08 22:00:00,2025-07-07 14:00:00
30,39,C012,Medium AC users,3,1.4518102272727271,0.5714285714285714,0.1659211688311688,11.983477143878693,13.782666666666668,False,2025-07-08 20:00:00,2025-07-08 22:00:00,2025-07-07 14:00:00
30,40,C032,Medium AC users,3,1.397714015151515,0.7857142857142857,0.21964077380952382,12.203117917688216,13.782666666666668,False,2025-07-08 20:00:00,2025-07-08 22:00:00,2025-07-07 14:00:00
30,41,C025,Medium AC users,3,0.9613556818181818,0.4642857142857143,0.08926874188311688,12.292386659571333,13.782666666666668,False,2025-07-08 20:00:00,2025-07-08 22:00:00,2025-07-07 14:00:00
30,42,C038,Medium AC users,3,0.8821094696969696,0.32142857142857145,0.05670703733766234,12.349093696908996,13.782666666666668,False,2025-07-08 20:00:00,2025-07-08 22:00:00,2025-07-07 14:00:00
30,43,C003,Low consumers without AC,4,2.787455681818182,0.6071428571428571,0.33847676136363636,12.687570458272633,13.782666666666668,False,2025-07-08 20:00:00,2025-07-08 22:00:00,2025-07-07 14:00:00
30,44,C026,Low consumers without AC,4,2.529121590909091,0.75,0.3793682386363637,13.066938696908997,13.782666666666668,False,2025-07-08 20:00:00,2025-07-08 22:00:00,2025-07-07 14:00:00
30,45,C043,Low consumers without AC,4,2.311721212121212,0.5,0.23117212121212122,13.298110818121119,13.782666666666668,False,2025-07-08 20:00:00,2025-07-08 22:00:00,2025-07-07 14:00:00
30,46,C050,Low consumers without AC,4,2.162204224941725,0.6785714285714286,0.293442001956377,13.591552820077496,13.782666666666668,False,2025-07-08 20:00:00,2025-07-08 22:00:00,2025-07-07 14:00:00
30,47,C045,Low consumers without AC,4,2.0981045454545457,0.8571428571428571,0.359675064935065,13.95122788501256,13.782666666666668,True,2025-07-08 20:00:00,2025-07-08 22:00:00,2025-07-07 14:00:00
30,48,C046,Low consumers without AC,4,2.0374810606060607,0.6785714285714286,0.2765152867965368,14.227743171809097,13.782666666666668,True,2025-07-08 20:00:00,2025-07-08 22:00:00,2025-07-07 14:00:00
30,49,C018,Low consumers without AC,4,1.7816867424242424,0.8928571428571429,0.31815834686147193,14.545901518670568,13.782666666666668,True,2025-07-08 20:00:00,2025-07-08 22:00:00,2025-07-07 14:00:00
30,50,C006,Low consumers without AC,4,1.6737632575757575,0.2857142857142857,0.09564361471861471,14.641545133389183,13.782666666666668,True,2025-07-08 20:00:00,2025-07-08 22:00:00,2025-07-07 14:00:00
31,1,C015,Large evening-peak households,1,3.9299208333333326,0.5,0.3929920833333333,0.3929920833333333,0.0,True,2025-07-21 20:00:00,2025-07-21 22:00:00,2025-07-20 14:00:00
31,2,C016,Large evening-peak households,1,3.616092424242424,0.7333333333333333,0.5303602222222222,0.9233523055555555,0.0,True,2025-07-21 20:00:00,2025-07-21 22:00:00,2025-07-20 14:00:00
31,3,C033,Large evening-peak households,1,3.417165151515152,0.6333333333333333,0.43284091919191925,1.3561932247474746,0.0,True,2025-07-21 20:00:00,2025-07-21 22:00:00,2025-07-20 14:00:00
31,4,C022,Large evening-peak households,1,3.2924863636363644,0.7333333333333333,0.48289800000000005,1.8390912247474747,0.0,True,2025-07-21 20:00:00,2025-07-21 22:00:00,2025-07-20 14:00:00
31,5,C007,Large evening-peak households,1,3.2560678030303034,0.4666666666666667,0.30389966161616166,2.1429908863636364,0.0,True,2025-07-21 20:00:00,2025-07-21 22:00:00,2025-07-20 14:00:00
31,6,C023,Large evening-peak households,1,2.9794367424242423,0.6666666666666666,0.3972582323232323,2.5402491186868685,0.0,True,2025-07-21 20:00:00,2025-07-21 22:00:00,2025-07-20 14:00:00
31,7,C013,Large evening-peak households,1,2.8764871212121212,0.7,0.402708196969697,2.9429573156565656,0.0,True,2025-07-21 20:00:00,2025-07-21 22:00:00,2025-07-20 14:00:00
31,8,C027,Large evening-peak households,1,2.8636291666666667,0.5,0.2863629166666667,3.229320232323232,0.0,True,2025-07-21 20:00:00,2025-07-21 22:00:00,2025-07-20 14:00:00
31,9,C009,Large evening-peak households,1,2.8190166666666663,0.4,0.22552133333333335,3.4548415656565656,0.0,True,2025-07-21 20:00:00,2025-07-21 22:00:00,2025-07-20 14:00:00
31,10,C029,Large evening-peak households,1,2.76870022618269,0.6666666666666666,0.369160030157692,3.8240015958142575,0.0,True,2025-07-21 20:00:00,2025-07-21 22:00:00,2025-07-20 14:00:00
31,11,C035,Large evening-peak households,1,2.5786109848484844,0.7333333333333333,0.3781962777777777,4.202197873592035,0.0,True,2025-07-21 20:00:00,2025-07-21 22:00:00,2025-07-20 14:00:00
31,12,C034,Large evening-peak households,1,2.4692117424242426,0.4666666666666667,0.23045976262626267,4.4326576362182974,0.0,True,2025-07-21 20:00:00,2025-07-21 22:00:00,2025-07-20 14:00:00
31,13,C031,Large evening-peak households,1,2.4681757575757577,0.5333333333333333,0.2632720808080808,4.695929717026378,0.0,True,2025-07-21 20:00:00,2025-07-21 22:00:00,2025-07-20 14:00:00
31,14,C002,Large evening-peak households,1,2.1138377828922135,0.26666666666666666,0.11273801508758473,4.808667732113963,0.0,True,2025-07-21 20:00:00,2025-07-21 22:00:00,2025-07-20 14:00:00
31,15,C010,Large evening-peak households,1,1.8759352272727272,0.8,0.3001496363636364,5.1088173684776,0.0,True,2025-07-21 20:00:00,2025-07-21 22:00:00,2025-07-20 14:00:00
31,16,C042,Large evening-peak households,1,1.782017803030303,0.5666666666666667,0.2019620176767677,5.310779386154367,0.0,True,2025-07-21 20:00:00,2025-07-21 22:00:00,2025-07-20 14:00:00
31,17,C021,Large evening-peak households,1,1.6648723746081506,0.5666666666666667,0.18868553578892375,5.499464921943291,0.0,True,2025-07-21 20:00:00,2025-07-21 22:00:00,2025-07-20 14:00:00
31,18,C011,Large evening-peak households,1,1.4737041666666668,0.5666666666666667,0.1670198055555556,5.666484727498847,0.0,True,2025-07-21 20:00:00,2025-07-21 22:00:00,2025-07-20 14:00:00
31,19,C037,"Daytime-occupied, high base load",2,3.868163636363637,0.7,0.5415429090909092,6.2080276365897555,0.0,True,2025-07-21 20:00:00,2025-07-21 22:00:00,2025-07-20 14:00:00
31,20,C047,"Daytime-occupied, high base load",2,3.5905575757575763,0.6666666666666666,0.4787410101010101,6.686768646690766,0.0,True,2025-07-21 20:00:00,2025-07-21 22:00:00,2025-07-20 14:00:00
31,21,C024,"Daytime-occupied, high base load",2,3.1932098484848486,0.5666666666666667,0.3618971161616162,7.048665762852382,0.0,True,2025-07-21 20:00:00,2025-07-21 22:00:00,2025-07-20 14:00:00
31,22,C041,"Daytime-occupied, high base load",2,2.942003409090909,0.5333333333333333,0.31381369696969696,7.362479459822079,0.0,True,2025-07-21 20:00:00,2025-07-21 22:00:00,2025-07-20 14:00:00
31,23,C019,"Daytime-occupied, high base load",2,2.6337742554858936,0.7333333333333333,0.3862868908045977,7.748766350626676,0.0,True,2025-07-21 20:00:00,2025-07-21 22:00:00,2025-07-20 14:00:00
31,24,C005,"Daytime-occupied, high base load",2,2.617945833333333,0.4666666666666667,0.2443416111111111,7.993107961737787,0.0,True,2025-07-21 20:00:00,2025-07-21 22:00:00,2025-07-20 14:00:00
31,25,C044,"Daytime-occupied, high base load",2,2.2442265151515155,0.8,0.3590762424242425,8.35218420416203,0.0,True,2025-07-21 20:00:00,2025-07-21 22:00:00,2025-07-20 14:00:00
31,26,C020,Medium AC users,3,1.883226515151515,0.5333333333333333,0.20087749494949492,8.553061699111526,0.0,True,2025-07-21 20:00:00,2025-07-21 22:00:00,2025-07-20 14:00:00
31,27,C001,Medium AC users,3,1.853124621212121,0.43333333333333335,0.16060413383838384,8.713665832949909,0.0,True,2025-07-21 20:00:00,2025-07-21 22:00:00,2025-07-20 14:00:00
31,28,C028,Medium AC users,3,1.8247397727272732,0.43333333333333335,0.1581441136363637,8.871809946586273,0.0,True,2025-07-21 20:00:00,2025-07-21 22:00:00,2025-07-20 14:00:00
31,29,C049,Medium AC users,3,1.7074310606060605,0.7333333333333333,0.2504232222222222,9.122233168808496,0.0,True,2025-07-21 20:00:00,2025-07-21 22:00:00,2025-07-20 14:00:00
31,30,C014,Medium AC users,3,1.675482196969697,0.5,0.1675482196969697,9.289781388505466,0.0,True,2025-07-21 20:00:00,2025-07-21 22:00:00,2025-07-20 14:00:00
31,31,C008,Medium AC users,3,1.6740397727272727,0.6666666666666666,0.223205303030303,9.512986691535769,0.0,True,2025-07-21 20:00:00,2025-07-21 22:00:00,2025-07-20 14:00:00
31,32,C048,Medium AC users,3,1.6594973484848488,0.7666666666666667,0.2544562601010102,9.76744295163678,0.0,True,2025-07-21 20:00:00,2025-07-21 22:00:00,2025-07-20 14:00:00
31,33,C030,Medium AC users,3,1.6444147727272727,0.5333333333333333,0.17540424242424243,9.942847194061022,0.0,True,2025-07-21 20:00:00,2025-07-21 22:00:00,2025-07-20 14:00:00
31,34,C004,Medium AC users,3,1.6290420454545453,0.4666666666666667,0.15204392424242424,10.094891118303446,0.0,True,2025-07-21 20:00:00,2025-07-21 22:00:00,2025-07-20 14:00:00
31,35,C012,Medium AC users,3,1.5837753787878788,0.5333333333333333,0.16893604040404042,10.263827158707485,0.0,True,2025-07-21 20:00:00,2025-07-21 22:00:00,2025-07-20 14:00:00
31,36,C039,Medium AC users,3,1.5401844696969695,0.7333333333333333,0.2258937222222222,10.489720880929708,0.0,True,2025-07-21 20:00:00,2025-07-21 22:00:00,2025-07-20 14:00:00
31,37,C032,Medium AC users,3,1.414964772727273,0.7333333333333333,0.20752816666666668,10.697249047596374,0.0,True,2025-07-21 20:00:00,2025-07-21 22:00:00,2025-07-20 14:00:00
31,38,C017,Medium AC users,3,1.2385814393939394,0.7,0.17340140151515152,10.870650449111526,0.0,True,2025-07-21 20:00:00,2025-07-21 22:00:00,2025-07-20 14:00:00
31,39,C036,Medium AC users,3,1.1404117424242424,0.26666666666666666,0.060821959595959596,10.931472408707485,0.0,True,2025-07-21 20:00:00,2025-07-21 22:00:00,2025-07-20 14:00:00
31,40,C040,Medium AC users,3,1.0966973484848483,0.43333333333333335,0.09504710353535353,11.026519512242839,0.0,True,2025-07-21 20:00:00,2025-07-21 22:00:00,2025-07-20 14:00:00
31,41,C038,Medium AC users,3,0.7851113636363636,0.3333333333333333,0.05234075757575757,11.078860269818597,0.0,True,2025-07-21 20:00:00,2025-07-21 22:00:00,2025-07-20 14:00:00
31,42,C025,Medium AC users,3,0.678915909090909,0.43333333333333335,0.05883937878787879,11.137699648606475,0.0,True,2025-07-21 20:00:00,2025-07-21 22:00:00,2025-07-20 14:00:00
31,43,C045,Low consumers without AC,4,2.360265909090909,0.8666666666666667,0.40911275757575755,11.546812406182232,0.0,True,2025-07-21 20:00:00,2025-07-21 22:00:00,2025-07-20 14:00:00
31,44,C026,Low consumers without AC,4,2.2697151515151517,0.7333333333333333,0.3328915555555556,11.879703961737787,0.0,True,2025-07-21 20:00:00,2025-07-21 22:00:00,2025-07-20 14:00:00
31,45,C043,Low consumers without AC,4,2.262276515151515,0.4666666666666667,0.2111458080808081,12.090849769818595,0.0,True,2025-07-21 20:00:00,2025-07-21 22:00:00,2025-07-20 14:00:00
31,46,C003,Low consumers without AC,4,2.2419321969696973,0.6,0.26903186363636367,12.35988163345496,0.0,True,2025-07-21 20:00:00,2025-07-21 22:00:00,2025-07-20 14:00:00
31,47,C050,Low consumers without AC,4,1.9618056818181815,0.6333333333333333,0.24849538636363633,12.608377019818596,0.0,True,2025-07-21 20:00:00,2025-07-21 22:00:00,2025-07-20 14:00:00
31,48,C018,Low consumers without AC,4,1.6156143939393937,0.8666666666666667,0.28003982828282825,12.888416848101423,0.0,True,2025-07-21 20:00:00,2025-07-21 22:00:00,2025-07-20 14:00:00
31,49,C006,Low consumers without AC,4,1.490292803030303,0.26666666666666666,0.07948228282828285,12.967899130929705,0.0,True,2025-07-21 20:00:00,2025-07-21 22:00:00,2025-07-20 14:00:00
31,50,C046,Low consumers without AC,4,1.1044386363636365,0.6333333333333333,0.13989556060606062,13.107794691535766,0.0,True,2025-07-21 20:00:00,2025-07-21 22:00:00,2025-07-20 14:00:00
32,1,C015,Large evening-peak households,1,3.150860119047619,0.4838709677419355,0.30492194700460834,0.30492194700460834,6.216,False,2025-08-09 19:00:00,2025-08-09 21:00:00,2025-08-08 14:00:00
32,2,C033,Large evening-peak households,1,2.642236607142856,0.6451612903225806,0.34093375576036855,0.645855702764977,6.216,False,2025-08-09 19:00:00,2025-08-09 21:00:00,2025-08-08 14:00:00
32,3,C016,Large evening-peak households,1,2.612245833333333,0.7419354838709677,0.3876235752688172,1.033479278033794,6.216,False,2025-08-09 19:00:00,2025-08-09 21:00:00,2025-08-08 14:00:00
32,4,C022,Large evening-peak households,1,2.5706288690476184,0.7419354838709677,0.3814481547619047,1.4149274327956987,6.216,False,2025-08-09 19:00:00,2025-08-09 21:00:00,2025-08-08 14:00:00
32,5,C035,Large evening-peak households,1,2.4961047619047614,0.7419354838709677,0.3703897388632872,1.7853171716589857,6.216,False,2025-08-09 19:00:00,2025-08-09 21:00:00,2025-08-08 14:00:00
32,6,C034,Large evening-peak households,1,2.4407738095238094,0.4838709677419355,0.23620391705069124,2.021521088709677,6.216,False,2025-08-09 19:00:00,2025-08-09 21:00:00,2025-08-08 14:00:00
32,7,C023,Large evening-peak households,1,2.4166934523809522,0.6774193548387096,0.3274229838709677,2.3489440725806445,6.216,False,2025-08-09 19:00:00,2025-08-09 21:00:00,2025-08-08 14:00:00
32,8,C031,Large evening-peak households,1,2.3857851190476187,0.5483870967741935,0.26166675499231945,2.610610827572964,6.216,False,2025-08-09 19:00:00,2025-08-09 21:00:00,2025-08-08 14:00:00
32,9,C013,Large evening-peak households,1,2.353502976190476,0.6774193548387096,0.3188616935483871,2.929472521121351,6.216,False,2025-08-09 19:00:00,2025-08-09 21:00:00,2025-08-08 14:00:00
32,10,C029,Large evening-peak households,1,2.3308982292737244,0.6451612903225806,0.30076106184177087,3.230233582963122,6.216,False,2025-08-09 19:00:00,2025-08-09 21:00:00,2025-08-08 14:00:00
32,11,C002,Large evening-peak households,1,2.1935116071428573,0.25806451612903225,0.11321350230414746,3.3434470852672695,6.216,False,2025-08-09 19:00:00,2025-08-09 21:00:00,2025-08-08 14:00:00
32,12,C027,Large evening-peak households,1,2.1908464285714286,0.4838709677419355,0.21201739631336408,3.5554644815806338,6.216,False,2025-08-09 19:00:00,2025-08-09 21:00:00,2025-08-08 14:00:00
32,13,C021,Large evening-peak households,1,1.8887443452380952,0.5483870967741935,0.20715260560675886,3.7626170871873925,6.216,False,2025-08-09 19:00:00,2025-08-09 21:00:00,2025-08-08 14:00:00
32,14,C009,Large evening-peak households,1,1.847206845238095,0.3870967741935484,0.14300956221198155,3.905626649399374,6.216,False,2025-08-09 19:00:00,2025-08-09 21:00:00,2025-08-08 14:00:00
32,15,C042,Large evening-peak households,1,1.6968318452380948,0.5483870967741935,0.1861041378648233,4.091730787264197,6.216,False,2025-08-09 19:00:00,2025-08-09 21:00:00,2025-08-08 14:00:00
32,16,C010,Large evening-peak households,1,1.6490258928571428,0.7741935483870968,0.25533304147465435,4.347063828738851,6.216,False,2025-08-09 19:00:00,2025-08-09 21:00:00,2025-08-08 14:00:00
32,17,C007,Large evening-peak households,1,1.6251422619047617,0.45161290322580644,0.14678704301075268,4.493850871749604,6.216,False,2025-08-09 19:00:00,2025-08-09 21:00:00,2025-08-08 14:00:00
32,18,C011,Large evening-peak households,1,1.5266553571428572,0.5806451612903226,0.17728900921658988,4.671139880966194,6.216,False,2025-08-09 19:00:00,2025-08-09 21:00:00,2025-08-08 14:00:00
32,19,C037,"Daytime-occupied, high base load",2,2.9558395833333333,0.7096774193548387,0.41953852150537635,5.09067840247157,6.216,False,2025-08-09 19:00:00,2025-08-09 21:00:00,2025-08-08 14:00:00
32,20,C047,"Daytime-occupied, high base load",2,2.920454166666667,0.6451612903225806,0.3768327956989248,5.467511198170495,6.216,False,2025-08-09 19:00:00,2025-08-09 21:00:00,2025-08-08 14:00:00
32,21,C041,"Daytime-occupied, high base load",2,2.376360416666667,0.5483870967741935,0.26063307795698926,5.728144276127485,6.216,False,2025-08-09 19:00:00,2025-08-09 21:00:00,2025-08-08 14:00:00
32,22,C044,"Daytime-occupied, high base load",2,1.8456755952380952,0.8064516129032258,0.29768961213517664,6.025833888262661,6.216,False,2025-08-09 19:00:00,2025-08-09 21:00:00,2025-08-08 14:00:00
32,23,C005,"Daytime-occupied, high base load",2,1.5844767857142859,0.4838709677419355,0.15333646313364058,6.179170351396301,6.216,False,2025-08-09 19:00:00,2025-08-09 21:00:00,2025-08-08 14:00:00
32,24,C024,"Daytime-occupied, high base load",2,1.4104318452380953,0.5483870967741935,0.15469252496159755,6.333862876357899,6.216,True,2025-08-09 19:00:00,2025-08-09 21:00:00,2025-08-08 14:00:00
32,25,C019,"Daytime-occupied, high base load",2,1.358853869047619,0.7419354838709677,0.20163638056835642,6.535499256926255,6.216,True,2025-08-09 19:00:00,2025-08-09 21:00:00,2025-08-08 14:00:00
32,26,C020,Medium AC users,3,1.7927532738095238,0.5483870967741935,0.19662455261136713,6.732123809537622,6.216,True,2025-08-09 19:00:00,2025-08-09 21:00:00,2025-08-08 14:00:00
32,27,C008,Medium AC users,3,1.5844041666666666,0.6451612903225806,0.20443924731182794,6.93656305684945,6.216,True,2025-08-09 19:00:00,2025-08-09 21:00:00,2025-08-08 14:00:00
32,28,C001,Medium AC users,3,1.5601883928571427,0.45161290322580644,0.14092024193548386,7.077483298784934,6.216,True,2025-08-09 19:00:00,2025-08-09 21:00:00,2025-08-08 14:00:00
32,29,C028,Medium AC users,3,1.5473494047619047,0.45161290322580644,0.13976059139784947,7.217243890182783,6.216,True,2025-08-09 19:00:00,2025-08-09 21:00:00,2025-08-08 14:00:00
32,30,C049,Medium AC users,3,1.5258824404761904,0.7419354838709677,0.2264212653609831,7.4436651555437665,6.216,True,2025-08-09 19:00:00,2025-08-09 21:00:00,2025-08-08 14:00:00
32,31,C004,Medium AC users,3,1.4906333333333337,0.4838709677419355,0.14425483870967745,7.587919994253444,6.216,True,2025-08-09 19:00:00,2025-08-09 21:00:00,2025-08-08 14:00:00
32,32,C048,Medium AC users,3,1.4279119047619047,0.7741935483870968,0.22109603686635945,7.809016031119803,6.216,True,2025-08-09 19:00:00,2025-08-09 21:00:00,2025-08-08 14:00:00
32,33,C014,Medium AC users,3,1.3301619047619047,0.5161290322580645,0.13730703533026112,7.946323066450065,6.216,True,2025-08-09 19:00:00,2025-08-09 21:00:00,2025-08-08 14:00:00
32,34,C012,Medium AC users,3,1.210084226190476,0.5161290322580645,0.12491192012288786,8.071234986572952,6.216,True,2025-08-09 19:00:00,2025-08-09 21:00:00,2025-08-08 14:00:00
32,35,C017,Medium AC users,3,1.1213452380952382,0.7096774193548387,0.1591586789554532,8.230393665528405,6.216,True,2025-08-09 19:00:00,2025-08-09 21:00:00,2025-08-08 14:00:00
32,36,C030,Medium AC users,3,1.0495297619047619,0.5161290322580645,0.10833855606758831,8.338732221595993,6.216,True,2025-08-09 19:00:00,2025-08-09 21:00:00,2025-08-08 14:00:00
32,37,C040,Medium AC users,3,1.0345988095238094,0.41935483870967744,0.08677280337941629,8.42550502497541,6.216,True,2025-08-09 19:00:00,2025-08-09 21:00:00,2025-08-08 14:00:00
32,38,C039,Medium AC users,3,1.021467261904762,0.7096774193548387,0.14498245007680496,8.570487475052214,6.216,True,2025-08-09 19:00:00,2025-08-09 21:00:00,2025-08-08 14:00:00
32,39,C032,Medium AC users,3,0.9755104166666667,0.7096774193548387,0.1384595430107527,8.708947018062966,6.216,True,2025-08-09 19:00:00,2025-08-09 21:00:00,2025-08-08 14:00:00
32,40,C038,Medium AC users,3,0.845157142857143,0.3225806451612903,0.054526267281106,8.763473285344073,6.216,True,2025-08-09 19:00:00,2025-08-09 21:00:00,2025-08-08 14:00:00
32,41,C025,Medium AC users,3,0.8426348214285715,0.41935483870967744,0.07067259792626729,8.83414588327034,6.216,True,2025-08-09 19:00:00,2025-08-09 21:00:00,2025-08-08 14:00:00
32,42,C036,Medium AC users,3,0.821308718487395,0.25806451612903225,0.04239012740580103,8.87653601067614,6.216,True,2025-08-09 19:00:00,2025-08-09 21:00:00,2025-08-08 14:00:00
32,43,C050,Low consumers without AC,4,2.0802294642857144,0.6451612903225806,0.26841670506912446,9.144952715745266,6.216,True,2025-08-09 19:00:00,2025-08-09 21:00:00,2025-08-08 14:00:00
32,44,C026,Low consumers without AC,4,1.9258639880952384,0.7419354838709677,0.28577336597542247,9.430726081720689,6.216,True,2025-08-09 19:00:00,2025-08-09 21:00:00,2025-08-08 14:00:00
32,45,C045,Low consumers without AC,4,1.891035119047619,0.8709677419354839,0.3294061175115207,9.76013219923221,6.216,True,2025-08-09 19:00:00,2025-08-09 21:00:00,2025-08-08 14:00:00
32,46,C043,Low consumers without AC,4,1.8118422619047614,0.45161290322580644,0.16365026881720426,9.923782468049414,6.216,True,2025-08-09 19:00:00,2025-08-09 21:00:00,2025-08-08 14:00:00
32,47,C046,Low consumers without AC,4,1.5408041666666665,0.6129032258064516,0.1888727688172043,10.112655236866617,6.216,True,2025-08-09 19:00:00,2025-08-09 21:00:00,2025-08-08 14:00:00
32,48,C003,Low consumers without AC,4,1.4570205357142856,0.6129032258064516,0.178602517281106,10.291257754147724,6.216,True,2025-08-09 19:00:00,2025-08-09 21:00:00,2025-08-08 14:00:00
32,49,C006,Low consumers without AC,4,1.4065074404761906,0.25806451612903225,0.07259393241167436,10.363851686559398,6.216,True,2025-08-09 19:00:00,2025-08-09 21:00:00,2025-08-08 14:00:00
32,50,C018,Low consumers without AC,4,1.370851785714286,0.8709677419354839,0.2387935368663595,10.602645223425757,6.216,True,2025-08-09 19:00:00,2025-08-09 21:00:00,2025-08-08 14:00:00
33,1,C015,Large evening-peak households,1,2.593638271604939,0.4838709677419355,0.25099725209080054,0.25099725209080054,0.8200000000000001,False,2025-08-10 18:00:00,2025-08-10 20:00:00,2025-08-09 14:00:00
33,2,C016,Large evening-peak households,1,2.5208601851851853,0.7419354838709677,0.3740631242532856,0.6250603763440861,0.8200000000000001,False,2025-08-10 18:00:00,2025-08-10 20:00:00,2025-08-09 14:00:00
33,3,C002,Large evening-peak households,1,2.3968709876543213,0.25806451612903225,0.1237094703305456,0.7487698466746316,0.8200000000000001,False,2025-08-10 18:00:00,2025-08-10 20:00:00,2025-08-09 14:00:00
33,4,C029,Large evening-peak households,1,2.386801851851852,0.6451612903225806,0.3079744324970132,1.0567442791716448,0.8200000000000001,True,2025-08-10 18:00:00,2025-08-10 20:00:00,2025-08-09 14:00:00
33,5,C035,Large evening-peak households,1,2.311300925925926,0.7419354838709677,0.3429672341696535,1.3997115133412983,0.8200000000000001,True,2025-08-10 18:00:00,2025-08-10 20:00:00,2025-08-09 14:00:00
33,6,C023,Large evening-peak households,1,2.2925873456790122,0.6774193548387096,0.3106086081242533,1.7103201214655517,0.8200000000000001,True,2025-08-10 18:00:00,2025-08-10 20:00:00,2025-08-09 14:00:00
33,7,C022,Large evening-peak households,1,2.218367901234568,0.7419354838709677,0.3291771724412585,2.0394972939068103,0.8200000000000001,True,2025-08-10 18:00:00,2025-08-10 20:00:00,2025-08-09 14:00:00
33,8,C034,Large evening-peak households,1,2.1960212962962964,0.4838709677419355,0.21251818996415772,2.2520154838709683,0.8200000000000001,True,2025-08-10 18:00:00,2025-08-10 20:00:00,2025-08-09 14:00:00
33,9,C013,Large evening-peak households,1,2.0855206790123453,0.6774193548387096,0.2825544145758661,2.5345698984468346,0.8200000000000001,True,2025-08-10 18:00:00,2025-08-10 20:00:00,2025-08-09 14:00:00
33,10,C031,Large evening-peak households,1,2.0099858024691355,0.5483870967741935,0.22045005575467935,2.755019954201514,0.8200000000000001,True,2025-08-10 18:00:00,2025-08-10 20:00:00,2025-08-09 14:00:00
33,11,C027,Large evening-peak households,1,1.9769709876543209,0.4838709677419355,0.19131977299880526,2.9463397272003196,0.8200000000000001,True,2025-08-10 18:00:00,2025-08-10 20:00:00,2025-08-09 14:00:00
33,12,C033,Large evening-peak households,1,1.9735459876543213,0.6451612903225806,0.25465109518120277,3.2009908223815224,0.8200000000000001,True,2025-08-10 18:00:00,2025-08-10 20:00:00,2025-08-09 14:00:00
33,13,C010,Large evening-peak households,1,1.6780506172839504,0.7741935483870968,0.25982719235364393,3.4608180147351666,0.8200000000000001,True,2025-08-10 18:00:00,2025-08-10 20:00:00,2025-08-09 14:00:00
33,14,C042,Large evening-peak households,1,1.6570572230947083,0.5483870967741935,0.18174175995232283,3.6425597746874896,0.8200000000000001,True,2025-08-10 18:00:00,2025-08-10 20:00:00,2025-08-09 14:00:00
33,15,C011,Large evening-peak households,1,1.6274669753086417,0.5806451612903226,0.18899616487455195,3.8315559395620413,0.8200000000000001,True,2025-08-10 18:00:00,2025-08-10 20:00:00,2025-08-09 14:00:00
33,16,C007,Large evening-peak households,1,1.5572219135802468,0.45161290322580644,0.14065230187176422,3.9722082414338056,0.8200000000000001,True,2025-08-10 18:00:00,2025-08-10 20:00:00,2025-08-09 14:00:00
33,17,C021,Large evening-peak households,1,1.5339552469135807,0.5483870967741935,0.16824025288729594,4.1404484943211015,0.8200000000000001,True,2025-08-10 18:00:00,2025-08-10 20:00:00,2025-08-09 14:00:00
33,18,C009,Large evening-peak households,1,1.4889330246913584,0.3870967741935484,0.11527223416965356,4.255720728490755,0.8200000000000001,True,2025-08-10 18:00:00,2025-08-10 20:00:00,2025-08-09 14:00:00
33,19,C047,"Daytime-occupied, high base load",2,2.6379351851851855,0.6451612903225806,0.34037873357228204,4.596099462063037,0.8200000000000001,True,2025-08-10 18:00:00,2025-08-10 20:00:00,2025-08-09 14:00:00
33,20,C037,"Daytime-occupied, high base load",2,2.430470061728395,0.7096774193548387,0.3449699442453206,4.941069406308358,0.8200000000000001,True,2025-08-10 18:00:00,2025-08-10 20:00:00,2025-08-09 14:00:00
33,21,C041,"Daytime-occupied, high base load",2,2.382056172839506,0.5483870967741935,0.2612577737953007,5.202327180103659,0.8200000000000001,True,2025-08-10 18:00:00,2025-08-10 20:00:00,2025-08-09 14:00:00
33,22,C044,"Daytime-occupied, high base load",2,1.5375820987654323,0.8064516129032258,0.247997112704102,5.45032429280776,0.8200000000000001,True,2025-08-10 18:00:00,2025-08-10 20:00:00,2025-08-09 14:00:00
33,23,C019,"Daytime-occupied, high base load",2,1.4845351851851853,0.7419354838709677,0.22028586618876944,5.67061015899653,0.8200000000000001,True,2025-08-10 18:00:00,2025-08-10 20:00:00,2025-08-09 14:00:00
33,24,C024,"Daytime-occupied, high base load",2,1.2406675925925927,0.5483870967741935,0.136073219832736,5.806683378829265,0.8200000000000001,True,2025-08-10 18:00:00,2025-08-10 20:00:00,2025-08-09 14:00:00
33,25,C005,"Daytime-occupied, high base load",2,1.2250151234567903,0.4838709677419355,0.11854985065710875,5.925233229486374,0.8200000000000001,True,2025-08-10 18:00:00,2025-08-10 20:00:00,2025-08-09 14:00:00
33,26,C020,Medium AC users,3,1.895524691358025,0.5483870967741935,0.20789625647152532,6.1331294859579,0.8200000000000001,True,2025-08-10 18:00:00,2025-08-10 20:00:00,2025-08-09 14:00:00
33,27,C001,Medium AC users,3,1.6918064814814813,0.45161290322580644,0.1528083273596177,6.285937813317518,0.8200000000000001,True,2025-08-10 18:00:00,2025-08-10 20:00:00,2025-08-09 14:00:00
33,28,C028,Medium AC users,3,1.6113904320987655,0.45161290322580644,0.14554494225408207,6.4314827555716,0.8200000000000001,True,2025-08-10 18:00:00,2025-08-10 20:00:00,2025-08-09 14:00:00
33,29,C048,Medium AC users,3,1.607096913580247,0.7741935483870968,0.24884081242532857,6.680323567996928,0.8200000000000001,True,2025-08-10 18:00:00,2025-08-10 20:00:00,2025-08-09 14:00:00
33,30,C008,Medium AC users,3,1.5952271604938273,0.6451612903225806,0.20583576264436482,6.886159330641293,0.8200000000000001,True,2025-08-10 18:00:00,2025-08-10 20:00:00,2025-08-09 14:00:00
33,31,C049,Medium AC users,3,1.5927083333333332,0.7419354838709677,0.23633736559139784,7.122496696232691,0.8200000000000001,True,2025-08-10 18:00:00,2025-08-10 20:00:00,2025-08-09 14:00:00
33,32,C004,Medium AC users,3,1.573317283950617,0.4838709677419355,0.15225651135005974,7.274753207582751,0.8200000000000001,True,2025-08-10 18:00:00,2025-08-10 20:00:00,2025-08-09 14:00:00
33,33,C014,Medium AC users,3,1.5215762345679011,0.5161290322580645,0.1570659338908801,7.431819141473631,0.8200000000000001,True,2025-08-10 18:00:00,2025-08-10 20:00:00,2025-08-09 14:00:00
33,34,C040,Medium AC users,3,1.1896830246913581,0.41935483870967744,0.09977986658701715,7.531599008060648,0.8200000000000001,True,2025-08-10 18:00:00,2025-08-10 20:00:00,2025-08-09 14:00:00
33,35,C017,Medium AC users,3,1.1532154320987653,0.7096774193548387,0.16368219036240542,7.695281198423054,0.8200000000000001,True,2025-08-10 18:00:00,2025-08-10 20:00:00,2025-08-09 14:00:00
33,36,C039,Medium AC users,3,1.1190212962962962,0.7096774193548387,0.15882882915173238,7.854110027574786,0.8200000000000001,True,2025-08-10 18:00:00,2025-08-10 20:00:00,2025-08-09 14:00:00
33,37,C030,Medium AC users,3,1.1166552469135802,0.5161290322580645,0.11526763839107926,7.969377665965865,0.8200000000000001,True,2025-08-10 18:00:00,2025-08-10 20:00:00,2025-08-09 14:00:00
33,38,C032,Medium AC users,3,1.1026595679012348,0.7096774193548387,0.156506519315014,8.12588418528088,0.8200000000000001,True,2025-08-10 18:00:00,2025-08-10 20:00:00,2025-08-09 14:00:00
33,39,C036,Medium AC users,3,0.9945604272573226,0.25806451612903225,0.05133215108424891,8.17721633636513,0.8200000000000001,True,2025-08-10 18:00:00,2025-08-10 20:00:00,2025-08-09 14:00:00
33,40,C012,Medium AC users,3,0.9560996913580246,0.5161290322580645,0.09869416168857029,8.2759104980537,0.8200000000000001,True,2025-08-10 18:00:00,2025-08-10 20:00:00,2025-08-09 14:00:00
33,41,C025,Medium AC users,3,0.7265182098765431,0.41935483870967744,0.06093378534448427,8.336844283398184,0.8200000000000001,True,2025-08-10 18:00:00,2025-08-10 20:00:00,2025-08-09 14:00:00
33,42,C038,Medium AC users,3,0.6974148148148148,0.3225806451612903,0.044994504181600954,8.381838787579785,0.8200000000000001,True,2025-08-10 18:00:00,2025-08-10 20:00:00,2025-08-09 14:00:00
33,43,C043,Low consumers without AC,4,1.9572043209876544,0.45161290322580644,0.17677974512146555,8.55861853270125,0.8200000000000001,True,2025-08-10 18:00:00,2025-08-10 20:00:00,2025-08-09 14:00:00
33,44,C026,Low consumers without AC,4,1.8229527777777779,0.7419354838709677,0.2705026702508961,8.829121202952145,0.8200000000000001,True,2025-08-10 18:00:00,2025-08-10 20:00:00,2025-08-09 14:00:00
33,45,C045,Low consumers without AC,4,1.7047799382716047,0.8709677419354839,0.2969616666666666,9.126082869618811,0.8200000000000001,True,2025-08-10 18:00:00,2025-08-10 20:00:00,2025-08-09 14:00:00
33,46,C046,Low consumers without AC,4,1.3635731481481481,0.6129032258064516,0.1671476762246117,9.293230545843423,0.8200000000000001,True,2025-08-10 18:00:00,2025-08-10 20:00:00,2025-08-09 14:00:00
33,47,C050,Low consumers without AC,4,1.344808024691358,0.6451612903225806,0.1735236160892075,9.46675416193263,0.8200000000000001,True,2025-08-10 18:00:00,2025-08-10 20:00:00,2025-08-09 14:00:00
33,48,C003,Low consumers without AC,4,1.3418577160493828,0.6129032258064516,0.16448578454798887,9.631239946480619,0.8200000000000001,True,2025-08-10 18:00:00,2025-08-10 20:00:00,2025-08-09 14:00:00
33,49,C006,Low consumers without AC,4,0.9325333333333333,0.25806451612903225,0.048130752688172046,9.679370699168791,0.8200000000000001,True,2025-08-10 18:00:00,2025-08-10 20:00:00,2025-08-09 14:00:00
33,50,C018,Low consumers without AC,4,0.9255456790123459,0.8709677419354839,0.1612240860215054,9.840594785190296,0.8200000000000001,True,2025-08-10 18:00:00,2025-08-10 20:00:00,2025-08-09 14:00:00
34,1,C015,Large evening-peak households,1,4.143854487179487,0.46875,0.3884863581730769,0.3884863581730769,11.586166666666665,False,2025-08-11 20:00:00,2025-08-11 22:00:00,2025-08-10 14:00:00
34,2,C022,Large evening-peak households,1,3.3777092948717944,0.75,0.5066563942307692,0.8951427524038462,11.586166666666665,False,2025-08-11 20:00:00,2025-08-11 22:00:00,2025-08-10 14:00:00
34,3,C031,Large evening-peak households,1,3.114038141025641,0.53125,0.33086655248397434,1.2260093048878207,11.586166666666665,False,2025-08-11 20:00:00,2025-08-11 22:00:00,2025-08-10 14:00:00
34,4,C016,Large evening-peak households,1,3.0507323717948718,0.71875,0.43854277844551287,1.6645520833333336,11.586166666666665,False,2025-08-11 20:00:00,2025-08-11 22:00:00,2025-08-10 14:00:00
34,5,C033,Large evening-peak households,1,3.0245073717948716,0.625,0.378063421474359,2.0426155048076926,11.586166666666665,False,2025-08-11 20:00:00,2025-08-11 22:00:00,2025-08-10 14:00:00
34,6,C029,Large evening-peak households,1,2.789122627282789,0.625,0.3486403284103487,2.3912558332180414,11.586166666666665,False,2025-08-11 20:00:00,2025-08-11 22:00:00,2025-08-10 14:00:00
34,7,C035,Large evening-peak households,1,2.780078525641026,0.71875,0.39963628806089746,2.790892121278939,11.586166666666665,False,2025-08-11 20:00:00,2025-08-11 22:00:00,2025-08-10 14:00:00
34,8,C021,Large evening-peak households,1,2.5925416666666665,0.53125,0.27545755208333333,3.0663496733622724,11.586166666666665,False,2025-08-11 20:00:00,2025-08-11 22:00:00,2025-08-10 14:00:00
34,9,C023,Large evening-peak households,1,2.5520163461538465,0.65625,0.33495214543269236,3.401301818794965,11.586166666666665,False,2025-08-11 20:00:00,2025-08-11 22:00:00,2025-08-10 14:00:00
34,10,C013,Large evening-peak households,1,2.548036858974359,0.65625,0.33442983774038465,3.7357316565353496,11.586166666666665,False,2025-08-11 20:00:00,2025-08-11 22:00:00,2025-08-10 14:00:00
34,11,C002,Large evening-peak households,1,2.497316987179487,0.25,0.12486584935897437,3.860597505894324,11.586166666666665,False,2025-08-11 20:00:00,2025-08-11 22:00:00,2025-08-10 14:00:00
34,12,C034,Large evening-peak households,1,2.300523076923077,0.46875,0.21567403846153846,4.076271544355863,11.586166666666665,False,2025-08-11 20:00:00,2025-08-11 22:00:00,2025-08-10 14:00:00
34,13,C027,Large evening-peak households,1,2.1287634615384614,0.46875,0.19957157451923077,4.275843118875094,11.586166666666665,False,2025-08-11 20:00:00,2025-08-11 22:00:00,2025-08-10 14:00:00
34,14,C042,Large evening-peak households,1,2.1161596153846154,0.53125,0.2248419591346154,4.50068507800971,11.586166666666665,False,2025-08-11 20:00:00,2025-08-11 22:00:00,2025-08-10 14:00:00
34,15,C009,Large evening-peak households,1,1.983212179487179,0.375,0.14874091346153845,4.649425991471248,11.586166666666665,False,2025-08-11 20:00:00,2025-08-11 22:00:00,2025-08-10 14:00:00
34,16,C011,Large evening-peak households,1,1.6221185897435897,0.5625,0.18248834134615385,4.831914332817402,11.586166666666665,False,2025-08-11 20:00:00,2025-08-11 22:00:00,2025-08-10 14:00:00
34,17,C007,Large evening-peak households,1,1.620195512820513,0.4375,0.1417671073717949,4.973681440189197,11.586166666666665,False,2025-08-11 20:00:00,2025-08-11 22:00:00,2025-08-10 14:00:00
34,18,C010,Large evening-peak households,1,1.5396868589743589,0.75,0.23095302884615385,5.2046344690353505,11.586166666666665,False,2025-08-11 20:00:00,2025-08-11 22:00:00,2025-08-10 14:00:00
34,19,C047,"Daytime-occupied, high base load",2,3.575691987179487,0.65625,0.46930957331730766,5.673944042352658,11.586166666666665,False,2025-08-11 20:00:00,2025-08-11 22:00:00,2025-08-10 14:00:00
34,20,C037,"Daytime-occupied, high base load",2,3.5143791666666666,0.71875,0.5051920052083333,6.179136047560991,11.586166666666665,False,2025-08-11 20:00:00,2025-08-11 22:00:00,2025-08-10 14:00:00
34,21,C041,"Daytime-occupied, high base load",2,2.3689580128205128,0.53125,0.2517017888621795,6.430837836423171,11.586166666666665,False,2025-08-11 20:00:00,2025-08-11 22:00:00,2025-08-10 14:00:00
34,22,C044,"Daytime-occupied, high base load",2,1.9091423076923075,0.8125,0.310235625,6.741073461423171,11.586166666666665,False,2025-08-11 20:00:00,2025-08-11 22:00:00,2025-08-10 14:00:00
34,23,C024,"Daytime-occupied, high base load",2,1.8923125,0.5625,0.21288515625,6.9539586176731705,11.586166666666665,False,2025-08-11 20:00:00,2025-08-11 22:00:00,2025-08-10 14:00:00
34,24,C005,"Daytime-occupied, high base load",2,1.735466346153846,0.46875,0.16269996995192307,7.116658587625094,11.586166666666665,False,2025-08-11 20:00:00,2025-08-11 22:00:00,2025-08-10 14:00:00
34,25,C019,"Daytime-occupied, high base load",2,1.3612189102564105,0.71875,0.19567521834935903,7.312333805974452,11.586166666666665,False,2025-08-11 20:00:00,2025-08-11 22:00:00,2025-08-10 14:00:00
34,26,C012,Medium AC users,3,1.6341698717948718,0.5,0.1634169871794872,7.4757507931539395,11.586166666666665,False,2025-08-11 20:00:00,2025-08-11 22:00:00,2025-08-10 14:00:00
34,27,C028,Medium AC users,3,1.5256753205128204,0.46875,0.1430320612980769,7.618782854452016,11.586166666666665,False,2025-08-11 20:00:00,2025-08-11 22:00:00,2025-08-10 14:00:00
34,28,C008,Medium AC users,3,1.5171807692307693,0.65625,0.19912997596153847,7.817912830413555,11.586166666666665,False,2025-08-11 20:00:00,2025-08-11 22:00:00,2025-08-10 14:00:00
34,29,C020,Medium AC users,3,1.3621775641025642,0.5625,0.1532449759615385,7.971157806375093,11.586166666666665,False,2025-08-11 20:00:00,2025-08-11 22:00:00,2025-08-10 14:00:00
34,30,C004,Medium AC users,3,1.2728012820512822,0.46875,0.1193251201923077,8.0904829265674,11.586166666666665,False,2025-08-11 20:00:00,2025-08-11 22:00:00,2025-08-10 14:00:00
34,31,C001,Medium AC users,3,1.260976923076923,0.4375,0.11033548076923078,8.200818407336632,11.586166666666665,False,2025-08-11 20:00:00,2025-08-11 22:00:00,2025-08-10 14:00:00
34,32,C048,Medium AC users,3,1.1954237179487182,0.78125,0.1867849559294872,8.38760336326612,11.586166666666665,False,2025-08-11 20:00:00,2025-08-11 22:00:00,2025-08-10 14:00:00
34,33,C014,Medium AC users,3,1.1281727564102566,0.5,0.11281727564102567,8.500420638907146,11.586166666666665,False,2025-08-11 20:00:00,2025-08-11 22:00:00,2025-08-10 14:00:00
34,34,C049,Medium AC users,3,1.1116189102564102,0.71875,0.15979521834935898,8.660215857256505,11.586166666666665,False,2025-08-11 20:00:00,2025-08-11 22:00:00,2025-08-10 14:00:00
34,35,C040,Medium AC users,3,1.0611253205128206,0.4375,0.0928484655448718,8.753064322801377,11.586166666666665,False,2025-08-11 20:00:00,2025-08-11 22:00:00,2025-08-10 14:00:00
34,36,C017,Medium AC users,3,1.039305128205128,0.71875,0.14940011217948715,8.902464434980864,11.586166666666665,False,2025-08-11 20:00:00,2025-08-11 22:00:00,2025-08-10 14:00:00
34,37,C030,Medium AC users,3,0.9371833333333333,0.5,0.09371833333333333,8.996182768314197,11.586166666666665,False,2025-08-11 20:00:00,2025-08-11 22:00:00,2025-08-10 14:00:00
34,38,C032,Medium AC users,3,0.8660352564102565,0.6875,0.11907984775641028,9.115262616070607,11.586166666666665,False,2025-08-11 20:00:00,2025-08-11 22:00:00,2025-08-10 14:00:00
34,39,C038,Medium AC users,3,0.8504349358974359,0.3125,0.053152183493589744,9.168414799564196,11.586166666666665,False,2025-08-11 20:00:00,2025-08-11 22:00:00,2025-08-10 14:00:00
34,40,C025,Medium AC users,3,0.8013910256410257,0.40625,0.06511302083333334,9.23352782039753,11.586166666666665,False,2025-08-11 20:00:00,2025-08-11 22:00:00,2025-08-10 14:00:00
34,41,C039,Medium AC users,3,0.7332884615384615,0.71875,0.10541021634615384,9.338938036743684,11.586166666666665,False,2025-08-11 20:00:00,2025-08-11 22:00:00,2025-08-10 14:00:00
34,42,C036,Medium AC users,3,0.7218797574157869,0.25,0.036093987870789344,9.375032024614473,11.586166666666665,False,2025-08-11 20:00:00,2025-08-11 22:00:00,2025-08-10 14:00:00
34,43,C050,Low consumers without AC,4,2.237435897435897,0.65625,0.2936634615384615,9.668695486152934,11.586166666666665,False,2025-08-11 20:00:00,2025-08-11 22:00:00,2025-08-10 14:00:00
34,44,C026,Low consumers without AC,4,2.1451660256410254,0.75,0.32177490384615387,9.990470389999087,11.586166666666665,False,2025-08-11 20:00:00,2025-08-11 22:00:00,2025-08-10 14:00:00
34,45,C046,Low consumers without AC,4,1.9328429487179488,0.59375,0.22952510016025643,10.219995490159343,11.586166666666665,False,2025-08-11 20:00:00,2025-08-11 22:00:00,2025-08-10 14:00:00
34,46,C045,Low consumers without AC,4,1.7544993589743592,0.84375,0.2960717668269231,10.516067256986267,11.586166666666665,False,2025-08-11 20:00:00,2025-08-11 22:00:00,2025-08-10 14:00:00
34,47,C006,Low consumers without AC,4,1.6955967948717947,0.25,0.08477983974358974,10.600847096729856,11.586166666666665,False,2025-08-11 20:00:00,2025-08-11 22:00:00,2025-08-10 14:00:00
34,48,C003,Low consumers without AC,4,1.5483980769230772,0.59375,0.18387227163461542,10.784719368364472,11.586166666666665,False,2025-08-11 20:00:00,2025-08-11 22:00:00,2025-08-10 14:00:00
34,49,C018,Low consumers without AC,4,1.3828192307692306,0.84375,0.2333507451923077,11.01807011355678,11.586166666666665,False,2025-08-11 20:00:00,2025-08-11 22:00:00,2025-08-10 14:00:00
34,50,C043,Low consumers without AC,4,1.3696961538461538,0.4375,0.11984841346153847,11.137918527018318,11.586166666666665,False,2025-08-11 20:00:00,2025-08-11 22:00:00,2025-08-10 14:00:00
35,1,C015,Large evening-peak households,1,2.4960646666666664,0.45454545454545453,0.22691496969696967,0.22691496969696967,4.768333333333333,False,2025-08-12 18:00:00,2025-08-12 20:00:00,2025-08-11 14:00:00
35,2,C002,Large evening-peak households,1,2.467855333333333,0.24242424242424243,0.11965359191919192,0.34656856161616156,4.768333333333333,False,2025-08-12 18:00:00,2025-08-12 20:00:00,2025-08-11 14:00:00
35,3,C016,Large evening-peak households,1,2.4645133333333336,0.7272727272727273,0.3584746666666667,0.7050432282828283,4.768333333333333,False,2025-08-12 18:00:00,2025-08-12 20:00:00,2025-08-11 14:00:00
35,4,C029,Large evening-peak households,1,2.3044050000000005,0.6060606060606061,0.2793218181818182,0.9843650464646465,4.768333333333333,False,2025-08-12 18:00:00,2025-08-12 20:00:00,2025-08-11 14:00:00
35,5,C023,Large evening-peak households,1,2.2619766666666665,0.6666666666666666,0.3015968888888889,1.2859619353535354,4.768333333333333,False,2025-08-12 18:00:00,2025-08-12 20:00:00,2025-08-11 14:00:00
35,6,C035,Large evening-peak households,1,2.2062823333333332,0.696969696969697,0.3075423858585859,1.5935043212121214,4.768333333333333,False,2025-08-12 18:00:00,2025-08-12 20:00:00,2025-08-11 14:00:00
35,7,C031,Large evening-peak households,1,2.15692,0.5454545454545454,0.23530036363636364,1.828804684848485,4.768333333333333,False,2025-08-12 18:00:00,2025-08-12 20:00:00,2025-08-11 14:00:00
35,8,C034,Large evening-peak households,1,2.106929,0.45454545454545453,0.19153900000000001,2.020343684848485,4.768333333333333,False,2025-08-12 18:00:00,2025-08-12 20:00:00,2025-08-11 14:00:00
35,9,C022,Large evening-peak households,1,2.0843566666666664,0.7575757575757576,0.3158116161616161,2.336155301010101,4.768333333333333,False,2025-08-12 18:00:00,2025-08-12 20:00:00,2025-08-11 14:00:00
35,10,C033,Large evening-peak households,1,2.005173666666667,0.6060606060606061,0.24305135353535356,2.5792066545454544,4.768333333333333,False,2025-08-12 18:00:00,2025-08-12 20:00:00,2025-08-11 14:00:00
35,11,C013,Large evening-peak households,1,1.959895,0.6363636363636364,0.24944118181818184,2.8286478363636363,4.768333333333333,False,2025-08-12 18:00:00,2025-08-12 20:00:00,2025-08-11 14:00:00
35,12,C027,Large evening-peak households,1,1.9522340000000002,0.45454545454545453,0.1774758181818182,3.0061236545454544,4.768333333333333,False,2025-08-12 18:00:00,2025-08-12 20:00:00,2025-08-11 14:00:00
35,13,C042,Large evening-peak households,1,1.7588324676089515,0.5151515151515151,0.18121304211728592,3.18733669666274,4.768333333333333,False,2025-08-12 18:00:00,2025-08-12 20:00:00,2025-08-11 14:00:00
35,14,C021,Large evening-peak households,1,1.6360706666666667,0.5151515151515151,0.16856485656565656,3.3559015532283967,4.768333333333333,False,2025-08-12 18:00:00,2025-08-12 20:00:00,2025-08-11 14:00:00
35,15,C011,Large evening-peak households,1,1.630259333333333,0.5454545454545454,0.1778464727272727,3.5337480259556693,4.768333333333333,False,2025-08-12 18:00:00,2025-08-12 20:00:00,2025-08-11 14:00:00
35,16,C010,Large evening-peak households,1,1.5936419999999998,0.7272727272727273,0.23180247272727272,3.7655504986829422,4.768333333333333,False,2025-08-12 18:00:00,2025-08-12 20:00:00,2025-08-11 14:00:00
35,17,C009,Large evening-peak households,1,1.4323756666666667,0.36363636363636365,0.10417277575757576,3.869723274440518,4.768333333333333,False,2025-08-12 18:00:00,2025-08-12 20:00:00,2025-08-11 14:00:00
35,18,C007,Large evening-peak households,1,1.387538333333333,0.42424242424242425,0.11773052525252524,3.9874537996930433,4.768333333333333,False,2025-08-12 18:00:00,2025-08-12 20:00:00,2025-08-11 14:00:00
35,19,C047,"Daytime-occupied, high base load",2,2.5154506666666667,0.6363636363636364,0.3201482666666667,4.30760206635971,4.768333333333333,False,2025-08-12 18:00:00,2025-08-12 20:00:00,2025-08-11 14:00:00
35,20,C041,"Daytime-occupied, high base load",2,2.3582456666666665,0.5151515151515151,0.2429707656565656,4.550572832016275,4.768333333333333,False,2025-08-12 18:00:00,2025-08-12 20:00:00,2025-08-11 14:00:00
35,21,C037,"Daytime-occupied, high base load",2,2.3406323333333336,0.696969696969697,0.32626996161616173,4.876842793632437,4.768333333333333,True,2025-08-12 18:00:00,2025-08-12 20:00:00,2025-08-11 14:00:00
35,22,C044,"Daytime-occupied, high base load",2,1.5445673333333334,0.7878787878787878,0.2433863676767677,5.120229161309204,4.768333333333333,True,2025-08-12 18:00:00,2025-08-12 20:00:00,2025-08-11 14:00:00
35,23,C019,"Daytime-occupied, high base load",2,1.3822833333333333,0.696969696969697,0.1926819191919192,5.312911080501124,4.768333333333333,True,2025-08-12 18:00:00,2025-08-12 20:00:00,2025-08-11 14:00:00
35,24,C005,"Daytime-occupied, high base load",2,1.1060976666666666,0.45454545454545453,0.10055433333333333,5.413465413834457,4.768333333333333,True,2025-08-12 18:00:00,2025-08-12 20:00:00,2025-08-11 14:00:00
35,25,C024,"Daytime-occupied, high base load",2,1.0957416666666666,0.5454545454545454,0.11953545454545454,5.5330008683799115,4.768333333333333,True,2025-08-12 18:00:00,2025-08-12 20:00:00,2025-08-11 14:00:00
35,26,C020,Medium AC users,3,1.8739853333333334,0.5454545454545454,0.20443476363636362,5.737435632016275,4.768333333333333,True,2025-08-12 18:00:00,2025-08-12 20:00:00,2025-08-11 14:00:00
35,27,C001,Medium AC users,3,1.6659056666666665,0.42424242424242425,0.14134957171717172,5.878785203733447,4.768333333333333,True,2025-08-12 18:00:00,2025-08-12 20:00:00,2025-08-11 14:00:00
35,28,C008,Medium AC users,3,1.6102633333333336,0.6666666666666666,0.21470177777777782,6.093486981511225,4.768333333333333,True,2025-08-12 18:00:00,2025-08-12 20:00:00,2025-08-11 14:00:00
35,29,C048,Medium AC users,3,1.6078893333333335,0.7878787878787878,0.2533643797979798,6.346851361309205,4.768333333333333,True,2025-08-12 18:00:00,2025-08-12 20:00:00,2025-08-11 14:00:00
35,30,C028,Medium AC users,3,1.588033666666667,0.45454545454545453,0.144366696969697,6.491218058278902,4.768333333333333,True,2025-08-12 18:00:00,2025-08-12 20:00:00,2025-08-11 14:00:00
35,31,C049,Medium AC users,3,1.582200333333333,0.696969696969697,0.22054913737373735,6.711767195652639,4.768333333333333,True,2025-08-12 18:00:00,2025-08-12 20:00:00,2025-08-11 14:00:00
35,32,C004,Medium AC users,3,1.5582306666666665,0.45454545454545453,0.14165733333333333,6.853424528985973,4.768333333333333,True,2025-08-12 18:00:00,2025-08-12 20:00:00,2025-08-11 14:00:00
35,33,C014,Medium AC users,3,1.510088333333333,0.48484848484848486,0.14643280808080805,6.999857337066781,4.768333333333333,True,2025-08-12 18:00:00,2025-08-12 20:00:00,2025-08-11 14:00:00
35,34,C040,Medium AC users,3,1.2680843333333334,0.42424242424242425,0.10759503434343437,7.107452371410216,4.768333333333333,True,2025-08-12 18:00:00,2025-08-12 20:00:00,2025-08-11 14:00:00
35,35,C039,Medium AC users,3,1.106535,0.7272727272727273,0.16095054545454546,7.268402916864761,4.768333333333333,True,2025-08-12 18:00:00,2025-08-12 20:00:00,2025-08-11 14:00:00
35,36,C017,Medium AC users,3,1.0956416666666666,0.696969696969697,0.1527258080808081,7.421128724945569,4.768333333333333,True,2025-08-12 18:00:00,2025-08-12 20:00:00,2025-08-11 14:00:00
35,37,C030,Medium AC users,3,1.0834673333333333,0.48484848484848486,0.105063498989899,7.5261922239354675,4.768333333333333,True,2025-08-12 18:00:00,2025-08-12 20:00:00,2025-08-11 14:00:00
35,38,C036,Medium AC users,3,1.0582502614379083,0.2727272727272727,0.05772274153297682,7.583914965468444,4.768333333333333,True,2025-08-12 18:00:00,2025-08-12 20:00:00,2025-08-11 14:00:00
35,39,C032,Medium AC users,3,1.0317759999999998,0.6666666666666666,0.13757013333333332,7.721485098801777,4.768333333333333,True,2025-08-12 18:00:00,2025-08-12 20:00:00,2025-08-11 14:00:00
35,40,C012,Medium AC users,3,0.9723130000000001,0.5151515151515151,0.10017770303030304,7.82166280183208,4.768333333333333,True,2025-08-12 18:00:00,2025-08-12 20:00:00,2025-08-11 14:00:00
35,41,C025,Medium AC users,3,0.7346743333333333,0.42424242424242425,0.06233600404040404,7.8839988058724835,4.768333333333333,True,2025-08-12 18:00:00,2025-08-12 20:00:00,2025-08-11 14:00:00
35,42,C038,Medium AC users,3,0.693814,0.30303030303030304,0.04204933333333334,7.926048139205816,4.768333333333333,True,2025-08-12 18:00:00,2025-08-12 20:00:00,2025-08-11 14:00:00
35,43,C043,Low consumers without AC,4,1.9242113333333333,0.42424242424242425,0.1632664161616162,8.089314555367432,4.768333333333333,True,2025-08-12 18:00:00,2025-08-12 20:00:00,2025-08-11 14:00:00
35,44,C026,Low consumers without AC,4,1.840009666666667,0.7272727272727273,0.2676377696969698,8.356952325064402,4.768333333333333,True,2025-08-12 18:00:00,2025-08-12 20:00:00,2025-08-11 14:00:00
35,45,C045,Low consumers without AC,4,1.6779969999999997,0.8484848484848485,0.28475100606060605,8.641703331125008,4.768333333333333,True,2025-08-12 18:00:00,2025-08-12 20:00:00,2025-08-11 14:00:00
35,46,C046,Low consumers without AC,4,1.3968889999999998,0.5757575757575758,0.16085388484848484,8.802557215973493,4.768333333333333,True,2025-08-12 18:00:00,2025-08-12 20:00:00,2025-08-11 14:00:00
35,47,C050,Low consumers without AC,4,1.3510340000000003,0.6666666666666666,0.1801378666666667,8.982695082640161,4.768333333333333,True,2025-08-12 18:00:00,2025-08-12 20:00:00,2025-08-11 14:00:00
35,48,C003,Low consumers without AC,4,1.206216,0.6060606060606061,0.146208,9.12890308264016,4.768333333333333,True,2025-08-12 18:00:00,2025-08-12 20:00:00,2025-08-11 14:00:00
35,49,C006,Low consumers without AC,4,0.8612686666666667,0.24242424242424243,0.04175848080808081,9.170661563448242,4.768333333333333,True,2025-08-12 18:00:00,2025-08-12 20:00:00,2025-08-11 14:00:00
35,50,C018,Low consumers without AC,4,0.8381460000000002,0.8181818181818182,0.13715116363636368,9.307812727084606,4.768333333333333,True,2025-08-12 18:00:00,2025-08-12 20:00:00,2025-08-11 14:00:00
36,1,C015,Large evening-peak households,1,3.411179513888889,0.4411764705882353,0.3009864276960785,0.3009864276960785,0.0,True,2025-08-13 19:00:00,2025-08-13 21:00:00,2025-08-12 14:00:00
36,2,C031,Large evening-peak households,1,2.775292361111111,0.5294117647058824,0.2938544852941177,0.5948409129901961,0.0,True,2025-08-13 19:00:00,2025-08-13 21:00:00,2025-08-12 14:00:00
36,3,C022,Large evening-peak households,1,2.703958333333333,0.7647058823529411,0.41354656862745093,1.008387481617647,0.0,True,2025-08-13 19:00:00,2025-08-13 21:00:00,2025-08-12 14:00:00
36,4,C035,Large evening-peak households,1,2.6732013888888893,0.6764705882352942,0.36166842320261444,1.3700559048202614,0.0,True,2025-08-13 19:00:00,2025-08-13 21:00:00,2025-08-12 14:00:00
36,5,C016,Large evening-peak households,1,2.657575347222222,0.7352941176470589,0.39081990400326805,1.7608758088235295,0.0,True,2025-08-13 19:00:00,2025-08-13 21:00:00,2025-08-12 14:00:00
36,6,C033,Large evening-peak households,1,2.598206944444444,0.5882352941176471,0.3056714052287582,2.066547214052288,0.0,True,2025-08-13 19:00:00,2025-08-13 21:00:00,2025-08-12 14:00:00
36,7,C002,Large evening-peak households,1,2.5782809027777778,0.23529411764705882,0.12133086601307191,2.1878780800653597,0.0,True,2025-08-13 19:00:00,2025-08-13 21:00:00,2025-08-12 14:00:00
36,8,C023,Large evening-peak households,1,2.575034722222222,0.6470588235294118,0.33323978758169936,2.521117867647059,0.0,True,2025-08-13 19:00:00,2025-08-13 21:00:00,2025-08-12 14:00:00
36,9,C029,Large evening-peak households,1,2.485513194444444,0.5882352941176471,0.29241331699346407,2.813531184640523,0.0,True,2025-08-13 19:00:00,2025-08-13 21:00:00,2025-08-12 14:00:00
36,10,C013,Large evening-peak households,1,2.4336864583333333,0.6176470588235294,0.30063185661764713,3.1141630412581702,0.0,True,2025-08-13 19:00:00,2025-08-13 21:00:00,2025-08-12 14:00:00
36,11,C034,Large evening-peak households,1,2.363087847222222,0.4411764705882353,0.20850775122549017,3.3226707924836605,0.0,True,2025-08-13 19:00:00,2025-08-13 21:00:00,2025-08-12 14:00:00
36,12,C021,Large evening-peak households,1,2.325504513888889,0.5294117647058824,0.24622988970588233,3.568900682189543,0.0,True,2025-08-13 19:00:00,2025-08-13 21:00:00,2025-08-12 14:00:00
36,13,C027,Large evening-peak households,1,2.0576527777777778,0.47058823529411764,0.19366143790849674,3.7625621200980395,0.0,True,2025-08-13 19:00:00,2025-08-13 21:00:00,2025-08-12 14:00:00
36,14,C042,Large evening-peak households,1,2.042389236111111,0.5,0.20423892361111112,3.9668010437091508,0.0,True,2025-08-13 19:00:00,2025-08-13 21:00:00,2025-08-12 14:00:00
36,15,C011,Large evening-peak households,1,1.8076024305555556,0.5294117647058824,0.19139319852941178,4.1581942422385625,0.0,True,2025-08-13 19:00:00,2025-08-13 21:00:00,2025-08-12 14:00:00
36,16,C009,Large evening-peak households,1,1.7468371527777775,0.35294117647058826,0.1233061519607843,4.281500394199346,0.0,True,2025-08-13 19:00:00,2025-08-13 21:00:00,2025-08-12 14:00:00
36,17,C010,Large evening-peak households,1,1.6461725694444445,0.7352941176470589,0.24208420138888892,4.523584595588235,0.0,True,2025-08-13 19:00:00,2025-08-13 21:00:00,2025-08-12 14:00:00
36,18,C007,Large evening-peak households,1,1.3964920138888892,0.4411764705882353,0.12321988357843139,4.646804479166667,0.0,True,2025-08-13 19:00:00,2025-08-13 21:00:00,2025-08-12 14:00:00
36,19,C047,"Daytime-occupied, high base load",2,3.063100694444444,0.6176470588235294,0.3783830269607843,5.025187506127451,0.0,True,2025-08-13 19:00:00,2025-08-13 21:00:00,2025-08-12 14:00:00
36,20,C037,"Daytime-occupied, high base load",2,3.0238357638888886,0.7058823529411765,0.4268944607843137,5.452081966911765,0.0,True,2025-08-13 19:00:00,2025-08-13 21:00:00,2025-08-12 14:00:00
36,21,C041,"Daytime-occupied, high base load",2,2.433805208333333,0.5294117647058824,0.25769702205882344,5.709778988970588,0.0,True,2025-08-13 19:00:00,2025-08-13 21:00:00,2025-08-12 14:00:00
36,22,C044,"Daytime-occupied, high base load",2,1.763998611111111,0.7941176470588235,0.2801644852941176,5.989943474264706,0.0,True,2025-08-13 19:00:00,2025-08-13 21:00:00,2025-08-12 14:00:00
36,23,C005,"Daytime-occupied, high base load",2,1.553790277777778,0.4411764705882353,0.13709914215686275,6.127042616421568,0.0,True,2025-08-13 19:00:00,2025-08-13 21:00:00,2025-08-12 14:00:00
36,24,C024,"Daytime-occupied, high base load",2,1.386692013888889,0.5588235294117647,0.15498322508169937,6.282025841503268,0.0,True,2025-08-13 19:00:00,2025-08-13 21:00:00,2025-08-12 14:00:00
36,25,C019,"Daytime-occupied, high base load",2,1.3434802083333335,0.6764705882352942,0.18176496936274514,6.463790810866013,0.0,True,2025-08-13 19:00:00,2025-08-13 21:00:00,2025-08-12 14:00:00
36,26,C020,Medium AC users,3,1.8386944444444444,0.5588235294117647,0.20550114379084972,6.669291954656862,0.0,True,2025-08-13 19:00:00,2025-08-13 21:00:00,2025-08-12 14:00:00
36,27,C028,Medium AC users,3,1.6542159722222223,0.4411764705882353,0.14596023284313728,6.8152521875,0.0,True,2025-08-13 19:00:00,2025-08-13 21:00:00,2025-08-12 14:00:00
36,28,C008,Medium AC users,3,1.6406208333333332,0.6764705882352942,0.2219663480392157,7.037218535539215,0.0,True,2025-08-13 19:00:00,2025-08-13 21:00:00,2025-08-12 14:00:00
36,29,C048,Medium AC users,3,1.554731944444444,0.7941176470588235,0.2469280147058823,7.284146550245097,0.0,True,2025-08-13 19:00:00,2025-08-13 21:00:00,2025-08-12 14:00:00
36,30,C001,Medium AC users,3,1.5467211805555559,0.4117647058823529,0.12737703839869283,7.4115235886437905,0.0,True,2025-08-13 19:00:00,2025-08-13 21:00:00,2025-08-12 14:00:00
36,31,C004,Medium AC users,3,1.5243291666666667,0.4411764705882353,0.13449963235294118,7.546023220996732,0.0,True,2025-08-13 19:00:00,2025-08-13 21:00:00,2025-08-12 14:00:00
36,32,C049,Medium AC users,3,1.5068697916666665,0.7058823529411765,0.2127345588235294,7.758757779820261,0.0,True,2025-08-13 19:00:00,2025-08-13 21:00:00,2025-08-12 14:00:00
36,33,C014,Medium AC users,3,1.356238888888889,0.47058823529411764,0.12764601307189544,7.886403792892156,0.0,True,2025-08-13 19:00:00,2025-08-13 21:00:00,2025-08-12 14:00:00
36,34,C012,Medium AC users,3,1.323501736111111,0.5,0.1323501736111111,8.018753966503267,0.0,True,2025-08-13 19:00:00,2025-08-13 21:00:00,2025-08-12 14:00:00
36,35,C040,Medium AC users,3,1.3111006944444445,0.4117647058823529,0.1079729983660131,8.12672696486928,0.0,True,2025-08-13 19:00:00,2025-08-13 21:00:00,2025-08-12 14:00:00
36,36,C017,Medium AC users,3,1.2119559027777778,0.7058823529411765,0.17109965686274511,8.297826621732025,0.0,True,2025-08-13 19:00:00,2025-08-13 21:00:00,2025-08-12 14:00:00
36,37,C032,Medium AC users,3,1.0052378472222223,0.6470588235294118,0.13008960375816997,8.427916225490195,0.0,True,2025-08-13 19:00:00,2025-08-13 21:00:00,2025-08-12 14:00:00
36,38,C036,Medium AC users,3,0.978518852124183,0.2647058823529412,0.051803939230103804,8.479720164720298,0.0,True,2025-08-13 19:00:00,2025-08-13 21:00:00,2025-08-12 14:00:00
36,39,C039,Medium AC users,3,0.9562993055555555,0.7352941176470589,0.14063225081699346,8.620352415537292,0.0,True,2025-08-13 19:00:00,2025-08-13 21:00:00,2025-08-12 14:00:00
36,40,C030,Medium AC users,3,0.9124788194444445,0.5,0.09124788194444446,8.711600297481736,0.0,True,2025-08-13 19:00:00,2025-08-13 21:00:00,2025-08-12 14:00:00
36,41,C038,Medium AC users,3,0.8692743055555555,0.3235294117647059,0.05624716094771242,8.767847458429449,0.0,True,2025-08-13 19:00:00,2025-08-13 21:00:00,2025-08-12 14:00:00
36,42,C025,Medium AC users,3,0.858311111111111,0.4411764705882353,0.07573333333333332,8.843580791762783,0.0,True,2025-08-13 19:00:00,2025-08-13 21:00:00,2025-08-12 14:00:00
36,43,C050,Low consumers without AC,4,2.1409510416666664,0.6470588235294118,0.2770642524509804,9.120645044213763,0.0,True,2025-08-13 19:00:00,2025-08-13 21:00:00,2025-08-12 14:00:00
36,44,C026,Low consumers without AC,4,2.114829513888889,0.7058823529411765,0.2985641666666667,9.41920921088043,0.0,True,2025-08-13 19:00:00,2025-08-13 21:00:00,2025-08-12 14:00:00
36,45,C045,Low consumers without AC,4,1.8984527777777778,0.8235294117647058,0.31268633986928107,9.73189555074971,0.0,True,2025-08-13 19:00:00,2025-08-13 21:00:00,2025-08-12 14:00:00
36,46,C046,Low consumers without AC,4,1.8522645833333333,0.5588235294117647,0.20701780637254902,9.93891335712226,0.0,True,2025-08-13 19:00:00,2025-08-13 21:00:00,2025-08-12 14:00:00
36,47,C043,Low consumers without AC,4,1.8266784722222222,0.4117647058823529,0.15043234477124184,10.089345701893501,0.0,True,2025-08-13 19:00:00,2025-08-13 21:00:00,2025-08-12 14:00:00
36,48,C006,Low consumers without AC,4,1.4518395833333333,0.23529411764705882,0.06832186274509804,10.157667564638599,0.0,True,2025-08-13 19:00:00,2025-08-13 21:00:00,2025-08-12 14:00:00
36,49,C003,Low consumers without AC,4,1.393582291666667,0.5882352941176471,0.16395085784313732,10.321618422481736,0.0,True,2025-08-13 19:00:00,2025-08-13 21:00:00,2025-08-12 14:00:00
36,50,C018,Low consumers without AC,4,1.3375215277777779,0.7941176470588235,0.2124298897058824,10.534048312187618,0.0,True,2025-08-13 19:00:00,2025-08-13 21:00:00,2025-08-12 14:00:00
