client_id,event_id,window_kwh,projected_month_kwh,projected_band_millimes,response,informed,economic_band,peak_price_millimes,event_cost_dt,surcharge_dt
C001,1,3.9883333333333333,400.4042811188812,341,decline,True,False,511.5,2.0400325,0.6800108333333333
C002,1,4.112466666666666,367.6299972027972,341,decline,True,False,511.5,2.1035266999999997,0.7011755666666666
C003,1,1.1747,451.46288531468537,341,accept,True,False,511.5,0.6008590500000001,0.20028635000000003
C004,1,6.176116666666667,389.17855244755253,341,no_response,True,False,511.5,3.159083675,1.0530278916666669
C005,1,4.6171,538.4933692307691,414,no_response,True,False,621.0,2.8672191,0.9557397
C006,1,2.8072666666666666,293.96575944055945,218,no_response,True,False,327.0,0.9179761999999999,0.3059920666666666
C007,1,2.5258166666666666,467.98835664335667,341,no_response,True,False,511.5,1.291955225,0.4306517416666667
C008,1,3.825216666666667,354.9389874125874,341,accept,True,False,511.5,1.956598325,0.6521994416666668
C009,1,2.9484,357.7194489510489,341,no_response,True,False,511.5,1.5081065999999999,0.5027022
C010,1,2.1576500000000003,450.0834503496504,341,accept,True,False,511.5,1.103637975,0.36787932500000003
C011,1,2.6421499999999996,459.6059132867133,341,accept,True,False,511.5,1.3514597249999998,0.4504865749999999
C012,1,2.428775,300.3192853146853,341,decline,True,False,511.5,1.2423184125,0.41410613749999997
C013,1,0.7455583333333333,401.3691832167832,341,accept,True,False,511.5,0.3813530875,0.12711769583333332
C014,1,3.89395,362.7920461538461,341,accept,True,False,511.5,1.9917554249999998,0.6639184749999999
C015,1,5.169416666666667,589.7094013986014,414,decline,True,False,621.0,3.21020775,1.07006925
C016,1,4.381600000000001,479.10040419580406,341,accept,True,False,511.5,2.2411884000000004,0.7470628000000001
C017,1,4.141775,356.85717202797207,341,accept,True,False,511.5,2.1185179124999998,0.7061726374999999
C018,1,2.10505,287.339606993007,218,accept,True,False,327.0,0.6883513499999999,0.22945045
C019,1,1.0694,452.16626013986007,341,accept,True,False,511.5,0.5469980999999999,0.1823327
C020,1,2.2112000000000003,368.7005160839161,341,no_response,True,False,511.5,1.1310288,0.37700960000000006
C021,1,5.267416666666667,529.8284573426574,414,decline,True,False,621.0,3.27106575,1.09035525
C022,1,5.3336500000000004,627.3310447552448,414,accept,True,False,621.0,3.31219665,1.10406555
C023,1,3.741183333333333,403.1173230769231,341,decline,True,False,511.5,1.9136152749999997,0.6378717583333332
C024,1,6.453966666666666,470.83350629370636,341,decline,True,False,511.5,3.3012039499999997,1.1004013166666666
C025,1,0.8388583333333333,212.75685874125875,218,accept,True,False,327.0,0.274306675,0.09143555833333332
C026,1,0.15075,369.8001272727273,341,accept,True,False,511.5,0.077108625,0.025702875
C027,1,1.6406833333333333,268.6153034965035,218,accept,True,False,327.0,0.5365034499999999,0.17883448333333335
C028,1,6.381383333333334,414.75242517482513,341,accept,True,False,511.5,3.2640775750000004,1.0880258583333333
C029,1,4.031133333333333,521.9673342657343,414,accept,True,False,621.0,2.5033338,0.8344445999999999
C030,1,3.7952500000000002,308.32478601398606,341,accept,True,False,511.5,1.941270375,0.6470901250000001
C031,1,2.7282666666666664,409.91651188811187,341,decline,True,False,511.5,1.3955084,0.4651694666666666
C032,1,3.31075,380.6106727272727,341,accept,True,False,511.5,1.693448625,0.564482875
C033,1,0.5805333333333333,435.17583216783214,341,accept,True,False,511.5,0.2969428,0.09898093333333334
C034,1,6.939716666666667,495.94367972027976,341,accept,True,False,511.5,3.5496650750000005,1.183221691666667
C035,1,0.8487333333333333,382.079379020979,341,accept,True,False,511.5,0.4341271,0.14470903333333335
C036,1,6.277483333333333,447.96539160839166,341,accept,True,False,511.5,3.2109327249999997,1.070310908333333
C037,1,3.4057500000000003,490.9832027972028,341,decline,True,False,511.5,1.7420411250000003,0.580680375
C038,1,3.3811,210.77095104895105,218,accept,True,False,327.0,1.1056196999999999,0.3685399
C039,1,3.8922,200.5474111888112,218,accept,True,False,327.0,1.2727494,0.4242498
C040,1,0.7296333333333334,225.36015804195807,218,accept,True,False,327.0,0.2385901,0.07953003333333333
C041,1,4.051266666666667,521.1024993006993,414,accept,True,False,621.0,2.5158366,0.8386122
C042,1,4.002033333333333,507.66324055944057,414,accept,True,False,621.0,2.4852627000000003,0.8284209
C043,1,0.7192666666666666,241.30664475524478,218,accept,True,False,327.0,0.2352002,0.07840006666666666
C044,1,6.059733333333334,535.8093762237763,414,accept,True,False,621.0,3.7630944000000004,1.2543648
C045,1,4.9415000000000004,337.9651216783217,341,accept,True,False,511.5,2.52757725,0.8425257500000002
C046,1,0.9427666666666666,226.6778097902098,218,accept,True,False,327.0,0.30828469999999997,0.10276156666666666
C047,1,2.694258333333334,554.1341048951049,414,accept,True,False,621.0,1.6731344250000004,0.5577114750000001
C048,1,3.7456500000000004,435.8944251748252,341,accept,True,False,511.5,1.9158999750000003,0.638633325
C049,1,3.1796333333333333,414.7512545454546,341,accept,True,False,511.5,1.6263824500000001,0.5421274833333333
C050,1,2.8430166666666667,309.16802937062937,341,decline,True,False,511.5,1.454203025,0.4847343416666667
C001,2,1.6552000000000002,397.63711204819265,341,accept,True,False,511.5,0.8466348000000001,0.2822116
C002,2,3.7308666666666666,359.044278313253,341,decline,True,False,511.5,1.9083382999999998,0.6361127666666666
C003,2,6.157983333333333,473.09189638554216,341,accept,True,False,511.5,3.149808475,1.049936158333333
C004,2,1.1644,398.2345156626506,341,accept,True,False,511.5,0.5955906000000001,0.19853020000000002
C005,2,2.27855,514.2842855421686,414,no_response,True,False,621.0,1.41497955,0.47165985
C006,2,3.7156666666666665,292.15688554216865,218,decline,True,False,327.0,1.215023,0.40500766666666665
C007,2,4.917400000000001,468.20685662650595,341,accept,True,False,511.5,2.5152501000000003,0.8384167000000001
C008,2,5.109983333333334,372.07951686746986,341,accept,True,False,511.5,2.613756475,0.8712521583333335
C009,2,3.9711666666666665,372.42511084337355,341,accept,True,False,511.5,2.03125175,0.6770839166666666
C010,2,1.086675,453.81269759036144,341,accept,True,False,511.5,0.5558342625,0.1852780875
C011,2,3.5582833333333332,446.36440602409635,341,accept,True,False,511.5,1.820061925,0.6066873083333334
C012,2,3.6456999999999997,296.88446024096385,218,no_response,True,False,327.0,1.1921438999999998,0.39738129999999994
C013,2,2.7990333333333335,386.5127433734939,341,no_response,True,False,511.5,1.4317055500000002,0.4772351833333333
C014,2,3.98675,391.4178024096385,341,accept,True,False,511.5,2.039222625,0.6797408749999999
C015,2,2.007891472868217,544.0621012048192,414,accept,True,False,621.0,1.2469006046511626,0.41563353488372085
C016,2,8.757558333333334,514.1116192771084,414,no_response,True,False,621.0,5.438443725,1.8128145750000002
C017,2,0.85245,326.77458554216867,341,accept,True,False,511.5,0.436028175,0.145342725
C018,2,1.8411416666666667,299.0136373493975,218,accept,True,False,327.0,0.602053325,0.20068444166666666
C019,2,5.918383333333333,464.7201036144578,341,accept,True,False,511.5,3.0272530749999995,1.0090843583333333
C020,2,4.273083333333333,368.42151686746985,341,decline,True,False,511.5,2.185682125,0.7285607083333333
C021,2,3.9062833333333327,530.1436240963856,414,accept,True,False,621.0,2.4258019499999994,0.8086006499999998
C022,2,3.8880333333333335,619.2809493975903,414,accept,True,False,621.0,2.4144687,0.8048229
C023,2,5.666558333333333,435.36452289156625,341,decline,True,False,511.5,2.8984445875,0.9661481958333332
C024,2,3.0886666666666662,451.7772301204819,341,no_response,True,False,511.5,1.5798529999999997,0.5266176666666665
C025,2,0.6824749999999999,201.1520156626506,218,accept,True,False,327.0,0.22316932499999997,0.074389775
C026,2,2.0351166666666667,353.68646987951803,341,accept,True,False,511.5,1.0409621750000002,0.34698739166666664
C027,2,0.7213666666666667,272.7382240963856,218,decline,True,False,327.0,0.23588690000000004,0.07862896666666667
C028,2,1.26635,412.48988433734934,341,decline,True,False,511.5,0.647738025,0.215912675
C029,2,3.85325,538.2138204819277,414,accept,True,False,621.0,2.39286825,0.79762275
C030,2,0.8753666666666666,287.21182530120484,218,accept,True,False,327.0,0.28624489999999997,0.09541496666666666
C031,2,4.74915,431.96255301204815,341,accept,True,False,511.5,2.429190225,0.809730075
C032,2,5.038366666666667,380.80385060240957,341,no_response,True,False,511.5,2.57712455,0.8590415166666666
C033,2,3.79885,442.2504072289156,341,accept,True,False,511.5,1.9431117749999998,0.6477039250000001
C034,2,4.050533333333333,491.994613253012,341,accept,True,False,511.5,2.0718478,0.6906159333333333
C035,2,5.1964,417.92959999999994,341,accept,True,False,511.5,2.6579585999999997,0.8859862
C036,2,4.108041666666667,444.90404457831323,341,no_response,True,False,511.5,2.1012633125000004,0.7004211041666667
C037,2,3.8305333333333333,478.8873650602409,341,accept,True,False,511.5,1.9593178,0.6531059333333333
C038,2,1.0740833333333333,203.76632409638552,218,no_response,True,False,327.0,0.35122524999999993,0.11707508333333333
C039,2,4.741433333333333,237.56013373493977,218,decline,True,False,327.0,1.5504487,0.5168162333333334
C040,2,0.8476833333333335,212.45334578313253,218,accept,True,False,327.0,0.2771924500000001,0.09239748333333334
C041,2,3.3400999999999996,499.1278253012048,341,accept,True,False,511.5,1.7084611499999998,0.56948705
C042,2,5.0661499999999995,512.3768891566265,414,decline,True,False,621.0,3.1460791499999994,1.0486930499999998
C043,2,4.443033333333333,271.35644578313253,218,no_response,True,False,327.0,1.4528718999999999,0.4842906333333333
C044,2,3.8856,525.0937614457831,414,accept,True,False,621.0,2.4129576000000004,0.8043192
C045,2,5.552841666666667,381.03874096385533,341,accept,True,False,511.5,2.8402785125,0.9467595041666668
C046,2,0.6950333333333334,224.5880530120482,218,accept,True,False,327.0,0.2272759,0.07575863333333334
C047,2,2.9127166666666664,530.0940987951807,414,decline,True,False,621.0,1.80879705,0.6029323499999999
C048,2,0.8972333333333333,398.2557674698794,341,accept,True,False,511.5,0.45893485,0.15297828333333333
C049,2,0.5520666666666667,372.0237542168674,341,accept,True,False,511.5,0.2823821,0.09412736666666667
C050,2,0.37201666666666666,291.7255373493976,218,accept,True,False,327.0,0.12164945,0.04054981666666666
C001,3,0.8655666666666667,384.5101803738318,341,accept,True,False,511.5,0.44273735,0.14757911666666668
C002,3,7.543983333333333,409.3224934579439,341,decline,True,False,511.5,3.858747475,1.2862491583333333
C003,3,4.018983333333333,470.0953280373833,341,decline,True,False,511.5,2.0557099749999996,0.6852366583333332
C004,3,4.954725,440.19090280373837,341,accept,True,False,511.5,2.5343418375,0.8447806124999999
C005,3,5.078116666666667,543.0216112149533,414,accept,True,False,621.0,3.15351045,1.0511701500000001
C006,3,2.75425,307.7155028037384,341,decline,True,False,511.5,1.408798875,0.469599625
C007,3,4.229533333333334,496.3785186915888,341,accept,True,False,511.5,2.1634063000000006,0.7211354333333335
C008,3,0.9629000000000001,345.99969158878497,341,accept,True,False,511.5,0.49252335,0.16417445
C009,3,1.3590666666666666,388.56245981308416,341,accept,True,False,511.5,0.6951626,0.23172086666666666
C010,3,4.287966666666667,445.2807841121496,341,decline,True,False,511.5,2.19329495,0.7310983166666666
C011,3,1.5701333333333334,471.6916831775701,341,no_response,True,False,511.5,0.8031232,0.26770773333333336
C012,3,0.8236333333333333,292.38394579439256,218,accept,True,False,327.0,0.2693281,0.08977603333333332
C013,3,1.166583333333333,396.06017196261683,341,decline,True,False,511.5,0.5967073749999998,0.1989024583333333
C014,3,4.263183333333334,390.7203495327103,341,accept,True,False,511.5,2.180618275,0.7268727583333334
C015,3,8.779233333333334,555.3502822429906,414,decline,True,False,621.0,5.4519039000000005,1.8173013
C016,3,7.8152333333333335,531.2332093457944,414,accept,True,False,621.0,4.8532599,1.6177533000000002
C017,3,3.9399499999999996,312.34383177570095,341,no_response,True,False,511.5,2.015284425,0.6717614749999999
C018,3,1.33425,286.5025504672897,218,accept,True,False,327.0,0.43629975,0.14543325
C019,3,1.1448833333333333,437.37505981308414,341,accept,True,False,511.5,0.585607825,0.19520260833333333
C020,3,1.0362333333333333,361.3566570093458,341,accept,True,False,511.5,0.5300333500000001,0.17667778333333334
C021,3,4.763983333333334,543.6376710280374,414,accept,True,False,621.0,2.9584336500000004,0.9861445500000001
C022,3,2.9419666666666666,608.4175887850467,414,no_response,True,False,621.0,1.8269613,0.6089870999999999
C023,3,7.534949999999999,488.7798102803739,341,decline,True,False,511.5,3.8541269249999996,1.2847089749999998
C024,3,3.9332333333333334,477.2085242990655,341,accept,True,False,511.5,2.0118488500000002,0.6706162833333333
C025,3,2.0372500000000002,196.13250934579438,176,accept,True,False,264.0,0.537834,0.17927800000000002
C026,3,3.9593166666666666,397.7800635514019,341,accept,True,False,511.5,2.025190475,0.6750634916666667
C027,3,2.5919499999999998,316.3444831775701,341,decline,True,False,511.5,1.3257824249999999,0.44192747499999996
C028,3,0.8266333333333333,364.8932934579439,341,decline,True,False,511.5,0.42282295,0.14094098333333333
C029,3,6.08375,562.8807906542057,414,no_response,True,False,621.0,3.77800875,1.25933625
C030,3,4.3627,292.74902149532716,218,decline,True,False,327.0,1.4266029,0.4755343
C031,3,2.02545,459.8054140186916,341,accept,True,False,511.5,1.036017675,0.3453392250000001
C032,3,4.771533333333333,404.8847130841122,341,accept,True,False,511.5,2.4406393,0.8135464333333333
C033,3,6.46655,467.2976794392523,341,accept,True,False,511.5,3.307640325,1.102546775
C034,3,7.378766666666667,515.213423364486,414,decline,True,False,621.0,4.5822141,1.5274047
C035,3,3.5424333333333333,468.0540504672897,341,accept,True,False,511.5,1.8119546499999999,0.6039848833333333
C036,3,3.8275833333333336,397.51746168224304,341,decline,True,False,511.5,1.9578088750000002,0.6526029583333334
C037,3,3.9230666666666667,497.06680560747674,341,accept,True,False,511.5,2.0066486,0.6688828666666667
C038,3,0.6884833333333333,192.7779327102804,176,accept,True,False,264.0,0.1817596,0.06058653333333334
C039,3,0.15795,239.3337327102804,218,accept,True,False,327.0,0.05164965,0.01721655
C040,3,0.4569000000000001,196.90916074766355,176,no_response,True,False,264.0,0.12062160000000002,0.040207200000000005
C041,3,3.79325,505.9237084112151,414,accept,True,False,621.0,2.3556082500000004,0.7852027500000001
C042,3,5.002183333333334,516.8386056074767,414,accept,True,False,621.0,3.1063558500000004,1.0354519500000001
C043,3,2.0602166666666664,308.64897943925234,341,decline,True,False,511.5,1.0538008249999997,0.35126694166666667
C044,3,7.458966666666666,563.205276635514,414,decline,True,False,621.0,4.6320182999999995,1.5440060999999998
C045,3,4.007,422.9420392523365,341,accept,True,False,511.5,2.0495805000000002,0.6831935
C046,3,3.1387666666666667,240.33129532710277,218,no_response,True,False,327.0,1.0263767,0.34212556666666666
C047,3,4.874383333333333,558.9534093457945,414,accept,True,False,621.0,3.02699205,1.00899735
C048,3,3.8389333333333333,377.9780747663552,341,accept,True,False,511.5,1.9636144,0.6545381333333333
C049,3,3.809966666666667,346.3057224299066,341,accept,True,False,511.5,1.9487979500000001,0.6495993166666667
C050,3,3.2458,289.57806915887846,218,accept,True,False,327.0,1.0613766,0.3537922
C001,4,5.308566666666667,410.4149416666666,341,accept,True,False,511.5,2.71533185,0.9051106166666667
C002,4,3.481283333333333,421.0231416666667,341,accept,True,False,511.5,1.7806764249999996,0.5935588083333332
C003,4,1.3478666666666665,456.01837,341,accept,True,False,511.5,0.6894337999999999,0.22981126666666665
C004,4,1.0298500000000002,428.4020716666667,341,decline,True,False,511.5,0.5267682750000001,0.17558942500000002
C005,4,2.445683333333333,574.6465091666666,414,accept,True,False,621.0,1.5187693500000001,0.50625645
C006,4,0.5647083333333334,296.88844666666665,218,no_response,True,False,327.0,0.184659625,0.06155320833333334
C007,4,0.5169833333333332,482.96003083333335,341,accept,True,False,511.5,0.26443697499999996,0.08814565833333332
C008,4,3.39825,380.46369749999997,341,accept,True,False,511.5,1.7382048749999999,0.5794016249999999
C009,4,0.4746666666666667,377.4401383333334,341,decline,True,False,511.5,0.242792,0.08093066666666666
C010,4,2.5278,459.98407083333336,341,accept,True,False,511.5,1.2929697,0.43098990000000004
C011,4,0.6109666666666667,438.53553250000004,341,no_response,True,False,511.5,0.31250945,0.10416981666666666
C012,4,2.0758,293.96010916666665,218,decline,True,False,327.0,0.6787866,0.2262622
C013,4,0.17133333333333334,372.23048500000004,341,accept,True,False,511.5,0.087637,0.029212333333333333
C014,4,2.74675,393.2733883333333,341,decline,True,False,511.5,1.404962625,0.468320875
C015,4,4.076933333333333,567.7516441666667,414,accept,True,False,621.0,2.5317755999999996,0.8439251999999999
C016,4,2.4124333333333334,539.5039791666667,414,accept,True,False,621.0,1.4981211,0.49937370000000003
C017,4,2.3292333333333333,334.0006391666667,341,decline,True,False,511.5,1.19140285,0.39713428333333334
C018,4,0.9138499999999999,287.0435958333333,218,accept,True,False,327.0,0.29882895,0.09960965
C019,4,1.1040333333333334,437.7335366666667,341,accept,True,False,511.5,0.56471305,0.18823768333333335
C020,4,5.512466666666667,384.23787,341,accept,True,False,511.5,2.8196266999999997,0.9398755666666667
C021,4,4.359766666666666,571.7252758333333,414,accept,True,False,621.0,2.7074150999999995,0.9024717
C022,4,2.363,589.2363233333334,414,accept,True,False,621.0,1.467423,0.489141
C023,4,0.2974833333333333,479.6610883333333,341,accept,True,False,511.5,0.152162725,0.050720908333333335
C024,4,2.95525,506.88242083333336,414,accept,True,False,621.0,1.8352102499999998,0.61173675
C025,4,2.341066666666667,208.0365825,218,accept,True,False,327.0,0.7655288,0.2551762666666667
C026,4,4.201733333333333,431.4258633333333,341,accept,True,False,511.5,2.1491866,0.7163955333333333
C027,4,2.7750833333333333,345.7983091666667,341,accept,True,False,511.5,1.419455125,0.4731517083333333
C028,4,2.4821666666666666,373.34826749999996,341,accept,True,False,511.5,1.26962825,0.4232094166666666
C029,4,2.4922333333333335,568.9510341666667,414,accept,True,False,621.0,1.5476769000000001,0.5158923000000001
C030,4,0.5758166666666666,289.78947250000004,218,no_response,True,False,327.0,0.18829205,0.06276401666666666
C031,4,3.3541499999999997,472.48704250000003,341,no_response,True,False,511.5,1.7156477249999997,0.571882575
C032,4,1.7171666666666667,383.3074825,341,accept,True,False,511.5,0.87833075,0.2927769166666667
C033,4,2.5311999999999997,495.78424000000007,341,accept,True,False,511.5,1.2947088,0.43156959999999994
C034,4,0.4055833333333333,494.19636833333334,341,accept,True,False,511.5,0.20745587499999998,0.06915195833333333
C035,4,0.5061333333333333,461.22301166666665,341,accept,True,False,511.5,0.2588872,0.08629573333333333
C036,4,2.3281333333333336,402.8950908333333,341,no_response,True,False,511.5,1.1908402,0.39694673333333336
C037,4,2.219125,517.8242066666667,414,accept,True,False,621.0,1.3780766249999998,0.459358875
C038,4,1.4551166666666666,194.3022908333333,176,no_response,True,False,264.0,0.3841508,0.12805026666666666
C039,4,2.742633333333334,246.4057475,218,accept,True,False,327.0,0.8968411000000002,0.29894703333333345
C040,4,1.0515166666666667,195.34993583333332,176,no_response,True,False,264.0,0.27760039999999997,0.09253346666666667
C041,4,1.8217166666666667,507.3317916666666,414,accept,True,False,621.0,1.13128605,0.37709535
C042,4,3.4444333333333335,549.5287333333334,414,accept,True,False,621.0,2.1389931,0.7129977
C043,4,5.591433333333333,343.3236825,341,no_response,True,False,511.5,2.8600181499999997,0.9533393833333332
C044,4,0.41896666666666665,576.3652008333333,414,accept,True,False,621.0,0.2601783,0.0867261
C045,4,2.4877166666666666,443.1179266666667,341,accept,True,False,511.5,1.272467075,0.42415569166666667
C046,4,1.6090833333333334,247.03075916666666,218,accept,True,False,327.0,0.5261702500000001,0.17539008333333334
C047,4,2.321466666666667,572.8004075,414,accept,True,False,621.0,1.4416308000000002,0.4805436
C048,4,0.4529916666666667,354.70507416666675,341,accept,True,False,511.5,0.23170523750000002,0.07723507916666666
C049,4,1.1743333333333335,364.35044,341,accept,True,False,511.5,0.6006715,0.20022383333333335
C050,4,1.3328666666666666,302.2483983333333,341,accept,True,False,511.5,0.6817613,0.22725376666666666
C001,5,1.72595,418.94047986111104,341,accept,True,False,511.5,0.882823425,0.294274475
C002,5,5.265700000000001,428.5649680555556,341,no_response,True,False,511.5,2.6934055500000005,0.8978018500000001
C003,5,0.12931666666666666,446.30880833333333,341,accept,True,False,511.5,0.06614547500000001,0.022048491666666666
C004,5,1.0604666666666667,398.95348819444445,341,decline,True,False,511.5,0.5424287000000001,0.18080956666666664
C005,5,3.078266666666667,580.5336631944444,414,accept,True,False,621.0,1.9116036,0.6372012000000001
C006,5,0.7139666666666666,300.3307770833334,341,no_response,True,False,511.5,0.36519395,0.12173131666666666
C007,5,5.488066666666666,505.1420722222222,414,no_response,True,False,621.0,3.4080893999999993,1.1360297999999998
C008,5,6.220933333333333,382.08793819444446,341,decline,True,False,511.5,3.1820074,1.0606691333333333
C009,5,4.398883333333333,424.2412861111111,341,no_response,True,False,511.5,2.250028825,0.7500096083333333
C010,5,2.9833833333333337,480.00255763888896,341,accept,True,False,511.5,1.5260005750000003,0.5086668583333334
C011,5,5.017216666666666,452.2204006944444,341,accept,True,False,511.5,2.5663063249999998,0.8554354416666666
C012,5,3.31745,303.25259166666666,341,accept,True,False,511.5,1.696875675,0.565625225
C013,5,2.1462666666666665,385.2705402777778,341,accept,True,False,511.5,1.0978154,0.3659384666666667
C014,5,3.8358,400.3932875,341,decline,True,False,511.5,1.9620117,0.6540039
C015,5,1.6818333333333333,569.7484833333334,414,no_response,True,False,621.0,1.0444185,0.3481395
C016,5,3.5744499999999997,567.1510923611111,414,accept,True,False,621.0,2.2197334499999997,0.73991115
C017,5,6.313733333333333,365.1826263888889,341,accept,True,False,511.5,3.2294746,1.0764915333333334
C018,5,0.7823166666666668,288.24129375,218,accept,True,False,327.0,0.25581755000000006,0.08527251666666667
C019,5,5.0568,474.6583944444444,341,accept,True,False,511.5,2.5865532,0.8621844
C020,5,0.8106249999999999,357.5993375,341,decline,True,False,511.5,0.4146346875,0.1382115625
C021,5,3.7840833333333332,582.0371416666667,414,decline,True,False,621.0,2.34991575,0.78330525
C022,5,3.9404500000000002,608.567092361111,414,accept,True,False,621.0,2.4470194500000004,0.8156731500000001
C023,5,4.087908333333333,516.0284972222223,414,no_response,True,False,621.0,2.538591075,0.8461970249999999
C024,5,6.431966666666668,534.3855993055555,414,accept,True,False,621.0,3.9942513000000006,1.3314171000000001
C025,5,0.53095,209.92980416666666,218,decline,True,False,327.0,0.17362065000000002,0.05787355
C026,5,2.559525,433.7774888888889,341,no_response,True,False,511.5,1.3091970375,0.43639901249999996
C027,5,0.8485333333333333,364.7427923611111,341,accept,True,False,511.5,0.4340248,0.1446749333333333
C028,5,6.2425999999999995,414.8004083333334,341,decline,True,False,511.5,3.1930899,1.0643633
C029,5,0.23441666666666666,562.1714159722223,414,accept,True,False,621.0,0.14557274999999997,0.048524250000000005
C030,5,3.9773666666666667,332.06291527777773,341,accept,True,False,511.5,2.03442305,0.6781410166666667
C031,5,6.546083333333334,517.1426458333333,414,accept,True,False,621.0,4.065117750000001,1.3550392500000001
C032,5,3.9607666666666663,398.03769652777777,341,accept,True,False,511.5,2.02593215,0.6753107166666666
C033,5,0.59225,497.5889006944445,341,accept,True,False,511.5,0.302935875,0.100978625
C034,5,0.64535,494.0557187499999,341,accept,True,False,511.5,0.330096525,0.110032175
C035,5,0.7879166666666666,432.4063201388888,341,accept,True,False,511.5,0.40301937499999996,0.13433979166666665
C036,5,3.4825333333333335,420.3395486111111,341,accept,True,False,511.5,1.7813158,0.5937719333333333
C037,5,4.061916666666667,567.4605111111111,414,no_response,True,False,621.0,2.5224502500000003,0.8408167500000001
C038,5,0.56045,201.40454583333337,218,decline,True,False,327.0,0.18326715000000002,0.06108905
C039,5,3.1582,264.99529791666663,218,decline,True,False,327.0,1.0327313999999999,0.3442438
C040,5,5.097383333333333,235.4115673611111,218,accept,True,False,327.0,1.6668443499999999,0.5556147833333334
C041,5,5.258033333333334,527.0808368055556,414,decline,True,False,621.0,3.2652387000000003,1.0884129
C042,5,0.9394166666666667,500.96456388888885,414,accept,True,False,621.0,0.58337775,0.19445925
C043,5,0.8638333333333333,335.10380000000004,341,no_response,True,False,511.5,0.44185075,0.14728358333333333
C044,5,4.038633333333333,574.3688395833333,414,accept,True,False,621.0,2.5079913,0.8359971
C045,5,3.679566666666667,444.5069333333334,341,accept,True,False,511.5,1.8820983500000001,0.6273661166666668
C046,5,2.24735,256.7809222222222,218,no_response,True,False,327.0,0.73488345,0.24496115000000002
C047,5,3.246983333333333,590.4898298611112,414,accept,True,False,621.0,2.0163766499999998,0.67212555
C048,5,4.90955,393.2722,341,accept,True,False,511.5,2.511234825,0.8370782750000001
C049,5,4.832433333333333,397.27563472222226,341,accept,True,False,511.5,2.4717896500000003,0.8239298833333334
C050,5,1.54275,318.68514513888886,341,accept,True,False,511.5,0.789116625,0.263038875
C001,6,5.6992166666666675,429.21206495176847,341,decline,True,False,511.5,2.9151493250000002,0.9717164416666668
C002,6,2.4196833333333334,420.5997266881029,341,decline,True,False,511.5,1.2376680249999998,0.41255600833333333
C003,6,3.9323833333333336,447.64047845659167,341,accept,True,False,511.5,2.0114140750000002,0.6704713583333334
C004,6,2.17535,384.7844398713827,341,decline,True,False,511.5,1.112691525,0.370897175
C005,6,5.6347,601.7878887459807,414,accept,True,False,621.0,3.4991486999999997,1.1663829
C006,6,2.9227333333333334,300.5337961414791,341,no_response,True,False,511.5,1.4949781,0.4983260333333333
C007,6,2.003433333333333,487.9172932475884,341,decline,True,False,511.5,1.02475615,0.3415853833333333
C008,6,2.7205500000000002,389.91465080385854,341,decline,True,False,511.5,1.391561325,0.463853775
C009,6,1.98235,417.9917794212218,341,decline,True,False,511.5,1.013972025,0.337990675
C010,6,6.245300000000001,487.2721942122186,341,accept,True,False,511.5,3.194470950000001,1.0648236500000003
C011,6,4.303866666666667,447.7992263665594,341,no_response,True,False,511.5,2.2014278,0.7338092666666668
C012,6,2.0726166666666668,308.30335305466235,341,accept,True,False,511.5,1.060143425,0.3533811416666667
C013,6,2.5896833333333333,392.348459807074,341,accept,True,False,511.5,1.3246230250000002,0.4415410083333333
C014,6,6.381683333333333,425.9819845659164,341,accept,True,False,511.5,3.264231025,1.088077008333333
C015,6,3.9360166666666667,562.2768836012862,414,accept,True,False,621.0,2.44426635,0.81475545
C016,6,6.108183333333333,569.8226623794211,414,accept,True,False,621.0,3.7931818499999994,1.2643939499999999
C017,6,4.021616666666667,370.9277189710611,341,accept,True,False,511.5,2.057056925,0.6856856416666667
C018,6,3.2046666666666668,290.8630122186495,218,accept,True,False,327.0,1.047926,0.34930866666666666
C019,6,6.230816666666667,503.7315794212219,414,accept,True,False,621.0,3.86933715,1.2897790500000001
C020,6,4.9946,365.38452025723467,341,accept,True,False,511.5,2.5547379,0.8515793
C021,6,1.9118,575.1374180064308,414,accept,True,False,621.0,1.1872277999999998,0.3957426
C022,6,7.1715333333333335,622.9797877813503,414,decline,True,False,621.0,4.4535222,1.4845074
C023,6,5.418033333333334,523.507147266881,414,no_response,True,False,621.0,3.3645987,1.1215329
C024,6,6.521877777777777,546.1855976420151,414,accept,True,False,621.0,4.0500861,1.3500286999999997
C025,6,3.1553666666666667,211.69339807073953,218,accept,True,False,327.0,1.0318049,0.3439349666666666
C026,6,0.7298166666666667,421.9990926045015,341,accept,True,False,511.5,0.373301225,0.12443374166666667
C027,6,4.163966666666666,382.3081678456591,341,accept,True,False,511.5,2.1298689499999996,0.7099563166666666
C028,6,1.67035,405.7143639871382,341,accept,True,False,511.5,0.854384025,0.284794675
C029,6,8.567533333333333,569.1293987138263,414,no_response,True,False,621.0,5.320438200000001,1.7734794
C030,6,5.127483333333333,355.56870418006434,341,accept,True,False,511.5,2.6227077249999997,0.8742359083333333
C031,6,5.643891666666666,540.485,414,no_response,True,False,621.0,3.504856725,1.1682855749999999
C032,6,3.8454416666666664,396.85085594855303,341,accept,True,False,511.5,1.9669434124999998,0.6556478041666667
C033,6,4.02175,507.6903093247588,414,accept,True,False,621.0,2.49750675,0.83250225
C034,6,3.05775,498.854252733119,341,decline,True,False,511.5,1.564039125,0.5213463749999999
C035,6,2.1002666666666667,424.6020559485531,341,decline,True,False,511.5,1.0742863999999999,0.35809546666666664
C036,6,5.053866666666667,425.98583215434076,341,decline,True,False,511.5,2.5850528,0.8616842666666668
C037,6,0.9158999999999999,547.145115755627,414,accept,True,False,621.0,0.5687738999999999,0.1895913
C038,6,0.8948166666666666,201.15890032154337,218,accept,True,False,327.0,0.2926050499999999,0.09753501666666667
C039,6,3.7321166666666663,278.4236591639871,218,accept,True,False,327.0,1.22040215,0.4068007166666666
C040,6,0.7306,227.73090418006427,218,accept,True,False,327.0,0.2389062,0.07963540000000001
C041,6,4.185016666666667,527.9202514469453,414,decline,True,False,621.0,2.5988953500000003,0.86629845
C042,6,6.2714,506.7310237942122,414,decline,True,False,621.0,3.8945394,1.2981798
C043,6,0.7686,325.4909890675241,341,accept,True,False,511.5,0.39313889999999996,0.1310463
C044,6,2.2960833333333337,553.2701376205788,414,accept,True,False,621.0,1.42586775,0.4752892500000001
C045,6,3.978933333333333,458.06519035369774,341,accept,True,False,511.5,2.0352243999999997,0.6784081333333333
C046,6,3.145758333333333,257.45828938906755,218,accept,True,False,327.0,1.028662975,0.34288765833333334
C047,6,0.9006333333333334,576.0400662379421,414,accept,True,False,621.0,0.5592933,0.18643110000000002
C048,6,3.7437666666666667,405.65479614147904,341,accept,True,False,511.5,1.91493665,0.6383122166666667
C049,6,3.3949333333333334,406.33177234726685,341,accept,True,False,511.5,1.7365084,0.5788361333333334
C050,6,1.9943166666666667,312.88939935691315,341,accept,True,False,511.5,1.020092975,0.34003099166666667
C001,7,4.729475000000001,428.56557005988026,341,accept,True,False,511.5,2.4191264625000004,0.8063754875000001
C002,7,1.7150999999999998,417.6506371257485,341,no_response,True,False,511.5,0.87727365,0.29242454999999995
C003,7,5.039566666666667,455.26241736526947,341,accept,True,False,511.5,2.5777383500000006,0.8592461166666668
C004,7,5.55225,397.3792730538923,341,accept,True,False,511.5,2.839975875,0.946658625
C005,7,8.132016666666667,617.0037850299401,414,no_response,True,False,621.0,5.0499823500000005,1.68332745
C006,7,1.2945916666666666,293.46595508982034,218,decline,True,False,327.0,0.42333147499999996,0.14111049166666667
C007,7,4.204916666666667,475.613731736527,341,decline,True,False,511.5,2.150814875,0.7169382916666667
C008,7,4.948716666666667,392.73937125748506,341,accept,True,False,511.5,2.531268575,0.8437561916666667
C009,7,2.42035,409.33175928143714,341,decline,True,False,511.5,1.238009025,0.41266967499999996
C010,7,1.1287333333333334,469.0284964071856,341,accept,True,False,511.5,0.5773471000000001,0.19244903333333335
C011,7,5.323483333333334,453.3156359281437,341,decline,True,False,511.5,2.722961725,0.9076539083333335
C012,7,3.3081666666666667,312.08318143712575,341,no_response,True,False,511.5,1.69212725,0.5640424166666667
C013,7,0.14373333333333332,388.97485748502993,341,accept,True,False,511.5,0.07351959999999999,0.024506533333333334
C014,7,6.022458333333334,432.7926706586827,341,accept,True,False,511.5,3.0804874375000004,1.0268291458333334
C015,7,6.43615,562.4551640718563,414,accept,True,False,621.0,3.9968491499999996,1.33228305
C016,7,3.7411833333333333,568.6580227544911,414,accept,True,False,621.0,2.32327485,0.77442495
C017,7,1.3280333333333332,372.0085389221557,341,decline,True,False,511.5,0.67928905,0.22642968333333333
C018,7,1.9139583333333334,285.1689071856288,218,accept,True,False,327.0,0.625864375,0.20862145833333334
C019,7,2.0852666666666666,492.8484508982037,341,no_response,True,False,511.5,1.0666139000000001,0.35553796666666665
C020,7,2.8282166666666666,355.8748952095808,341,accept,True,False,511.5,1.446632825,0.48221094166666667
C021,7,6.179449999999999,585.5831874251496,414,accept,True,False,621.0,3.8374384499999996,1.2791461499999999
C022,7,3.897033333333333,618.4521161676646,414,accept,True,False,621.0,2.4200576999999996,0.8066859
C023,7,5.3796833333333325,526.4192604790419,414,accept,True,False,621.0,3.3407833499999997,1.11359445
C024,7,5.40135,540.906228742515,414,no_response,True,False,621.0,3.35423835,1.11807945
C025,7,2.4739666666666666,216.00436167664674,218,no_response,True,False,327.0,0.8089871,0.2696623666666667
C026,7,0.9076,409.25034251497004,341,accept,True,False,511.5,0.46423739999999997,0.1547458
C027,7,5.899399999999999,393.00788323353294,341,accept,True,False,511.5,3.0175430999999993,1.0058477
C028,7,1.65475,391.6114353293413,341,accept,True,False,511.5,0.846404625,0.28213487499999995
C029,7,7.932899999999999,576.3446305389222,414,decline,True,False,621.0,4.9263309,1.6421103
C030,7,4.579358333333333,367.65933173652695,341,accept,True,False,511.5,2.3423417875,0.7807805958333334
C031,7,6.682383333333334,546.2362239520959,414,no_response,True,False,621.0,4.149760050000001,1.3832533500000002
C032,7,3.778783333333333,393.40201017964074,341,accept,True,False,511.5,1.9328476749999999,0.6442825583333334
C033,7,0.4019,491.64015628742516,341,accept,True,False,511.5,0.20557184999999997,0.06852395
C034,7,1.569166666666667,494.03660479041923,341,decline,True,False,511.5,0.8026287500000002,0.2675429166666667
C035,7,5.221308333333333,436.084016766467,341,accept,True,False,511.5,2.6706992124999998,0.8902330708333333
C036,7,4.055025,430.5254011976048,341,decline,True,False,511.5,2.0741452875,0.6913817624999999
C037,7,4.074466666666667,549.5664778443114,414,accept,True,False,621.0,2.5302438,0.8434146
C038,7,3.151466666666667,206.35757005988023,218,decline,True,False,327.0,1.0305296000000002,0.3435098666666667
C039,7,1.4087333333333332,270.36486646706584,218,decline,True,False,327.0,0.46065579999999995,0.15355193333333333
C040,7,3.085566666666667,227.9779538922156,218,accept,True,False,327.0,1.0089803000000002,0.33632676666666667
C041,7,5.268516666666667,540.2759449101798,414,decline,True,False,621.0,3.27174885,1.09058295
C042,7,4.7002,506.73784311377244,414,accept,True,False,621.0,2.9188242,0.9729414
C043,7,4.1357083333333335,334.38762574850296,341,no_response,True,False,511.5,2.1154148125,0.7051382708333335
C044,7,5.322416666666666,554.2127467065868,414,accept,True,False,621.0,3.30522075,1.1017402499999998
C045,7,6.185366666666667,468.4836389221557,341,accept,True,False,511.5,3.16381505,1.0546050166666667
C046,7,1.9857749999999998,264.0741311377246,218,accept,True,False,327.0,0.6493484249999999,0.21644947499999997
C047,7,5.659383333333333,579.5117167664672,414,decline,True,False,621.0,3.51447705,1.17149235
C048,7,1.54795,392.95375389221556,341,accept,True,False,511.5,0.791776425,0.263925475
C049,7,3.9025500000000006,406.47300239520956,341,decline,True,False,511.5,1.9961543250000005,0.6653847750000002
C050,7,4.259116666666666,317.61437964071865,341,decline,True,False,511.5,2.1785381749999995,0.7261793916666667
C001,8,0.9329000000000001,418.257908616188,341,accept,True,False,511.5,0.47717835000000003,0.15905945
C002,8,1.2112,425.79576501305473,341,decline,True,False,511.5,0.6195288000000001,0.20650960000000002
C003,8,7.251458333333334,478.49783707571805,341,decline,True,False,511.5,3.7091209375000003,1.2363736458333334
C004,8,1.8116333333333332,385.66664543080947,341,no_response,True,False,511.5,0.92665045,0.30888348333333326
C005,8,2.336516666666667,588.4453023498694,414,decline,True,False,621.0,1.45097685,0.48365895000000003
C006,8,0.9091166666666666,287.2618804177545,218,decline,True,False,327.0,0.29728115,0.09909371666666665
C007,8,2.4924500000000003,464.2465462140992,341,accept,True,False,511.5,1.274888175,0.42496272500000004
C008,8,4.949816666666667,389.213790078329,341,accept,True,False,511.5,2.5318312250000004,0.8439437416666667
C009,8,1.786,412.54016501305483,341,no_response,True,False,511.5,0.913539,0.30451300000000003
C010,8,0.99885,465.15684543080937,341,decline,True,False,511.5,0.5109117750000001,0.170303925
C011,8,2.8176166666666664,429.4306323759791,341,accept,True,False,511.5,1.4412109249999998,0.4804036416666666
C012,8,1.3107,307.21539060052226,341,accept,True,False,511.5,0.67042305,0.22347435
C013,8,1.5026333333333335,396.16118955613575,341,accept,True,False,511.5,0.7685969500000001,0.2561989833333334
C014,8,2.57965,445.53267989556133,341,decline,True,False,511.5,1.319490975,0.439830325
C015,8,6.945083333333333,560.7976245430809,414,no_response,True,False,621.0,4.31289675,1.4376322499999998
C016,8,1.7897166666666666,545.2081859007833,414,decline,True,False,621.0,1.1114140499999998,0.37047135
C017,8,0.6867333333333334,370.3949608355091,341,accept,True,False,511.5,0.3512641,0.11708803333333334
C018,8,2.5096333333333334,289.00537545691907,218,accept,True,False,327.0,0.8206501,0.27355003333333333
C019,8,2.819383333333333,477.2909253263708,341,decline,True,False,511.5,1.4421145749999997,0.48070485833333326
C020,8,4.6875333333333336,359.27706579634463,341,accept,True,False,511.5,2.3976733,0.7992244333333334
C021,8,3.8664166666666664,599.3241169712793,414,accept,True,False,621.0,2.40104475,0.8003482499999999
C022,8,0.9074666666666666,587.5555942558747,414,accept,True,False,621.0,0.5635368,0.1878456
C023,8,2.361616666666667,534.3766402088772,414,accept,True,False,621.0,1.4665639500000003,0.48885465000000006
C024,8,4.185433333333334,554.5002052219321,414,decline,True,False,621.0,2.5991541000000002,0.8663847000000002
C025,8,0.6967,210.48991906005222,218,accept,True,False,327.0,0.2278209,0.07594029999999999
C026,8,3.6804499999999996,419.96229347258486,341,accept,True,False,511.5,1.8825501749999998,0.627516725
C027,8,3.5959499999999998,387.52308407310704,341,accept,True,False,511.5,1.839328425,0.613109475
C028,8,0.7948000000000001,380.76424229765007,341,decline,True,False,511.5,0.4065402,0.1355134
C029,8,0.98015,559.3943201044386,414,accept,True,False,621.0,0.60867315,0.20289105000000002
C030,8,0.20676666666666665,350.6677587467363,341,no_response,True,False,511.5,0.10576115,0.035253716666666664
C031,8,4.065300000000001,553.9146046997388,414,decline,True,False,621.0,2.5245513000000006,0.8415171000000001
C032,8,0.7832166666666667,385.08983498694516,341,decline,True,False,511.5,0.40061532499999997,0.13353844166666667
C033,8,5.09885,504.6248798955613,414,accept,True,False,621.0,3.1663858499999997,1.05546195
C034,8,1.6622833333333333,466.60725691906,341,accept,True,False,511.5,0.850257925,0.28341930833333334
C035,8,3.4306333333333336,448.5038234986945,341,accept,True,False,511.5,1.75476895,0.5849229833333334
C036,8,5.070983333333334,446.6981180156657,341,decline,True,False,511.5,2.5938079750000007,0.8646026583333335
C037,8,5.010983333333333,561.0458835509138,414,accept,True,False,621.0,3.11182065,1.0372735499999999
C038,8,0.8469166666666668,204.39902610966058,218,decline,True,False,327.0,0.27694175,0.09231391666666668
C039,8,4.64685,280.6236067885117,218,accept,True,False,327.0,1.5195199499999998,0.50650665
C040,8,0.9009,253.49434934725852,218,decline,True,False,327.0,0.29459430000000003,0.09819810000000001
C041,8,4.107383333333333,547.771602610966,414,accept,True,False,621.0,2.55068505,0.8502283499999999
C042,8,7.024941666666667,501.69200469973885,414,decline,True,False,621.0,4.362488775,1.454162925
C043,8,3.7647666666666666,351.87981827676236,341,accept,True,False,511.5,1.92567815,0.6418927166666666
C044,8,5.312983333333333,543.3447864229765,414,decline,True,False,621.0,3.29936265,1.09978755
C045,8,0.7485666666666667,470.5713718015666,341,accept,True,False,511.5,0.38289185000000003,0.12763061666666667
C046,8,3.0167833333333336,273.23453420365536,218,decline,True,False,327.0,0.9864881500000001,0.32882938333333334
C047,8,2.1387666666666667,566.551661618799,414,accept,True,False,621.0,1.3281741,0.44272469999999997
C048,8,6.3376166666666665,395.180780156658,341,accept,True,False,511.5,3.241690925,1.0805636416666666
C049,8,3.3919499999999996,397.1806605744125,341,accept,True,False,511.5,1.7349824249999997,0.5783274749999999
C050,8,0.59705,307.3072736292428,341,accept,True,False,511.5,0.305391075,0.10179702499999999
C001,9,4.310783333333333,417.25044864864867,341,accept,True,False,511.5,2.204965675,0.7349885583333333
C002,9,2.70805,421.18028894348896,341,accept,True,False,511.5,1.3851675749999999,0.461722525
C003,9,5.249233333333333,484.54087665847675,341,accept,True,False,511.5,2.68498285,0.8949942833333332
C004,9,3.9273999999999996,394.1931665847666,341,accept,True,False,511.5,2.0088651,0.6696216999999999
C005,9,2.5839333333333334,589.5077297297298,414,accept,True,False,621.0,1.6046226000000001,0.5348742
C006,9,0.9799083333333334,282.13875380835384,218,decline,True,False,327.0,0.320430025,0.10681000833333334
C007,9,2.4074833333333334,453.1050181818182,341,decline,True,False,511.5,1.231427725,0.41047590833333336
C008,9,0.8489333333333333,376.885858968059,341,decline,True,False,511.5,0.4342294,0.14474313333333333
C009,9,2.7742,407.33060098280106,341,accept,True,False,511.5,1.4190033000000002,0.4730011
C010,9,3.947283333333333,463.3096240786241,341,accept,True,False,511.5,2.0190354249999998,0.6730118083333333
C011,9,3.7903000000000002,437.0718334152335,341,accept,True,False,511.5,1.93873845,0.6462461500000001
C012,9,0.9835333333333333,302.71175528255526,341,accept,True,False,511.5,0.5030773,0.16769243333333334
C013,9,3.741033333333333,403.86982800982804,341,accept,True,False,511.5,1.91353855,0.6378461833333333
C014,9,3.9184666666666663,455.21411498771505,341,decline,True,False,511.5,2.0042956999999997,0.6680985666666666
C015,9,7.091433333333334,561.6879945945946,414,accept,True,False,621.0,4.4037801,1.4679267
C016,9,6.577883333333333,547.712173955774,414,no_response,True,False,621.0,4.08486555,1.36162185
C017,9,3.74395,378.1383503685504,341,accept,True,False,511.5,1.9150304249999999,0.638343475
C018,9,1.0332333333333334,286.8923257985258,218,accept,True,False,327.0,0.33786730000000004,0.11262243333333334
C019,9,4.086683333333333,481.5516997542999,341,accept,True,False,511.5,2.090338525,0.6967795083333332
C020,9,3.2815166666666666,361.7137125307126,341,decline,True,False,511.5,1.678495775,0.5594985916666667
C021,9,2.472558333333333,595.4485484029485,414,accept,True,False,621.0,1.535458725,0.511819575
C022,9,0.18843333333333334,580.2931891891892,414,accept,True,False,621.0,0.1170171,0.039005700000000004
C023,9,2.7088,524.6553336609336,414,accept,True,False,621.0,1.6821648,0.5607215999999999
C024,9,0.9162166666666667,535.6504319410319,414,accept,True,False,621.0,0.56897055,0.18965685
C025,9,0.7864,207.04779656019656,218,decline,True,False,327.0,0.2571528,0.0857176
C026,9,1.0905166666666668,412.69772923832926,341,accept,True,False,511.5,0.557799275,0.1859330916666667
C027,9,3.975883333333333,391.1534909090909,341,accept,True,False,511.5,2.0336643249999997,0.6778881083333334
C028,9,4.23775,388.5812982800983,341,decline,True,False,511.5,2.167609125,0.722536375
C029,9,4.216233333333333,562.6972692874695,414,accept,True,False,621.0,2.6182809,0.8727603
C030,9,0.9217333333333334,340.99352579852575,341,decline,True,False,511.5,0.4714666,0.15715553333333335
C031,9,3.199183333333333,555.2773012285013,414,accept,True,False,621.0,1.9866928499999998,0.6622309499999999
C032,9,0.9365833333333333,372.92929926289924,341,no_response,True,False,511.5,0.479062375,0.15968745833333334
C033,9,6.807916666666666,515.1102127764128,414,no_response,True,False,621.0,4.227716249999999,1.4092387499999999
C034,9,3.8446333333333333,471.40304619164624,341,accept,True,False,511.5,1.9665299500000002,0.6555099833333333
C035,9,4.7008833333333335,465.76343783783796,341,decline,True,False,511.5,2.404501825,0.8015006083333334
C036,9,3.9202500000000002,457.21056068796076,341,decline,True,False,511.5,2.005207875,0.668402625
C037,9,3.187958333333333,562.5045665847667,414,accept,True,False,621.0,1.9797221249999999,0.6599073749999999
C038,9,0.8633833333333333,200.30489287469288,218,decline,True,False,327.0,0.28232635,0.09410878333333332
C039,9,3.8333,288.6137626535627,218,accept,True,False,327.0,1.2534891,0.4178297
C040,9,3.7800833333333332,267.6612511056511,218,decline,True,False,327.0,1.23608725,0.4120290833333333
C041,9,4.673033333333334,551.3210918918919,414,accept,True,False,621.0,2.9019537,0.9673179000000001
C042,9,4.7252833333333335,509.5632997542997,414,decline,True,False,621.0,2.93440095,0.97813365
C043,9,0.7675000000000001,340.51090073710077,341,accept,True,False,511.5,0.39257625,0.13085875000000002
C044,9,3.946933333333334,539.9473213759214,414,accept,True,False,621.0,2.4510456000000005,0.8170152
C045,9,0.8691166666666666,456.0228722358722,341,accept,True,False,511.5,0.444553175,0.14818439166666666
C046,9,1.1964833333333331,270.95698525798525,218,accept,True,False,327.0,0.3912500499999999,0.1304166833333333
C047,9,0.88255,554.499345945946,414,accept,True,False,621.0,0.54806355,0.18268784999999998
C048,9,3.8408,404.0626221130221,341,accept,True,False,511.5,1.9645692000000001,0.6548564
C049,9,0.7656666666666667,382.7711061425062,341,accept,True,False,511.5,0.3916385,0.13054616666666666
C050,9,3.1354333333333333,308.30337837837845,341,decline,True,False,511.5,1.60377415,0.5345913833333333
C001,10,4.0483666666666664,422.8066652719665,341,no_response,True,False,511.5,2.07073955,0.6902465166666666
C002,10,5.306700000000001,441.13826234309624,341,decline,True,False,511.5,2.7143770500000004,0.9047923500000001
C003,10,5.341333333333334,443.6761635983264,341,accept,True,False,511.5,2.732092,0.9106973333333334
C004,10,4.549116666666666,401.89407824267784,341,decline,True,False,511.5,2.3268731749999993,0.7756243916666665
C005,10,5.5594,615.1525857740585,414,decline,True,False,621.0,3.4523874,1.1507958
C006,10,1.9854999999999998,277.09229372384937,218,accept,True,False,327.0,0.6492585,0.21641949999999996
C007,10,3.0968500000000003,443.1400581589957,341,decline,True,False,511.5,1.5840387750000002,0.5280129250000001
C008,10,3.8127833333333334,385.658561087866,341,accept,True,False,511.5,1.950238675,0.6500795583333333
C009,10,6.4205000000000005,437.3316439330544,341,no_response,True,False,511.5,3.28408575,1.09469525
C010,10,1.9568166666666666,458.72860920502086,341,accept,True,False,511.5,1.0009117250000001,0.3336372416666667
C011,10,4.053116666666667,449.67973514644353,341,no_response,True,False,511.5,2.073169175,0.6910563916666668
C012,10,2.3954999999999997,304.8853372384937,341,accept,True,False,511.5,1.2252982499999998,0.40843274999999996
C013,10,3.1712499999999997,405.71688410041844,341,no_response,True,False,511.5,1.6220943749999999,0.5406981249999999
C014,10,1.08795,425.2348343096234,341,decline,True,False,511.5,0.5564864249999999,0.185495475
C015,10,2.490433333333333,539.700090376569,414,no_response,True,False,621.0,1.5465590999999996,0.5155196999999999
C016,10,3.0441333333333334,549.0569539748952,414,decline,True,False,621.0,1.8904068,0.6301355999999999
C017,10,5.008266666666667,381.67517782426773,341,accept,True,False,511.5,2.5617284,0.8539094666666667
C018,10,0.41078333333333333,277.9689711297071,218,accept,True,False,327.0,0.13432615,0.04477538333333333
C019,10,5.220033333333333,486.8720046025105,341,accept,True,False,511.5,2.67004705,0.8900156833333333
C020,10,3.7952166666666667,382.22936443514646,341,accept,True,False,511.5,1.941253325,0.6470844416666667
C021,10,8.020266666666666,607.1507464435147,414,decline,True,False,621.0,4.9805855999999995,1.6601952
C022,10,0.35909183673469386,568.4930425838954,414,accept,True,False,621.0,0.22299603061224488,0.07433201020408163
C023,10,5.35365,505.4257121338911,414,accept,True,False,621.0,3.32461665,1.1082055499999999
C024,10,3.942,549.0448004184101,414,accept,True,False,621.0,2.447982,0.815994
C025,10,1.89195,208.18497489539743,218,accept,True,False,327.0,0.61866765,0.20622255
C026,10,1.644916666666667,440.5758652719665,341,accept,True,False,511.5,0.8413748750000002,0.28045829166666675
C027,10,1.2717166666666668,401.3711769874476,341,decline,True,False,511.5,0.6504830750000001,0.21682769166666668
C028,10,4.117866666666667,396.6366987447699,341,accept,True,False,511.5,2.1062888,0.7020962666666667
C029,10,6.794533333333334,569.86130041841,414,decline,True,False,621.0,4.2194052,1.4064684000000003
C030,10,0.84885,344.66868786610877,341,accept,True,False,511.5,0.434186775,0.144728925
C031,10,5.434333333333334,552.6584276150627,414,no_response,True,False,621.0,3.3747210000000005,1.124907
C032,10,4.270416666666667,365.9170736401673,341,accept,True,False,511.5,2.1843181250000003,0.7281060416666667
C033,10,3.525091666666667,503.36600209205017,414,decline,True,False,621.0,2.189081925,0.729693975
C034,10,0.6742166666666667,465.4547531380752,341,accept,True,False,511.5,0.344861825,0.11495394166666667
C035,10,7.11165,485.23486736401674,341,accept,True,False,511.5,3.637608975,1.212536325
C036,10,2.4546333333333337,428.2384748953975,341,no_response,True,False,511.5,1.2555449500000002,0.41851498333333337
C037,10,3.37045,565.6685958158996,414,accept,True,False,621.0,2.09304945,0.6976831499999999
C038,10,1.8660666666666668,201.02703598326363,218,decline,True,False,327.0,0.6102038,0.2034012666666667
C039,10,1.0754666666666668,302.7569083682008,341,decline,True,False,511.5,0.5501012000000001,0.1833670666666667
C040,10,1.42415,285.80203556485355,218,accept,True,False,327.0,0.46569705,0.15523235
C041,10,5.264883333333334,559.0823928870293,414,decline,True,False,621.0,3.26949255,1.08983085
C042,10,3.9496916666666664,501.25636778242665,414,accept,True,False,621.0,2.4527585249999997,0.8175861749999999
C043,10,3.9439333333333337,348.58349497907943,341,accept,True,False,511.5,2.0173219000000002,0.6724406333333334
C044,10,5.649116666666666,553.8550146443515,414,accept,True,False,621.0,3.50810145,1.1693671499999998
C045,10,4.026583333333333,449.4302175732218,341,accept,True,False,511.5,2.0595973749999996,0.6865324583333332
C046,10,0.14716666666666667,271.1890117154812,218,accept,True,False,327.0,0.0481235,0.016041166666666665
C047,10,4.158166666666666,563.6615468619245,414,accept,True,False,621.0,2.5822214999999997,0.8607404999999999
C048,10,4.088616666666667,420.60526317991634,341,decline,True,False,511.5,2.091327425,0.6971091416666667
C049,10,0.9375166666666667,365.4886640167364,341,accept,True,False,511.5,0.479539775,0.15984659166666665
C050,10,4.152716666666667,309.4498213389121,341,no_response,True,False,511.5,2.124114575,0.7080381916666666
C001,11,3.96565,420.66521359999996,341,accept,True,False,511.5,2.028429975,0.676143325
C002,11,3.7596166666666666,440.3311548,341,accept,True,False,511.5,1.923043925,0.6410146416666667
C003,11,3.7708,451.4138904,341,accept,True,False,511.5,1.9287642,0.6429214
C004,11,3.7380500000000003,405.8104228,341,accept,True,False,511.5,1.912012575,0.6373375250000001
C005,11,0.9359,602.1149592,414,no_response,True,False,621.0,0.5811938999999999,0.1937313
C006,11,0.6379166666666667,275.2519884000001,218,decline,True,False,327.0,0.20859875,0.06953291666666667
C007,11,1.6748333333333334,432.6655616,341,decline,True,False,511.5,0.8566772500000001,0.2855590833333333
C008,11,3.548016666666667,385.3897928,341,accept,True,False,511.5,1.8148105250000002,0.6049368416666667
C009,11,0.7729,436.01723200000004,341,accept,True,False,511.5,0.39533835,0.13177945
C010,11,2.439233333333333,453.863746,341,accept,True,False,511.5,1.2476678499999998,0.4158892833333333
C011,11,0.9562666666666667,441.41073599999993,341,accept,True,False,511.5,0.4891304,0.16304346666666666
C012,11,1.226983333333333,308.5578552,341,accept,True,False,511.5,0.6276019749999999,0.2092006583333333
C013,11,3.2083666666666666,401.84556000000003,341,no_response,True,False,511.5,1.64107955,0.5470265166666667
C014,11,3.3322166666666666,424.94721880000003,341,accept,True,False,511.5,1.704428825,0.5681429416666666
C015,11,1.0766499999999999,524.4320468000001,414,accept,True,False,621.0,0.6685996499999999,0.22286655
C016,11,3.67315,540.1550980000001,414,decline,True,False,621.0,2.28102615,0.76034205
C017,11,3.797391666666667,380.9336296,341,accept,True,False,511.5,1.9423658375000001,0.6474552791666668
C018,11,1.1689166666666666,278.52789480000007,218,accept,True,False,327.0,0.38223575,0.12741191666666665
C019,11,3.515616666666667,483.83081359999994,341,no_response,True,False,511.5,1.7982379250000002,0.5994126416666666
C020,11,0.7142666666666667,372.4208188,341,decline,True,False,511.5,0.36534740000000004,0.12178246666666667
C021,11,3.6586833333333333,600.1927360000001,414,accept,True,False,621.0,2.27204235,0.75734745
C022,11,0.9439166666666667,553.1479792,414,accept,True,False,621.0,0.5861722500000001,0.19539075000000003
C023,11,3.1795833333333334,509.1673244000001,414,no_response,True,False,621.0,1.97452125,0.65817375
C024,11,3.991033333333333,548.6829748,414,decline,True,False,621.0,2.4784317000000002,0.8261439
C025,11,1.5505833333333332,212.53969520000004,218,accept,True,False,327.0,0.5070407499999999,0.16901358333333333
C026,11,1.1888333333333334,427.70799200000005,341,accept,True,False,511.5,0.60808825,0.20269608333333336
C027,11,0.8205,393.5202868,341,accept,True,False,511.5,0.41968574999999997,0.13989525
C028,11,0.621,391.3961916,341,accept,True,False,511.5,0.3176415,0.1058805
C029,11,4.538266666666667,564.326728,414,accept,True,False,621.0,2.8182636000000003,0.9394212
C030,11,0.7591666666666667,337.470774,341,accept,True,False,511.5,0.38831374999999996,0.12943791666666665
C031,11,4.948566666666666,555.8117844000001,414,accept,True,False,621.0,3.0730598999999996,1.0243533
C032,11,2.8196166666666667,364.9364144,341,accept,True,False,511.5,1.442233925,0.48074464166666664
C033,11,3.790916666666667,496.6372360000001,341,decline,True,False,511.5,1.9390538750000001,0.6463512916666667
C034,11,1.0894833333333334,456.2353824,341,accept,True,False,511.5,0.557270725,0.18575690833333333
C035,11,0.72355,478.43571,341,accept,True,False,511.5,0.370095825,0.12336527500000001
C036,11,3.77665,422.8556116,341,accept,True,False,511.5,1.931756475,0.643918825
C037,11,1.0795333333333335,553.1249524,414,accept,True,False,621.0,0.6703902,0.22346340000000003
C038,11,0.6743333333333333,199.80248960000003,176,accept,True,False,264.0,0.178024,0.05934133333333333
C039,11,0.5094833333333334,293.63590600000003,218,accept,True,False,327.0,0.16660105000000003,0.05553368333333334
C040,11,2.6774,283.28370399999994,218,decline,True,False,327.0,0.8755098,0.2918366
C041,11,3.1148166666666666,553.7793872000001,414,accept,True,False,621.0,1.93430115,0.6447670499999999
C042,11,0.6742833333333333,492.4849596,341,accept,True,False,511.5,0.34489592500000005,0.11496530833333334
C043,11,0.70165,341.0341868,341,accept,True,False,511.5,0.35889397500000003,0.11963132500000001
C044,11,3.647933333333333,546.2959996000001,414,accept,True,False,621.0,2.2653665999999997,0.7551221999999999
C045,11,3.5092499999999998,450.43057039999997,341,decline,True,False,511.5,1.7949813749999999,0.598327125
C046,11,0.5767166666666667,265.8468240000001,218,no_response,True,False,327.0,0.18858635,0.06286211666666666
C047,11,3.9389000000000003,559.7411460000001,414,decline,True,False,621.0,2.4460569,0.8153523
C048,11,4.005558333333333,416.5704112,341,accept,True,False,511.5,2.0488430875,0.6829476958333334
C049,11,1.8054500000000002,356.8330143999999,341,accept,True,False,511.5,0.9234876750000001,0.30782922500000004
C050,11,2.0563583333333333,310.0407712,341,accept,True,False,511.5,1.0518272875,0.3506090958333333
C001,12,3.7903833333333337,434.4262470588236,341,decline,True,False,511.5,1.938781075,0.6462603583333334
C002,12,3.8840500000000002,450.84541176470594,341,accept,True,False,511.5,1.986691575,0.662230525
C003,12,3.1851166666666666,453.516305882353,341,decline,True,False,511.5,1.629187175,0.5430623916666666
C004,12,5.263166666666667,419.23309411764706,341,accept,True,False,511.5,2.69210975,0.8973699166666667
C005,12,4.45875,609.0584352941177,414,accept,True,False,621.0,2.76888375,0.9229612500000001
C006,12,0.70095,287.95749411764706,218,accept,True,False,327.0,0.22921065,0.07640355
C007,12,1.1490833333333335,430.87389411764707,341,accept,True,False,511.5,0.5877561250000001,0.19591870833333333
C008,12,4.97145,399.74645882352945,341,accept,True,False,511.5,2.542896675,0.8476322249999999
C009,12,0.5945666666666666,431.1641411764706,341,accept,True,False,511.5,0.30412084999999994,0.10137361666666665
C010,12,4.40885,472.6054235294118,341,no_response,True,False,511.5,2.2551267750000004,0.751708925
C011,12,4.1738,448.6614588235295,341,decline,True,False,511.5,2.1348987000000004,0.7116328999999999
C012,12,2.201966666666667,305.8294000000001,341,no_response,True,False,511.5,1.1263059500000001,0.37543531666666674
C013,12,6.1947,427.2112235294118,341,accept,True,False,511.5,3.16858905,1.05619635
C014,12,4.0062,433.11252941176474,341,accept,True,False,511.5,2.0491713,0.6830571
C015,12,3.3577833333333333,531.7919176470589,414,accept,True,False,621.0,2.08518345,0.69506115
C016,12,4.8194,545.1457529411764,414,accept,True,False,621.0,2.9928474,0.9976158
C017,12,2.096525,380.9578,341,accept,True,False,511.5,1.0723725375000002,0.3574575125
C018,12,2.8704333333333336,286.6364470588236,218,accept,True,False,327.0,0.9386317000000002,0.3128772333333334
C019,12,3.9689666666666668,492.8603882352941,341,accept,True,False,511.5,2.03012645,0.6767088166666667
C020,12,4.175533333333334,379.08352941176474,341,no_response,True,False,511.5,2.1357853000000007,0.7119284333333334
C021,12,0.78105,587.777211764706,414,accept,True,False,621.0,0.48503205000000005,0.16167735000000003
C022,12,3.94255,557.8451647058823,414,accept,True,False,621.0,2.44832355,0.8161078500000001
C023,12,1.6018333333333332,507.43245882352943,414,decline,True,False,621.0,0.9947385,0.33157949999999997
C024,12,5.71645,568.1483176470589,414,decline,True,False,621.0,3.54991545,1.1833051499999998
C025,12,0.8196,211.4166117647059,218,decline,True,False,327.0,0.2680092,0.0893364
C026,12,1.2667833333333334,419.3540705882353,341,no_response,True,False,511.5,0.6479596750000001,0.21598655833333333
C027,12,1.0244166666666665,390.5931294117647,341,no_response,True,False,511.5,0.523989125,0.17466304166666666
C028,12,1.1079500000000002,384.90065882352945,341,accept,True,False,511.5,0.5667164250000001,0.18890547500000002
C029,12,2.90775,565.3000117647059,414,decline,True,False,621.0,1.80571275,0.60190425
C030,12,5.07165,348.5547294117647,341,decline,True,False,511.5,2.594148975,0.864716325
C031,12,3.816,559.1228588235296,414,accept,True,False,621.0,2.369736,0.789912
C032,12,0.9774833333333335,369.03365882352944,341,accept,True,False,511.5,0.49998272500000007,0.16666090833333336
C033,12,6.5602833333333335,514.2464235294118,414,no_response,True,False,621.0,4.07393595,1.35797865
C034,12,4.584766666666667,468.4159529411765,341,no_response,True,False,511.5,2.34510815,0.7817027166666667
C035,12,3.0120916666666666,481.3592705882353,341,accept,True,False,511.5,1.5406848875,0.5135616291666667
C036,12,3.9718666666666667,430.0052941176471,341,no_response,True,False,511.5,2.0316098,0.6772032666666666
C037,12,3.8478166666666667,564.1226352941177,414,accept,True,False,621.0,2.38949415,0.7964980500000001
C038,12,2.7982666666666667,202.34362352941176,218,accept,True,False,327.0,0.9150332,0.3050110666666667
C039,12,3.8663833333333333,299.1982,218,accept,True,False,327.0,1.26430735,0.42143578333333337
C040,12,4.174016666666667,300.3914235294118,341,no_response,True,False,511.5,2.135009525,0.7116698416666667
C041,12,5.317516666666666,562.3505882352943,414,decline,True,False,621.0,3.3021778499999996,1.10072595
C042,12,3.8438833333333333,492.0241764705882,341,no_response,True,False,511.5,1.966146325,0.6553821083333333
C043,12,3.9101666666666666,348.3600705882353,341,accept,True,False,511.5,2.00005025,0.6666834166666666
C044,12,3.8195500000000004,559.1966,414,decline,True,False,621.0,2.37194055,0.7906468500000001
C045,12,3.2753249999999996,449.4601647058824,341,accept,True,False,511.5,1.6753287374999997,0.5584429124999999
C046,12,0.94625,267.4513294117647,218,accept,True,False,327.0,0.30942375,0.10314125
C047,12,0.9966833333333333,554.7103294117647,414,accept,True,False,621.0,0.6189403499999999,0.20631344999999998
C048,12,2.4958,420.7577294117648,341,accept,True,False,511.5,1.2766016999999998,0.4255339
C049,12,3.1458,352.8628470588235,341,no_response,True,False,511.5,1.6090767000000001,0.5363589
C050,12,1.6703999999999999,312.7027058823529,341,decline,True,False,511.5,0.8544096,0.2848032
C001,13,3.5187333333333335,431.0825770833334,341,no_response,True,False,511.5,1.7998321000000002,0.5999440333333333
C002,13,3.360433333333333,471.98811041666664,341,no_response,True,False,511.5,1.7188616499999998,0.5729538833333332
C003,13,2.7322500000000005,472.9551597222222,341,decline,True,False,511.5,1.3975458750000003,0.46584862500000007
C004,13,2.875183333333333,417.163028125,341,no_response,True,False,511.5,1.4706562749999998,0.49021875833333334
C005,13,1.6513,615.9801611111111,414,decline,True,False,621.0,1.0254573,0.3418191
C006,13,0.5039,288.9003559027778,218,decline,True,False,327.0,0.1647753,0.0549251
C007,13,0.38256666666666667,421.13563506944445,341,no_response,True,False,511.5,0.19568285,0.06522761666666667
C008,13,2.8023,410.74208854166665,341,accept,True,False,511.5,1.43337645,0.47779214999999997
C009,13,1.0957833333333333,431.1733489583333,341,no_response,True,False,511.5,0.560493175,0.18683105833333336
C010,13,3.9872,471.30416215277774,341,accept,True,False,511.5,2.0394528,0.6798176
C011,13,0.33249999999999996,442.0300548611111,341,decline,True,False,511.5,0.17007375,0.05669125
C012,13,1.5288916666666668,303.85815729166666,341,decline,True,False,511.5,0.7820280875000001,0.2606760291666667
C013,13,3.619966666666667,445.0697555555556,341,accept,True,False,511.5,1.8516129500000003,0.6172043166666668
C014,13,0.5788166666666666,444.4085298611111,341,accept,True,False,511.5,0.29606472500000003,0.09868824166666668
C015,13,0.5642833333333332,519.3378656250001,414,decline,True,False,621.0,0.35041995,0.11680664999999997
C016,13,0.6930499999999999,527.7528048611111,414,accept,True,False,621.0,0.43038404999999996,0.14346135
C017,13,2.2174833333333335,387.5455097222222,341,decline,True,False,511.5,1.134242725,0.37808090833333335
C018,13,0.6926,284.18400729166666,218,accept,True,False,327.0,0.2264802,0.07549339999999999
C019,13,1.7861166666666666,489.3019763888889,341,accept,True,False,511.5,0.9135986749999999,0.3045328916666667
C020,13,2.1715083333333336,375.91249062500003,341,decline,True,False,511.5,1.1107265125,0.3702421708333334
C021,13,4.292083333333333,585.8135982638889,414,decline,True,False,621.0,2.66538375,0.88846125
C022,13,1.9276666666666664,559.6149062499999,414,decline,True,False,621.0,1.1970809999999998,0.3990269999999999
C023,13,3.851516666666667,504.18548541666667,414,accept,True,False,621.0,2.39179185,0.79726395
C024,13,2.9229166666666666,564.9512118055555,414,no_response,True,False,621.0,1.8151312499999999,0.6050437499999999
C025,13,0.6960166666666667,203.8951590277778,218,accept,True,False,327.0,0.22759745,0.07586581666666667
C026,13,1.0521500000000001,413.8047809027778,341,no_response,True,False,511.5,0.5381747250000001,0.17939157500000003
C027,13,0.490775,392.5687690972223,341,accept,True,False,511.5,0.2510314125,0.0836771375
C028,13,3.945383333333334,398.53849722222225,341,accept,True,False,511.5,2.018063575,0.6726878583333334
C029,13,0.5896333333333333,551.4059340277778,414,accept,True,False,621.0,0.3661623,0.1220541
C030,13,2.02325,350.2879982638889,341,accept,True,False,511.5,1.0348923749999999,0.344964125
C031,13,2.026333333333333,552.4391920138888,414,accept,True,False,621.0,1.2583529999999998,0.41945099999999996
C032,13,0.16196666666666665,372.5811638888889,341,accept,True,False,511.5,0.08284594999999999,0.027615316666666664
C033,13,0.4229666666666667,492.1323947916667,341,accept,True,False,511.5,0.21634745000000002,0.07211581666666668
C034,13,2.6277166666666667,457.88223854166665,341,decline,True,False,511.5,1.344077075,0.44802569166666667
C035,13,1.8279666666666665,494.6794430555555,341,accept,True,False,511.5,0.93500495,0.31166831666666667
C036,13,3.7748,422.8747888888889,341,decline,True,False,511.5,1.9308101999999998,0.6436033999999999
C037,13,4.219333333333333,570.9229420138888,414,decline,True,False,621.0,2.6202059999999996,0.8734019999999999
C038,13,1.3315666666666668,202.65424409722226,218,decline,True,False,327.0,0.43542230000000004,0.14514076666666667
C039,13,1.955,306.92955763888887,341,accept,True,False,511.5,0.9999825000000001,0.3333275
C040,13,1.2655499999999997,295.78685520833335,218,accept,True,False,327.0,0.4138348499999999,0.13794494999999998
C041,13,1.7622916666666666,545.9777586805556,414,decline,True,False,621.0,1.094383125,0.364794375
C042,13,3.7328499999999996,497.4591958333333,341,accept,True,False,511.5,1.909352775,0.6364509249999999
C043,13,1.8058999999999998,352.83381944444443,341,accept,True,False,511.5,0.9237178499999998,0.30790595
C044,13,0.5376333333333334,551.0782920138889,414,accept,True,False,621.0,0.33387030000000006,0.1112901
C045,13,1.0340166666666668,450.1697076388889,341,accept,True,False,511.5,0.528899525,0.17629984166666668
C046,13,0.42769999999999997,267.6237965277778,218,accept,True,False,327.0,0.1398579,0.046619299999999995
C047,13,0.55345,543.4602465277778,414,decline,True,False,621.0,0.34369245,0.11456415
C048,13,2.3693833333333334,406.6531347222222,341,decline,True,False,511.5,1.2119395750000002,0.4039798583333334
C049,13,1.88245,340.08947187499996,341,decline,True,False,511.5,0.9628731749999999,0.32095772499999997
C050,13,1.7477500000000001,310.38261319444445,341,accept,True,False,511.5,0.8939741250000001,0.297991375
C001,14,4.122666666666667,434.14376120401334,341,accept,True,False,511.5,2.108744,0.7029146666666668
C002,14,6.292216666666667,474.0264327759197,341,decline,True,False,511.5,3.218468825,1.0728229416666666
C003,14,2.2037,466.9321086956521,341,accept,True,False,511.5,1.12719255,0.37573084999999995
C004,14,5.4171,419.506577257525,341,accept,True,False,511.5,2.7708466499999997,0.92361555
C005,14,4.239983333333333,614.1775779264215,414,accept,True,False,621.0,2.63302965,0.8776765499999999
C006,14,1.2720833333333332,288.6526016722408,218,accept,True,False,327.0,0.41597124999999996,0.13865708333333332
C007,14,4.666216666666666,427.69452742474914,341,decline,True,False,511.5,2.386769825,0.7955899416666666
C008,14,0.16921666666666665,398.43244548494977,341,decline,True,False,511.5,0.08655432499999999,0.028851441666666665
C009,14,1.20725,425.86062341137125,341,accept,True,False,511.5,0.617508375,0.20583612499999998
C010,14,1.5167833333333332,465.34966755852844,341,accept,True,False,511.5,0.7758346749999999,0.25861155833333327
C011,14,2.928933333333333,436.0999752508361,341,accept,True,False,511.5,1.4981494,0.49938313333333334
C012,14,3.8013999999999997,305.1596143812709,341,no_response,True,False,511.5,1.9444161,0.6481387
C013,14,3.810366666666667,447.68436421404675,341,accept,True,False,511.5,1.9490025500000001,0.6496675166666668
C014,14,3.980891666666666,445.3632936454849,341,accept,True,False,511.5,2.0362260875,0.6787420291666666
C015,14,5.288083333333334,520.6159802675585,414,accept,True,False,621.0,3.2838997500000002,1.09463325
C016,14,1.7479333333333333,520.9413143812709,414,accept,True,False,621.0,1.0854666,0.3618222
C017,14,3.9055083333333336,386.5266,341,accept,True,False,511.5,1.9976675125,0.6658891708333334
C018,14,0.6627833333333333,281.3114387959866,218,accept,True,False,327.0,0.21673014999999998,0.07224338333333333
C019,14,2.228133333333333,482.5519719063545,341,accept,True,False,511.5,1.1396901999999998,0.3798967333333333
C020,14,3.847125,377.06718327759194,341,accept,True,False,511.5,1.9678044375000001,0.6559348125000001
C021,14,2.806016666666667,580.8644387959866,414,accept,True,False,621.0,1.7425363500000002,0.58084545
C022,14,4.077416666666666,556.6773782608695,414,accept,True,False,621.0,2.5320757499999997,0.84402525
C023,14,3.8679833333333336,505.44797056856186,414,accept,True,False,621.0,2.4020176500000003,0.80067255
C024,14,7.882541666666667,570.8705364548496,414,accept,True,False,621.0,4.895058375,1.6316861249999999
C025,14,0.7775000000000001,201.93370969899667,218,decline,True,False,327.0,0.25424250000000004,0.0847475
C026,14,3.955783333333333,411.5093963210702,341,accept,True,False,511.5,2.0233831749999998,0.6744610583333334
C027,14,4.471025,395.6034933110368,341,accept,True,False,511.5,2.2869292875,0.7623097625
C028,14,6.3806,400.95025719063545,341,no_response,True,False,511.5,3.2636769,1.0878923
C029,14,3.9783999999999997,553.2509451505017,414,accept,True,False,621.0,2.4705863999999997,0.8235288
C030,14,0.8643833333333334,344.7581745819398,341,accept,True,False,511.5,0.44213207500000007,0.14737735833333335
C031,14,4.3428,546.7322464882943,414,no_response,True,False,621.0,2.6968788000000004,0.8989596000000002
C032,14,3.812133333333333,372.9025665551839,341,accept,True,False,511.5,1.9499061999999998,0.6499687333333333
C033,14,5.961766666666667,500.25916153846146,414,accept,True,False,621.0,3.7022570999999997,1.2340857
C034,14,4.953250000000001,462.41560568561874,341,decline,True,False,511.5,2.5335873750000006,0.8445291250000001
C035,14,0.6841666666666667,486.71741806020066,341,accept,True,False,511.5,0.34995125,0.11665041666666667
C036,14,5.182566666666666,425.04683712374583,341,accept,True,False,511.5,2.65088285,0.8836276166666667
C037,14,0.48481666666666656,560.5595632107023,414,accept,True,False,621.0,0.30107114999999995,0.10035704999999998
C038,14,3.0878416666666664,205.25469096989968,218,decline,True,False,327.0,1.009724225,0.3365747416666666
C039,14,0.49033333333333334,304.18907591973243,341,accept,True,False,511.5,0.2508055,0.08360183333333333
C040,14,3.8131666666666666,299.90373545150493,218,accept,True,False,327.0,1.2469055,0.4156351666666666
C041,14,1.2659166666666666,540.4451458193979,414,accept,True,False,621.0,0.7861342499999999,0.26204474999999994
C042,14,7.043408333333334,497.5876665551839,341,accept,True,False,511.5,3.6027033625000002,1.2009011208333333
C043,14,5.101483333333333,355.96171973244145,341,decline,True,False,511.5,2.609408725,0.8698029083333333
C044,14,1.1681833333333334,543.4513474916388,414,accept,True,False,621.0,0.72544185,0.24181395
C045,14,4.057,444.85752709030095,341,accept,True,False,511.5,2.0751555,0.6917185
C046,14,0.8714999999999999,268.05295652173913,218,accept,True,False,327.0,0.2849805,0.0949935
C047,14,2.4630333333333336,537.1460822742474,414,accept,True,False,621.0,1.5295437,0.5098479
C048,14,3.9010166666666666,408.2290675585284,341,accept,True,False,511.5,1.995370025,0.6651233416666666
C049,14,3.9204583333333334,341.1374886287625,341,accept,True,False,511.5,2.0053144375,0.6684381458333334
C050,14,0.6504833333333333,305.2391879598662,341,decline,True,False,511.5,0.332722225,0.11090740833333332
C001,15,1.3785500000000002,228.006731372549,218,no_response,True,False,327.0,0.45078585000000004,0.15026195
C002,15,3.692933333333333,294.9892784313725,218,decline,True,False,327.0,1.2075892,0.4025297333333333
C003,15,2.193925,298.5224392156863,218,accept,True,False,327.0,0.7174134750000001,0.23913782500000003
C004,15,3.1538166666666667,312.3315862745098,341,no_response,True,False,511.5,1.613177225,0.5377257416666666
C005,15,3.3825666666666665,412.2125411764706,341,accept,True,False,511.5,1.7301828499999998,0.5767276166666667
C006,15,0.7316166666666666,232.4538588235294,218,accept,True,False,327.0,0.23923864999999997,0.07974621666666666
C007,15,4.023533333333334,283.6744647058824,218,accept,True,False,327.0,1.3156954,0.4385651333333334
C008,15,0.5468833333333334,224.61615098039218,218,accept,True,False,327.0,0.17883085,0.05961028333333334
C009,15,3.2078,311.7090666666667,341,accept,True,False,511.5,1.6407897,0.5469299000000001
C010,15,3.1953,343.03119803921567,341,accept,True,False,511.5,1.63439595,0.5447986499999999
C011,15,2.0022916666666664,303.8120784313725,341,accept,True,False,511.5,1.0241721874999998,0.34139072916666663
C012,15,0.7861500000000001,226.53961372549017,218,no_response,True,False,327.0,0.25707105,0.08569035000000001
C013,15,2.708,339.15598431372547,341,accept,True,False,511.5,1.385142,0.46171400000000007
C014,15,3.6628666666666674,285.1256333333333,218,accept,True,False,327.0,1.1977574000000002,0.39925246666666675
C015,15,4.026433333333333,355.1619784313725,341,decline,True,False,511.5,2.05952065,0.6865068833333333
C016,15,4.710866666666668,354.4745921568628,341,accept,True,False,511.5,2.409608300000001,0.8032027666666669
C017,15,0.74875,229.94111960784318,218,accept,True,False,327.0,0.24484125,0.08161375
C018,15,2.0969583333333333,233.29425686274513,218,decline,True,False,327.0,0.685705375,0.22856845833333334
C019,15,1.7452999999999999,323.18499019607845,341,accept,True,False,511.5,0.89272095,0.29757364999999997
C020,15,2.548191666666667,212.721673576378,218,no_response,True,False,327.0,0.8332586750000001,0.2777528916666667
C021,15,2.2365,357.7230862745098,341,accept,True,False,511.5,1.14396975,0.38132324999999995
C022,15,1.7812999999999999,346.8648235294118,341,accept,True,False,511.5,0.9111349499999999,0.30371164999999994
C023,15,2.27075,319.48414509803916,341,accept,True,False,511.5,1.161488625,0.38716287499999996
C024,15,0.8422666666666667,358.60109215686276,341,no_response,True,False,511.5,0.4308194,0.14360646666666668
C025,15,0.70545,166.34594117647057,176,no_response,True,False,264.0,0.1862388,0.0620796
C026,15,0.28459999999999996,300.00337843137254,341,accept,True,False,511.5,0.14557289999999998,0.0485243
C027,15,3.0166166666666667,289.8986450980392,218,accept,True,False,327.0,0.98643365,0.3288112166666667
C028,15,5.5956,244.7641823529412,218,decline,True,False,327.0,1.8297612,0.6099203999999999
C029,15,0.6126166666666667,307.8475235294118,341,accept,True,False,511.5,0.313353425,0.10445114166666668
C030,15,0.24874999999999997,228.42332745098037,218,no_response,True,False,327.0,0.08134124999999999,0.027113749999999995
C031,15,1.1957333333333333,353.25513725490197,341,accept,True,False,511.5,0.6116176,0.20387253333333333
C032,15,1.8720333333333334,191.99782549019605,176,accept,True,False,264.0,0.4942168,0.16473893333333334
C033,15,3.7827333333333337,362.00434117647063,341,accept,True,False,511.5,1.9348681,0.6449560333333334
C034,15,0.2509166666666667,293.46178235294116,218,no_response,True,False,327.0,0.08204975,0.027349916666666668
C035,15,1.1914833333333334,312.7719137254902,341,no_response,True,False,511.5,0.6094437250000001,0.20314790833333335
C036,15,0.6105833333333334,174.21696078431376,176,no_response,True,False,264.0,0.161194,0.05373133333333334
C037,15,2.764616666666667,426.76711960784314,341,decline,True,False,511.5,1.4141014250000001,0.4713671416666667
C038,15,0.6336166666666666,158.47942352941175,176,decline,True,False,264.0,0.16727479999999997,0.05575826666666667
C039,15,5.6953000000000005,214.71040980392158,218,decline,True,False,327.0,1.8623631000000003,0.6207877
C040,15,6.1225000000000005,207.58365490196078,218,accept,True,False,327.0,2.0020575000000003,0.6673525000000001
C041,15,2.15555,307.74550196078434,341,accept,True,False,511.5,1.102563825,0.367521275
C042,15,1.1154833333333334,308.0899568627451,341,accept,True,False,511.5,0.570569725,0.19018990833333332
C043,15,2.0296166666666666,256.49906470588235,218,accept,True,False,327.0,0.66368465,0.22122821666666667
C044,15,1.3382,322.59998235294114,341,accept,True,False,511.5,0.6844893000000001,0.2281631
C045,15,0.18833333333333332,281.92206274509806,218,accept,True,False,327.0,0.061584999999999994,0.020528333333333332
C046,15,0.8666333333333335,253.54936078431373,218,accept,True,False,327.0,0.28338910000000006,0.09446303333333335
C047,15,3.9683666666666673,365.1728431372549,341,no_response,True,False,511.5,2.0298195500000005,0.6766065166666667
C048,15,3.2433083333333337,228.0246156862745,218,decline,True,False,327.0,1.0605618250000002,0.3535206083333334
C049,15,1.8804666666666667,181.2688980392157,176,accept,True,False,264.0,0.4964432,0.16548106666666668
C050,15,2.2471,253.94348823529413,218,accept,True,False,327.0,0.7348017,0.2449339
C001,16,5.328049999999999,232.6907673289183,218,accept,True,False,327.0,1.7422723499999997,0.5807574499999999
C002,16,5.442516666666667,293.9773527593819,218,accept,True,False,327.0,1.7797029500000001,0.5932343166666667
C003,16,3.930933333333334,299.6041165562914,218,decline,True,False,327.0,1.2854152,0.4284717333333334
C004,16,4.7662,312.05397969094923,341,no_response,True,False,511.5,2.4379113,0.8126371
C005,16,1.7064333333333332,406.8992759381898,341,accept,True,False,511.5,0.87284065,0.29094688333333335
C006,16,2.2042333333333333,233.62843973509928,218,decline,True,False,327.0,0.7207843,0.2402614333333333
C007,16,5.3941333333333334,292.87923355408384,218,accept,True,False,327.0,1.7638816,0.5879605333333334
C008,16,4.240666666666667,234.4395373068433,218,accept,True,False,327.0,1.386698,0.4622326666666667
C009,16,5.12545,309.7814057395144,341,accept,True,False,511.5,2.6216676750000003,0.873889225
C010,16,0.9813666666666667,328.0115814569537,341,accept,True,False,511.5,0.50196905,0.16732301666666669
C011,16,0.7015166666666668,291.43986048565125,218,accept,True,False,327.0,0.22939595000000002,0.07646531666666669
C012,16,0.67465,224.0186666666667,218,accept,True,False,327.0,0.22061055,0.07353685
C013,16,4.224783333333333,346.49535187637963,341,accept,True,False,511.5,2.1609766749999997,0.7203255583333332
C014,16,3.41585,293.53130596026494,218,no_response,True,False,327.0,1.11698295,0.37232765
C015,16,5.4701,366.08205033112586,341,accept,True,False,511.5,2.7979561500000005,0.9326520500000001
C016,16,1.2805,343.9348909492274,341,accept,True,False,511.5,0.65497575,0.21832524999999997
C017,16,4.056283333333333,232.79401501103752,218,accept,True,False,327.0,1.32640465,0.4421348833333333
C018,16,2.0187,232.271719205298,218,accept,True,False,327.0,0.6601149000000001,0.2200383
C019,16,1.2317333333333333,323.19985871964684,341,decline,True,False,511.5,0.6300316,0.21001053333333333
C020,16,3.8291333333333335,210.79264551691443,218,decline,True,False,327.0,1.2521266,0.4173755333333333
C021,16,1.3663666666666667,359.615323620309,341,no_response,True,False,511.5,0.6988965500000001,0.23296551666666668
C022,16,4.747983333333333,355.2379408388521,341,accept,True,False,511.5,2.4285934749999996,0.8095311583333332
C023,16,4.005258333333333,332.15941368653426,341,accept,True,False,511.5,2.0486896375,0.6828965458333333
C024,16,3.9792666666666667,376.98520088300216,341,accept,True,False,511.5,2.0353949,0.6784649666666667
C025,16,2.0615,163.30519735099338,176,accept,True,False,264.0,0.5442359999999999,0.18141200000000002
C026,16,5.710666666666667,310.5359717439294,341,accept,True,False,511.5,2.9210059999999998,0.9736686666666667
C027,16,6.307266666666667,301.1291090507726,341,no_response,True,False,511.5,3.2261669,1.0753889666666667
C028,16,3.7998833333333337,240.07827991169978,218,accept,True,False,327.0,1.24256185,0.4141872833333334
C029,16,4.199816666666667,331.22104900662254,341,accept,True,False,511.5,2.1482062250000005,0.7160687416666667
C030,16,4.3076,241.52293156732887,218,accept,True,False,327.0,1.4085852,0.46952839999999996
C031,16,4.3540833333333335,366.5086887417218,341,no_response,True,False,511.5,2.227113625,0.7423712083333334
C032,16,5.3412250000000006,207.0012803532009,218,accept,True,False,327.0,1.746580575,0.582193525
C033,16,2.2634333333333334,358.4028309050773,341,accept,True,False,511.5,1.15774615,0.38591538333333336
C034,16,1.2507666666666666,291.9047841059603,218,accept,True,False,327.0,0.4090007,0.13633356666666666
C035,16,5.25485,327.8493668874172,341,no_response,True,False,511.5,2.687855775,0.8959519250000001
C036,16,3.897966666666666,188.13436114790287,176,no_response,True,False,264.0,1.0290631999999997,0.34302106666666665
C037,16,4.024016666666666,433.77749580573953,341,accept,True,False,511.5,2.058284525,0.6860948416666667
C038,16,0.9451666666666667,154.374025607064,176,accept,True,False,264.0,0.249524,0.08317466666666666
C039,16,4.160966666666667,225.67535187637972,218,accept,True,False,327.0,1.3606361000000002,0.4535453666666667
C040,16,3.8777000000000004,217.7258242825607,218,accept,True,False,327.0,1.2680079,0.4226693
C041,16,3.99795,306.76984194260484,341,accept,True,False,511.5,2.044951425,0.681650475
C042,16,1.2071166666666666,310.3265960264901,341,decline,True,False,511.5,0.6174401749999999,0.20581339166666665
C043,16,1.1304333333333334,259.43728211920535,218,accept,True,False,327.0,0.3696517,0.12321723333333334
C044,16,5.498166666666666,319.92337660044154,341,accept,True,False,511.5,2.8123122499999997,0.9374374166666666
C045,16,3.986216666666667,296.6488741721854,218,accept,True,False,327.0,1.30349285,0.4344976166666667
C046,16,1.5373833333333333,248.18735187637967,218,accept,True,False,327.0,0.50272435,0.16757478333333334
C047,16,1.1549333333333334,363.24994613686533,341,accept,True,False,511.5,0.5907484000000001,0.19691613333333333
C048,16,2.8236,234.98754613686535,218,accept,True,False,327.0,0.9233172,0.3077724
C049,16,1.9152999999999998,195.6530719646799,176,no_response,True,False,264.0,0.5056392,0.16854639999999999
C050,16,0.9918333333333333,244.56805827814568,218,accept,True,False,327.0,0.3243295,0.10810983333333334
C001,17,4.759183333333333,249.56097740585773,218,decline,True,False,327.0,1.5562529499999997,0.5187509833333332
C002,17,4.34285,311.6447213389121,341,accept,True,False,511.5,2.221367775,0.7404559250000001
C003,17,3.830333333333334,310.7829891213389,341,accept,True,False,511.5,1.9592155000000002,0.6530718333333334
C004,17,6.407666666666667,328.34222259414224,341,accept,True,False,511.5,3.2775214999999998,1.0925071666666668
C005,17,4.593216666666667,416.78263598326356,341,accept,True,False,511.5,2.3494303249999997,0.7831434416666667
C006,17,0.8279333333333333,231.48066276150627,218,accept,True,False,327.0,0.2707342,0.09024473333333333
C007,17,6.40535,303.2777472803347,341,accept,True,False,511.5,3.276336525,1.092112175
C008,17,4.548716666666667,244.48641673640168,218,accept,True,False,327.0,1.4874303500000003,0.49581011666666674
C009,17,3.1139666666666663,308.15339079497903,341,decline,True,False,511.5,1.5927939499999997,0.5309313166666666
C010,17,5.437116666666666,334.0866393305439,341,decline,True,False,511.5,2.781085175,0.9270283916666666
C011,17,1.7689583333333334,286.6157322175732,218,accept,True,False,327.0,0.578449375,0.19281645833333336
C012,17,0.8701333333333334,224.25306610878658,218,accept,True,False,327.0,0.28453360000000005,0.09484453333333334
C013,17,2.3594666666666666,350.5615230125523,341,accept,True,False,511.5,1.2068671999999998,0.40228906666666664
C014,17,4.953166666666666,307.6051179916318,341,accept,True,False,511.5,2.53354475,0.8445149166666667
C015,17,0.7164666666666667,368.59955648535566,341,accept,True,False,511.5,0.36647270000000004,0.12215756666666666
C016,17,7.42575,357.8348920502092,341,accept,True,False,511.5,3.798271125,1.266090375
C017,17,3.9243833333333336,245.6048468619246,218,accept,True,False,327.0,1.2832733500000002,0.42775778333333336
C018,17,2.74885,238.92948284518823,218,accept,True,False,327.0,0.89887395,0.29962465
C019,17,1.8445833333333332,324.41192468619244,341,accept,True,False,511.5,0.943504375,0.3145014583333333
C020,17,4.166483333333334,222.76320087690843,218,accept,True,False,327.0,1.3624400500000002,0.4541466833333334
C021,17,4.5529166666666665,369.48290376569037,341,accept,True,False,511.5,2.328816875,0.7762722916666667
C022,17,5.260399999999999,376.00576736401666,341,decline,True,False,511.5,2.690694599999999,0.8968981999999999
C023,17,1.2059666666666666,331.490020083682,341,accept,True,False,511.5,0.61685195,0.20561731666666666
C024,17,5.359733333333333,393.37546778242677,341,accept,True,False,511.5,2.7415035999999997,0.9138345333333333
C025,17,0.8667833333333334,166.05965857740583,176,accept,True,False,264.0,0.2288308,0.07627693333333334
C026,17,5.9027666666666665,321.5751029288703,341,accept,True,False,511.5,3.01926515,1.0064217166666667
C027,17,1.3811333333333333,303.0363380753138,341,no_response,True,False,511.5,0.7064497,0.23548323333333335
C028,17,2.1321166666666667,245.29890878661084,218,decline,True,False,327.0,0.69720215,0.23240071666666665
C029,17,5.504066666666667,342.866420083682,341,accept,True,False,511.5,2.8153301,0.9384433666666666
C030,17,3.2628500000000003,246.6750443514644,218,accept,True,False,327.0,1.0669519500000002,0.35565065000000007
C031,17,0.76815,364.9663866108786,341,accept,True,False,511.5,0.392908725,0.130969575
C032,17,3.669583333333333,215.719579916318,218,decline,True,False,327.0,1.19995375,0.3999845833333333
C033,17,0.9481166666666667,356.39394644351466,341,accept,True,False,511.5,0.48496167500000004,0.1616538916666667
C034,17,2.2969666666666666,292.69954644351463,218,accept,True,False,327.0,0.7511081,0.25036936666666665
C035,17,4.995733333333334,344.8479062761506,341,accept,True,False,511.5,2.5553176000000004,0.8517725333333334
C036,17,3.9902999999999995,201.22833807531381,218,no_response,True,False,327.0,1.3048281,0.43494269999999996
C037,17,6.281750000000001,445.94945104602505,341,accept,True,False,511.5,3.2131151250000003,1.071038375
C038,17,1.7665,154.87546276150627,176,accept,True,False,264.0,0.466356,0.155452
C039,17,3.1990166666666666,230.59929539748953,218,accept,True,False,327.0,1.04607845,0.3486928166666667
C040,17,1.0614666666666668,222.77478326359838,218,decline,True,False,327.0,0.3470996,0.11569986666666668
C041,17,1.2211166666666666,312.15471966527195,341,accept,True,False,511.5,0.624601175,0.20820039166666665
C042,17,4.839833333333334,316.6023380753138,341,no_response,True,False,511.5,2.4755747500000003,0.8251915833333334
C043,17,0.8917166666666666,255.7246560669456,218,no_response,True,False,327.0,0.29159134999999997,0.09719711666666665
C044,17,4.685666666666667,339.91645020920504,341,accept,True,False,511.5,2.3967185000000004,0.7989061666666668
C045,17,3.90945,307.2791581589958,341,accept,True,False,511.5,1.999683675,0.666561225
C046,17,3.382283333333333,251.56906945606696,218,accept,True,False,327.0,1.1060066499999999,0.3686688833333333
C047,17,4.638416666666667,370.2703481171548,341,decline,True,False,511.5,2.372550125,0.7908500416666667
C048,17,0.7210333333333333,233.6342962343096,218,accept,True,False,327.0,0.23577789999999998,0.07859263333333333
C049,17,3.8964666666666665,206.09603849372382,218,accept,True,False,327.0,1.2741445999999998,0.42471486666666664
C050,17,0.7088833333333333,249.5273539748954,218,accept,True,False,327.0,0.23180484999999998,0.07726828333333333
C001,18,1.0870166666666667,248.4179371769384,218,accept,True,False,327.0,0.35545445000000003,0.11848481666666667
C002,18,4.310899999999999,323.10808747514915,341,no_response,True,False,511.5,2.205025349999999,0.7350084499999999
C003,18,0.8621000000000001,308.2247236580517,341,accept,True,False,511.5,0.44096415,0.14698805
C004,18,0.6913666666666667,323.3291705765407,341,accept,True,False,511.5,0.35363405,0.11787801666666667
C005,18,2.7492833333333335,421.9098894632207,341,no_response,True,False,511.5,1.406258425,0.4687528083333333
C006,18,1.95825,234.36033399602388,218,accept,True,False,327.0,0.64034775,0.21344925
C007,18,2.5645440251572325,306.4158154769496,341,decline,True,False,511.5,1.3117642688679243,0.43725475628930816
C008,18,2.8179833333333333,248.59565646123264,218,accept,True,False,327.0,0.92148055,0.30716018333333334
C009,18,5.545233333333334,319.2012023856859,341,no_response,True,False,511.5,2.8363868500000002,0.9454622833333334
C010,18,6.405083333333334,348.41957534791254,341,accept,True,False,511.5,3.2762001250000004,1.0920667083333333
C011,18,3.9629833333333337,295.4879077534792,218,accept,True,False,327.0,1.2958955500000002,0.43196518333333334
C012,18,2.7030166666666666,228.68689940357856,218,accept,True,False,327.0,0.88388645,0.2946288166666666
C013,18,3.2114333333333334,351.6690783300199,341,accept,True,False,511.5,1.64264815,0.5475493833333334
C014,18,0.7390833333333333,303.4263141153082,341,no_response,True,False,511.5,0.378041125,0.12601370833333334
C015,18,3.5113833333333333,371.2988262425448,341,decline,True,False,511.5,1.796072575,0.5986908583333334
C016,18,0.7411333333333333,358.5477598409543,341,accept,True,False,511.5,0.3790897,0.12636323333333332
C017,18,0.7236,243.96443419483106,218,accept,True,False,327.0,0.2366172,0.0788724
C018,18,0.717,236.23035546719683,218,accept,True,False,327.0,0.234459,0.07815299999999999
C019,18,3.3958666666666666,327.21329940357856,341,accept,True,False,511.5,1.7369858,0.5789952666666667
C020,18,2.0193,222.69443582338423,218,decline,True,False,327.0,0.6603111,0.22010369999999999
C021,18,7.115583333333333,382.9963021868787,341,accept,True,False,511.5,3.639620875,1.2132069583333334
C022,18,5.152866666666666,389.47757296222665,341,accept,True,False,511.5,2.6356913,0.8785637666666667
C023,18,0.6839833333333333,325.66922465208745,341,accept,True,False,511.5,0.349857475,0.11661915833333332
C024,18,2.30735,391.7879570576541,341,accept,True,False,511.5,1.180209525,0.393403175
C025,18,3.1687833333333333,168.17296540755467,176,decline,True,False,264.0,0.8365588,0.27885293333333333
C026,18,1.9140833333333334,327.45061471172966,341,no_response,True,False,511.5,0.979053625,0.3263512083333333
C027,18,2.9905,305.10836262425454,341,accept,True,False,511.5,1.52964075,0.50988025
C028,18,6.470016666666667,255.22979721669984,218,decline,True,False,327.0,2.11569545,0.7052318166666667
C029,18,6.6866166666666675,361.47915387673964,341,decline,True,False,511.5,3.4202044250000005,1.140068141666667
C030,18,3.460866666666667,256.86239204771374,218,accept,True,False,327.0,1.1317034000000001,0.3772344666666667
C031,18,3.21785,376.42725725646125,341,accept,True,False,511.5,1.645930275,0.548643425
C032,18,4.721666666666667,223.9560238568589,218,accept,True,False,327.0,1.543985,0.5146616666666667
C033,18,1.9102666666666668,360.95282067594434,341,decline,True,False,511.5,0.9771014,0.3257004666666667
C034,18,4.843116666666667,307.1640858846919,341,decline,True,False,511.5,2.477254175,0.8257513916666667
C035,18,5.718166666666667,360.051788469185,341,accept,True,False,511.5,2.92484225,0.9749474166666666
C036,18,4.4515,219.23792922465208,218,accept,True,False,327.0,1.4556405,0.4852135
C037,18,4.973416666666666,453.28293757455265,341,accept,True,False,511.5,2.543902625,0.8479675416666665
C038,18,1.7365166666666665,159.9352763419483,176,accept,True,False,264.0,0.45844039999999997,0.15281346666666665
C039,18,0.7081,229.2836946322068,218,accept,True,False,327.0,0.2315487,0.07718289999999998
C040,18,4.86955,231.35168667992045,218,no_response,True,False,327.0,1.59234285,0.53078095
C041,18,3.531433333333333,310.39472922465217,341,no_response,True,False,511.5,1.80632815,0.6021093833333333
C042,18,7.227716666666666,330.7377256461233,341,decline,True,False,511.5,3.696977075,1.2323256916666665
C043,18,2.3495833333333334,252.7581264413519,218,decline,True,False,327.0,0.76831375,0.2561045833333333
C044,18,1.5849,336.37491053677934,341,accept,True,False,511.5,0.8106763499999999,0.27022545000000003
C045,18,3.7544000000000004,315.6585622266402,341,accept,True,False,511.5,1.9203756000000003,0.6401252000000001
C046,18,1.90325,253.2145988071571,218,accept,True,False,327.0,0.62236275,0.20745425
C047,18,6.037116666666667,384.5497399602386,341,accept,True,False,511.5,3.0879851750000005,1.0293283916666667
C048,18,2.597433333333333,234.24441510934395,218,accept,True,False,327.0,0.8493607,0.2831202333333333
C049,18,3.0459833333333335,207.68330337972165,218,decline,True,False,327.0,0.99603655,0.3320121833333333
C050,18,2.0203166666666665,252.84256063618295,218,accept,True,False,327.0,0.66064355,0.22021451666666664
C001,19,0.89825,258.4382889352819,218,no_response,True,False,327.0,0.29372775,0.09790925
C002,19,3.8139499999999997,332.3177607515658,341,decline,True,False,511.5,1.9508354249999997,0.6502784749999999
C003,19,5.5243,313.76057828810025,341,decline,True,False,511.5,2.82567945,0.94189315
C004,19,1.8531,259.9481507306889,218,accept,True,False,327.0,0.6059637,0.2019879
C005,19,1.1687666666666667,380.6857987473904,341,accept,True,False,511.5,0.59782415,0.19927471666666668
C006,19,2.9074166666666663,265.19710438413364,218,no_response,True,False,327.0,0.9507252499999999,0.31690841666666664
C007,19,3.9686666666666666,351.50400375782885,341,accept,True,False,511.5,2.029973,0.6766576666666666
C008,19,0.7830166666666667,229.2561962421712,218,accept,True,False,327.0,0.25604645,0.08534881666666666
C009,19,0.8364166666666666,299.5975002087683,218,accept,True,False,327.0,0.27350824999999995,0.09116941666666667
C010,19,1.1821333333333333,296.0223653444677,218,decline,True,False,327.0,0.3865576,0.12885253333333332
C011,19,3.8630333333333335,298.6506864300626,218,accept,True,False,327.0,1.2632119,0.4210706333333334
C012,19,0.7481833333333334,257.07848267223386,218,accept,True,False,327.0,0.24465595,0.08155198333333334
C013,19,0.7924166666666667,289.03444759916493,218,accept,True,False,327.0,0.25912025,0.08637341666666667
C014,19,3.790283333333333,241.8229490605428,218,accept,True,False,327.0,1.23942265,0.4131408833333333
C015,19,6.050583333333333,379.98268768267224,341,decline,True,False,511.5,3.0948733749999997,1.0316244583333332
C016,19,2.2638083333333334,359.139672651357,341,decline,True,False,511.5,1.1579379625000001,0.38597932083333336
C017,19,3.6541333333333332,218.2916192066806,218,decline,True,False,327.0,1.1949016,0.3983005333333333
C018,19,0.8779833333333333,257.0141528183717,218,accept,True,False,327.0,0.28710055,0.09570018333333333
C019,19,0.8320333333333334,352.50452066805843,341,decline,True,False,511.5,0.42558505,0.14186168333333332
C020,19,0.7220500000000001,226.3294467640919,218,decline,True,False,327.0,0.23611035000000005,0.07870345000000001
C021,19,6.748433333333334,378.346224217119,341,no_response,True,False,511.5,3.45182365,1.1506078833333333
C022,19,7.780525,387.5800693110648,341,decline,True,False,511.5,3.9797385375,1.3265795125
C023,19,4.0628166666666665,283.56068893528186,218,accept,True,False,327.0,1.3285410500000001,0.44284701666666665
C024,19,3.8193166666666665,328.7278442588727,341,accept,True,False,511.5,1.9535804749999999,0.6511934916666666
C025,19,0.8010666666666666,199.6743006263048,176,accept,True,False,264.0,0.2114816,0.07049386666666667
C026,19,6.008050000000001,288.68029686847603,218,no_response,True,False,327.0,1.9646323500000002,0.6548774500000001
C027,19,0.9570083333333332,300.2158175365344,341,accept,True,False,511.5,0.48950976249999995,0.16316992083333332
C028,19,3.9432,271.87124258872655,218,accept,True,False,327.0,1.2894264,0.42980880000000005
C029,19,3.92805,355.1413716075157,341,accept,True,False,511.5,2.009197575,0.669732525
C030,19,0.9046666666666667,231.94205177453028,218,decline,True,False,327.0,0.29582600000000003,0.09860866666666668
C031,19,2.76795,355.8243035490606,341,decline,True,False,511.5,1.415806425,0.471935475
C032,19,3.56485,206.96785636743212,218,no_response,True,False,327.0,1.16570595,0.38856865
C033,19,3.8101583333333338,337.1039795407098,341,accept,True,False,511.5,1.9488959875000003,0.6496319958333333
C034,19,3.0734000000000004,336.7617498956159,341,decline,True,False,511.5,1.5720441,0.5240147
C035,19,3.8333583333333334,338.9298212943633,341,decline,True,False,511.5,1.9607627875,0.6535875958333334
C036,19,0.8179833333333334,231.87395532359082,218,decline,True,False,327.0,0.26748055,0.08916018333333334
C037,19,6.426416666666666,438.05615908141965,341,accept,True,False,511.5,3.287112125,1.0957040416666666
C038,19,0.94555,193.97430020876828,176,decline,True,False,264.0,0.24962520000000002,0.0832084
C039,19,3.457983333333334,230.53848308977038,218,accept,True,False,327.0,1.1307605500000002,0.3769201833333334
C040,19,3.328516666666667,225.9009995824635,218,decline,True,False,327.0,1.08842495,0.36280831666666663
C041,19,4.0094,350.29534029227557,341,accept,True,False,511.5,2.0508081000000002,0.6836027
C042,19,3.8992666666666667,327.611145302714,341,accept,True,False,511.5,1.9944749,0.6648249666666667
C043,19,0.8450666666666667,251.2269899791232,218,no_response,True,False,327.0,0.27633680000000005,0.09211226666666666
C044,19,6.015666666666666,326.4917152400835,341,decline,True,False,511.5,3.0770135,1.0256711666666665
C045,19,3.7542,271.1830814196243,218,accept,True,False,327.0,1.2276234,0.4092078
C046,19,2.7120333333333333,293.9150384133612,218,no_response,True,False,327.0,0.8868349,0.2956116333333333
C047,19,3.8563,410.9273924843425,341,accept,True,False,511.5,1.97249745,0.65749915
C048,19,3.6811000000000003,210.05135323590815,218,accept,True,False,327.0,1.2037197000000002,0.40123990000000004
C049,19,3.761566666666667,224.4838012526096,218,accept,True,False,327.0,1.2300323,0.4100107666666667
C050,19,0.7193333333333334,296.7723841336117,218,accept,True,False,327.0,0.23522200000000001,0.07840733333333334
C001,20,0.7664,255.98669701789262,218,decline,True,False,327.0,0.25061279999999997,0.0835376
C002,20,1.7648666666666666,330.84711172962227,341,decline,True,False,511.5,0.9027293,0.30090976666666663
C003,20,3.7238333333333333,324.79382862823064,341,accept,True,False,511.5,1.90474075,0.6349135833333334
C004,20,0.6175635755258126,262.9561936161235,218,accept,True,False,327.0,0.2019432891969407,0.06731442973231358
C005,20,6.4633,399.56007236580524,341,no_response,True,False,511.5,3.30597795,1.1019926500000001
C006,20,2.479033333333333,268.88670298210735,218,decline,True,False,327.0,0.8106438999999999,0.27021463333333334
C007,20,3.7560000000000002,366.2888262425447,341,accept,True,False,511.5,1.9211940000000003,0.640398
C008,20,0.7188166666666667,228.78769145129223,218,accept,True,False,327.0,0.23505304999999999,0.07835101666666666
C009,20,4.7542,317.89047992047716,341,no_response,True,False,511.5,2.4317732999999997,0.8105911
C010,20,0.9205,292.8800250497018,218,accept,True,False,327.0,0.3010035,0.1003345
C011,20,5.280433333333333,317.14900675944335,341,decline,True,False,511.5,2.70094165,0.9003138833333333
C012,20,0.7247333333333333,256.90488866799205,218,accept,True,False,327.0,0.2369878,0.07899593333333334
C013,20,1.9467666666666668,290.3174035785289,218,no_response,True,False,327.0,0.6365927,0.2121975666666667
C014,20,3.6557583333333334,257.7273932405567,218,decline,True,False,327.0,1.195432975,0.3984776583333334
C015,20,4.455058333333334,381.3176385685885,341,accept,True,False,511.5,2.2787623375000003,0.7595874458333334
C016,20,0.7006000000000001,351.2360767395627,341,accept,True,False,511.5,0.35835690000000003,0.11945230000000003
C017,20,4.074333333333334,234.6947630218688,218,accept,True,False,327.0,1.332307,0.4441023333333334
C018,20,2.1395333333333335,258.83720556660046,218,decline,True,False,327.0,0.6996274000000001,0.23320913333333335
C019,20,0.9755499999999999,347.90092047713716,341,accept,True,False,511.5,0.49899382499999995,0.16633127499999997
C020,20,0.8728,227.10246242544733,218,accept,True,False,327.0,0.2854056,0.0951352
C021,20,5.7988333333333335,396.9819324055666,341,decline,True,False,511.5,2.96610325,0.9887010833333334
C022,20,7.359166666666667,404.3037256461233,341,decline,True,False,511.5,3.7642137499999997,1.2547379166666668
C023,20,0.6863166666666667,285.42529542743534,218,accept,True,False,327.0,0.22442555000000003,0.07480851666666666
C024,20,3.903425,344.48533677932414,341,accept,True,False,511.5,1.9966018875,0.6655339625000001
C025,20,1.5428166666666667,199.6771260437376,176,no_response,True,False,264.0,0.40730360000000004,0.13576786666666665
C026,20,0.7663833333333333,290.6707172962227,218,accept,True,False,327.0,0.25060735,0.08353578333333332
C027,20,6.44215,316.88624015904577,341,no_response,True,False,511.5,3.295159725,1.098386575
C028,20,3.52475,280.65972644135184,218,decline,True,False,327.0,1.1525932500000002,0.38419775
C029,20,3.879016666666667,371.5905411530816,341,accept,True,False,511.5,1.984117025,0.6613723416666667
C030,20,3.693033333333333,250.97334990059645,218,accept,True,False,327.0,1.2076219,0.4025406333333333
C031,20,5.204633333333333,372.52049184890654,341,accept,True,False,511.5,2.6621699499999996,0.8873899833333333
C032,20,4.56955,222.19545208747513,218,accept,True,False,327.0,1.4942428499999998,0.49808094999999997
C033,20,6.892200000000001,358.4450127236581,341,no_response,True,False,511.5,3.5253603000000004,1.1751201
C034,20,4.078633333333333,352.43729900596423,341,decline,True,False,511.5,2.08622095,0.6954069833333333
C035,20,3.8770166666666666,356.9034807157058,341,accept,True,False,511.5,1.983094025,0.6610313416666667
C036,20,0.8801666666666667,233.02290775347916,218,decline,True,False,327.0,0.28781450000000003,0.09593816666666666
C037,20,3.933608333333333,452.4524326043738,341,accept,True,False,511.5,2.0120406625,0.6706802208333332
C038,20,0.6979333333333333,193.8315244532803,176,decline,True,False,264.0,0.18425439999999998,0.06141813333333333
C039,20,0.8956166666666667,232.9097300198807,218,accept,True,False,327.0,0.29286665,0.09762221666666668
C040,20,0.7195166666666666,227.90377852882705,218,accept,True,False,327.0,0.23528194999999996,0.07842731666666665
C041,20,0.7376,350.4957992047714,341,accept,True,False,511.5,0.3772824,0.1257608
C042,20,5.00795,352.3227161033797,341,decline,True,False,511.5,2.561566425,0.853855475
C043,20,3.4813166666666664,263.74378449304174,218,decline,True,False,327.0,1.1383905499999998,0.3794635166666666
C044,20,2.1949666666666667,332.1983172962227,341,accept,True,False,511.5,1.1227254500000001,0.37424181666666667
C045,20,0.7642833333333333,272.5901491053678,218,accept,True,False,327.0,0.24992065,0.08330688333333333
C046,20,2.0924833333333335,295.84209662027837,218,no_response,True,False,327.0,0.68424205,0.22808068333333337
C047,20,2.657225,418.34175825049704,341,accept,True,False,511.5,1.3591705875,0.4530568625
C048,20,3.765316666666667,229.07676182902583,218,accept,True,False,327.0,1.2312585500000002,0.4104195166666667
C049,20,0.673,224.7843157057654,218,accept,True,False,327.0,0.22007100000000002,0.073357
C050,20,2.3032666666666666,301.3870290258449,341,decline,True,False,511.5,1.1781209,0.39270696666666666
C001,21,3.7969500000000003,274.2915628472222,218,decline,True,False,327.0,1.2416026500000001,0.41386755000000003
C002,21,5.751766666666666,351.5653812500001,341,decline,True,False,511.5,2.9420286499999997,0.9806762166666665
C003,21,5.280425,353.157715625,341,no_response,True,False,511.5,2.7009373875000002,0.9003124625000001
C004,21,3.9635,271.5561788194444,218,accept,True,False,327.0,1.2960645,0.4320215
C005,21,5.806366666666666,413.94615381944436,341,decline,True,False,511.5,2.9699565499999996,0.9899855166666666
C006,21,1.0103666666666666,271.0025597222222,218,no_response,True,False,327.0,0.3303899,0.11012996666666666
C007,21,3.7775333333333334,375.45648923611117,341,accept,True,False,511.5,1.9322083,0.6440694333333333
C008,21,3.88145,252.01995729166666,218,accept,True,False,327.0,1.26923415,0.42307805000000004
C009,21,3.8509333333333333,330.92202916666673,341,no_response,True,False,511.5,1.9697524000000002,0.6565841333333333
C010,21,3.743783333333334,314.56437326388885,341,accept,True,False,511.5,1.9149451750000004,0.6383150583333335
C011,21,4.006733333333333,331.3312399305555,341,accept,True,False,511.5,2.0494440999999997,0.6831480333333333
C012,21,0.7921333333333334,261.0890611111111,218,accept,True,False,327.0,0.2590276,0.08634253333333333
C013,21,3.65085,306.74945625,341,accept,True,False,511.5,1.867409775,0.622469925
C014,21,0.7481166666666667,258.4249663194445,218,no_response,True,False,327.0,0.24463415,0.08154471666666666
C015,21,4.883383333333334,400.1833486111111,341,no_response,True,False,511.5,2.4978505749999997,0.8326168583333334
C016,21,3.80915,360.17004479166667,341,accept,True,False,511.5,1.948380225,0.6494600749999999
C017,21,0.8936250000000001,232.91875833333336,218,decline,True,False,327.0,0.29221537500000005,0.09740512500000001
C018,21,0.77135,259.59284826388887,218,accept,True,False,327.0,0.25223144999999997,0.08407715
C019,21,0.9392666666666666,350.40862916666674,341,accept,True,False,511.5,0.4804349,0.16014496666666664
C020,21,3.9302499999999996,226.86862395833333,218,accept,True,False,327.0,1.2851917499999999,0.42839724999999995
C021,21,6.2104,387.42255381944443,341,decline,True,False,511.5,3.1766196,1.0588732
C022,21,3.8293749999999998,409.6767541666666,341,accept,True,False,511.5,1.9587253125,0.6529084374999999
C023,21,3.8520499999999998,302.04016874999996,341,accept,True,False,511.5,1.9703235749999999,0.6567745249999999
C024,21,5.475900000000001,367.1944833333333,341,decline,True,False,511.5,2.8009228500000005,0.9336409500000002
C025,21,0.8285333333333333,201.89347395833332,218,accept,True,False,327.0,0.2709304,0.09031013333333333
C026,21,0.7084583333333334,295.5749895833333,218,accept,True,False,327.0,0.23166587500000002,0.07722195833333335
C027,21,3.854616666666667,330.1459743055555,341,accept,True,False,511.5,1.9716364250000002,0.6572121416666666
C028,21,3.9744666666666664,297.55925868055556,218,decline,True,False,327.0,1.2996505999999999,0.43321686666666664
C029,21,4.087541666666667,399.51864618055555,341,accept,True,False,511.5,2.0907775625,0.6969258541666666
C030,21,3.8061000000000003,275.8747802083333,218,no_response,True,False,327.0,1.2445947000000002,0.41486490000000004
C031,21,3.775558333333333,393.13748993055555,341,accept,True,False,511.5,1.9311980874999999,0.6437326958333333
C032,21,0.6725,224.30586041666672,218,accept,True,False,327.0,0.2199075,0.07330249999999999
C033,21,3.806033333333333,375.1568871527778,341,accept,True,False,511.5,1.9467860499999998,0.6489286833333333
C034,21,0.6185333333333334,351.9648722222222,341,accept,True,False,511.5,0.31637980000000004,0.10545993333333334
C035,21,5.282483333333333,368.76150104166675,341,no_response,True,False,511.5,2.701990225,0.9006634083333334
C036,21,0.8211666666666666,238.82600208333335,218,decline,True,False,327.0,0.2685215,0.08950716666666667
C037,21,0.78985,447.37981527777777,341,accept,True,False,511.5,0.40400827500000003,0.134669425
C038,21,0.8029666666666667,198.87175972222224,176,decline,True,False,264.0,0.2119832,0.07066106666666667
C039,21,3.8194666666666666,253.80556805555557,218,accept,True,False,327.0,1.2489656,0.41632186666666665
C040,21,3.8482666666666665,233.12490833333334,218,decline,True,False,327.0,1.2583832,0.4194610666666666
C041,21,3.8568999999999996,368.55221875,341,decline,True,False,511.5,1.9728043499999997,0.6576014499999999
C042,21,3.9895833333333335,368.8436940972222,341,decline,True,False,511.5,2.040671875,0.6802239583333334
C043,21,3.9674416666666668,286.5520520833333,218,accept,True,False,327.0,1.297353425,0.43245114166666665
C044,21,0.7765333333333334,335.7817635416666,341,accept,True,False,511.5,0.39719680000000007,0.13239893333333333
C045,21,0.8842166666666667,279.0208388888889,218,accept,True,False,327.0,0.28913885,0.09637961666666667
C046,21,2.3595916666666668,297.00279791666674,218,decline,True,False,327.0,0.7715864750000001,0.25719549166666666
C047,21,5.87865,424.0779010416667,341,decline,True,False,511.5,3.006929475,1.002309825
C048,21,3.7157500000000003,249.5613020833333,218,accept,True,False,327.0,1.21505025,0.40501675000000004
C049,21,3.883483333333333,237.85104131944445,218,accept,True,False,327.0,1.26989905,0.4232996833333333
C050,21,0.9372166666666666,296.54461145833335,218,accept,True,False,327.0,0.30646984999999993,0.10215661666666666
C001,22,2.7905333333333338,277.0955943143813,218,decline,True,False,327.0,0.9125044000000001,0.3041681333333334
C002,22,3.330466666666667,347.711914715719,341,decline,True,False,511.5,1.7035337000000002,0.5678445666666667
C003,22,3.86045,354.6305030100334,341,accept,True,False,511.5,1.974620175,0.658206725
C004,22,2.4296833333333336,275.9315598662207,218,accept,True,False,327.0,0.7945064500000001,0.26483548333333334
C005,22,0.9185666666666668,406.988331438127,341,accept,True,False,511.5,0.46984685000000004,0.15661561666666668
C006,22,2.7199833333333334,271.4281100334448,218,no_response,True,False,327.0,0.88943455,0.2964781833333333
C007,22,1.9754833333333335,373.68850468227424,341,decline,True,False,511.5,1.010459725,0.3368199083333333
C008,22,1.0627166666666668,251.0285341137124,218,decline,True,False,327.0,0.34750835,0.11583611666666667
C009,22,3.9227333333333334,333.41640468227416,341,accept,True,False,511.5,2.0064781,0.6688260333333333
C010,22,0.8099999999999999,311.87048193979933,341,accept,True,False,511.5,0.414315,0.13810499999999998
C011,22,0.98975,326.4772879598662,341,accept,True,False,511.5,0.5062571250000001,0.168752375
C012,22,0.76965,260.82976989966556,218,accept,True,False,327.0,0.25167554999999997,0.08389184999999999
C013,22,0.6783333333333332,304.2551919732441,341,accept,True,False,511.5,0.3469675,0.11565583333333332
C014,22,1.9416,263.8478739130435,218,no_response,True,False,327.0,0.6349032,0.2116344
C015,22,3.791666666666667,406.4665879598661,341,accept,True,False,511.5,1.9394375000000001,0.6464791666666667
C016,22,0.72555,357.36352107023407,341,accept,True,False,511.5,0.37111882500000004,0.123706275
C017,22,0.66915,232.99997090301002,218,accept,True,False,327.0,0.21881205,0.07293735000000001
C018,22,1.0329166666666667,256.64845050167224,218,accept,True,False,327.0,0.33776375000000003,0.11258791666666668
C019,22,3.3052333333333337,356.60245551839466,341,accept,True,False,511.5,1.6906268500000001,0.5635422833333334
C020,22,1.9345333333333332,234.81024648829433,218,decline,True,False,327.0,0.6325923999999999,0.21086413333333331
C021,22,0.7615083333333332,381.3518498327758,341,accept,True,False,511.5,0.38951151249999993,0.12983717083333332
C022,22,3.23565,409.08058260869564,341,no_response,True,False,511.5,1.655034975,0.551678325
C023,22,1.9017499999999998,303.6750254180602,341,accept,True,False,511.5,0.9727451249999999,0.324248375
C024,22,2.6973166666666666,368.6781685618729,341,accept,True,False,511.5,1.379677475,0.4598924916666667
C025,22,1.7378500000000001,203.24664782608696,218,no_response,True,False,327.0,0.56827695,0.18942565000000003
C026,22,0.73805,291.7150387959866,218,accept,True,False,327.0,0.24134234999999998,0.08044745
C027,22,4.8947166666666675,341.6504401337792,341,decline,True,False,511.5,2.5036475750000005,0.8345491916666669
C028,22,3.8496166666666665,304.0759518394649,341,accept,True,False,511.5,1.9690789249999998,0.6563596416666667
C029,22,0.74625,393.24413411371233,341,accept,True,False,511.5,0.38170687499999995,0.127235625
C030,22,0.6774666666666667,274.1854200668896,218,accept,True,False,327.0,0.2215316,0.07384386666666667
C031,22,3.9258333333333333,398.3302698996656,341,accept,True,False,511.5,2.00806375,0.6693545833333334
C032,22,1.55185,227.94511505016723,218,accept,True,False,327.0,0.50745495,0.16915165
C033,22,1.4547833333333333,370.3840498327759,341,accept,True,False,511.5,0.7441216749999999,0.24804055833333333
C034,22,2.3364333333333334,355.7206973244147,341,accept,True,False,511.5,1.19508565,0.39836188333333333
C035,22,1.02475,370.5052712374582,341,accept,True,False,511.5,0.524159625,0.174719875
C036,22,3.9711499999999997,246.9339939799331,218,decline,True,False,327.0,1.2985660499999998,0.43285534999999997
C037,22,3.941533333333333,453.2901595317725,341,accept,True,False,511.5,2.0160943,0.6720314333333334
C038,22,0.8507666666666667,199.21487491638794,176,no_response,True,False,264.0,0.22460239999999998,0.07486746666666667
C039,22,0.7148166666666667,253.07029364548495,218,accept,True,False,327.0,0.23374504999999998,0.07791501666666666
C040,22,0.7069666666666666,231.31966722408026,218,decline,True,False,327.0,0.2311781,0.07705936666666666
C041,22,2.379433333333333,366.46374214046824,341,decline,True,False,511.5,1.2170801499999997,0.4056933833333333
C042,22,0.7523833333333333,368.1331595317726,341,accept,True,False,511.5,0.38484407499999995,0.12828135833333332
C043,22,0.9027999999999999,286.13749598662207,218,decline,True,False,327.0,0.2952156,0.0984052
C044,22,2.965133333333333,342.49830568561873,341,accept,True,False,511.5,1.5166657000000001,0.5055552333333333
C045,22,0.8557166666666667,277.7545879598662,218,accept,True,False,327.0,0.27981934999999997,0.09327311666666667
C046,22,1.3049416666666669,296.05400200668896,218,accept,True,False,327.0,0.4267159250000001,0.1422386416666667
C047,22,3.7916499999999997,419.75964715719067,341,no_response,True,False,511.5,1.9394289749999998,0.646476325
C048,22,1.0988833333333334,248.27113076923078,218,no_response,True,False,327.0,0.35933485000000004,0.11977828333333335
C049,22,0.7149833333333334,237.0837906354515,218,accept,True,False,327.0,0.23379955000000005,0.07793318333333335
C050,22,2.898833333333333,297.3715123745819,218,accept,True,False,327.0,0.9479185,0.3159728333333333
C001,23,3.4117583333333332,216.44742222222223,218,no_response,True,False,327.0,1.115644975,0.37188165833333336
C002,23,4.663616666666667,291.2245925925926,218,no_response,True,False,327.0,1.5250026500000002,0.5083342166666667
C003,23,3.3980333333333332,287.47807407407413,218,decline,True,False,327.0,1.1111569,0.3703856333333333
C004,23,1.6806166666666669,249.70357037037036,218,accept,True,False,327.0,0.5495616500000001,0.1831872166666667
C005,23,1.4235499999999999,348.38213333333334,341,accept,True,False,511.5,0.7281458249999999,0.24271527499999998
C006,23,0.6617666666666667,224.74828148148148,218,accept,True,False,327.0,0.21639770000000003,0.07213256666666668
C007,23,1.4282916666666667,342.0356,341,accept,True,False,511.5,0.7305711875,0.24352372916666667
C008,23,2.797966666666667,244.3272888888889,218,no_response,True,False,327.0,0.9149351,0.3049783666666667
C009,23,1.33615,284.98177777777784,218,accept,True,False,327.0,0.43692105,0.14564034999999997
C010,23,1.9643833333333334,247.66131851851844,218,accept,True,False,327.0,0.6423533499999999,0.21411778333333334
C011,23,2.5268916666666663,313.29106666666667,341,accept,True,False,511.5,1.2925050874999997,0.4308350291666666
C012,23,0.9815499999999999,224.29096296296296,218,decline,True,False,327.0,0.32096684999999997,0.10698894999999999
C013,23,3.9029999999999996,314.60226666666665,341,decline,True,False,511.5,1.9963844999999998,0.6654614999999999
C014,23,2.455616666666667,228.79453333333333,218,decline,True,False,327.0,0.80298665,0.2676622166666667
C015,23,2.3404000000000003,388.3204,341,accept,True,False,511.5,1.1971146000000001,0.3990382
C016,23,3.7128166666666664,360.21154074074076,341,no_response,True,False,511.5,1.8991057249999999,0.6330352416666666
C017,23,2.963,235.00084444444445,218,accept,True,False,327.0,0.968901,0.322967
C018,23,2.2844333333333333,234.39640000000003,218,accept,True,False,327.0,0.7470097,0.24900323333333332
C019,23,1.71895,350.1438814814815,341,accept,True,False,511.5,0.879242925,0.293080975
C020,23,2.4204916666666665,216.9060888888889,218,accept,True,False,327.0,0.7915007749999999,0.26383359166666664
C021,23,1.516225,383.08111111111117,341,accept,True,False,511.5,0.7755490875,0.25851636250000004
C022,23,2.386633333333333,355.44447407407415,341,accept,True,False,511.5,1.22076295,0.4069209833333333
C023,23,1.3036333333333332,347.05023703703705,341,accept,True,False,511.5,0.6668084499999999,0.22226948333333332
C024,23,4.30445,369.04355555555554,341,decline,True,False,511.5,2.201726175,0.733908725
C025,23,0.8175333333333333,152.13441481481485,176,decline,True,False,264.0,0.2158288,0.07194293333333333
C026,23,2.9301833333333334,289.31045925925923,218,decline,True,False,327.0,0.9581699499999999,0.31938998333333335
C027,23,3.1388666666666665,391.13681481481484,341,no_response,True,False,511.5,1.6055302999999999,0.5351767666666666
C028,23,3.3000333333333334,263.9512296296297,218,accept,True,False,327.0,1.0791108999999999,0.3597036333333334
C029,23,3.2471666666666668,400.37711111111116,341,accept,True,False,511.5,1.66092575,0.5536419166666667
C030,23,2.6405,265.736,218,decline,True,False,327.0,0.8634434999999999,0.28781450000000003
C031,23,3.4505333333333335,369.86761481481483,341,accept,True,False,511.5,1.7649478,0.5883159333333333
C032,23,0.9155,172.29281481481482,176,accept,True,False,264.0,0.24169200000000002,0.080564
C033,23,3.6902666666666666,373.1601185185185,341,decline,True,False,511.5,1.8875714000000001,0.6291904666666667
C034,23,3.3021833333333337,329.9717925925926,341,decline,True,False,511.5,1.6890667750000001,0.5630222583333334
C035,23,2.2250166666666664,365.6305037037037,341,accept,True,False,511.5,1.1380960249999998,0.37936534166666663
C036,23,2.5856166666666667,192.5807407407407,176,decline,True,False,264.0,0.6826028,0.22753426666666668
C037,23,1.8258916666666667,385.28013333333337,341,accept,True,False,511.5,0.9339435875000001,0.3113145291666667
C038,23,1.7254999999999998,157.41702222222224,176,accept,True,False,264.0,0.45553199999999994,0.151844
C039,23,1.6038833333333335,200.43137777777775,218,accept,True,False,327.0,0.52446985,0.17482328333333336
C040,23,2.4917999999999996,200.23894814814815,218,no_response,True,False,327.0,0.8148185999999998,0.27160619999999996
C041,23,2.831933333333333,284.86340740740735,218,decline,True,False,327.0,0.9260421999999999,0.3086807333333333
C042,23,0.81525,311.66727407407404,341,decline,True,False,511.5,0.41700037500000003,0.139000125
C043,23,2.664333333333333,267.9162962962963,218,accept,True,False,327.0,0.8712369999999998,0.29041233333333333
C044,23,3.76025,316.4785777777778,341,no_response,True,False,511.5,1.923367875,0.641122625
C045,23,3.7525500000000003,280.2204,218,decline,True,False,327.0,1.22708385,0.40902795000000003
C046,23,2.2991166666666665,259.44745185185184,218,no_response,True,False,327.0,0.7518111499999999,0.25060371666666664
C047,23,2.889666666666667,425.2923111111111,341,decline,True,False,511.5,1.4780645000000001,0.4926881666666667
C048,23,2.8008333333333333,194.9463703703704,176,decline,True,False,264.0,0.73942,0.24647333333333332
C049,23,1.9648333333333334,213.72401481481484,218,no_response,True,False,327.0,0.6425005,0.21416683333333336
C050,23,1.7042499999999998,255.65558518518517,218,decline,True,False,327.0,0.5572897499999999,0.18576324999999996
C001,24,4.469116666666666,269.492480874317,218,no_response,True,False,327.0,1.46140115,0.48713371666666666
C002,24,5.4768,375.96363934426233,341,decline,True,False,511.5,2.8013831999999996,0.9337944
C003,24,3.6965666666666666,335.19151912568304,341,decline,True,False,511.5,1.89079385,0.6302646166666666
C004,24,5.552708333333333,321.0683934426229,341,no_response,True,False,511.5,2.8402103125,0.9467367708333334
C005,24,3.2337333333333333,410.3187759562842,341,decline,True,False,511.5,1.6540546,0.5513515333333333
C006,24,0.9721833333333334,227.71568306010928,218,no_response,True,False,327.0,0.31790395,0.10596798333333333
C007,24,5.049733333333333,391.759256830601,341,decline,True,False,511.5,2.5829386,0.8609795333333333
C008,24,2.8991666666666664,303.5950273224044,341,decline,True,False,511.5,1.4829237499999999,0.4943079166666666
C009,24,3.030666666666667,342.27881967213114,341,decline,True,False,511.5,1.550186,0.5167286666666666
C010,24,1.8828333333333336,306.88299453551906,341,accept,True,False,511.5,0.9630692500000001,0.32102308333333335
C011,24,4.2189499999999995,365.86924590163926,341,decline,True,False,511.5,2.1579929249999994,0.719330975
C012,24,1.0809166666666665,241.9314426229508,218,no_response,True,False,327.0,0.3534597499999999,0.11781991666666666
C013,24,3.42685,352.4378032786885,341,decline,True,False,511.5,1.752833775,0.584277925
C014,24,1.708833333333333,275.1986229508197,218,accept,True,False,327.0,0.5587884999999999,0.1862628333333333
C015,24,3.844966666666667,422.9193770491803,341,decline,True,False,511.5,1.9667004500000003,0.6555668166666667
C016,24,5.121566666666666,421.93136612021857,341,accept,True,False,511.5,2.61968135,0.8732271166666665
C017,24,2.309775,295.48837158469945,218,accept,True,False,327.0,0.755296425,0.251765475
C018,24,0.8407333333333333,235.02173770491802,218,accept,True,False,327.0,0.2749198,0.09163993333333333
C019,24,3.2882833333333332,422.3819672131147,341,decline,True,False,511.5,1.681956925,0.5606523083333332
C020,24,2.9065333333333334,317.91593442622957,341,accept,True,False,511.5,1.4866918,0.4955639333333334
C021,24,7.3188499999999985,448.8684480874317,341,no_response,True,False,511.5,3.7435917749999996,1.2478639249999997
C022,24,2.5798666666666668,395.83925683060113,341,accept,True,False,511.5,1.3196018,0.4398672666666667
C023,24,2.8272333333333335,406.3069180327869,341,accept,True,False,511.5,1.44612985,0.48204328333333335
C024,24,3.2734,428.62092896174863,341,accept,True,False,511.5,1.6743441000000001,0.5581147
C025,24,1.1762833333333333,155.67728961748634,176,decline,True,False,264.0,0.3105388,0.10351293333333333
C026,24,2.9619000000000004,359.8571147540984,341,accept,True,False,511.5,1.5150118500000003,0.5050039500000001
C027,24,4.345816666666666,455.2329617486339,341,decline,True,False,511.5,2.2228852249999997,0.7409617416666665
C028,24,3.207866666666667,327.22241530054646,341,decline,True,False,511.5,1.6408238000000002,0.5469412666666668
C029,24,3.3350833333333334,424.9659890710382,341,accept,True,False,511.5,1.705895125,0.5686317083333333
C030,24,3.2336,327.71569398907104,341,decline,True,False,511.5,1.6539864,0.5513288
C031,24,2.3180833333333335,429.9886010928962,341,accept,True,False,511.5,1.1856996250000003,0.39523320833333336
C032,24,2.8605166666666664,206.2866666666667,218,accept,True,False,327.0,0.9353889499999999,0.31179631666666663
C033,24,2.4991833333333333,435.6199234972677,341,accept,True,False,511.5,1.278332275,0.4261107583333333
C034,24,1.61815,419.5887103825137,341,accept,True,False,511.5,0.827683725,0.275894575
C035,24,4.992766666666666,420.72956284153,341,accept,True,False,511.5,2.55380015,0.8512667166666666
C036,24,2.741016666666667,235.62107103825136,218,accept,True,False,327.0,0.8963124500000001,0.2987708166666667
C037,24,4.574633333333334,449.0538469945355,341,no_response,True,False,511.5,2.33992495,0.7799749833333334
C038,24,1.1292666666666666,157.34138797814208,176,decline,True,False,264.0,0.2981264,0.09937546666666666
C039,24,1.0547,252.3377486338798,218,accept,True,False,327.0,0.3448869,0.1149623
C040,24,2.160275,246.79821857923497,218,accept,True,False,327.0,0.7064099249999999,0.235469975
C041,24,3.338233333333333,368.81212021857925,341,accept,True,False,511.5,1.7075063499999998,0.5691687833333333
C042,24,2.8483333333333336,408.94621857923505,341,accept,True,False,511.5,1.4569225000000001,0.48564083333333335
C043,24,0.9739,337.7320218579235,341,decline,True,False,511.5,0.49814985,0.16604995
C044,24,2.2786,354.29206557377046,341,accept,True,False,511.5,1.1655039,0.3885013
C045,24,2.9330333333333334,371.8189071038251,341,accept,True,False,511.5,1.5002465500000002,0.5000821833333333
C046,24,0.7643333333333334,255.02922404371586,218,accept,True,False,327.0,0.24993700000000005,0.08331233333333334
C047,24,3.0847666666666664,500.8672896174864,414,accept,True,False,621.0,1.9156400999999998,0.6385467
C048,24,2.215866666666667,244.162393442623,218,accept,True,False,327.0,0.7245884000000001,0.2415294666666667
C049,24,3.106516666666667,289.452087431694,218,accept,True,False,327.0,1.01583095,0.3386103166666667
C050,24,0.7989999999999999,263.86374863387977,218,accept,True,False,327.0,0.261273,0.08709099999999999
C001,25,4.012716666666666,372.8829288702929,341,decline,True,False,511.5,2.0525045749999995,0.6841681916666665
C002,25,4.6536333333333335,450.56895397489546,341,no_response,True,False,511.5,2.38033345,0.7934444833333333
C003,25,3.9345333333333334,402.5230627615063,341,no_response,True,False,511.5,2.0125138,0.6708379333333333
C004,25,3.9176,391.1589874476988,341,no_response,True,False,511.5,2.0038524,0.6679508000000001
C005,25,4.495258333333334,480.9492217573221,341,decline,True,False,511.5,2.2993246375000003,0.7664415458333335
C006,25,1.7433500000000002,230.3943933054393,218,decline,True,False,327.0,0.57007545,0.19002515000000003
C007,25,4.5817,462.2584518828452,341,no_response,True,False,511.5,2.34353955,0.78117985
C008,25,4.023166666666667,350.1774393305439,341,decline,True,False,511.5,2.05784975,0.6859499166666667
C009,25,5.9599166666666665,415.3369037656904,341,decline,True,False,511.5,3.0484973749999997,1.0161657916666667
C010,25,0.9738083333333333,326.2984016736401,341,accept,True,False,511.5,0.49810296249999997,0.1660343208333333
C011,25,4.0168,448.4525606694561,341,decline,True,False,511.5,2.0545932,0.6848643999999999
C012,25,0.5742,240.54237656903769,218,decline,True,False,327.0,0.18776340000000002,0.0625878
C013,25,3.9337,429.81923012552306,341,accept,True,False,511.5,2.01208755,0.67069585
C014,25,4.853483333333333,344.29017573221756,341,no_response,True,False,511.5,2.482556725,0.8275189083333333
C015,25,2.2581166666666665,498.51856903765696,341,decline,True,False,511.5,1.1550266749999998,0.3850088916666667
C016,25,3.856016666666667,501.9102761506276,414,accept,True,False,621.0,2.39458635,0.79819545
C017,25,1.3464916666666666,366.68282845188287,341,accept,True,False,511.5,0.6887304875,0.22957682916666666
C018,25,1.1750333333333334,233.93453556485358,218,decline,True,False,327.0,0.3842359,0.12807863333333333
C019,25,5.334741666666666,499.7476569037657,341,decline,True,False,511.5,2.7287203625,0.9095734541666666
C020,25,3.5368914814814816,382.1752552301255,341,accept,True,False,511.5,1.8091199927777777,0.6030399975925926
C021,25,3.3463249999999998,467.6339079497908,341,accept,True,False,511.5,1.7116452375,0.5705484124999999
C022,25,5.602716666666666,437.2119916317992,341,accept,True,False,511.5,2.865789575,0.9552631916666665
C023,25,6.3932,496.968050209205,341,decline,True,False,511.5,3.2701218,1.0900406
C024,25,5.309216666666666,513.777330543933,414,decline,True,False,621.0,3.2970235499999996,1.09900785
C025,25,2.4780583333333333,166.36808368200838,176,no_response,True,False,264.0,0.6542074,0.21806913333333333
C026,25,4.196933333333333,421.0788117154812,341,decline,True,False,511.5,2.1467313999999997,0.7155771333333332
C027,25,2.6496666666666666,520.7004267782427,414,no_response,True,False,621.0,1.645443,0.548481
C028,25,4.985166666666667,404.55631799163183,341,decline,True,False,511.5,2.5499127500000003,0.8499709166666668
C029,25,5.212683333333334,487.7151213389121,341,decline,True,False,511.5,2.666287525,0.8887625083333334
C030,25,0.8202333333333334,379.381079497908,341,accept,True,False,511.5,0.41954935,0.13984978333333334
C031,25,6.066016666666667,510.0695815899582,414,decline,True,False,621.0,3.7669963500000003,1.2556654500000002
C032,25,3.381,273.5531548117155,218,decline,True,False,327.0,1.105587,0.368529
C033,25,3.563066666666667,502.4762510460251,414,decline,True,False,621.0,2.2126644,0.7375548
C034,25,4.562983333333333,489.1891129707112,341,decline,True,False,511.5,2.333965975,0.7779886583333333
C035,25,4.0996999999999995,498.96660251046023,341,accept,True,False,511.5,2.0969965499999996,0.69899885
C036,25,3.9970666666666665,292.9392468619247,218,no_response,True,False,327.0,1.3070408,0.43568026666666665
C037,25,6.647166666666665,536.5246778242677,414,decline,True,False,621.0,4.1278904999999995,1.3759634999999997
C038,25,0.8822666666666665,164.69957322175733,176,decline,True,False,264.0,0.23291839999999997,0.07763946666666664
C039,25,1.0408166666666667,307.6005941422594,341,no_response,True,False,511.5,0.532377725,0.17745924166666668
C040,25,3.8917,332.75338912133896,341,no_response,True,False,511.5,1.99060455,0.66353485
C041,25,5.845166666666666,458.2491631799163,341,decline,True,False,511.5,2.9898027499999995,0.9966009166666665
C042,25,3.890183333333333,510.5164100418411,414,decline,True,False,621.0,2.4158038499999996,0.80526795
C043,25,5.092666666666666,424.6323430962343,341,decline,True,False,511.5,2.604899,0.8682996666666666
C044,25,2.175558333333333,396.0196066945607,341,accept,True,False,511.5,1.1127980874999999,0.3709326958333333
C045,25,3.7548999999999997,420.83336401673637,341,accept,True,False,511.5,1.9206313499999998,0.6402104499999999
C046,25,1.1040333333333334,257.50071966527196,218,decline,True,False,327.0,0.36101890000000003,0.12033963333333333
C047,25,5.227550000000001,584.7129958158996,414,accept,True,False,621.0,3.2463085500000006,1.0821028500000003
C048,25,3.1962,328.9066861924686,341,decline,True,False,511.5,1.6348563,0.5449520999999999
C049,25,3.696183333333333,367.81338912133896,341,accept,True,False,511.5,1.8905977749999998,0.6301992583333333
C050,25,1.5188166666666667,266.5797991631799,218,decline,True,False,327.0,0.49665305,0.16555101666666666
C001,26,3.8222666666666667,773.7953916666668,414,accept,True,False,621.0,2.3736276,0.7912092000000001
C002,26,3.8319166666666664,798.4866333333333,414,decline,True,False,621.0,2.37962025,0.79320675
C003,26,4.5088,681.2847857142858,414,no_response,True,False,621.0,2.7999647999999997,0.9333216
C004,26,4.3037,716.2707214285714,414,decline,True,False,621.0,2.6725977000000003,0.8908659
C005,26,4.6965666666666674,804.80805,414,no_response,True,False,621.0,2.9165679000000004,0.9721893000000001
C006,26,1.1445750000000001,251.90965357142858,218,decline,True,False,327.0,0.37427602500000007,0.12475867500000001
C007,26,3.5912166666666665,763.8771261904762,414,accept,True,False,621.0,2.2301455499999996,0.74338185
C008,26,3.8410833333333327,534.4123214285714,414,no_response,True,False,621.0,2.3853127499999998,0.7951042499999998
C009,26,4.253550000000001,759.8348,414,no_response,True,False,621.0,2.64145455,0.8804848500000002
C010,26,3.512883333333333,481.0572619047619,341,accept,True,False,511.5,1.7968398249999997,0.5989466083333334
C011,26,5.803233333333333,739.6880476190476,414,decline,True,False,621.0,3.6038078999999996,1.2012692999999999
C012,26,0.79095,244.533425,218,accept,True,False,327.0,0.25864064999999997,0.08621355
C013,26,1.98205,708.2639011904761,414,decline,True,False,621.0,1.2308530500000001,0.41028435
C014,26,3.636916666666667,619.8681392857143,414,no_response,True,False,621.0,2.25852525,0.7528417500000001
C015,26,3.7365,752.4017380952382,414,accept,True,False,621.0,2.3203665,0.7734555000000001
C016,26,5.100416666666667,857.6508714285713,414,accept,True,False,621.0,3.16735875,1.0557862500000001
C017,26,3.1338833333333334,671.3632726190477,414,accept,True,False,621.0,1.94614155,0.6487138499999999
C018,26,0.8199333333333334,249.62192738095237,218,accept,True,False,327.0,0.26811820000000003,0.08937273333333334
C019,26,3.59265,828.4033309523809,414,accept,True,False,621.0,2.23103565,0.7436785499999999
C020,26,6.175916666666667,662.5297119047618,414,no_response,True,False,621.0,3.83524425,1.2784147499999998
C021,26,1.4419083333333333,560.4060797619048,414,decline,True,False,621.0,0.895425075,0.298475025
C022,26,5.090966666666667,630.1329035714285,414,decline,True,False,621.0,3.1614903,1.0538300999999999
C023,26,3.0843833333333333,817.0649333333333,414,accept,True,False,621.0,1.91540205,0.63846735
C024,26,2.995633333333333,830.7957559523809,414,accept,True,False,621.0,1.8602883,0.6200960999999999
C025,26,0.6936333333333333,208.66114761904763,218,decline,True,False,327.0,0.2268181,0.07560603333333332
C026,26,3.910616666666667,666.3074678571429,414,accept,True,False,621.0,2.4284929500000003,0.8094976500000001
C027,26,1.2104999999999997,681.4685714285715,414,decline,True,False,621.0,0.7517204999999998,0.25057349999999995
C028,26,4.1841,710.9538154761905,414,no_response,True,False,621.0,2.5983261,0.8661087
C029,26,5.016966666666666,742.4210666666668,414,no_response,True,False,621.0,3.1155362999999996,1.0385121
C030,26,3.789133333333333,552.3680011904761,414,no_response,True,False,621.0,2.3530518,0.7843506
C031,26,3.318433333333333,833.1594321428572,414,accept,True,False,621.0,2.0607471,0.6869156999999999
C032,26,4.859516666666666,563.3289,414,accept,True,False,621.0,3.0177598499999996,1.0059199499999998
C033,26,5.832533333333334,824.3242476190477,414,accept,True,False,621.0,3.6220032000000004,1.2073344000000001
C034,26,3.3697166666666662,790.4432035714285,414,accept,True,False,621.0,2.0925940499999998,0.6975313499999999
C035,26,1.0921333333333334,775.1131130952381,414,accept,True,False,621.0,0.6782148000000001,0.2260716
C036,26,3.076,598.6430666666666,414,accept,True,False,621.0,1.9101960000000002,0.636732
C037,26,3.2038833333333336,874.3173571428572,414,accept,True,False,621.0,1.98961155,0.6632038500000002
C038,26,1.0359666666666667,200.97993809523805,218,decline,True,False,327.0,0.3387611,0.11292036666666666
C039,26,3.11285,562.128794047619,414,accept,True,False,621.0,1.93307985,0.64435995
C040,26,3.5672500000000005,629.8315392857144,414,decline,True,False,621.0,2.2152622500000003,0.7384207500000001
C041,26,1.1345833333333333,799.7756797619048,414,accept,True,False,621.0,0.7045762499999999,0.23485874999999998
C042,26,4.889783333333333,865.6052869047618,414,accept,True,False,621.0,3.03655545,1.0121851499999999
C043,26,4.0047999999999995,826.3855630952381,414,accept,True,False,621.0,2.4869808,0.8289935999999999
C044,26,4.0492333333333335,576.4993607142857,414,accept,True,False,621.0,2.5145739,0.8381913000000001
C045,26,5.279116666666667,630.5260130952382,414,no_response,True,False,621.0,3.27833145,1.09277715
C046,26,1.7907833333333332,274.6610702380952,218,accept,True,False,327.0,0.58558615,0.19519538333333333
C047,26,3.9513166666666666,856.0054357142857,414,decline,True,False,621.0,2.4537676499999996,0.81792255
C048,26,4.171916666666667,687.1596916666667,414,accept,True,False,621.0,2.59076025,0.8635867500000001
C049,26,4.407641666666667,679.0631190476191,414,accept,True,False,621.0,2.7371454749999997,0.9123818250000001
C050,26,1.5189333333333332,284.32299523809525,218,accept,True,False,327.0,0.4966912,0.16556373333333332
C001,27,3.65915,954.7572739130436,414,decline,True,False,621.0,2.2723321499999996,0.7574440499999999
C002,27,4.372816666666667,952.5324173913043,414,decline,True,False,621.0,2.71551915,0.9051730500000001
C003,27,2.2946333333333335,807.8837217391305,414,accept,True,False,621.0,1.4249673,0.47498910000000005
C004,27,2.9213000000000005,960.9346304347824,414,decline,True,False,621.0,1.8141273000000004,0.6047091000000001
C005,27,4.6546666666666665,1057.567156521739,414,decline,True,False,621.0,2.890548,0.9635159999999999
C006,27,2.5941333333333336,285.3700956521739,218,no_response,True,False,327.0,0.8482816000000002,0.28276053333333334
C007,27,4.6305499999999995,1015.056452173913,414,decline,True,False,621.0,2.8755715499999996,0.95852385
C008,27,2.796416666666667,633.343747826087,414,accept,True,False,621.0,1.7365747500000002,0.5788582500000001
C009,27,3.0422166666666666,883.3882652173914,414,decline,True,False,621.0,1.8892165499999998,0.62973885
C010,27,2.0385333333333335,871.0261391304348,414,accept,True,False,621.0,1.2659292,0.42197640000000003
C011,27,2.6382833333333333,797.0856130434784,414,accept,True,False,621.0,1.6383739499999999,0.54612465
C012,27,2.7667666666666664,252.54176956521735,218,decline,True,False,327.0,0.9047327,0.30157756666666663
C013,27,2.526875,586.1447652173913,414,accept,True,False,621.0,1.5691893749999999,0.523063125
C014,27,0.9674666666666667,525.2114347826088,414,accept,True,False,621.0,0.6007968000000001,0.20026560000000002
C015,27,4.64295,856.5580347826087,414,decline,True,False,621.0,2.8832719499999997,0.9610906499999999
C016,27,6.1901166666666665,1124.6925347826086,414,decline,True,False,621.0,3.84406245,1.2813541499999999
C017,27,2.9931500000000004,909.213556521739,414,accept,True,False,621.0,1.8587461500000002,0.6195820500000001
C018,27,0.8468166666666668,224.28580869565218,218,accept,True,False,327.0,0.27690905000000005,0.09230301666666668
C019,27,2.0538333333333334,749.9823260869565,414,accept,True,False,621.0,1.2754305,0.4251435
C020,27,1.0912833333333334,646.9305086956522,414,accept,True,False,621.0,0.67768695,0.22589565000000003
C021,27,2.2897833333333333,555.4786217391304,414,accept,True,False,621.0,1.42195545,0.47398514999999997
C022,27,5.915516666666666,710.0230565217391,414,accept,True,False,621.0,3.67353585,1.22451195
C023,27,4.7412833333333335,808.8472826086959,414,accept,True,False,621.0,2.94433695,0.98144565
C024,27,2.1561333333333335,890.5506130434783,414,accept,True,False,621.0,1.3389588000000001,0.44631960000000004
C025,27,1.1506333333333334,177.32336956521735,176,no_response,True,False,264.0,0.3037672,0.10125573333333333
C026,27,2.1454333333333335,769.4117782608695,414,accept,True,False,621.0,1.3323141,0.4441047
C027,27,5.163733333333333,474.2629347826086,341,decline,True,False,511.5,2.6412495999999996,0.8804165333333333
C028,27,0.3819666666666667,851.9909799999999,414,accept,True,False,621.0,0.2372013,0.0790671
C029,27,5.475933333333334,910.9275869565218,414,no_response,True,False,621.0,3.4005546000000004,1.1335182
C030,27,3.30265,690.3117739130435,414,decline,True,False,621.0,2.05094565,0.68364855
C031,27,5.82045,1022.5298782608695,414,no_response,True,False,621.0,3.6144994500000003,1.20483315
C032,27,2.6663807106598982,871.836099139263,414,accept,True,False,621.0,1.6558224213197967,0.551940807106599
C033,27,3.503383333333333,878.7431173913044,414,decline,True,False,621.0,2.1756010499999996,0.7252003499999998
C034,27,4.998233333333333,1010.754056521739,414,decline,True,False,621.0,3.1039029,1.0346343
C035,27,4.48905,838.9020521739131,414,decline,True,False,621.0,2.7877000499999998,0.92923335
C036,27,2.6321833333333333,836.914547826087,414,accept,True,False,621.0,1.63458585,0.5448619499999999
C037,27,3.638866666666667,566.7945652173912,414,no_response,True,False,621.0,2.2597362000000003,0.7532454000000001
C038,27,0.54125,207.76199999999997,218,decline,True,False,327.0,0.17698875,0.05899625
C039,27,2.5740000000000003,700.6526999999999,414,accept,True,False,621.0,1.5984540000000003,0.5328180000000001
C040,27,0.3816833333333333,373.1731478260869,341,no_response,True,False,511.5,0.19523102499999997,0.06507700833333332
C041,27,4.956716666666667,984.5897869565217,414,no_response,True,False,621.0,3.07812105,1.02604035
C042,27,5.274833333333333,703.8014913043479,414,accept,True,False,621.0,3.2756714999999996,1.0918904999999997
C043,27,3.1638833333333336,772.8886304347827,414,accept,True,False,621.0,1.9647715500000003,0.65492385
C044,27,3.6611833333333332,844.7078130434783,414,accept,True,False,621.0,2.27359485,0.75786495
C045,27,3.7542,964.467147826087,414,decline,True,False,621.0,2.3313582,0.7771194
C046,27,0.43188333333333334,245.1330391304348,218,accept,True,False,327.0,0.14122585,0.04707528333333333
C047,27,4.364683333333334,936.7714782608693,414,accept,True,False,621.0,2.71046835,0.90348945
C048,27,2.5400333333333336,698.6255695652172,414,no_response,True,False,621.0,1.5773607000000003,0.5257869000000001
C049,27,1.92075,893.3995130434784,414,accept,True,False,621.0,1.19278575,0.39759524999999996
C050,27,0.8001666666666667,221.80769565217392,218,accept,True,False,327.0,0.2616545,0.08721816666666668
C001,28,1.6088333333333333,812.4405774647888,414,accept,True,False,621.0,0.9990855000000001,0.3330285
C002,28,2.9377166666666668,966.790014084507,414,decline,True,False,621.0,1.82432205,0.60810735
C003,28,2.057916666666667,728.6354394366197,414,accept,True,False,621.0,1.2779662500000002,0.42598875
C004,28,2.578616666666667,918.5633577464789,414,no_response,True,False,621.0,1.6013209500000003,0.5337736500000001
C005,28,2.1322,1001.6724366197183,414,accept,True,False,621.0,1.3240962,0.4413654
C006,28,0.8188666666666666,263.5448845070423,218,accept,True,False,327.0,0.26776939999999994,0.08925646666666667
C007,28,2.0295833333333335,986.512738028169,414,no_response,True,False,621.0,1.2603712500000002,0.42012375
C008,28,2.42215,719.1579098591548,414,accept,True,False,621.0,1.5041551499999999,0.50138505
C009,28,0.5307333333333333,819.4416873239437,414,decline,True,False,621.0,0.3295854,0.10986179999999998
C010,28,1.9687999999999999,771.5942788732394,414,accept,True,False,621.0,1.2226247999999997,0.40754159999999995
C011,28,1.7141166666666665,581.4987859154929,414,no_response,True,False,621.0,1.0644664499999998,0.35482214999999995
C012,28,0.5149083333333333,248.2982112676056,218,accept,True,False,327.0,0.16837502499999998,0.05612500833333332
C013,28,2.0786,662.3440788732396,414,accept,True,False,621.0,1.2908105999999997,0.43027019999999994
C014,28,1.9645,625.072123943662,414,accept,True,False,621.0,1.2199545,0.4066515
C015,28,4.587516666666667,832.9587352112675,414,accept,True,False,621.0,2.8488478500000003,0.94961595
C016,28,2.2172666666666667,949.4040788732395,414,accept,True,False,621.0,1.3769226,0.4589742
C017,28,2.5064166666666665,875.5761380281691,414,decline,True,False,621.0,1.5564847499999999,0.51882825
C018,28,0.9039333333333333,260.06747042253517,218,accept,True,False,327.0,0.29558619999999997,0.09852873333333333
C019,28,2.004366666666667,705.0295070422533,414,accept,True,False,621.0,1.2447117,0.41490390000000005
C020,28,3.436533333333333,719.1240281690141,414,accept,True,False,621.0,2.1340871999999997,0.7113624
C021,28,4.161033333333334,616.1977408450703,414,decline,True,False,621.0,2.5840017000000004,0.8613339000000002
C022,28,5.619949999999999,818.3793915492955,414,accept,True,False,621.0,3.4899889499999994,1.1633296499999999
C023,28,3.3755333333333333,829.0280225352111,414,decline,True,False,621.0,2.0962062,0.6987354
C024,28,4.872725,938.7778028169015,414,no_response,True,False,621.0,3.025962225,1.008654075
C025,28,0.4653666666666667,167.24456338028168,176,decline,True,False,264.0,0.1228568,0.040952266666666674
C026,28,1.3111166666666667,803.4786084507041,414,accept,True,False,621.0,0.8142034499999999,0.27140115000000004
C027,28,2.3842666666666665,645.7151549295774,414,accept,True,False,621.0,1.4806295999999999,0.49354319999999996
C028,28,3.7867666666666664,870.4050236619719,414,no_response,True,False,621.0,2.3515820999999995,0.7838607
C029,28,3.827916666666667,811.5467295774648,414,no_response,True,False,621.0,2.37713625,0.7923787500000001
C030,28,2.6238333333333332,741.4560788732396,414,decline,True,False,621.0,1.6294005,0.5431335
C031,28,2.2234000000000003,785.2554985915492,414,no_response,True,False,621.0,1.3807314000000002,0.4602438000000001
C032,28,1.8905166666666668,824.1013802816901,414,accept,True,False,621.0,1.1740108500000002,0.3913369500000001
C033,28,3.840933333333333,879.3680056338027,414,no_response,True,False,621.0,2.3852196,0.7950731999999999
C034,28,5.162366666666667,1003.5646591549297,414,no_response,True,False,621.0,3.2058297000000002,1.0686099000000002
C035,28,3.5378,836.0838845070422,414,decline,True,False,621.0,2.1969738,0.7323245999999999
C036,28,2.7852833333333336,783.4659690140844,414,decline,True,False,621.0,1.7296609500000002,0.57655365
C037,28,4.3016,717.9028901408449,414,accept,True,False,621.0,2.6712936,0.8904311999999999
C038,28,0.93255,194.68139718309854,176,decline,True,False,264.0,0.2461932,0.08206440000000001
C039,28,2.2135166666666666,616.4238225352113,414,decline,True,False,621.0,1.37459385,0.45819794999999996
C040,28,0.7850999999999999,412.8238563380281,341,accept,True,False,511.5,0.4015786499999999,0.13385955
C041,28,2.59835,880.854870422535,414,accept,True,False,621.0,1.61357535,0.53785845
C042,28,2.16885,669.9186450704226,414,accept,True,False,621.0,1.3468558499999999,0.44895195
C043,28,3.188816666666667,836.3384338028169,414,no_response,True,False,621.0,1.98025515,0.6600850500000001
C044,28,1.3509666666666666,645.1857098591549,414,decline,True,False,621.0,0.8389502999999999,0.2796501
C045,28,1.9291166666666666,823.9702197183097,414,accept,True,False,621.0,1.19798145,0.39932714999999996
C046,28,0.71285,288.5122845070423,218,accept,True,False,327.0,0.23310194999999997,0.07770065
C047,28,2.502933333333333,916.0837070422534,414,accept,True,False,621.0,1.5543215999999997,0.5181071999999999
C048,28,2.020766666666667,712.1287690140846,414,accept,True,False,621.0,1.2548961,0.4182987000000001
C049,28,2.9410833333333333,883.0694056338027,414,decline,True,False,621.0,1.82641275,0.60880425
C050,28,0.20411666666666667,242.08362816901405,218,accept,True,False,327.0,0.06674615,0.022248716666666668
C001,29,1.1078333333333334,698.3722951807227,414,no_response,True,False,621.0,0.6879645000000001,0.2293215
C002,29,3.766116666666667,887.1856385542167,414,accept,True,False,621.0,2.3387584500000003,0.7795861500000001
C003,29,0.2064666666666667,768.8910578313253,414,accept,True,False,621.0,0.1282158,0.04273860000000001
C004,29,3.3047499999999994,704.6755662650602,414,decline,True,False,621.0,2.0522497499999997,0.6840832499999999
C005,29,3.85605,966.7199855421687,414,decline,True,False,621.0,2.3946070500000003,0.7982023500000001
C006,29,0.9598166666666668,260.6386626506024,218,decline,True,False,327.0,0.31386005000000006,0.10462001666666668
C007,29,5.462233333333334,854.2932192771084,414,no_response,True,False,621.0,3.3920469000000004,1.1306823000000001
C008,29,3.6986999999999997,763.8241265060241,414,no_response,True,False,621.0,2.2968927,0.7656308999999999
C009,29,3.357241666666667,764.6282590361448,414,accept,True,False,621.0,2.0848470750000003,0.694949025
C010,29,4.058525,634.5090831325302,414,no_response,True,False,621.0,2.5203440250000004,0.840114675
C011,29,0.15560833333333332,301.82735421686743,341,no_response,True,False,511.5,0.0795936625,0.026531220833333334
C012,29,1.8538333333333332,262.81714096385537,218,no_response,True,False,327.0,0.6062035,0.2020678333333333
C013,29,2.9831666666666665,713.3575831325301,414,accept,True,False,621.0,1.8525464999999999,0.6175155
C014,29,0.9805666666666667,596.2334951807229,414,decline,True,False,621.0,0.6089319000000001,0.20297730000000003
C015,29,7.4132,870.9224036144576,414,decline,True,False,621.0,4.6035972,1.5345324
C016,29,3.665633333333333,894.9744072289158,414,accept,True,False,621.0,2.2763583,0.7587860999999999
C017,29,3.769,761.2209855421687,414,decline,True,False,621.0,2.3405489999999998,0.780183
C018,29,1.4375166666666666,241.50452891566263,218,no_response,True,False,327.0,0.47006794999999996,0.15668931666666666
C019,29,5.2640666666666664,745.0115710843373,414,no_response,True,False,621.0,3.2689854,1.0896617999999998
C020,29,3.761816666666667,711.7710927710843,414,decline,True,False,621.0,2.33608815,0.77869605
C021,29,5.962983333333334,739.1154084337348,414,decline,True,False,621.0,3.7030126500000002,1.2343375500000002
C022,29,3.0370500000000002,766.064791566265,414,accept,True,False,621.0,1.88600805,0.62866935
C023,29,6.018941666666667,844.6782518072289,414,no_response,True,False,621.0,3.737762775,1.2459209249999998
C024,29,4.77675,793.8301469879518,414,decline,True,False,621.0,2.96636175,0.98878725
C025,29,0.2607333333333333,112.9046891566265,176,no_response,True,False,264.0,0.0688336,0.022944533333333333
C026,29,3.2906833333333334,763.7453939759034,414,accept,True,False,621.0,2.04351435,0.68117145
C027,29,6.154,501.0402638554216,414,decline,True,False,621.0,3.821634,1.2738779999999998
C028,29,3.784066666666667,771.285393253012,414,decline,True,False,621.0,2.3499054,0.7833018
C029,29,6.003283333333334,798.0816662650601,414,accept,True,False,621.0,3.7280389500000006,1.2426796500000001
C030,29,3.6125999999999996,745.2012313253013,414,decline,True,False,621.0,2.2434246,0.7478081999999999
C031,29,0.39225,486.8879795180723,341,decline,True,False,511.5,0.200635875,0.066878625
C032,29,3.6460666666666666,728.6352795180721,414,decline,True,False,621.0,2.2642073999999996,0.7547358
C033,29,7.048083333333333,846.714018072289,414,decline,True,False,621.0,4.3768597499999995,1.4589532499999998
C034,29,4.872316666666667,821.901991566265,414,no_response,True,False,621.0,3.0257086500000003,1.0085695500000003
C035,29,3.47245,816.2899831325301,414,accept,True,False,621.0,2.15639145,0.71879715
C036,29,4.3359499999999995,738.4362469879518,414,decline,True,False,621.0,2.69262495,0.8975416499999999
C037,29,5.898083333333333,840.8489674698794,414,decline,True,False,621.0,3.66270975,1.2209032499999999
C038,29,0.8448,186.88630120481926,176,accept,True,False,264.0,0.22302719999999998,0.0743424
C039,29,3.2440333333333333,605.9647686746987,414,accept,True,False,621.0,2.0145447,0.6715149
C040,29,3.5838666666666668,491.9497192771084,341,decline,True,False,511.5,1.8331477999999999,0.6110492666666667
C041,29,5.176083333333334,795.9945819277108,414,decline,True,False,621.0,3.2143477500000004,1.0714492500000001
C042,29,0.19206666666666666,411.84878192771083,341,decline,True,False,511.5,0.0982421,0.032747366666666666
C043,29,3.892183333333333,823.5597819277108,414,decline,True,False,621.0,2.41704585,0.8056819499999999
C044,29,2.8101333333333334,565.791943373494,414,accept,True,False,621.0,1.7450928,0.5816975999999999
C045,29,2.7335833333333333,724.4607746987953,414,accept,True,False,621.0,1.69755525,0.56585175
C046,29,0.19175,212.567634939759,218,decline,True,False,327.0,0.06270225,0.020900750000000003
C047,29,3.431783333333333,865.2715144578314,414,accept,True,False,621.0,2.1311374499999998,0.71037915
C048,29,3.1460999999999997,699.546821686747,414,accept,True,False,621.0,1.9537280999999997,0.6512427
C049,29,3.4459333333333335,783.4374530120482,414,accept,True,False,621.0,2.1399246,0.7133082000000001
C050,29,1.42265,290.0206493975904,218,decline,True,False,327.0,0.46520655,0.15506885
C001,30,3.3083333333333336,726.7207631578947,414,decline,True,False,621.0,2.0544750000000005,0.684825
C002,30,3.05715,907.8666852631578,414,accept,True,False,621.0,1.89849015,0.63283005
C003,30,2.3487833333333334,706.1770957894737,414,decline,True,False,621.0,1.45859445,0.48619815
C004,30,2.9630666666666667,736.4687947368419,414,decline,True,False,621.0,1.8400644,0.6133548000000001
C005,30,4.99075,968.3237010526316,414,decline,True,False,621.0,3.09925575,1.03308525
C006,30,1.4778833333333334,263.44821368421054,218,no_response,True,False,327.0,0.48326785,0.16108928333333336
C007,30,1.5915166666666667,863.2931557894736,414,accept,True,False,621.0,0.98833185,0.32944395000000004
C008,30,4.471116666666667,772.6127715789473,414,accept,True,False,621.0,2.7765634500000003,0.92552115
C009,30,6.181841666666667,805.280767368421,414,no_response,True,False,621.0,3.8389236750000006,1.279641225
C010,30,0.9082666666666668,591.920754736842,414,accept,True,False,621.0,0.5640336000000001,0.18801120000000002
C011,30,0.19758333333333336,275.4787263157895,218,accept,True,False,327.0,0.06460975000000001,0.021536583333333335
C012,30,2.8552833333333334,262.6022726315789,218,no_response,True,False,327.0,0.93367765,0.31122588333333334
C013,30,5.080033333333333,737.484387368421,414,decline,True,False,621.0,3.1547006999999994,1.0515668999999999
C014,30,3.363741666666667,637.9371547368422,414,decline,True,False,621.0,2.088883575,0.696294525
C015,30,6.632783333333333,905.135454736842,414,no_response,True,False,621.0,4.11895845,1.37298615
C016,30,3.505091666666667,914.0251778947368,414,accept,True,False,621.0,2.1766619250000003,0.7255539750000001
C017,30,3.0704666666666665,785.7425768421052,414,no_response,True,False,621.0,1.9067598,0.6355866
C018,30,0.9090416666666666,240.60062631578947,218,accept,True,False,327.0,0.297256625,0.09908554166666665
C019,30,0.8795000000000001,782.7471284210525,414,accept,True,False,621.0,0.5461695000000001,0.1820565
C020,30,1.4411833333333333,703.0666536842105,414,accept,True,False,621.0,0.89497485,0.29832495
C021,30,5.66145,785.0219736842105,414,decline,True,False,621.0,3.51576045,1.17192015
C022,30,2.815316666666667,763.2833705263158,414,accept,True,False,621.0,1.74831165,0.5827705500000001
C023,30,3.0725833333333337,859.1129199999999,414,accept,True,False,621.0,1.90807425,0.63602475
C024,30,4.632633333333334,816.8227526315789,414,accept,True,False,621.0,2.8768653000000004,0.9589551000000001
C025,30,0.21736666666666668,107.57890842105262,176,decline,True,False,264.0,0.05738480000000001,0.019128266666666668
C026,30,3.3611166666666668,800.6849031578946,414,no_response,True,False,621.0,2.08725345,0.6957511500000001
C027,30,6.855166666666667,579.5725084210527,414,decline,True,False,621.0,4.2570585,1.4190195
C028,30,4.469141666666667,791.912764631579,414,no_response,True,False,621.0,2.775336975,0.9251123250000002
C029,30,3.33875,784.8133273684209,414,accept,True,False,621.0,2.07336375,0.69112125
C030,30,3.4162166666666667,762.6182736842104,414,accept,True,False,621.0,2.12147055,0.70715685
C031,30,3.3858916666666667,449.7603021052631,341,decline,True,False,511.5,1.7318835875,0.5772945291666667
C032,30,3.0232833333333335,738.9863210526316,414,decline,True,False,621.0,1.8774589500000003,0.6258196500000001
C033,30,3.18445,854.9340221052631,414,accept,True,False,621.0,1.97754345,0.65918115
C034,30,5.678750000000001,835.2161947368421,414,decline,True,False,621.0,3.5265037500000003,1.1755012500000002
C035,30,3.11825,811.04866,414,accept,True,False,621.0,1.93643325,0.64547775
C036,30,3.817,724.3801,414,decline,True,False,621.0,2.370357,0.790119
C037,30,5.574808333333333,874.2443789473683,414,decline,True,False,621.0,3.461955975,1.153985325
C038,30,0.7908333333333333,184.1089347368421,176,no_response,True,False,264.0,0.20877999999999997,0.06959333333333334
C039,30,2.5545833333333334,635.6797999999999,414,decline,True,False,621.0,1.58639625,0.5287987500000001
C040,30,3.8106333333333335,547.0206810526315,414,decline,True,False,621.0,2.3664033,0.7888011
C041,30,6.104,840.6767305263157,414,decline,True,False,621.0,3.790584,1.263528
C042,30,0.2386,372.9230821052631,341,accept,True,False,511.5,0.12204390000000001,0.040681300000000004
C043,30,3.8768666666666665,845.0271726315789,414,decline,True,False,621.0,2.4075342,0.8025114
C044,30,2.5928333333333335,612.1987357894736,414,accept,True,False,621.0,1.6101495000000001,0.5367165
C045,30,2.9472,753.7776936842105,414,accept,True,False,621.0,1.8302112,0.6100704
C046,30,0.386,198.87968421052634,176,no_response,True,False,264.0,0.101904,0.033968000000000005
C047,30,3.061516666666667,878.9911315789474,414,accept,True,False,621.0,1.90120185,0.6337339500000001
C048,30,3.00805,705.0209263157894,414,accept,True,False,621.0,1.8679990499999999,0.6226663499999999
C049,30,3.285566666666667,798.266152631579,414,no_response,True,False,621.0,2.0403369000000002,0.6801123000000001
C050,30,3.670858333333334,287.2812421052631,218,decline,True,False,327.0,1.200370675,0.4001235583333334
C001,31,1.9839166666666666,568.3095007968127,414,accept,True,False,621.0,1.23201225,0.41067075
C002,31,5.292316666666666,631.5354087649401,414,no_response,True,False,621.0,3.2865286499999997,1.09550955
C003,31,0.21153333333333332,455.4359442231075,341,accept,True,False,511.5,0.1081993,0.03606643333333333
C004,31,1.709425,572.8725525896414,414,accept,True,False,621.0,1.061552925,0.353850975
C005,31,2.1008500000000003,664.2902187250995,414,accept,True,False,621.0,1.3046278500000004,0.43487595000000007
C006,31,1.5492833333333333,261.7188709163346,218,decline,True,False,327.0,0.50661565,0.16887188333333333
C007,31,4.584183333333334,663.8310852589641,414,no_response,True,False,621.0,2.8467778500000005,0.94892595
C008,31,2.4076166666666667,558.6882494023904,414,no_response,True,False,621.0,1.49512995,0.49837665000000003
C009,31,3.320075,581.3350832669323,414,decline,True,False,621.0,2.061766575,0.6872555250000001
C010,31,2.7754333333333334,489.85994980079676,341,decline,True,False,511.5,1.41963415,0.47321138333333335
C011,31,2.142533333333333,315.4487749003984,341,accept,True,False,511.5,1.0959058,0.3653019333333333
C012,31,2.4147166666666666,261.0044752988048,218,no_response,True,False,327.0,0.78961235,0.26320411666666665
C013,31,3.6873166666666664,613.590941434263,414,decline,True,False,621.0,2.2898236499999998,0.76327455
C014,31,1.8635416666666669,495.2026824701195,341,accept,True,False,511.5,0.9532015625000001,0.31773385416666666
C015,31,5.8866,731.5293916334662,414,decline,True,False,621.0,3.6555785999999997,1.2185262000000001
C016,31,1.7250166666666669,694.2776920318724,414,accept,True,False,621.0,1.0712353500000003,0.35707845000000005
C017,31,1.6103666666666667,448.9939219123506,341,accept,True,False,511.5,0.8237025499999999,0.2745675166666667
C018,31,0.4275333333333333,249.62888326693226,218,accept,True,False,327.0,0.1398034,0.04660113333333333
C019,31,2.23065,675.6332916334661,414,accept,True,False,621.0,1.38523365,0.4617445499999999
C020,31,1.8005,549.6085593625498,414,accept,True,False,621.0,1.1181105,0.3727035
C021,31,5.029683333333333,421.8007466135458,341,decline,True,False,511.5,2.572683025,0.8575610083333333
C022,31,2.9903833333333334,612.5830091633466,414,accept,True,False,621.0,1.85702805,0.61900935
C023,31,2.2854833333333335,657.339907569721,414,accept,True,False,621.0,1.41928515,0.47309505
C024,31,0.22196666666666665,559.8364844621514,414,decline,True,False,621.0,0.1378413,0.0459471
C025,31,0.65905,145.57875418326694,176,no_response,True,False,264.0,0.1739892,0.057996400000000004
C026,31,1.7732166666666664,582.3919486055776,414,accept,True,False,621.0,1.10116755,0.36705584999999996
C027,31,3.6146333333333334,572.3254458167331,414,decline,True,False,621.0,2.2446873,0.7482291
C028,31,3.6323,540.8029093227091,414,accept,True,False,621.0,2.2556583,0.7518860999999999
C029,31,4.737533333333333,662.5910358565737,414,no_response,True,False,621.0,2.9420082,0.9806694
C030,31,0.22108333333333335,462.8530709163346,341,no_response,True,False,511.5,0.11308412500000001,0.03769470833333334
C031,31,2.4657166666666672,452.6343346613546,341,accept,True,False,511.5,1.2612140750000003,0.4204046916666667
C032,31,2.565025,505.6034541832669,414,no_response,True,False,621.0,1.592880525,0.5309601749999999
C033,31,2.00805,656.7679390438246,414,accept,True,False,621.0,1.2469990499999999,0.41566634999999996
C034,31,1.9950999999999999,648.5606087649403,414,accept,True,False,621.0,1.2389571,0.41298569999999996
C035,31,2.4618333333333333,668.9933386454182,414,accept,True,False,621.0,1.5287985000000002,0.5095995
C036,31,1.20775,383.0226243027888,341,decline,True,False,511.5,0.617764125,0.20592137500000002
C037,31,1.5846333333333331,680.8259645418327,414,accept,True,False,621.0,0.9840572999999998,0.3280191
C038,31,1.2316833333333332,179.05349282868522,176,decline,True,False,264.0,0.3251644,0.10838813333333333
C039,31,1.8354333333333333,473.34680557768917,341,no_response,True,False,511.5,0.93882415,0.3129413833333333
C040,31,2.3646,355.89246175298797,341,decline,True,False,511.5,1.2094928999999999,0.4031643
C041,31,3.6874666666666664,716.1554912350597,414,accept,True,False,621.0,2.2899168,0.7633055999999999
C042,31,4.429,333.17984860557766,341,no_response,True,False,511.5,2.2654335,0.7551445
C043,31,0.95865,646.4740370517928,414,no_response,True,False,621.0,0.5953216499999999,0.19844055
C044,31,1.34965,485.2789402390437,341,accept,True,False,511.5,0.690345975,0.230115325
C045,31,3.2433166666666664,574.8210322709164,414,accept,True,False,621.0,2.01409965,0.67136655
C046,31,2.9439333333333337,264.5669310756972,218,no_response,True,False,327.0,0.9626662000000001,0.3208887333333334
C047,31,3.421675,729.9672756972111,414,no_response,True,False,621.0,2.124860175,0.708286725
C048,31,2.3115083333333333,498.83624063745015,341,accept,True,False,511.5,1.1823365125,0.39411217083333333
C049,31,2.319583333333333,513.5776916334661,414,accept,True,False,621.0,1.4404612499999998,0.48015374999999993
C050,31,1.0874000000000001,278.5018509960159,218,accept,True,False,327.0,0.35557980000000006,0.11852660000000001
C001,32,0.23810000000000003,238.72840938967133,218,decline,True,False,327.0,0.07785870000000002,0.025952900000000004
C002,32,6.867583333333334,532.3284488262912,414,decline,True,False,621.0,4.2647692500000005,1.42158975
C003,32,4.916083333333333,469.32841502347424,341,decline,True,False,511.5,2.5145766249999997,0.8381922083333333
C004,32,0.23904999999999998,328.1059502347418,341,no_response,True,False,511.5,0.122274075,0.040758024999999996
C005,32,4.3857333333333335,486.5444760563381,341,decline,True,False,511.5,2.2433026,0.7477675333333335
C006,32,0.48921666666666663,243.84518497652584,218,no_response,True,False,327.0,0.15997385,0.053324616666666665
C007,32,5.024783333333333,248.89221784037557,218,decline,True,False,327.0,1.6431041499999999,0.5477013833333333
C008,32,3.61025,358.95260938967135,341,accept,True,False,511.5,1.846642875,0.615547625
C009,32,0.209325,133.4062150234742,176,decline,True,False,264.0,0.0552618,0.0184206
C010,32,0.25965,269.2113061032864,218,decline,True,False,327.0,0.08490555,0.028301849999999996
C011,32,5.289458333333333,452.5591032863849,341,no_response,True,False,511.5,2.7055579374999996,0.9018526458333334
C012,32,1.3526333333333334,263.9673868544601,218,decline,True,False,327.0,0.4423111,0.14743703333333336
C013,32,4.185433333333333,435.56504882629105,341,decline,True,False,511.5,2.14084915,0.7136163833333332
C014,32,0.8241666666666666,380.2254788732394,341,decline,True,False,511.5,0.42156125,0.14052041666666665
C015,32,0.17938333333333334,495.98026478873237,341,decline,True,False,511.5,0.091754575,0.030584858333333333
C016,32,6.203666666666667,543.5837192488262,414,decline,True,False,621.0,3.8524770000000004,1.284159
C017,32,3.93335,378.02567230046947,341,accept,True,False,511.5,2.011908525,0.670636175
C018,32,0.19706666666666667,143.48764788732396,176,no_response,True,False,264.0,0.0520256,0.017341866666666667
C019,32,1.0199333333333334,355.5171107981221,341,decline,True,False,511.5,0.5216959000000001,0.17389863333333336
C020,32,4.2037249999999995,433.92976244131455,341,accept,True,False,511.5,2.1502053374999996,0.7167351124999999
C021,32,4.99975,554.7308535211266,414,no_response,True,False,621.0,3.10484475,1.03494825
C022,32,5.9225666666666665,502.3627427230047,414,accept,True,False,621.0,3.6779139,1.2259712999999999
C023,32,4.188766666666667,490.75835117370895,341,decline,True,False,511.5,2.14255415,0.7141847166666667
C024,32,0.7862499999999999,425.9148507042254,341,accept,True,False,511.5,0.4021668749999999,0.13405562499999998
C025,32,0.6363333333333333,150.61881220657273,176,no_response,True,False,264.0,0.167992,0.05599733333333333
C026,32,3.583516666666667,372.6800497652583,341,accept,True,False,511.5,1.8329687750000003,0.6109895916666668
C027,32,5.159316666666667,452.5256,341,decline,True,False,511.5,2.638990475,0.8796634916666668
C028,32,3.80405,375.52975023474175,341,accept,True,False,511.5,1.945771575,0.648590525
C029,32,4.83705,515.4981849765257,414,decline,True,False,621.0,3.0038080499999995,1.0012693499999998
C030,32,4.039083333333333,360.7827154929578,341,no_response,True,False,511.5,2.065991125,0.6886637083333332
C031,32,5.110783333333334,490.25778122065736,341,no_response,True,False,511.5,2.614165675,0.8713885583333334
C032,32,4.026125,194.46218497652583,176,no_response,True,False,264.0,1.0628970000000002,0.35429900000000003
C033,32,0.16178333333333333,451.7547915492957,341,no_response,True,False,511.5,0.082752175,0.027584058333333335
C034,32,0.19663333333333335,413.94329107981224,341,no_response,True,False,511.5,0.10057795000000001,0.033525983333333335
C035,32,6.136674999999999,534.2647990610328,414,decline,True,False,621.0,3.8108751749999996,1.2702917249999999
C036,32,3.8432000000000004,318.6161370892019,341,no_response,True,False,511.5,1.9657968000000003,0.6552656000000001
C037,32,3.9955999999999996,527.832517370892,414,accept,True,False,621.0,2.4812676,0.8270891999999999
C038,32,0.8654166666666667,180.84547136150235,176,decline,True,False,264.0,0.22847000000000003,0.07615666666666666
C039,32,2.762866666666667,241.9038863849765,218,accept,True,False,327.0,0.9034574000000001,0.30115246666666673
C040,32,3.6218666666666666,364.73464788732394,341,accept,True,False,511.5,1.8525847999999998,0.6175282666666667
C041,32,4.0599,521.6786535211268,414,decline,True,False,621.0,2.5211979,0.8403993
C042,32,3.575,486.3491032863849,341,decline,True,False,511.5,1.8286125000000002,0.6095375000000001
C043,32,0.27321666666666666,211.30717746478877,218,decline,True,False,327.0,0.08934185,0.029780616666666666
C044,32,0.21418333333333334,234.44746948356806,218,accept,True,False,327.0,0.07003795,0.023345983333333334
C045,32,3.9509,467.2248394366198,341,decline,True,False,511.5,2.02088535,0.6736284499999999
C046,32,2.0208166666666667,276.33565915492954,218,no_response,True,False,327.0,0.66080705,0.22026901666666665
C047,32,3.9092666666666664,615.8069953051643,414,accept,True,False,621.0,2.4276546,0.8092181999999999
C048,32,3.3963083333333333,360.5291267605633,341,accept,True,False,511.5,1.7372117125,0.5790705708333334
C049,32,4.126366666666667,341.82870422535206,341,decline,True,False,511.5,2.11063655,0.7035455166666666
C050,32,0.9343666666666667,291.2429333333333,218,accept,True,False,327.0,0.3055379,0.10184596666666666
C001,33,0.2743333333333333,225.1745686440678,218,decline,True,False,327.0,0.089707,0.029902333333333333
C002,33,4.7789166666666665,563.5708050847458,414,decline,True,False,621.0,2.96770725,0.98923575
C003,33,3.72385,511.23379406779657,414,accept,True,False,621.0,2.3125108500000002,0.77083695
C004,33,0.26716666666666666,304.7830152542372,341,decline,True,False,511.5,0.13665575000000002,0.045551916666666664
C005,33,4.0193,544.6318016949152,414,decline,True,False,621.0,2.4959853,0.8319951000000001
C006,33,1.4545083333333333,240.706356779661,218,no_response,True,False,327.0,0.47562422499999996,0.15854140833333333
C007,33,5.6512166666666666,321.01571864406776,341,decline,True,False,511.5,2.890597325,0.9635324416666666
C008,33,3.6755666666666666,428.31155254237285,341,accept,True,False,511.5,1.88005235,0.6266841166666667
C009,33,0.4629083333333333,130.88373389830508,176,decline,True,False,264.0,0.12220779999999999,0.04073593333333333
C010,33,0.2273,253.28799576271183,218,no_response,True,False,327.0,0.07432710000000001,0.0247757
C011,33,5.111016666666667,494.3481991525423,341,decline,True,False,511.5,2.614285025,0.8714283416666667
C012,33,0.8199333333333333,271.89038644067796,218,accept,True,False,327.0,0.26811820000000003,0.08937273333333333
C013,33,0.7260333333333333,441.9407025423728,341,decline,True,False,511.5,0.37136604999999995,0.12378868333333333
C014,33,3.8122833333333332,407.28790423728816,341,decline,True,False,511.5,1.949982925,0.6499943083333333
C015,33,0.18336666666666668,458.1911915254237,341,no_response,True,False,511.5,0.09379205,0.03126401666666667
C016,33,3.8659499999999998,592.2414703389829,414,accept,True,False,621.0,2.40075495,0.80025165
C017,33,3.059133333333333,417.2104262711864,341,no_response,True,False,511.5,1.5647467,0.5215822333333333
C018,33,0.17518333333333333,138.57927372881358,176,decline,True,False,264.0,0.046248399999999995,0.015416133333333333
C019,33,5.103483333333333,422.26001101694914,341,no_response,True,False,511.5,2.6104317249999998,0.8701439083333333
C020,33,3.7578,494.5608906779661,341,decline,True,False,511.5,1.9221147,0.6407048999999999
C021,33,5.994416666666667,603.0984059322034,414,decline,True,False,621.0,3.7225327500000005,1.24084425
C022,33,5.309349999999999,546.7016559322034,414,accept,True,False,621.0,3.2971063499999995,1.09903545
C023,33,2.0427666666666666,529.6388618644069,414,accept,True,False,621.0,1.2685581,0.42285269999999997
C024,33,4.998716666666667,472.91782033898306,341,decline,True,False,511.5,2.556843575,0.8522811916666667
C025,33,0.8596333333333332,152.78983135593217,176,accept,True,False,264.0,0.22694319999999998,0.07564773333333331
C026,33,0.7184833333333334,370.79262881355925,341,decline,True,False,511.5,0.367504225,0.12250140833333334
C027,33,2.5968666666666667,457.4948211864407,341,decline,True,False,511.5,1.3282973,0.44276576666666667
C028,33,0.9874999999999999,375.91051864406774,341,decline,True,False,511.5,0.50510625,0.16836874999999998
C029,33,3.9302333333333337,557.7537864406779,414,no_response,True,False,621.0,2.4406749000000003,0.8135583000000001
C030,33,3.1374666666666666,396.9506127118643,341,decline,True,False,511.5,1.6048142,0.5349380666666668
C031,33,3.7474499999999997,544.3751847457628,414,accept,True,False,621.0,2.3271664499999996,0.7757221499999999
C032,33,0.7028333333333333,202.4706677966102,218,decline,True,False,327.0,0.2298265,0.07660883333333333
C033,33,0.17701666666666666,417.0356966101695,341,no_response,True,False,511.5,0.09054402499999999,0.030181341666666663
C034,33,0.14025,381.56510254237287,341,decline,True,False,511.5,0.071737875,0.023912625000000003
C035,33,0.8874333333333333,519.3933881355931,414,decline,True,False,621.0,0.5510961,0.1836987
C036,33,0.7577,321.88697627118637,341,accept,True,False,511.5,0.38756355000000003,0.12918785
C037,33,5.0215,585.2802627118645,414,no_response,True,False,621.0,3.1183514999999997,1.0394504999999998
C038,33,0.54975,181.61825508474573,176,no_response,True,False,264.0,0.14513399999999999,0.048378
C039,33,0.84165,246.7927076271186,218,accept,True,False,327.0,0.27521955000000003,0.09173985
C040,33,0.6599999999999999,368.94899576271183,341,decline,True,False,511.5,0.33759,0.11252999999999999
C041,33,4.290633333333333,559.697959322034,414,no_response,True,False,621.0,2.6644832999999997,0.8881610999999999
C042,33,3.8046333333333333,530.4527432203389,414,no_response,True,False,621.0,2.3626772999999996,0.7875591
C043,33,0.251,200.35215932203388,218,decline,True,False,327.0,0.082077,0.027359
C044,33,0.24293333333333333,222.91030762711864,218,no_response,True,False,327.0,0.0794392,0.02647973333333333
C045,33,3.8057166666666666,507.29361525423724,414,accept,True,False,621.0,2.36335005,0.78778335
C046,33,1.6211166666666668,277.026377118644,218,no_response,True,False,327.0,0.53010515,0.17670171666666667
C047,33,4.037983333333333,658.7827338983052,414,decline,True,False,621.0,2.50758765,0.83586255
C048,33,3.985141666666667,400.92255338983045,341,accept,True,False,511.5,2.0383999625,0.6794666541666666
C049,33,3.8193833333333336,397.67230847457625,341,decline,True,False,511.5,1.953614575,0.6512048583333334
C050,33,0.8530333333333333,283.20160338983055,218,accept,True,False,327.0,0.27894189999999996,0.09298063333333333
C001,34,0.23705000000000004,273.69987557251915,218,no_response,True,False,327.0,0.07751535000000001,0.025838450000000006
C002,34,6.353816666666666,621.2159335877863,414,decline,True,False,621.0,3.9457201499999996,1.3152400499999999
C003,34,4.235666666666667,576.4009374045801,414,decline,True,False,621.0,2.6303490000000003,0.876783
C004,34,0.2366,283.1963114503817,218,decline,True,False,327.0,0.0773682,0.0257894
C005,34,6.1679,603.1826183206108,414,decline,True,False,621.0,3.8302659,1.2767553
C006,34,2.5229,249.8183748091603,218,no_response,True,False,327.0,0.8249883,0.2749961
C007,34,3.9546666666666663,392.7632083969466,341,accept,True,False,511.5,2.022812,0.6742706666666666
C008,34,0.7670666666666667,458.7003740458016,341,accept,True,False,511.5,0.3923546,0.13078486666666667
C009,34,3.2969833333333334,145.88041526717558,176,no_response,True,False,264.0,0.8704035999999999,0.2901345333333334
C010,34,0.23525,238.88628396946564,218,accept,True,False,327.0,0.07692675,0.02564225
C011,34,5.407349999999999,558.7181114503817,414,no_response,True,False,621.0,3.357964349999999,1.11932145
C012,34,1.039375,270.6992648854961,218,decline,True,False,327.0,0.33987562499999996,0.11329187499999999
C013,34,6.146650000000001,474.21256106870237,341,decline,True,False,511.5,3.1440114750000006,1.0480038250000003
C014,34,3.4001,452.2436419847328,341,no_response,True,False,511.5,1.73915115,0.57971705
C015,34,6.760516666666667,490.27676106870234,341,decline,True,False,511.5,3.4580042750000004,1.1526680916666667
C016,34,6.391583333333333,629.6118458015267,414,accept,True,False,621.0,3.96917325,1.32305775
C017,34,2.832533333333333,462.20886412213747,341,accept,True,False,511.5,1.4488408,0.4829469333333333
C018,34,1.33015,150.16956106870228,176,no_response,True,False,264.0,0.3511596,0.1170532
C019,34,4.0845,500.3735320610687,414,no_response,True,False,621.0,2.5364745,0.8454915000000001
C020,34,3.3602,553.4937358778626,414,accept,True,False,621.0,2.0866841999999997,0.6955613999999999
C021,34,3.06195,651.2403564885495,414,accept,True,False,621.0,1.90147095,0.6338236500000001
C022,34,3.1107500000000003,605.216265648855,414,accept,True,False,621.0,1.9317757500000003,0.6439252500000001
C023,34,5.944800000000001,586.6207618320611,414,no_response,True,False,621.0,3.6917208000000006,1.2305736000000003
C024,34,0.6503083333333334,524.0645129770993,414,accept,True,False,621.0,0.403841475,0.13461382500000002
C025,34,1.03625,159.36444503816796,176,accept,True,False,264.0,0.27357,0.09119
C026,34,0.4060999999999999,421.4203419847328,341,no_response,True,False,511.5,0.20772014999999996,0.06924004999999998
C027,34,3.257566666666667,498.89433511450375,341,accept,True,False,511.5,1.66624535,0.5554151166666667
C028,34,3.6574083333333336,426.4830916030534,341,no_response,True,False,511.5,1.8707643625,0.6235881208333334
C029,34,5.4415,608.4409755725192,414,no_response,True,False,621.0,3.3791715,1.1263905
C030,34,4.1703166666666664,444.6327396946565,341,accept,True,False,511.5,2.133116975,0.7110389916666666
C031,34,5.284033333333333,591.4244366412215,414,decline,True,False,621.0,3.2813847000000003,1.0937949
C032,34,3.1599833333333334,231.2684717557252,218,decline,True,False,327.0,1.03331455,0.3444381833333333
C033,34,0.46081666666666665,385.43582595419844,341,decline,True,False,511.5,0.23570772499999998,0.07856924166666666
C034,34,0.13718333333333335,352.41902748091604,341,decline,True,False,511.5,0.07016927500000002,0.023389758333333337
C035,34,0.528775,487.0409290076336,341,no_response,True,False,511.5,0.2704684125,0.0901561375
C036,34,0.7885166666666668,312.19607786259536,341,decline,True,False,511.5,0.40332627500000007,0.13444209166666668
C037,34,3.662166666666667,642.2781854961833,414,accept,True,False,621.0,2.2742055,0.7580684999999999
C038,34,0.8162499999999999,183.36301221374046,176,accept,True,False,264.0,0.21549,0.07183
C039,34,2.7160166666666665,302.13115877862595,341,accept,True,False,511.5,1.3892425249999998,0.46308084166666663
C040,34,3.9265666666666665,408.909096946565,341,no_response,True,False,511.5,2.00843885,0.6694796166666667
C041,34,3.5388666666666664,586.2241984732825,414,accept,True,False,621.0,2.1976362,0.7325454
C042,34,4.599566666666666,591.2842503816795,414,decline,True,False,621.0,2.8563308999999997,0.9521103
C043,34,0.2607333333333333,190.182751908397,176,decline,True,False,264.0,0.0688336,0.022944533333333333
C044,34,0.22558333333333336,211.95842977099238,218,accept,True,False,327.0,0.07376575,0.024588583333333337
C045,34,0.3689166666666667,506.73106412213735,414,decline,True,False,621.0,0.22909725000000003,0.07636575000000001
C046,34,3.5473083333333335,277.2120809160305,218,decline,True,False,327.0,1.1599698250000001,0.3866566083333333
C047,34,6.710533333333333,714.5854961832061,414,no_response,True,False,621.0,4.1672412,1.3890804
C048,34,2.9519666666666664,428.9461954198473,341,accept,True,False,511.5,1.50993095,0.5033103166666666
C049,34,3.8385666666666665,470.06871297709927,341,accept,True,False,511.5,1.9634268499999998,0.6544756166666666
C050,34,2.3630166666666668,287.20039923664126,218,decline,True,False,327.0,0.77270645,0.2575688166666667
C001,35,0.2759166666666667,305.74579577464783,341,decline,True,False,511.5,0.14113137500000003,0.04704379166666667
C002,35,3.8204,621.405326056338,414,decline,True,False,621.0,2.3724684,0.7908227999999999
C003,35,4.158516666666667,601.6026788732393,414,no_response,True,False,621.0,2.5824388500000004,0.8608129500000001
C004,35,0.24248333333333333,267.92583943661975,218,decline,True,False,327.0,0.07929205,0.026430683333333333
C005,35,2.474733333333333,590.6944556338027,414,no_response,True,False,621.0,1.5368093999999999,0.5122697999999999
C006,35,2.253616666666667,249.62664859154927,218,decline,True,False,327.0,0.7369326500000001,0.2456442166666667
C007,35,3.7567499999999994,437.6390943661972,341,no_response,True,False,511.5,1.9215776249999996,0.6405258749999999
C008,35,3.7269500000000004,475.3507035211267,341,no_response,True,False,511.5,1.9063349250000001,0.6354449750000001
C009,35,0.444475,142.70208169014086,176,decline,True,False,264.0,0.11734140000000001,0.0391138
C010,35,0.2426166666666667,265.5395816901409,218,decline,True,False,327.0,0.07933565000000002,0.02644521666666667
C011,35,3.8381166666666666,591.4943647887324,414,decline,True,False,621.0,2.38347045,0.79449015
C012,35,0.7847666666666666,268.0194288732394,218,decline,True,False,327.0,0.2566187,0.08553956666666666
C013,35,5.719883333333334,488.77527535211266,341,decline,True,False,511.5,2.9257203250000003,0.9752401083333334
C014,35,4.641916666666666,493.993011971831,341,accept,True,False,511.5,2.3743403749999996,0.7914467916666665
C015,35,3.86325,500.42247746478864,414,decline,True,False,621.0,2.39907825,0.79969275
C016,35,3.9876500000000004,658.5543507042253,414,no_response,True,False,621.0,2.4763306500000004,0.82544355
C017,35,4.6707833333333335,499.4295605633803,341,no_response,True,False,511.5,2.389105675,0.7963685583333333
C018,35,0.74995,151.66728169014084,176,accept,True,False,264.0,0.1979868,0.0659956
C019,35,1.8746999999999998,494.99924577464776,341,no_response,True,False,511.5,0.9589090499999998,0.31963635
C020,35,4.23055,582.6283647887324,414,decline,True,False,621.0,2.62717155,0.87572385
C021,35,4.2396666666666665,685.0547007042253,414,no_response,True,False,621.0,2.632833,0.877611
C022,35,5.094033333333334,605.7939661971831,414,decline,True,False,621.0,3.1633947000000004,1.0544649000000001
C023,35,3.7180666666666666,616.4102436619718,414,accept,True,False,621.0,2.3089193999999997,0.7696398
C024,35,3.79895,564.3674436619718,414,decline,True,False,621.0,2.35914795,0.78638265
C025,35,1.6244500000000002,164.93357887323944,176,no_response,True,False,264.0,0.4288548000000001,0.1429516
C026,35,3.8788333333333327,435.57401408450704,341,no_response,True,False,511.5,1.9840232499999997,0.6613410833333332
C027,35,4.109916666666667,514.2286112676056,414,decline,True,False,621.0,2.5522582500000004,0.85075275
C028,35,3.95165,437.3271732394366,341,accept,True,False,511.5,2.021268975,0.6737563249999999
C029,35,5.0747,637.2909704225351,414,decline,True,False,621.0,3.1513887,1.0504629
C030,35,4.6741166666666665,478.7271056338028,341,decline,True,False,511.5,2.3908106749999996,0.7969368916666666
C031,35,0.4066,607.4171436619719,414,decline,True,False,621.0,0.2524986,0.0841662
C032,35,4.211766666666667,247.23536971830984,218,decline,True,False,327.0,1.3772476999999999,0.45908256666666664
C033,35,0.16948333333333335,440.6971570422535,341,accept,True,False,511.5,0.086690725,0.028896908333333336
C034,35,0.16740000000000002,335.71524225352107,341,accept,True,False,511.5,0.08562510000000002,0.028541700000000003
C035,35,0.19206666666666666,486.29001408450705,341,accept,True,False,511.5,0.0982421,0.032747366666666666
C036,35,2.1577166666666665,349.5062253521127,341,decline,True,False,511.5,1.103672075,0.3678906916666666
C037,35,3.7996333333333334,682.3607133802815,414,accept,True,False,621.0,2.3595723000000004,0.7865241
C038,35,0.5778833333333334,181.0535352112676,176,no_response,True,False,264.0,0.1525612,0.05085373333333334
C039,35,0.6178166666666667,293.2585154929577,218,accept,True,False,327.0,0.20202604999999998,0.06734201666666667
C040,35,5.283916666666666,455.2072964788733,341,decline,True,False,511.5,2.702723375,0.9009077916666667
C041,35,5.1343,634.9121570422535,414,decline,True,False,621.0,3.1884002999999996,1.0628001
C042,35,4.2348,628.1978845070421,414,accept,True,False,621.0,2.6298107999999996,0.8766036
C043,35,0.23265,182.95073521126758,176,decline,True,False,264.0,0.0614196,0.020473199999999997
C044,35,0.25061666666666665,203.86610774647886,218,decline,True,False,327.0,0.08195165,0.027317216666666668
C045,35,1.1114166666666665,513.9514450704226,414,no_response,True,False,621.0,0.6901897499999999,0.23006324999999994
C046,35,0.9171833333333332,270.677023943662,218,decline,True,False,327.0,0.29991895,0.09997298333333332
C047,35,4.0254,710.3397852112676,414,decline,True,False,621.0,2.4997734,0.8332578
C048,35,4.037966666666667,435.45263380281693,341,accept,True,False,511.5,2.06541995,0.6884733166666667
C049,35,4.966933333333333,499.57187676056344,341,accept,True,False,511.5,2.5405864,0.8468621333333333
C050,35,0.9285083333333333,283.0235598591549,218,no_response,True,False,327.0,0.30362222499999997,0.10120740833333332
C001,36,3.394566666666667,360.9320970873787,341,no_response,True,False,511.5,1.73632085,0.5787736166666667
C002,36,4.8802,651.3323320388349,414,no_response,True,False,621.0,3.0306042000000004,1.0102014000000001
C003,36,5.208816666666666,625.3047521035598,414,decline,True,False,621.0,3.23467515,1.07822505
C004,36,0.21791666666666668,253.27278899676375,218,decline,True,False,327.0,0.07125875000000001,0.02375291666666667
C005,36,5.7488,615.3245177993529,414,no_response,True,False,621.0,3.5700048,1.1900016
C006,36,1.1238000000000001,257.92038122977345,218,decline,True,False,327.0,0.36748260000000005,0.12249420000000003
C007,36,4.6554,481.08727443365694,341,decline,True,False,511.5,2.3812371000000003,0.7937457000000001
C008,36,3.8514999999999997,504.8359029126214,414,no_response,True,False,621.0,2.3917814999999996,0.7972604999999999
C009,36,0.216,139.1580569579288,176,no_response,True,False,264.0,0.057024,0.019008
C010,36,0.4152666666666667,252.67275339805826,218,no_response,True,False,327.0,0.1357922,0.045264066666666665
C011,36,2.880716666666667,602.0289889967637,414,decline,True,False,621.0,1.78892505,0.59630835
C012,36,2.1172833333333334,267.92575663430426,218,no_response,True,False,327.0,0.6923516500000001,0.23078388333333333
C013,36,3.2988666666666666,540.5136122977345,414,decline,True,False,621.0,2.0485962,0.6828654000000001
C014,36,2.955683333333333,524.7767482200647,414,no_response,True,False,621.0,1.8354793499999997,0.6118264499999999
C015,36,4.513016666666667,552.3596653721683,414,decline,True,False,621.0,2.8025833500000004,0.9341944500000001
C016,36,3.1783166666666665,691.6424045307444,414,accept,True,False,621.0,1.97373465,0.6579115499999999
C017,36,2.8705000000000003,502.9510828478965,414,decline,True,False,621.0,1.7825805000000003,0.5941935
C018,36,2.1866666666666665,163.83084660194177,176,decline,True,False,264.0,0.57728,0.19242666666666663
C019,36,2.6573,525.9857281553399,414,accept,True,False,621.0,1.6501833000000001,0.5500611
C020,36,2.7699666666666665,610.915013592233,414,accept,True,False,621.0,1.7201492999999999,0.5733831
C021,36,4.656383333333334,715.9506181229773,414,no_response,True,False,621.0,2.8916140500000007,0.9638713500000002
C022,36,2.4674333333333336,636.163179288026,414,decline,True,False,621.0,1.5322761000000003,0.5107587
C023,36,3.853441666666667,637.3851611650487,414,decline,True,False,621.0,2.392987275,0.7976624250000001
C024,36,4.4452,590.9548860841423,414,decline,True,False,621.0,2.7604692,0.9201564
C025,36,1.1415000000000002,172.07538187702266,176,no_response,True,False,264.0,0.30135600000000007,0.10045200000000001
C026,36,4.256083333333333,478.57749838187704,341,accept,True,False,511.5,2.1769866249999996,0.7256622083333332
C027,36,1.7784999999999997,543.5774355987054,414,decline,True,False,621.0,1.1044484999999997,0.3681494999999999
C028,36,3.3657500000000002,458.28808867313916,341,decline,True,False,511.5,1.7215811250000002,0.5738603750000001
C029,36,3.0922666666666667,660.3843320388349,414,accept,True,False,621.0,1.9202976,0.6400992
C030,36,3.100041666666667,505.03217605177986,414,no_response,True,False,621.0,1.9251258750000002,0.641708625
C031,36,2.8408166666666665,628.441169579288,414,accept,True,False,621.0,1.76414715,0.58804905
C032,36,0.6782083333333334,251.58428220064724,218,accept,True,False,327.0,0.22177412500000002,0.07392470833333334
C033,36,0.1645333333333333,415.5901734627832,341,decline,True,False,511.5,0.08415879999999999,0.02805293333333333
C034,36,0.15455000000000002,351.1623417475728,341,decline,True,False,511.5,0.079052325,0.026350775000000003
C035,36,0.17313333333333333,468.6084401294499,341,accept,True,False,511.5,0.0885577,0.029519233333333332
C036,36,2.998383333333333,371.76548349514565,341,no_response,True,False,511.5,1.5336730749999996,0.5112243583333332
C037,36,4.522033333333333,697.5160919093851,414,no_response,True,False,621.0,2.8081826999999997,0.9360609
C038,36,0.9094166666666668,186.12488284789643,176,decline,True,False,264.0,0.24008600000000002,0.08002866666666668
C039,36,2.6713500000000003,321.8476983818771,341,no_response,True,False,511.5,1.3663955250000002,0.45546517500000006
C040,36,2.7236666666666665,488.9053941747573,341,accept,True,False,511.5,1.3931554999999998,0.4643851666666666
C041,36,1.2485833333333334,614.6276097087379,414,accept,True,False,621.0,0.77537025,0.25845675
C042,36,5.844633333333334,657.1383009708737,414,no_response,True,False,621.0,3.6295173000000003,1.2098391000000002
C043,36,3.824983333333333,229.7380906148867,218,no_response,True,False,327.0,1.25076955,0.4169231833333333
C044,36,0.25688333333333335,197.3357870550162,176,accept,True,False,264.0,0.0678172,0.022605733333333333
C045,36,0.2079833333333333,479.8993624595469,341,no_response,True,False,511.5,0.10638347499999998,0.03546115833333333
C046,36,2.3386833333333334,276.37200258899674,218,decline,True,False,327.0,0.76474945,0.25491648333333333
C047,36,2.5709416666666667,742.1911650485437,414,accept,True,False,621.0,1.596554775,0.532184925
C048,36,3.12095,465.35205566343046,341,no_response,True,False,511.5,1.596365925,0.532121975
C049,36,0.46648333333333336,520.3212757281553,414,accept,True,False,621.0,0.28968615,0.09656205
C050,36,0.9805833333333334,285.7441352750809,218,no_response,True,False,327.0,0.32065075000000004,0.10688358333333334
