client_id,forecast_date
C001,2025-01-08
C001,2025-01-09
C001,2025-01-10
C001,2025-01-11
C001,2025-01-12
C001,2025-01-13
C001,2025-01-14
C001,2025-01-15
C001,2025-01-16
C001,2025-01-17
C001,2025-01-18
C001,2025-01-19
C001,2025-01-20
C001,2025-01-21
C001,2025-01-22
C001,2025-01-23
C001,2025-01-24
C001,2025-01-25
C001,2025-01-26
C001,2025-01-27
C001,2025-01-28
C001,2025-01-29
C001,2025-01-30
C001,2025-01-31
C001,2025-02-01
C001,2025-02-02
C001,2025-02-03
C001,2025-02-04
C001,2025-02-05
C001,2025-02-06
C001,2025-02-07
C001,2025-02-08
C001,2025-02-10
C001,2025-02-11
C001,2025-02-12
C001,2025-02-13
C001,2025-02-14
C001,2025-02-15
C001,2025-02-16
C001,2025-02-17
C001,2025-02-18
C001,2025-02-19
C001,2025-02-20
C001,2025-02-21
C001,2025-02-22
C001,2025-02-23
C001,2025-02-24
C001,2025-02-25
C001,2025-02-26
C001,2025-02-27
C001,2025-02-28
C001,2025-03-01
C001,2025-03-02
C001,2025-03-03
C001,2025-03-04
C001,2025-03-05
C001,2025-03-06
C001,2025-03-07
C001,2025-03-08
C001,2025-03-09
C001,2025-03-10
C001,2025-03-11
C001,2025-03-12
C001,2025-03-13
C001,2025-03-14
C001,2025-03-15
C001,2025-03-16
C001,2025-03-17
C001,2025-03-18
C001,2025-03-19
C001,2025-03-20
C001,2025-03-21
C001,2025-03-22
C001,2025-03-23
C001,2025-03-24
C001,2025-03-25
C001,2025-03-26
C001,2025-03-27
C001,2025-03-28
C001,2025-03-29
C001,2025-03-30
C001,2025-03-31
C001,2025-04-01
C001,2025-04-02
C001,2025-04-03
C001,2025-04-05
C001,2025-04-06
C001,2025-04-07
C001,2025-04-08
C001,2025-04-09
C001,2025-04-10
C001,2025-04-11
C001,2025-04-12
C001,2025-04-13
C001,2025-04-14
C001,2025-04-15
C001,2025-04-16
C001,2025-04-17
C001,2025-04-18
C001,2025-04-19
C001,2025-04-20
C001,2025-04-21
C001,2025-04-22
C001,2025-04-23
C001,2025-04-24
C001,2025-04-25
C001,2025-04-26
C001,2025-04-27
C001,2025-04-28
C001,2025-04-29
C001,2025-04-30
C001,2025-05-01
C001,2025-05-02
C001,2025-05-03
C001,2025-05-04
C001,2025-05-05
C001,2025-05-06
C001,2025-05-07
C001,2025-05-08
C001,2025-05-09
C001,2025-05-10
C001,2025-05-11
C001,2025-05-12
C001,2025-05-13
C001,2025-05-14
C001,2025-05-15
C001,2025-05-16
C001,2025-05-17
C001,2025-05-18
C001,2025-05-19
C001,2025-05-20
C001,2025-05-21
C001,2025-05-22
C001,2025-05-23
C001,2025-05-24
C001,2025-05-25
C001,2025-05-26
C001,2025-05-27
C001,2025-05-28
C001,2025-05-29
C001,2025-05-30
C001,2025-05-31
C001,2025-06-01
C001,2025-06-02
C001,2025-06-03
C001,2025-06-04
C001,2025-06-05
C001,2025-06-06
C001,2025-06-07
C001,2025-06-08
C001,2025-06-09
C001,2025-06-10
C001,2025-06-11
C001,2025-06-12
C001,2025-06-13
C001,2025-06-15
C001,2025-06-16
C001,2025-06-17
C001,2025-06-18
C001,2025-06-19
C001,2025-06-20
C001,2025-06-21
C001,2025-06-22
C001,2025-06-23
C001,2025-06-24
C001,2025-06-25
C001,2025-06-26
C001,2025-06-27
C001,2025-06-28
C001,2025-06-29
C001,2025-06-30
C001,2025-07-01
C001,2025-07-02
C001,2025-07-03
C001,2025-07-04
C001,2025-07-05
C001,2025-07-06
C001,2025-07-07
C001,2025-07-08
C001,2025-07-09
C001,2025-07-10
C001,2025-07-11
C001,2025-07-12
C001,2025-07-13
C001,2025-07-14
C001,2025-07-15
C001,2025-07-16
C001,2025-07-17
C001,2025-07-18
C001,2025-07-19
C001,2025-07-20
C001,2025-07-21
C001,2025-07-22
C001,2025-07-23
C001,2025-07-24
C001,2025-07-25
C001,2025-07-26
C001,2025-07-27
C001,2025-07-28
C001,2025-07-29
C001,2025-07-30
C001,2025-07-31
C001,2025-08-01
C001,2025-08-02
C001,2025-08-03
C001,2025-08-04
C001,2025-08-05
C001,2025-08-06
C001,2025-08-07
C001,2025-08-08
C001,2025-08-09
C001,2025-08-10
C001,2025-08-11
C001,2025-08-12
C001,2025-08-13
C001,2025-08-14
C001,2025-08-15
C001,2025-08-16
C001,2025-08-17
C001,2025-08-18
C001,2025-08-19
C001,2025-08-20
C001,2025-08-21
C001,2025-08-22
C001,2025-08-23
C001,2025-08-24
C001,2025-08-25
C001,2025-08-26
C001,2025-08-27
C001,2025-08-28
C001,2025-08-29
C001,2025-08-30
C001,2025-08-31
C001,2025-09-01
C001,2025-09-02
C001,2025-09-03
C001,2025-09-04
C001,2025-09-05
C001,2025-09-06
C001,2025-09-07
C001,2025-09-08
C001,2025-09-09
C001,2025-09-10
C001,2025-09-11
C001,2025-09-12
C001,2025-09-13
C001,2025-09-14
C001,2025-09-15
C001,2025-09-16
C001,2025-09-17
C001,2025-09-18
C001,2025-09-19
C001,2025-09-20
C001,2025-09-21
C001,2025-09-22
C001,2025-09-23
C001,2025-09-24
C001,2025-09-25
C001,2025-09-26
C001,2025-09-27
C001,2025-09-28
C001,2025-09-29
C001,2025-09-30
C002,2025-01-08
C002,2025-01-09
C002,2025-01-10
C002,2025-01-11
C002,2025-01-12
C002,2025-01-13
C002,2025-01-14
C002,2025-01-15
C002,2025-01-16
C002,2025-01-17
C002,2025-01-18
C002,2025-01-19
C002,2025-01-20
C002,2025-01-21
C002,2025-01-22
C002,2025-01-23
C002,2025-01-24
C002,2025-01-25
C002,2025-01-26
C002,2025-01-27
C002,2025-01-28
C002,2025-01-29
C002,2025-01-30
C002,2025-01-31
C002,2025-02-01
C002,2025-02-02
C002,2025-02-03
C002,2025-02-04
C002,2025-02-05
C002,2025-02-06
C002,2025-02-07
C002,2025-02-08
C002,2025-02-09
C002,2025-02-10
C002,2025-02-12
C002,2025-02-13
C002,2025-02-14
C002,2025-02-15
C002,2025-02-16
C002,2025-02-17
C002,2025-02-19
C002,2025-02-20
C002,2025-02-21
C002,2025-02-22
C002,2025-02-23
C002,2025-02-24
C002,2025-02-25
C002,2025-02-26
C002,2025-02-27
C002,2025-02-28
C002,2025-03-01
C002,2025-03-02
C002,2025-03-03
C002,2025-03-04
C002,2025-03-05
C002,2025-03-06
C002,2025-03-07
C002,2025-03-08
C002,2025-03-09
C002,2025-03-10
C002,2025-03-11
C002,2025-03-12
C002,2025-03-13
C002,2025-03-14
C002,2025-03-15
C002,2025-03-16
C002,2025-03-17
C002,2025-03-18
C002,2025-03-19
C002,2025-03-20
C002,2025-03-21
C002,2025-03-22
C002,2025-03-23
C002,2025-03-24
C002,2025-03-25
C002,2025-03-26
C002,2025-03-27
C002,2025-03-28
C002,2025-03-29
C002,2025-03-30
C002,2025-03-31
C002,2025-04-01
C002,2025-04-02
C002,2025-04-03
C002,2025-04-04
C002,2025-04-05
C002,2025-04-06
C002,2025-04-07
C002,2025-04-08
C002,2025-04-09
C002,2025-04-10
C002,2025-04-11
C002,2025-04-12
C002,2025-04-13
C002,2025-04-14
C002,2025-04-15
C002,2025-04-16
C002,2025-04-17
C002,2025-04-18
C002,2025-04-19
C002,2025-04-20
C002,2025-04-21
C002,2025-04-22
C002,2025-04-23
C002,2025-04-24
C002,2025-04-25
C002,2025-04-26
C002,2025-04-27
C002,2025-04-28
C002,2025-04-29
C002,2025-04-30
C002,2025-05-01
C002,2025-05-02
C002,2025-05-03
C002,2025-05-04
C002,2025-05-05
C002,2025-05-06
C002,2025-05-07
C002,2025-05-08
C002,2025-05-09
C002,2025-05-10
C002,2025-05-11
C002,2025-05-12
C002,2025-05-13
C002,2025-05-14
C002,2025-05-15
C002,2025-05-16
C002,2025-05-17
C002,2025-05-18
C002,2025-05-19
C002,2025-05-20
C002,2025-05-21
C002,2025-05-22
C002,2025-05-23
C002,2025-05-24
C002,2025-05-25
C002,2025-05-26
C002,2025-05-27
C002,2025-05-28
C002,2025-05-29
C002,2025-05-30
C002,2025-05-31
C002,2025-06-01
C002,2025-06-02
C002,2025-06-03
C002,2025-06-04
C002,2025-06-05
C002,2025-06-06
C002,2025-06-07
C002,2025-06-08
C002,2025-06-09
C002,2025-06-10
C002,2025-06-11
C002,2025-06-12
C002,2025-06-13
C002,2025-06-14
C002,2025-06-15
C002,2025-06-16
C002,2025-06-17
C002,2025-06-18
C002,2025-06-19
C002,2025-06-20
C002,2025-06-21
C002,2025-06-22
C002,2025-06-23
C002,2025-06-24
C002,2025-06-25
C002,2025-06-26
C002,2025-06-27
C002,2025-06-28
C002,2025-06-30
C002,2025-07-01
C002,2025-07-02
C002,2025-07-03
C002,2025-07-04
C002,2025-07-05
C002,2025-07-06
C002,2025-07-07
C002,2025-07-08
C002,2025-07-09
C002,2025-07-10
C002,2025-07-11
C002,2025-07-12
C002,2025-07-13
C002,2025-07-14
C002,2025-07-15
C002,2025-07-16
C002,2025-07-17
C002,2025-07-18
C002,2025-07-19
C002,2025-07-20
C002,2025-07-21
C002,2025-07-22
C002,2025-07-23
C002,2025-07-24
C002,2025-07-25
C002,2025-07-26
C002,2025-07-28
C002,2025-07-29
C002,2025-07-30
C002,2025-07-31
C002,2025-08-01
C002,2025-08-02
C002,2025-08-03
C002,2025-08-04
C002,2025-08-05
C002,2025-08-06
C002,2025-08-07
C002,2025-08-08
C002,2025-08-09
C002,2025-08-10
C002,2025-08-11
C002,2025-08-12
C002,2025-08-13
C002,2025-08-14
C002,2025-08-15
C002,2025-08-16
C002,2025-08-17
C002,2025-08-18
C002,2025-08-19
C002,2025-08-20
C002,2025-08-21
C002,2025-08-22
C002,2025-08-23
C002,2025-08-24
C002,2025-08-25
C002,2025-08-26
C002,2025-08-27
C002,2025-08-28
C002,2025-08-29
C002,2025-08-30
C002,2025-08-31
C002,2025-09-01
C002,2025-09-02
C002,2025-09-03
C002,2025-09-04
C002,2025-09-05
C002,2025-09-06
C002,2025-09-07
C002,2025-09-08
C002,2025-09-09
C002,2025-09-10
C002,2025-09-11
C002,2025-09-12
C002,2025-09-13
C002,2025-09-14
C002,2025-09-15
C002,2025-09-16
C002,2025-09-17
C002,2025-09-18
C002,2025-09-19
C002,2025-09-20
C002,2025-09-21
C002,2025-09-22
C002,2025-09-23
C002,2025-09-24
C002,2025-09-25
C002,2025-09-26
C002,2025-09-27
C002,2025-09-28
C002,2025-09-29
C002,2025-09-30
C003,2025-01-08
C003,2025-01-09
C003,2025-01-10
C003,2025-01-11
C003,2025-01-12
C003,2025-01-13
C003,2025-01-14
C003,2025-01-15
C003,2025-01-16
C003,2025-01-17
C003,2025-01-18
C003,2025-01-19
C003,2025-01-20
C003,2025-01-21
C003,2025-01-22
C003,2025-01-23
C003,2025-01-24
C003,2025-01-25
C003,2025-01-26
C003,2025-01-27
C003,2025-01-28
C003,2025-01-29
C003,2025-01-30
C003,2025-01-31
C003,2025-02-01
C003,2025-02-02
C003,2025-02-03
C003,2025-02-04
C003,2025-02-05
C003,2025-02-06
C003,2025-02-07
C003,2025-02-08
C003,2025-02-09
C003,2025-02-10
C003,2025-02-11
C003,2025-02-12
C003,2025-02-13
C003,2025-02-14
C003,2025-02-15
C003,2025-02-16
C003,2025-02-17
C003,2025-02-18
C003,2025-02-19
C003,2025-02-20
C003,2025-02-21
C003,2025-02-22
C003,2025-02-23
C003,2025-02-24
C003,2025-02-25
C003,2025-02-26
C003,2025-02-27
C003,2025-02-28
C003,2025-03-01
C003,2025-03-02
C003,2025-03-03
C003,2025-03-04
C003,2025-03-05
C003,2025-03-06
C003,2025-03-07
C003,2025-03-08
C003,2025-03-09
C003,2025-03-10
C003,2025-03-11
C003,2025-03-12
C003,2025-03-13
C003,2025-03-14
C003,2025-03-15
C003,2025-03-16
C003,2025-03-17
C003,2025-03-18
C003,2025-03-19
C003,2025-03-20
C003,2025-03-21
C003,2025-03-23
C003,2025-03-24
C003,2025-03-25
C003,2025-03-28
C003,2025-03-29
C003,2025-03-30
C003,2025-03-31
C003,2025-04-01
C003,2025-04-02
C003,2025-04-03
C003,2025-04-04
C003,2025-04-05
C003,2025-04-06
C003,2025-04-07
C003,2025-04-08
C003,2025-04-09
C003,2025-04-10
C003,2025-04-11
C003,2025-04-12
C003,2025-04-13
C003,2025-04-14
C003,2025-04-15
C003,2025-04-16
C003,2025-04-17
C003,2025-04-18
C003,2025-04-19
C003,2025-04-20
C003,2025-04-21
C003,2025-04-22
C003,2025-04-23
C003,2025-04-24
C003,2025-04-25
C003,2025-04-26
C003,2025-04-27
C003,2025-04-28
C003,2025-04-29
C003,2025-04-30
C003,2025-05-01
C003,2025-05-02
C003,2025-05-03
C003,2025-05-04
C003,2025-05-05
C003,2025-05-06
C003,2025-05-07
C003,2025-05-08
C003,2025-05-09
C003,2025-05-10
C003,2025-05-11
C003,2025-05-12
C003,2025-05-13
C003,2025-05-14
C003,2025-05-15
C003,2025-05-16
C003,2025-05-17
C003,2025-05-18
C003,2025-05-19
C003,2025-05-20
C003,2025-05-21
C003,2025-05-22
C003,2025-05-23
C003,2025-05-24
C003,2025-05-25
C003,2025-05-26
C003,2025-05-27
C003,2025-05-28
C003,2025-05-29
C003,2025-05-30
C003,2025-05-31
C003,2025-06-01
C003,2025-06-02
C003,2025-06-03
C003,2025-06-04
C003,2025-06-05
C003,2025-06-06
C003,2025-06-07
C003,2025-06-08
C003,2025-06-09
C003,2025-06-10
C003,2025-06-11
C003,2025-06-12
C003,2025-06-13
C003,2025-06-14
C003,2025-06-15
C003,2025-06-16
C003,2025-06-17
C003,2025-06-18
C003,2025-06-19
C003,2025-06-20
C003,2025-06-21
C003,2025-06-22
C003,2025-06-23
C003,2025-06-24
C003,2025-06-25
C003,2025-06-26
C003,2025-06-27
C003,2025-06-28
C003,2025-06-29
C003,2025-06-30
C003,2025-07-01
C003,2025-07-02
C003,2025-07-03
C003,2025-07-04
C003,2025-07-06
C003,2025-07-07
C003,2025-07-08
C003,2025-07-09
C003,2025-07-10
C003,2025-07-11
C003,2025-07-12
C003,2025-07-13
C003,2025-07-14
C003,2025-07-15
C003,2025-07-16
C003,2025-07-17
C003,2025-07-18
C003,2025-07-19
C003,2025-07-20
C003,2025-07-21
C003,2025-07-22
C003,2025-07-23
C003,2025-07-24
C003,2025-07-25
C003,2025-07-26
C003,2025-07-27
C003,2025-07-28
C003,2025-07-29
C003,2025-07-30
C003,2025-07-31
C003,2025-08-01
C003,2025-08-02
C003,2025-08-03
C003,2025-08-04
C003,2025-08-05
C003,2025-08-06
C003,2025-08-07
C003,2025-08-08
C003,2025-08-09
C003,2025-08-10
C003,2025-08-11
C003,2025-08-12
C003,2025-08-13
C003,2025-08-14
C003,2025-08-15
C003,2025-08-16
C003,2025-08-17
C003,2025-08-18
C003,2025-08-19
C003,2025-08-20
C003,2025-08-21
C003,2025-08-22
C003,2025-08-23
C003,2025-08-24
C003,2025-08-25
C003,2025-08-26
C003,2025-08-27
C003,2025-08-28
C003,2025-08-29
C003,2025-08-30
C003,2025-08-31
C003,2025-09-01
C003,2025-09-02
C003,2025-09-03
C003,2025-09-04
C003,2025-09-05
C003,2025-09-06
C003,2025-09-07
C003,2025-09-08
C003,2025-09-09
C003,2025-09-10
C003,2025-09-11
C003,2025-09-12
C003,2025-09-13
C003,2025-09-14
C003,2025-09-15
C003,2025-09-16
C003,2025-09-17
C003,2025-09-18
C003,2025-09-19
C003,2025-09-20
C003,2025-09-22
C003,2025-09-23
C003,2025-09-24
C003,2025-09-25
C003,2025-09-26
C003,2025-09-27
C003,2025-09-28
C003,2025-09-29
C003,2025-09-30
C004,2025-01-08
C004,2025-01-09
C004,2025-01-10
C004,2025-01-11
C004,2025-01-12
C004,2025-01-13
C004,2025-01-14
C004,2025-01-15
C004,2025-01-16
C004,2025-01-17
C004,2025-01-18
C004,2025-01-19
C004,2025-01-20
C004,2025-01-21
C004,2025-01-22
C004,2025-01-23
C004,2025-01-24
C004,2025-01-25
C004,2025-01-26
C004,2025-01-27
C004,2025-01-28
C004,2025-01-29
C004,2025-01-30
C004,2025-01-31
C004,2025-02-01
C004,2025-02-02
C004,2025-02-03
C004,2025-02-04
C004,2025-02-05
C004,2025-02-06
C004,2025-02-07
C004,2025-02-08
C004,2025-02-09
C004,2025-02-10
C004,2025-02-11
C004,2025-02-12
C004,2025-02-13
C004,2025-02-14
C004,2025-02-15
C004,2025-02-16
C004,2025-02-17
C004,2025-02-18
C004,2025-02-19
C004,2025-02-20
C004,2025-02-21
C004,2025-02-22
C004,2025-02-23
C004,2025-02-24
C004,2025-02-25
C004,2025-02-26
C004,2025-02-27
C004,2025-02-28
C004,2025-03-01
C004,2025-03-02
C004,2025-03-03
C004,2025-03-04
C004,2025-03-05
C004,2025-03-06
C004,2025-03-07
C004,2025-03-08
C004,2025-03-09
C004,2025-03-11
C004,2025-03-12
C004,2025-03-13
C004,2025-03-14
C004,2025-03-15
C004,2025-03-16
C004,2025-03-17
C004,2025-03-18
C004,2025-03-20
C004,2025-03-24
C004,2025-03-25
C004,2025-03-26
C004,2025-03-27
C004,2025-03-28
C004,2025-03-29
C004,2025-03-30
C004,2025-03-31
C004,2025-04-01
C004,2025-04-02
C004,2025-04-03
C004,2025-04-04
C004,2025-04-05
C004,2025-04-06
C004,2025-04-07
C004,2025-04-08
C004,2025-04-09
C004,2025-04-10
C004,2025-04-11
C004,2025-04-12
C004,2025-04-13
C004,2025-04-14
C004,2025-04-15
C004,2025-04-16
C004,2025-04-17
C004,2025-04-18
C004,2025-04-19
C004,2025-04-20
C004,2025-04-21
C004,2025-04-22
C004,2025-04-23
C004,2025-04-24
C004,2025-04-25
C004,2025-04-26
C004,2025-04-27
C004,2025-04-28
C004,2025-04-29
C004,2025-04-30
C004,2025-05-01
C004,2025-05-02
C004,2025-05-03
C004,2025-05-04
C004,2025-05-05
C004,2025-05-06
C004,2025-05-07
C004,2025-05-08
C004,2025-05-09
C004,2025-05-10
C004,2025-05-11
C004,2025-05-12
C004,2025-05-13
C004,2025-05-14
C004,2025-05-15
C004,2025-05-16
C004,2025-05-17
C004,2025-05-18
C004,2025-05-19
C004,2025-05-20
C004,2025-05-21
C004,2025-05-22
C004,2025-05-23
C004,2025-05-24
C004,2025-05-25
C004,2025-05-26
C004,2025-05-27
C004,2025-05-28
C004,2025-05-29
C004,2025-05-30
C004,2025-05-31
C004,2025-06-01
C004,2025-06-02
C004,2025-06-03
C004,2025-06-04
C004,2025-06-05
C004,2025-06-06
C004,2025-06-07
C004,2025-06-08
C004,2025-06-09
C004,2025-06-10
C004,2025-06-11
C004,2025-06-12
C004,2025-06-13
C004,2025-06-14
C004,2025-06-15
C004,2025-06-16
C004,2025-06-17
C004,2025-06-18
C004,2025-06-19
C004,2025-06-20
C004,2025-06-21
C004,2025-06-22
C004,2025-06-24
C004,2025-06-26
C004,2025-06-27
C004,2025-06-28
C004,2025-06-29
C004,2025-06-30
C004,2025-07-01
C004,2025-07-02
C004,2025-07-03
C004,2025-07-04
C004,2025-07-05
C004,2025-07-06
C004,2025-07-07
C004,2025-07-08
C004,2025-07-09
C004,2025-07-10
C004,2025-07-11
C004,2025-07-12
C004,2025-07-13
C004,2025-07-14
C004,2025-07-15
C004,2025-07-16
C004,2025-07-17
C004,2025-07-18
C004,2025-07-19
C004,2025-07-20
C004,2025-07-21
C004,2025-07-22
C004,2025-07-23
C004,2025-07-24
C004,2025-07-25
C004,2025-07-26
C004,2025-07-27
C004,2025-07-28
C004,2025-07-29
C004,2025-07-30
C004,2025-07-31
C004,2025-08-01
C004,2025-08-02
C004,2025-08-03
C004,2025-08-04
C004,2025-08-05
C004,2025-08-06
C004,2025-08-07
C004,2025-08-08
C004,2025-08-09
C004,2025-08-10
C004,2025-08-11
C004,2025-08-12
C004,2025-08-13
C004,2025-08-14
C004,2025-08-15
C004,2025-08-16
C004,2025-08-17
C004,2025-08-18
C004,2025-08-19
C004,2025-08-20
C004,2025-08-21
C004,2025-08-22
C004,2025-08-23
C004,2025-08-24
C004,2025-08-25
C004,2025-08-26
C004,2025-08-27
C004,2025-08-28
C004,2025-08-29
C004,2025-08-30
C004,2025-08-31
C004,2025-09-01
C004,2025-09-02
C004,2025-09-03
C004,2025-09-04
C004,2025-09-05
C004,2025-09-06
C004,2025-09-07
C004,2025-09-08
C004,2025-09-09
C004,2025-09-10
C004,2025-09-11
C004,2025-09-12
C004,2025-09-13
C004,2025-09-14
C004,2025-09-15
C004,2025-09-16
C004,2025-09-17
C004,2025-09-18
C004,2025-09-19
C004,2025-09-20
C004,2025-09-21
C004,2025-09-22
C004,2025-09-23
C004,2025-09-24
C004,2025-09-25
C004,2025-09-26
C004,2025-09-27
C004,2025-09-28
C004,2025-09-29
C004,2025-09-30
C005,2025-01-08
C005,2025-01-09
C005,2025-01-10
C005,2025-01-11
C005,2025-01-12
C005,2025-01-13
C005,2025-01-14
C005,2025-01-15
C005,2025-01-16
C005,2025-01-17
C005,2025-01-18
C005,2025-01-19
C005,2025-01-20
C005,2025-01-21
C005,2025-01-22
C005,2025-01-23
C005,2025-01-24
C005,2025-01-25
C005,2025-01-26
C005,2025-01-27
C005,2025-01-28
C005,2025-01-29
C005,2025-01-30
C005,2025-01-31
C005,2025-02-01
C005,2025-02-02
C005,2025-02-03
C005,2025-02-04
C005,2025-02-05
C005,2025-02-06
C005,2025-02-07
C005,2025-02-08
C005,2025-02-09
C005,2025-02-10
C005,2025-02-11
C005,2025-02-12
C005,2025-02-13
C005,2025-02-14
C005,2025-02-15
C005,2025-02-16
C005,2025-02-17
C005,2025-02-18
C005,2025-02-19
C005,2025-02-20
C005,2025-02-21
C005,2025-02-22
C005,2025-02-23
C005,2025-02-24
C005,2025-02-25
C005,2025-02-26
C005,2025-02-27
C005,2025-02-28
C005,2025-03-01
C005,2025-03-02
C005,2025-03-03
C005,2025-03-04
C005,2025-03-05
C005,2025-03-06
C005,2025-03-07
C005,2025-03-09
C005,2025-03-10
C005,2025-03-11
C005,2025-03-12
C005,2025-03-13
C005,2025-03-14
C005,2025-03-15
C005,2025-03-16
C005,2025-03-17
C005,2025-03-18
C005,2025-03-19
C005,2025-03-20
C005,2025-03-21
C005,2025-03-22
C005,2025-03-23
C005,2025-03-24
C005,2025-03-25
C005,2025-03-26
C005,2025-03-27
C005,2025-03-28
C005,2025-03-29
C005,2025-03-30
C005,2025-03-31
C005,2025-04-01
C005,2025-04-02
C005,2025-04-03
C005,2025-04-04
C005,2025-04-05
C005,2025-04-06
C005,2025-04-07
C005,2025-04-08
C005,2025-04-09
C005,2025-04-10
C005,2025-04-11
C005,2025-04-12
C005,2025-04-13
C005,2025-04-14
C005,2025-04-15
C005,2025-04-16
C005,2025-04-17
C005,2025-04-18
C005,2025-04-19
C005,2025-04-20
C005,2025-04-21
C005,2025-04-22
C005,2025-04-23
C005,2025-04-24
C005,2025-04-25
C005,2025-04-26
C005,2025-04-27
C005,2025-04-28
C005,2025-04-29
C005,2025-04-30
C005,2025-05-01
C005,2025-05-02
C005,2025-05-03
C005,2025-05-04
C005,2025-05-05
C005,2025-05-06
C005,2025-05-07
C005,2025-05-08
C005,2025-05-09
C005,2025-05-10
C005,2025-05-11
C005,2025-05-12
C005,2025-05-13
C005,2025-05-14
C005,2025-05-15
C005,2025-05-16
C005,2025-05-17
C005,2025-05-18
C005,2025-05-19
C005,2025-05-20
C005,2025-05-21
C005,2025-05-22
C005,2025-05-23
C005,2025-05-24
C005,2025-05-25
C005,2025-05-26
C005,2025-05-27
C005,2025-05-28
C005,2025-05-29
C005,2025-05-30
C005,2025-05-31
C005,2025-06-01
C005,2025-06-02
C005,2025-06-03
C005,2025-06-04
C005,2025-06-05
C005,2025-06-06
C005,2025-06-07
C005,2025-06-08
C005,2025-06-09
C005,2025-06-10
C005,2025-06-11
C005,2025-06-12
C005,2025-06-13
C005,2025-06-14
C005,2025-06-15
C005,2025-06-16
C005,2025-06-17
C005,2025-06-18
C005,2025-06-19
C005,2025-06-20
C005,2025-06-21
C005,2025-06-22
C005,2025-06-23
C005,2025-06-24
C005,2025-06-25
C005,2025-06-26
C005,2025-06-27
C005,2025-06-28
C005,2025-06-29
C005,2025-06-30
C005,2025-07-01
C005,2025-07-02
C005,2025-07-03
C005,2025-07-04
C005,2025-07-05
C005,2025-07-06
C005,2025-07-07
C005,2025-07-08
C005,2025-07-09
C005,2025-07-10
C005,2025-07-11
C005,2025-07-12
C005,2025-07-13
C005,2025-07-14
C005,2025-07-15
C005,2025-07-16
C005,2025-07-17
C005,2025-07-18
C005,2025-07-19
C005,2025-07-20
C005,2025-07-21
C005,2025-07-22
C005,2025-07-23
C005,2025-07-24
C005,2025-07-25
C005,2025-07-26
C005,2025-07-27
C005,2025-07-28
C005,2025-07-29
C005,2025-07-30
C005,2025-07-31
C005,2025-08-01
C005,2025-08-02
C005,2025-08-03
C005,2025-08-04
C005,2025-08-05
C005,2025-08-06
C005,2025-08-07
C005,2025-08-08
C005,2025-08-09
C005,2025-08-10
C005,2025-08-11
C005,2025-08-12
C005,2025-08-13
C005,2025-08-14
C005,2025-08-15
C005,2025-08-16
C005,2025-08-17
C005,2025-08-18
C005,2025-08-19
C005,2025-08-20
C005,2025-08-21
C005,2025-08-22
C005,2025-08-23
C005,2025-08-24
C005,2025-08-25
C005,2025-08-26
C005,2025-08-27
C005,2025-08-28
C005,2025-08-29
C005,2025-08-30
C005,2025-08-31
C005,2025-09-01
C005,2025-09-02
C005,2025-09-03
C005,2025-09-04
C005,2025-09-05
C005,2025-09-06
C005,2025-09-07
C005,2025-09-08
C005,2025-09-09
C005,2025-09-10
C005,2025-09-11
C005,2025-09-12
C005,2025-09-13
C005,2025-09-14
C005,2025-09-15
C005,2025-09-16
C005,2025-09-17
C005,2025-09-18
C005,2025-09-19
C005,2025-09-20
C005,2025-09-21
C005,2025-09-22
C005,2025-09-23
C005,2025-09-24
C005,2025-09-25
C005,2025-09-26
C005,2025-09-27
C005,2025-09-28
C005,2025-09-29
C005,2025-09-30
C006,2025-01-08
C006,2025-01-09
C006,2025-01-10
C006,2025-01-11
C006,2025-01-12
C006,2025-01-13
C006,2025-01-14
C006,2025-01-15
C006,2025-01-16
C006,2025-01-17
C006,2025-01-18
C006,2025-01-19
C006,2025-01-20
C006,2025-01-21
C006,2025-01-23
C006,2025-01-24
C006,2025-01-25
C006,2025-01-26
C006,2025-01-27
C006,2025-01-28
C006,2025-01-29
C006,2025-01-30
C006,2025-01-31
C006,2025-02-01
C006,2025-02-02
C006,2025-02-03
C006,2025-02-04
C006,2025-02-05
C006,2025-02-06
C006,2025-02-07
C006,2025-02-08
C006,2025-02-09
C006,2025-02-10
C006,2025-02-11
C006,2025-02-12
C006,2025-02-13
C006,2025-02-14
C006,2025-02-15
C006,2025-02-16
C006,2025-02-17
C006,2025-02-18
C006,2025-02-19
C006,2025-02-20
C006,2025-02-21
C006,2025-02-22
C006,2025-02-23
C006,2025-02-24
C006,2025-02-25
C006,2025-02-26
C006,2025-02-27
C006,2025-02-28
C006,2025-03-01
C006,2025-03-02
C006,2025-03-03
C006,2025-03-04
C006,2025-03-05
C006,2025-03-06
C006,2025-03-07
C006,2025-03-08
C006,2025-03-09
C006,2025-03-10
C006,2025-03-11
C006,2025-03-12
C006,2025-03-13
C006,2025-03-14
C006,2025-03-15
C006,2025-03-16
C006,2025-03-17
C006,2025-03-18
C006,2025-03-19
C006,2025-03-20
C006,2025-03-21
C006,2025-03-22
C006,2025-03-23
C006,2025-03-24
C006,2025-03-25
C006,2025-03-26
C006,2025-03-27
C006,2025-03-28
C006,2025-03-29
C006,2025-03-30
C006,2025-03-31
C006,2025-04-01
C006,2025-04-02
C006,2025-04-03
C006,2025-04-04
C006,2025-04-05
C006,2025-04-06
C006,2025-04-07
C006,2025-04-08
C006,2025-04-09
C006,2025-04-10
C006,2025-04-11
C006,2025-04-12
C006,2025-04-13
C006,2025-04-14
C006,2025-04-15
C006,2025-04-16
C006,2025-04-17
C006,2025-04-18
C006,2025-04-19
C006,2025-04-20
C006,2025-04-21
C006,2025-04-22
C006,2025-04-23
C006,2025-04-24
C006,2025-04-25
C006,2025-04-26
C006,2025-04-27
C006,2025-04-28
C006,2025-04-29
C006,2025-04-30
C006,2025-05-01
C006,2025-05-02
C006,2025-05-03
C006,2025-05-04
C006,2025-05-05
C006,2025-05-06
C006,2025-05-07
C006,2025-05-08
C006,2025-05-09
C006,2025-05-10
C006,2025-05-11
C006,2025-05-12
C006,2025-05-13
C006,2025-05-14
C006,2025-05-15
C006,2025-05-16
C006,2025-05-17
C006,2025-05-18
C006,2025-05-19
C006,2025-05-20
C006,2025-05-21
C006,2025-05-22
C006,2025-05-23
C006,2025-05-24
C006,2025-05-25
C006,2025-05-26
C006,2025-05-27
C006,2025-05-28
C006,2025-05-29
C006,2025-05-30
C006,2025-05-31
C006,2025-06-01
C006,2025-06-02
C006,2025-06-03
C006,2025-06-04
C006,2025-06-05
C006,2025-06-06
C006,2025-06-07
C006,2025-06-08
C006,2025-06-09
C006,2025-06-10
C006,2025-06-11
C006,2025-06-12
C006,2025-06-13
C006,2025-06-14
C006,2025-06-15
C006,2025-06-16
C006,2025-06-17
C006,2025-06-18
C006,2025-06-19
C006,2025-06-20
C006,2025-06-21
C006,2025-06-22
C006,2025-06-23
C006,2025-06-24
C006,2025-06-25
C006,2025-06-26
C006,2025-06-27
C006,2025-06-28
C006,2025-06-29
C006,2025-06-30
C006,2025-07-01
C006,2025-07-02
C006,2025-07-03
C006,2025-07-04
C006,2025-07-05
C006,2025-07-06
C006,2025-07-07
C006,2025-07-08
C006,2025-07-09
C006,2025-07-10
C006,2025-07-11
C006,2025-07-12
C006,2025-07-13
C006,2025-07-14
C006,2025-07-15
C006,2025-07-16
C006,2025-07-17
C006,2025-07-18
C006,2025-07-19
C006,2025-07-20
C006,2025-07-21
C006,2025-07-22
C006,2025-07-23
C006,2025-07-24
C006,2025-07-25
C006,2025-07-26
C006,2025-07-27
C006,2025-07-28
C006,2025-07-29
C006,2025-07-30
C006,2025-07-31
C006,2025-08-01
C006,2025-08-02
C006,2025-08-03
C006,2025-08-04
C006,2025-08-05
C006,2025-08-06
C006,2025-08-07
C006,2025-08-08
C006,2025-08-09
C006,2025-08-10
C006,2025-08-11
C006,2025-08-12
C006,2025-08-13
C006,2025-08-14
C006,2025-08-15
C006,2025-08-16
C006,2025-08-17
C006,2025-08-18
C006,2025-08-19
C006,2025-08-20
C006,2025-08-21
C006,2025-08-22
C006,2025-08-23
C006,2025-08-24
C006,2025-08-25
C006,2025-08-26
C006,2025-08-27
C006,2025-08-28
C006,2025-08-29
C006,2025-08-30
C006,2025-08-31
C006,2025-09-01
C006,2025-09-02
C006,2025-09-03
C006,2025-09-04
C006,2025-09-05
C006,2025-09-06
C006,2025-09-07
C006,2025-09-08
C006,2025-09-09
C006,2025-09-10
C006,2025-09-11
C006,2025-09-12
C006,2025-09-13
C006,2025-09-14
C006,2025-09-15
C006,2025-09-16
C006,2025-09-17
C006,2025-09-18
C006,2025-09-19
C006,2025-09-20
C006,2025-09-21
C006,2025-09-22
C006,2025-09-23
C006,2025-09-24
C006,2025-09-25
C006,2025-09-26
C006,2025-09-27
C006,2025-09-28
C006,2025-09-29
C006,2025-09-30
C007,2025-01-08
C007,2025-01-09
C007,2025-01-10
C007,2025-01-11
C007,2025-01-12
C007,2025-01-13
C007,2025-01-14
C007,2025-01-15
C007,2025-01-16
C007,2025-01-17
C007,2025-01-18
C007,2025-01-19
C007,2025-01-20
C007,2025-01-21
C007,2025-01-22
C007,2025-01-23
C007,2025-01-24
C007,2025-01-25
C007,2025-01-26
C007,2025-01-27
C007,2025-01-28
C007,2025-01-29
C007,2025-01-30
C007,2025-01-31
C007,2025-02-01
C007,2025-02-02
C007,2025-02-03
C007,2025-02-04
C007,2025-02-05
C007,2025-02-06
C007,2025-02-07
C007,2025-02-08
C007,2025-02-09
C007,2025-02-10
C007,2025-02-11
C007,2025-02-12
C007,2025-02-13
C007,2025-02-14
C007,2025-02-15
C007,2025-02-16
C007,2025-02-17
C007,2025-02-18
C007,2025-02-19
C007,2025-02-20
C007,2025-02-22
C007,2025-02-23
C007,2025-02-24
C007,2025-02-25
C007,2025-02-26
C007,2025-02-27
C007,2025-02-28
C007,2025-03-01
C007,2025-03-02
C007,2025-03-03
C007,2025-03-04
C007,2025-03-05
C007,2025-03-06
C007,2025-03-07
C007,2025-03-08
C007,2025-03-09
C007,2025-03-10
C007,2025-03-11
C007,2025-03-12
C007,2025-03-13
C007,2025-03-14
C007,2025-03-15
C007,2025-03-16
C007,2025-03-17
C007,2025-03-18
C007,2025-03-19
C007,2025-03-20
C007,2025-03-21
C007,2025-03-22
C007,2025-03-23
C007,2025-03-24
C007,2025-03-25
C007,2025-03-26
C007,2025-03-27
C007,2025-03-28
C007,2025-03-29
C007,2025-03-30
C007,2025-03-31
C007,2025-04-01
C007,2025-04-02
C007,2025-04-03
C007,2025-04-04
C007,2025-04-05
C007,2025-04-06
C007,2025-04-07
C007,2025-04-08
C007,2025-04-09
C007,2025-04-10
C007,2025-04-11
C007,2025-04-12
C007,2025-04-13
C007,2025-04-14
C007,2025-04-15
C007,2025-04-16
C007,2025-04-17
C007,2025-04-18
C007,2025-04-19
C007,2025-04-20
C007,2025-04-21
C007,2025-04-22
C007,2025-04-23
C007,2025-04-24
C007,2025-04-25
C007,2025-04-26
C007,2025-04-27
C007,2025-04-28
C007,2025-04-29
C007,2025-04-30
C007,2025-05-01
C007,2025-05-02
C007,2025-05-03
C007,2025-05-04
C007,2025-05-05
C007,2025-05-06
C007,2025-05-07
C007,2025-05-08
C007,2025-05-09
C007,2025-05-10
C007,2025-05-11
C007,2025-05-12
C007,2025-05-13
C007,2025-05-14
C007,2025-05-15
C007,2025-05-16
C007,2025-05-17
C007,2025-05-18
C007,2025-05-19
C007,2025-05-20
C007,2025-05-21
C007,2025-05-22
C007,2025-05-23
C007,2025-05-24
C007,2025-05-25
C007,2025-05-26
C007,2025-05-27
C007,2025-05-28
C007,2025-05-29
C007,2025-05-30
C007,2025-05-31
C007,2025-06-01
C007,2025-06-02
C007,2025-06-03
C007,2025-06-04
C007,2025-06-05
C007,2025-06-06
C007,2025-06-07
C007,2025-06-08
C007,2025-06-09
C007,2025-06-10
C007,2025-06-11
C007,2025-06-12
C007,2025-06-13
C007,2025-06-14
C007,2025-06-15
C007,2025-06-16
C007,2025-06-17
C007,2025-06-18
C007,2025-06-19
C007,2025-06-20
C007,2025-06-21
C007,2025-06-22
C007,2025-06-23
C007,2025-06-24
C007,2025-06-25
C007,2025-06-26
C007,2025-06-27
C007,2025-06-28
C007,2025-06-29
C007,2025-06-30
C007,2025-07-01
C007,2025-07-02
C007,2025-07-03
C007,2025-07-04
C007,2025-07-05
C007,2025-07-06
C007,2025-07-07
C007,2025-07-08
C007,2025-07-09
C007,2025-07-10
C007,2025-07-11
C007,2025-07-12
C007,2025-07-13
C007,2025-07-14
C007,2025-07-15
C007,2025-07-16
C007,2025-07-17
C007,2025-07-18
C007,2025-07-19
C007,2025-07-20
C007,2025-07-21
C007,2025-07-22
C007,2025-07-23
C007,2025-07-24
C007,2025-07-25
C007,2025-07-26
C007,2025-07-27
C007,2025-07-28
C007,2025-07-29
C007,2025-07-30
C007,2025-07-31
C007,2025-08-01
C007,2025-08-02
C007,2025-08-03
C007,2025-08-04
C007,2025-08-05
C007,2025-08-06
C007,2025-08-07
C007,2025-08-08
C007,2025-08-09
C007,2025-08-10
C007,2025-08-11
C007,2025-08-12
C007,2025-08-13
C007,2025-08-14
C007,2025-08-15
C007,2025-08-16
C007,2025-08-17
C007,2025-08-18
C007,2025-08-19
C007,2025-08-20
C007,2025-08-21
C007,2025-08-22
C007,2025-08-23
C007,2025-08-24
C007,2025-08-25
C007,2025-08-26
C007,2025-08-27
C007,2025-08-28
C007,2025-08-29
C007,2025-08-30
C007,2025-08-31
C007,2025-09-01
C007,2025-09-02
C007,2025-09-03
C007,2025-09-04
C007,2025-09-05
C007,2025-09-06
C007,2025-09-07
C007,2025-09-08
C007,2025-09-09
C007,2025-09-10
C007,2025-09-11
C007,2025-09-12
C007,2025-09-13
C007,2025-09-14
C007,2025-09-15
C007,2025-09-16
C007,2025-09-17
C007,2025-09-18
C007,2025-09-19
C007,2025-09-20
C007,2025-09-21
C007,2025-09-22
C007,2025-09-23
C007,2025-09-24
C007,2025-09-25
C007,2025-09-26
C007,2025-09-27
C007,2025-09-28
C007,2025-09-29
C007,2025-09-30
C008,2025-01-08
C008,2025-01-09
C008,2025-01-10
C008,2025-01-11
C008,2025-01-12
C008,2025-01-13
C008,2025-01-14
C008,2025-01-15
C008,2025-01-16
C008,2025-01-17
C008,2025-01-18
C008,2025-01-19
C008,2025-01-20
C008,2025-01-21
C008,2025-01-22
C008,2025-01-23
C008,2025-01-24
C008,2025-01-25
C008,2025-01-26
C008,2025-01-27
C008,2025-01-28
C008,2025-01-29
C008,2025-01-30
C008,2025-01-31
C008,2025-02-01
C008,2025-02-02
C008,2025-02-03
C008,2025-02-04
C008,2025-02-05
C008,2025-02-06
C008,2025-02-07
C008,2025-02-08
C008,2025-02-09
C008,2025-02-10
C008,2025-02-11
C008,2025-02-12
C008,2025-02-13
C008,2025-02-14
C008,2025-02-15
C008,2025-02-16
C008,2025-02-17
C008,2025-02-18
C008,2025-02-19
C008,2025-02-20
C008,2025-02-21
C008,2025-02-22
C008,2025-02-23
C008,2025-02-24
C008,2025-02-25
C008,2025-02-26
C008,2025-02-27
C008,2025-02-28
C008,2025-03-01
C008,2025-03-02
C008,2025-03-03
C008,2025-03-04
C008,2025-03-05
C008,2025-03-06
C008,2025-03-07
C008,2025-03-08
C008,2025-03-09
C008,2025-03-10
C008,2025-03-11
C008,2025-03-12
C008,2025-03-13
C008,2025-03-14
C008,2025-03-15
C008,2025-03-16
C008,2025-03-17
C008,2025-03-18
C008,2025-03-19
C008,2025-03-20
C008,2025-03-21
C008,2025-03-22
C008,2025-03-23
C008,2025-03-24
C008,2025-03-25
C008,2025-03-26
C008,2025-03-27
C008,2025-03-28
C008,2025-03-29
C008,2025-03-30
C008,2025-03-31
C008,2025-04-01
C008,2025-04-02
C008,2025-04-03
C008,2025-04-04
C008,2025-04-05
C008,2025-04-06
C008,2025-04-07
C008,2025-04-08
C008,2025-04-09
C008,2025-04-10
C008,2025-04-11
C008,2025-04-12
C008,2025-04-13
C008,2025-04-14
C008,2025-04-15
C008,2025-04-16
C008,2025-04-17
C008,2025-04-18
C008,2025-04-19
C008,2025-04-20
C008,2025-04-21
C008,2025-04-22
C008,2025-04-23
C008,2025-04-24
C008,2025-04-25
C008,2025-04-26
C008,2025-04-27
C008,2025-04-28
C008,2025-04-29
C008,2025-04-30
C008,2025-05-01
C008,2025-05-02
C008,2025-05-03
C008,2025-05-04
C008,2025-05-05
C008,2025-05-06
C008,2025-05-07
C008,2025-05-08
C008,2025-05-09
C008,2025-05-10
C008,2025-05-11
C008,2025-05-12
C008,2025-05-13
C008,2025-05-14
C008,2025-05-15
C008,2025-05-16
C008,2025-05-17
C008,2025-05-18
C008,2025-05-19
C008,2025-05-20
C008,2025-05-21
C008,2025-05-22
C008,2025-05-23
C008,2025-05-24
C008,2025-05-25
C008,2025-05-26
C008,2025-05-27
C008,2025-05-28
C008,2025-05-29
C008,2025-05-30
C008,2025-05-31
C008,2025-06-01
C008,2025-06-04
C008,2025-06-05
C008,2025-06-06
C008,2025-06-07
C008,2025-06-08
C008,2025-06-09
C008,2025-06-10
C008,2025-06-11
C008,2025-06-12
C008,2025-06-13
C008,2025-06-14
C008,2025-06-15
C008,2025-06-16
C008,2025-06-17
C008,2025-06-18
C008,2025-06-19
C008,2025-06-20
C008,2025-06-21
C008,2025-06-22
C008,2025-06-23
C008,2025-06-24
C008,2025-06-25
C008,2025-06-26
C008,2025-06-27
C008,2025-06-28
C008,2025-06-29
C008,2025-06-30
C008,2025-07-01
C008,2025-07-02
C008,2025-07-03
C008,2025-07-04
C008,2025-07-05
C008,2025-07-06
C008,2025-07-07
C008,2025-07-08
C008,2025-07-09
C008,2025-07-10
C008,2025-07-11
C008,2025-07-12
C008,2025-07-13
C008,2025-07-14
C008,2025-07-15
C008,2025-07-16
C008,2025-07-17
C008,2025-07-18
C008,2025-07-19
C008,2025-07-20
C008,2025-07-21
C008,2025-07-22
C008,2025-07-23
C008,2025-07-24
C008,2025-07-25
C008,2025-07-26
C008,2025-07-27
C008,2025-07-28
C008,2025-07-29
C008,2025-07-30
C008,2025-07-31
C008,2025-08-01
C008,2025-08-02
C008,2025-08-03
C008,2025-08-04
C008,2025-08-05
C008,2025-08-06
C008,2025-08-07
C008,2025-08-08
C008,2025-08-09
C008,2025-08-10
C008,2025-08-11
C008,2025-08-12
C008,2025-08-13
C008,2025-08-14
C008,2025-08-15
C008,2025-08-16
C008,2025-08-17
C008,2025-08-18
C008,2025-08-19
C008,2025-08-20
C008,2025-08-21
C008,2025-08-22
C008,2025-08-23
C008,2025-08-24
C008,2025-08-25
C008,2025-08-26
C008,2025-08-27
C008,2025-08-28
C008,2025-08-29
C008,2025-08-30
C008,2025-08-31
C008,2025-09-01
C008,2025-09-02
C008,2025-09-03
C008,2025-09-04
C008,2025-09-05
C008,2025-09-06
C008,2025-09-07
C008,2025-09-08
C008,2025-09-09
C008,2025-09-10
C008,2025-09-11
C008,2025-09-12
C008,2025-09-13
C008,2025-09-14
C008,2025-09-15
C008,2025-09-16
C008,2025-09-17
C008,2025-09-18
C008,2025-09-19
C008,2025-09-20
C008,2025-09-21
C008,2025-09-22
C008,2025-09-23
C008,2025-09-24
C008,2025-09-25
C008,2025-09-26
C008,2025-09-27
C008,2025-09-28
C008,2025-09-29
C008,2025-09-30
C009,2025-01-08
C009,2025-01-09
C009,2025-01-10
C009,2025-01-11
C009,2025-01-12
C009,2025-01-13
C009,2025-01-14
C009,2025-01-15
C009,2025-01-16
C009,2025-01-17
C009,2025-01-18
C009,2025-01-19
C009,2025-01-20
C009,2025-01-21
C009,2025-01-22
C009,2025-01-23
C009,2025-01-24
C009,2025-01-25
C009,2025-01-26
C009,2025-01-27
C009,2025-01-28
C009,2025-01-29
C009,2025-01-30
C009,2025-01-31
C009,2025-02-01
C009,2025-02-02
C009,2025-02-03
C009,2025-02-04
C009,2025-02-05
C009,2025-02-06
C009,2025-02-07
C009,2025-02-08
C009,2025-02-09
C009,2025-02-10
C009,2025-02-11
C009,2025-02-12
C009,2025-02-13
C009,2025-02-14
C009,2025-02-15
C009,2025-02-16
C009,2025-02-17
C009,2025-02-18
C009,2025-02-19
C009,2025-02-20
C009,2025-02-21
C009,2025-02-22
C009,2025-02-23
C009,2025-02-24
C009,2025-02-25
C009,2025-02-26
C009,2025-02-27
C009,2025-02-28
C009,2025-03-01
C009,2025-03-02
C009,2025-03-03
C009,2025-03-04
C009,2025-03-05
C009,2025-03-06
C009,2025-03-07
C009,2025-03-08
C009,2025-03-09
C009,2025-03-10
C009,2025-03-11
C009,2025-03-12
C009,2025-03-13
C009,2025-03-14
C009,2025-03-15
C009,2025-03-16
C009,2025-03-17
C009,2025-03-18
C009,2025-03-20
C009,2025-03-21
C009,2025-03-22
C009,2025-03-23
C009,2025-03-24
C009,2025-03-25
C009,2025-03-26
C009,2025-03-27
C009,2025-03-28
C009,2025-03-29
C009,2025-03-30
C009,2025-03-31
C009,2025-04-01
C009,2025-04-02
C009,2025-04-03
C009,2025-04-04
C009,2025-04-05
C009,2025-04-06
C009,2025-04-07
C009,2025-04-08
C009,2025-04-09
C009,2025-04-10
C009,2025-04-11
C009,2025-04-12
C009,2025-04-13
C009,2025-04-14
C009,2025-04-15
C009,2025-04-16
C009,2025-04-17
C009,2025-04-18
C009,2025-04-19
C009,2025-04-20
C009,2025-04-21
C009,2025-04-22
C009,2025-04-23
C009,2025-04-24
C009,2025-04-25
C009,2025-04-26
C009,2025-04-27
C009,2025-04-28
C009,2025-04-29
C009,2025-04-30
C009,2025-05-01
C009,2025-05-02
C009,2025-05-03
C009,2025-05-04
C009,2025-05-05
C009,2025-05-06
C009,2025-05-07
C009,2025-05-08
C009,2025-05-09
C009,2025-05-10
C009,2025-05-11
C009,2025-05-12
C009,2025-05-13
C009,2025-05-14
C009,2025-05-15
C009,2025-05-16
C009,2025-05-17
C009,2025-05-18
C009,2025-05-19
C009,2025-05-20
C009,2025-05-21
C009,2025-05-22
C009,2025-05-23
C009,2025-05-24
C009,2025-05-25
C009,2025-05-26
C009,2025-05-27
C009,2025-05-28
C009,2025-05-29
C009,2025-05-30
C009,2025-05-31
C009,2025-06-01
C009,2025-06-02
C009,2025-06-03
C009,2025-06-04
C009,2025-06-05
C009,2025-06-06
C009,2025-06-07
C009,2025-06-08
C009,2025-06-09
C009,2025-06-10
C009,2025-06-11
C009,2025-06-12
C009,2025-06-13
C009,2025-06-14
C009,2025-06-15
C009,2025-06-16
C009,2025-06-17
C009,2025-06-18
C009,2025-06-19
C009,2025-06-20
C009,2025-06-21
C009,2025-06-22
C009,2025-06-23
C009,2025-06-24
C009,2025-06-25
C009,2025-06-26
C009,2025-06-27
C009,2025-06-28
C009,2025-06-29
C009,2025-06-30
C009,2025-07-01
C009,2025-07-02
C009,2025-07-03
C009,2025-07-04
C009,2025-07-05
C009,2025-07-06
C009,2025-07-07
C009,2025-07-08
C009,2025-07-09
C009,2025-07-10
C009,2025-07-11
C009,2025-07-12
C009,2025-07-13
C009,2025-07-14
C009,2025-07-15
C009,2025-07-16
C009,2025-07-17
C009,2025-07-18
C009,2025-07-19
C009,2025-07-20
C009,2025-07-21
C009,2025-07-22
C009,2025-07-23
C009,2025-07-24
C009,2025-07-25
C009,2025-07-26
C009,2025-07-27
C009,2025-07-28
C009,2025-07-29
C009,2025-07-30
C009,2025-07-31
C009,2025-08-01
C009,2025-08-02
C009,2025-08-03
C009,2025-08-04
C009,2025-08-05
C009,2025-08-06
C009,2025-08-07
C009,2025-08-08
C009,2025-08-09
C009,2025-08-10
C009,2025-08-11
C009,2025-08-12
C009,2025-08-13
C009,2025-08-14
C009,2025-08-15
C009,2025-08-16
C009,2025-08-17
C009,2025-08-18
C009,2025-08-19
C009,2025-08-20
C009,2025-08-21
C009,2025-08-22
C009,2025-08-23
C009,2025-08-24
C009,2025-08-25
C009,2025-08-26
C009,2025-08-27
C009,2025-08-28
C009,2025-08-29
C009,2025-08-30
C009,2025-08-31
C009,2025-09-01
C009,2025-09-02
C009,2025-09-03
C009,2025-09-04
C009,2025-09-05
C009,2025-09-06
C009,2025-09-07
C009,2025-09-08
C009,2025-09-09
C009,2025-09-10
C009,2025-09-11
C009,2025-09-12
C009,2025-09-13
C009,2025-09-14
C009,2025-09-15
C009,2025-09-16
C009,2025-09-17
C009,2025-09-19
C009,2025-09-20
C009,2025-09-21
C009,2025-09-22
C009,2025-09-23
C009,2025-09-24
C009,2025-09-25
C009,2025-09-26
C009,2025-09-27
C009,2025-09-28
C009,2025-09-29
C009,2025-09-30
C010,2025-01-08
C010,2025-01-09
C010,2025-01-10
C010,2025-01-11
C010,2025-01-12
C010,2025-01-13
C010,2025-01-14
C010,2025-01-15
C010,2025-01-16
C010,2025-01-17
C010,2025-01-18
C010,2025-01-19
C010,2025-01-20
C010,2025-01-21
C010,2025-01-22
C010,2025-01-23
C010,2025-01-24
C010,2025-01-25
C010,2025-01-26
C010,2025-01-27
C010,2025-01-28
C010,2025-01-29
C010,2025-01-30
C010,2025-01-31
C010,2025-02-01
C010,2025-02-02
C010,2025-02-03
C010,2025-02-04
C010,2025-02-05
C010,2025-02-06
C010,2025-02-07
C010,2025-02-08
C010,2025-02-09
C010,2025-02-10
C010,2025-02-11
C010,2025-02-12
C010,2025-02-13
C010,2025-02-14
C010,2025-02-15
C010,2025-02-16
C010,2025-02-17
C010,2025-02-18
C010,2025-02-19
C010,2025-02-20
C010,2025-02-21
C010,2025-02-22
C010,2025-02-23
C010,2025-02-24
C010,2025-02-25
C010,2025-02-26
C010,2025-02-27
C010,2025-02-28
C010,2025-03-01
C010,2025-03-02
C010,2025-03-03
C010,2025-03-04
C010,2025-03-05
C010,2025-03-06
C010,2025-03-07
C010,2025-03-08
C010,2025-03-09
C010,2025-03-10
C010,2025-03-11
C010,2025-03-13
C010,2025-03-14
C010,2025-03-15
C010,2025-03-16
C010,2025-03-17
C010,2025-03-18
C010,2025-03-19
C010,2025-03-20
C010,2025-03-21
C010,2025-03-22
C010,2025-03-23
C010,2025-03-24
C010,2025-03-25
C010,2025-03-26
C010,2025-03-27
C010,2025-03-28
C010,2025-03-29
C010,2025-03-30
C010,2025-03-31
C010,2025-04-01
C010,2025-04-03
C010,2025-04-04
C010,2025-04-05
C010,2025-04-06
C010,2025-04-07
C010,2025-04-09
C010,2025-04-10
C010,2025-04-11
C010,2025-04-13
C010,2025-04-14
C010,2025-04-15
C010,2025-04-16
C010,2025-04-17
C010,2025-04-18
C010,2025-04-19
C010,2025-04-20
C010,2025-04-21
C010,2025-04-22
C010,2025-04-23
C010,2025-04-24
C010,2025-04-25
C010,2025-04-26
C010,2025-04-27
C010,2025-04-28
C010,2025-04-29
C010,2025-04-30
C010,2025-05-01
C010,2025-05-02
C010,2025-05-03
C010,2025-05-04
C010,2025-05-05
C010,2025-05-06
C010,2025-05-07
C010,2025-05-08
C010,2025-05-09
C010,2025-05-10
C010,2025-05-11
C010,2025-05-12
C010,2025-05-13
C010,2025-05-14
C010,2025-05-15
C010,2025-05-16
C010,2025-05-17
C010,2025-05-18
C010,2025-05-19
C010,2025-05-20
C010,2025-05-21
C010,2025-05-22
C010,2025-05-23
C010,2025-05-24
C010,2025-05-25
C010,2025-05-26
C010,2025-05-27
C010,2025-05-28
C010,2025-05-29
C010,2025-05-30
C010,2025-05-31
C010,2025-06-01
C010,2025-06-02
C010,2025-06-03
C010,2025-06-04
C010,2025-06-05
C010,2025-06-06
C010,2025-06-07
C010,2025-06-08
C010,2025-06-09
C010,2025-06-10
C010,2025-06-11
C010,2025-06-12
C010,2025-06-13
C010,2025-06-14
C010,2025-06-15
C010,2025-06-16
C010,2025-06-17
C010,2025-06-18
C010,2025-06-20
C010,2025-06-21
C010,2025-06-22
C010,2025-06-23
C010,2025-06-24
C010,2025-06-25
C010,2025-06-26
C010,2025-06-27
C010,2025-06-28
C010,2025-06-29
C010,2025-06-30
C010,2025-07-01
C010,2025-07-02
C010,2025-07-03
C010,2025-07-04
C010,2025-07-05
C010,2025-07-06
C010,2025-07-07
C010,2025-07-08
C010,2025-07-09
C010,2025-07-10
C010,2025-07-11
C010,2025-07-12
C010,2025-07-13
C010,2025-07-14
C010,2025-07-15
C010,2025-07-16
C010,2025-07-17
C010,2025-07-18
C010,2025-07-19
C010,2025-07-20
C010,2025-07-21
C010,2025-07-22
C010,2025-07-23
C010,2025-07-24
C010,2025-07-25
C010,2025-07-26
C010,2025-07-27
C010,2025-07-28
C010,2025-07-29
C010,2025-07-30
C010,2025-07-31
C010,2025-08-01
C010,2025-08-02
C010,2025-08-03
C010,2025-08-04
C010,2025-08-05
C010,2025-08-06
C010,2025-08-07
C010,2025-08-08
C010,2025-08-09
C010,2025-08-10
C010,2025-08-11
C010,2025-08-12
C010,2025-08-13
C010,2025-08-14
C010,2025-08-15
C010,2025-08-16
C010,2025-08-17
C010,2025-08-18
C010,2025-08-19
C010,2025-08-20
C010,2025-08-21
C010,2025-08-22
C010,2025-08-23
C010,2025-08-24
C010,2025-08-25
C010,2025-08-26
C010,2025-08-27
C010,2025-08-28
C010,2025-08-29
C010,2025-08-30
C010,2025-08-31
C010,2025-09-01
C010,2025-09-02
C010,2025-09-03
C010,2025-09-04
C010,2025-09-05
C010,2025-09-06
C010,2025-09-07
C010,2025-09-08
C010,2025-09-09
C010,2025-09-10
C010,2025-09-11
C010,2025-09-12
C010,2025-09-13
C010,2025-09-14
C010,2025-09-15
C010,2025-09-16
C010,2025-09-17
C010,2025-09-18
C010,2025-09-19
C010,2025-09-20
C010,2025-09-21
C010,2025-09-22
C010,2025-09-23
C010,2025-09-24
C010,2025-09-25
C010,2025-09-26
C010,2025-09-27
C010,2025-09-28
C010,2025-09-29
C010,2025-09-30
C011,2025-01-08
C011,2025-01-09
C011,2025-01-10
C011,2025-01-11
C011,2025-01-12
C011,2025-01-14
C011,2025-01-15
C011,2025-01-16
C011,2025-01-17
C011,2025-01-18
C011,2025-01-19
C011,2025-01-20
C011,2025-01-21
C011,2025-01-22
C011,2025-01-23
C011,2025-01-24
C011,2025-01-25
C011,2025-01-26
C011,2025-01-27
C011,2025-01-28
C011,2025-01-29
C011,2025-01-30
C011,2025-01-31
C011,2025-02-01
C011,2025-02-02
C011,2025-02-03
C011,2025-02-04
C011,2025-02-05
C011,2025-02-06
C011,2025-02-07
C011,2025-02-08
C011,2025-02-09
C011,2025-02-10
C011,2025-02-11
C011,2025-02-12
C011,2025-02-13
C011,2025-02-14
C011,2025-02-15
C011,2025-02-16
C011,2025-02-17
C011,2025-02-18
C011,2025-02-19
C011,2025-02-20
C011,2025-02-21
C011,2025-02-23
C011,2025-02-24
C011,2025-02-25
C011,2025-02-26
C011,2025-02-27
C011,2025-02-28
C011,2025-03-01
C011,2025-03-02
C011,2025-03-03
C011,2025-03-04
C011,2025-03-05
C011,2025-03-06
C011,2025-03-07
C011,2025-03-08
C011,2025-03-09
C011,2025-03-10
C011,2025-03-11
C011,2025-03-12
C011,2025-03-13
C011,2025-03-14
C011,2025-03-15
C011,2025-03-16
C011,2025-03-17
C011,2025-03-18
C011,2025-03-19
C011,2025-03-20
C011,2025-03-22
C011,2025-03-23
C011,2025-03-24
C011,2025-03-25
C011,2025-03-26
C011,2025-03-27
C011,2025-03-28
C011,2025-03-29
C011,2025-03-30
C011,2025-03-31
C011,2025-04-01
C011,2025-04-02
C011,2025-04-03
C011,2025-04-04
C011,2025-04-05
C011,2025-04-06
C011,2025-04-07
C011,2025-04-08
C011,2025-04-09
C011,2025-04-10
C011,2025-04-11
C011,2025-04-12
C011,2025-04-13
C011,2025-04-14
C011,2025-04-15
C011,2025-04-16
C011,2025-04-17
C011,2025-04-18
C011,2025-04-19
C011,2025-04-20
C011,2025-04-21
C011,2025-04-22
C011,2025-04-23
C011,2025-04-24
C011,2025-04-25
C011,2025-04-26
C011,2025-04-27
C011,2025-04-28
C011,2025-04-29
C011,2025-04-30
C011,2025-05-01
C011,2025-05-02
C011,2025-05-03
C011,2025-05-04
C011,2025-05-05
C011,2025-05-06
C011,2025-05-07
C011,2025-05-08
C011,2025-05-09
C011,2025-05-10
C011,2025-05-11
C011,2025-05-12
C011,2025-05-14
C011,2025-05-15
C011,2025-05-16
C011,2025-05-17
C011,2025-05-18
C011,2025-05-19
C011,2025-05-20
C011,2025-05-21
C011,2025-05-22
C011,2025-05-23
C011,2025-05-24
C011,2025-05-25
C011,2025-05-26
C011,2025-05-27
C011,2025-05-28
C011,2025-05-29
C011,2025-05-30
C011,2025-05-31
C011,2025-06-01
C011,2025-06-02
C011,2025-06-03
C011,2025-06-04
C011,2025-06-05
C011,2025-06-06
C011,2025-06-07
C011,2025-06-08
C011,2025-06-09
C011,2025-06-10
C011,2025-06-11
C011,2025-06-12
C011,2025-06-13
C011,2025-06-14
C011,2025-06-15
C011,2025-06-16
C011,2025-06-17
C011,2025-06-18
C011,2025-06-20
C011,2025-06-21
C011,2025-06-22
C011,2025-06-23
C011,2025-06-24
C011,2025-06-25
C011,2025-06-26
C011,2025-06-27
C011,2025-06-28
C011,2025-06-29
C011,2025-06-30
C011,2025-07-01
C011,2025-07-02
C011,2025-07-03
C011,2025-07-04
C011,2025-07-05
C011,2025-07-06
C011,2025-07-07
C011,2025-07-08
C011,2025-07-09
C011,2025-07-10
C011,2025-07-11
C011,2025-07-12
C011,2025-07-13
C011,2025-07-14
C011,2025-07-15
C011,2025-07-16
C011,2025-07-17
C011,2025-07-18
C011,2025-07-19
C011,2025-07-20
C011,2025-07-21
C011,2025-07-22
C011,2025-07-23
C011,2025-07-24
C011,2025-07-25
C011,2025-07-26
C011,2025-07-27
C011,2025-07-28
C011,2025-07-29
C011,2025-07-30
C011,2025-07-31
C011,2025-08-01
C011,2025-08-02
C011,2025-08-03
C011,2025-08-04
C011,2025-08-05
C011,2025-08-06
C011,2025-08-07
C011,2025-08-08
C011,2025-08-09
C011,2025-08-10
C011,2025-08-11
C011,2025-08-12
C011,2025-08-13
C011,2025-08-14
C011,2025-08-15
C011,2025-08-16
C011,2025-08-17
C011,2025-08-18
C011,2025-08-19
C011,2025-08-20
C011,2025-08-21
C011,2025-08-22
C011,2025-08-23
C011,2025-08-24
C011,2025-08-25
C011,2025-08-26
C011,2025-08-27
C011,2025-08-28
C011,2025-08-29
C011,2025-08-30
C011,2025-08-31
C011,2025-09-01
C011,2025-09-04
C011,2025-09-05
C011,2025-09-06
C011,2025-09-07
C011,2025-09-08
C011,2025-09-09
C011,2025-09-10
C011,2025-09-11
C011,2025-09-12
C011,2025-09-13
C011,2025-09-14
C011,2025-09-15
C011,2025-09-16
C011,2025-09-17
C011,2025-09-18
C011,2025-09-19
C011,2025-09-20
C011,2025-09-21
C011,2025-09-22
C011,2025-09-23
C011,2025-09-24
C011,2025-09-25
C011,2025-09-26
C011,2025-09-27
C011,2025-09-28
C011,2025-09-29
C011,2025-09-30
C012,2025-01-08
C012,2025-01-09
C012,2025-01-10
C012,2025-01-11
C012,2025-01-12
C012,2025-01-13
C012,2025-01-14
C012,2025-01-15
C012,2025-01-16
C012,2025-01-17
C012,2025-01-18
C012,2025-01-19
C012,2025-01-20
C012,2025-01-21
C012,2025-01-22
C012,2025-01-23
C012,2025-01-24
C012,2025-01-25
C012,2025-01-26
C012,2025-01-27
C012,2025-01-28
C012,2025-01-29
C012,2025-01-30
C012,2025-01-31
C012,2025-02-01
C012,2025-02-02
C012,2025-02-03
C012,2025-02-04
C012,2025-02-05
C012,2025-02-06
C012,2025-02-07
C012,2025-02-08
C012,2025-02-09
C012,2025-02-10
C012,2025-02-11
C012,2025-02-12
C012,2025-02-13
C012,2025-02-14
C012,2025-02-15
C012,2025-02-16
C012,2025-02-17
C012,2025-02-18
C012,2025-02-19
C012,2025-02-20
C012,2025-02-21
C012,2025-02-22
C012,2025-02-23
C012,2025-02-24
C012,2025-02-25
C012,2025-02-26
C012,2025-02-28
C012,2025-03-01
C012,2025-03-02
C012,2025-03-03
C012,2025-03-04
C012,2025-03-05
C012,2025-03-06
C012,2025-03-07
C012,2025-03-08
C012,2025-03-09
C012,2025-03-10
C012,2025-03-11
C012,2025-03-12
C012,2025-03-13
C012,2025-03-14
C012,2025-03-15
C012,2025-03-16
C012,2025-03-17
C012,2025-03-19
C012,2025-03-20
C012,2025-03-21
C012,2025-03-22
C012,2025-03-23
C012,2025-03-24
C012,2025-03-25
C012,2025-03-26
C012,2025-03-27
C012,2025-03-28
C012,2025-03-29
C012,2025-03-30
C012,2025-03-31
C012,2025-04-01
C012,2025-04-02
C012,2025-04-03
C012,2025-04-04
C012,2025-04-05
C012,2025-04-06
C012,2025-04-07
C012,2025-04-08
C012,2025-04-09
C012,2025-04-10
C012,2025-04-12
C012,2025-04-13
C012,2025-04-14
C012,2025-04-15
C012,2025-04-16
C012,2025-04-17
C012,2025-04-18
C012,2025-04-19
C012,2025-04-20
C012,2025-04-21
C012,2025-04-22
C012,2025-04-23
C012,2025-04-24
C012,2025-04-25
C012,2025-04-26
C012,2025-04-27
C012,2025-04-28
C012,2025-04-29
C012,2025-04-30
C012,2025-05-01
C012,2025-05-02
C012,2025-05-03
C012,2025-05-04
C012,2025-05-05
C012,2025-05-06
C012,2025-05-07
C012,2025-05-08
C012,2025-05-09
C012,2025-05-10
C012,2025-05-11
C012,2025-05-12
C012,2025-05-13
C012,2025-05-14
C012,2025-05-15
C012,2025-05-16
C012,2025-05-17
C012,2025-05-18
C012,2025-05-19
C012,2025-05-20
C012,2025-05-21
C012,2025-05-22
C012,2025-05-23
C012,2025-05-24
C012,2025-05-25
C012,2025-05-26
C012,2025-05-27
C012,2025-05-28
C012,2025-05-29
C012,2025-05-30
C012,2025-05-31
C012,2025-06-01
C012,2025-06-02
C012,2025-06-03
C012,2025-06-04
C012,2025-06-05
C012,2025-06-06
C012,2025-06-07
C012,2025-06-08
C012,2025-06-09
C012,2025-06-10
C012,2025-06-11
C012,2025-06-12
C012,2025-06-13
C012,2025-06-14
C012,2025-06-15
C012,2025-06-16
C012,2025-06-17
C012,2025-06-18
C012,2025-06-19
C012,2025-06-20
C012,2025-06-21
C012,2025-06-22
C012,2025-06-23
C012,2025-06-24
C012,2025-06-25
C012,2025-06-26
C012,2025-06-27
C012,2025-06-29
C012,2025-06-30
C012,2025-07-01
C012,2025-07-02
C012,2025-07-03
C012,2025-07-04
C012,2025-07-05
C012,2025-07-06
C012,2025-07-07
C012,2025-07-08
C012,2025-07-09
C012,2025-07-10
C012,2025-07-11
C012,2025-07-12
C012,2025-07-13
C012,2025-07-14
C012,2025-07-15
C012,2025-07-16
C012,2025-07-17
C012,2025-07-18
C012,2025-07-19
C012,2025-07-20
C012,2025-07-21
C012,2025-07-22
C012,2025-07-23
C012,2025-07-24
C012,2025-07-25
C012,2025-07-26
C012,2025-07-27
C012,2025-07-28
C012,2025-07-29
C012,2025-07-30
C012,2025-07-31
C012,2025-08-01
C012,2025-08-02
C012,2025-08-03
C012,2025-08-04
C012,2025-08-05
C012,2025-08-06
C012,2025-08-07
C012,2025-08-08
C012,2025-08-09
C012,2025-08-10
C012,2025-08-11
C012,2025-08-12
C012,2025-08-13
C012,2025-08-14
C012,2025-08-15
C012,2025-08-16
C012,2025-08-17
C012,2025-08-18
C012,2025-08-19
C012,2025-08-20
C012,2025-08-21
C012,2025-08-22
C012,2025-08-23
C012,2025-08-24
C012,2025-08-25
C012,2025-08-26
C012,2025-08-27
C012,2025-08-28
C012,2025-08-29
C012,2025-08-30
C012,2025-08-31
C012,2025-09-01
C012,2025-09-02
C012,2025-09-03
C012,2025-09-04
C012,2025-09-05
C012,2025-09-06
C012,2025-09-07
C012,2025-09-08
C012,2025-09-09
C012,2025-09-10
C012,2025-09-11
C012,2025-09-12
C012,2025-09-13
C012,2025-09-14
C012,2025-09-15
C012,2025-09-16
C012,2025-09-17
C012,2025-09-18
C012,2025-09-19
C012,2025-09-20
C012,2025-09-21
C012,2025-09-22
C012,2025-09-23
C012,2025-09-24
C012,2025-09-25
C012,2025-09-26
C012,2025-09-27
C012,2025-09-29
C012,2025-09-30
C013,2025-01-08
C013,2025-01-09
C013,2025-01-10
C013,2025-01-11
C013,2025-01-12
C013,2025-01-13
C013,2025-01-14
C013,2025-01-15
C013,2025-01-16
C013,2025-01-17
C013,2025-01-19
C013,2025-01-20
C013,2025-01-21
C013,2025-01-22
C013,2025-01-23
C013,2025-01-24
C013,2025-01-25
C013,2025-01-26
C013,2025-01-27
C013,2025-01-28
C013,2025-01-30
C013,2025-01-31
C013,2025-02-01
C013,2025-02-02
C013,2025-02-03
C013,2025-02-04
C013,2025-02-05
C013,2025-02-06
C013,2025-02-07
C013,2025-02-08
C013,2025-02-09
C013,2025-02-10
C013,2025-02-11
C013,2025-02-12
C013,2025-02-13
C013,2025-02-14
C013,2025-02-15
C013,2025-02-16
C013,2025-02-17
C013,2025-02-18
C013,2025-02-19
C013,2025-02-20
C013,2025-02-21
C013,2025-02-22
C013,2025-02-23
C013,2025-02-24
C013,2025-02-25
C013,2025-02-26
C013,2025-02-27
C013,2025-02-28
C013,2025-03-01
C013,2025-03-02
C013,2025-03-03
C013,2025-03-04
C013,2025-03-05
C013,2025-03-06
C013,2025-03-07
C013,2025-03-08
C013,2025-03-09
C013,2025-03-10
C013,2025-03-11
C013,2025-03-12
C013,2025-03-13
C013,2025-03-14
C013,2025-03-15
C013,2025-03-16
C013,2025-03-17
C013,2025-03-18
C013,2025-03-19
C013,2025-03-20
C013,2025-03-21
C013,2025-03-23
C013,2025-03-24
C013,2025-03-25
C013,2025-03-26
C013,2025-03-28
C013,2025-03-29
C013,2025-03-30
C013,2025-04-01
C013,2025-04-02
C013,2025-04-03
C013,2025-04-04
C013,2025-04-05
C013,2025-04-06
C013,2025-04-07
C013,2025-04-08
C013,2025-04-09
C013,2025-04-10
C013,2025-04-11
C013,2025-04-12
C013,2025-04-13
C013,2025-04-14
C013,2025-04-15
C013,2025-04-16
C013,2025-04-17
C013,2025-04-18
C013,2025-04-19
C013,2025-04-20
C013,2025-04-21
C013,2025-04-22
C013,2025-04-23
C013,2025-04-24
C013,2025-04-25
C013,2025-04-26
C013,2025-04-27
C013,2025-04-28
C013,2025-04-29
C013,2025-04-30
C013,2025-05-01
C013,2025-05-02
C013,2025-05-03
C013,2025-05-04
C013,2025-05-05
C013,2025-05-06
C013,2025-05-07
C013,2025-05-08
C013,2025-05-09
C013,2025-05-10
C013,2025-05-11
C013,2025-05-12
C013,2025-05-13
C013,2025-05-14
C013,2025-05-15
C013,2025-05-16
C013,2025-05-17
C013,2025-05-18
C013,2025-05-19
C013,2025-05-20
C013,2025-05-21
C013,2025-05-22
C013,2025-05-23
C013,2025-05-24
C013,2025-05-25
C013,2025-05-26
C013,2025-05-27
C013,2025-05-28
C013,2025-05-29
C013,2025-05-30
C013,2025-05-31
C013,2025-06-01
C013,2025-06-02
C013,2025-06-03
C013,2025-06-04
C013,2025-06-05
C013,2025-06-06
C013,2025-06-07
C013,2025-06-08
C013,2025-06-09
C013,2025-06-10
C013,2025-06-11
C013,2025-06-12
C013,2025-06-13
C013,2025-06-14
C013,2025-06-15
C013,2025-06-16
C013,2025-06-17
C013,2025-06-18
C013,2025-06-19
C013,2025-06-20
C013,2025-06-21
C013,2025-06-22
C013,2025-06-23
C013,2025-06-24
C013,2025-06-25
C013,2025-06-26
C013,2025-06-27
C013,2025-06-28
C013,2025-06-29
C013,2025-06-30
C013,2025-07-02
C013,2025-07-03
C013,2025-07-04
C013,2025-07-05
C013,2025-07-06
C013,2025-07-07
C013,2025-07-08
C013,2025-07-09
C013,2025-07-10
C013,2025-07-11
C013,2025-07-12
C013,2025-07-13
C013,2025-07-14
C013,2025-07-15
C013,2025-07-16
C013,2025-07-17
C013,2025-07-18
C013,2025-07-19
C013,2025-07-20
C013,2025-07-21
C013,2025-07-22
C013,2025-07-23
C013,2025-07-24
C013,2025-07-25
C013,2025-07-26
C013,2025-07-27
C013,2025-07-28
C013,2025-07-29
C013,2025-07-30
C013,2025-07-31
C013,2025-08-01
C013,2025-08-02
C013,2025-08-03
C013,2025-08-04
C013,2025-08-05
C013,2025-08-06
C013,2025-08-07
C013,2025-08-08
C013,2025-08-09
C013,2025-08-10
C013,2025-08-11
C013,2025-08-12
C013,2025-08-13
C013,2025-08-14
C013,2025-08-15
C013,2025-08-16
C013,2025-08-17
C013,2025-08-18
C013,2025-08-19
C013,2025-08-20
C013,2025-08-21
C013,2025-08-22
C013,2025-08-23
C013,2025-08-24
C013,2025-08-25
C013,2025-08-26
C013,2025-08-27
C013,2025-08-28
C013,2025-08-29
C013,2025-08-30
C013,2025-08-31
C013,2025-09-01
C013,2025-09-02
C013,2025-09-03
C013,2025-09-04
C013,2025-09-05
C013,2025-09-06
C013,2025-09-07
C013,2025-09-08
C013,2025-09-09
C013,2025-09-10
C013,2025-09-11
C013,2025-09-12
C013,2025-09-13
C013,2025-09-14
C013,2025-09-15
C013,2025-09-16
C013,2025-09-17
C013,2025-09-18
C013,2025-09-19
C013,2025-09-20
C013,2025-09-21
C013,2025-09-22
C013,2025-09-23
C013,2025-09-24
C013,2025-09-25
C013,2025-09-26
C013,2025-09-27
C013,2025-09-28
C013,2025-09-29
C013,2025-09-30
C014,2025-01-08
C014,2025-01-09
C014,2025-01-10
C014,2025-01-11
C014,2025-01-12
C014,2025-01-13
C014,2025-01-14
C014,2025-01-15
C014,2025-01-17
C014,2025-01-18
C014,2025-01-19
C014,2025-01-20
C014,2025-01-21
C014,2025-01-22
C014,2025-01-23
C014,2025-01-24
C014,2025-01-25
C014,2025-01-26
C014,2025-01-27
C014,2025-01-28
C014,2025-01-29
C014,2025-01-30
C014,2025-01-31
C014,2025-02-01
C014,2025-02-02
C014,2025-02-03
C014,2025-02-04
C014,2025-02-05
C014,2025-02-06
C014,2025-02-07
C014,2025-02-08
C014,2025-02-09
C014,2025-02-10
C014,2025-02-11
C014,2025-02-12
C014,2025-02-13
C014,2025-02-14
C014,2025-02-15
C014,2025-02-16
C014,2025-02-17
C014,2025-02-18
C014,2025-02-19
C014,2025-02-20
C014,2025-02-21
C014,2025-02-22
C014,2025-02-23
C014,2025-02-24
C014,2025-02-25
C014,2025-02-26
C014,2025-02-27
C014,2025-02-28
C014,2025-03-01
C014,2025-03-02
C014,2025-03-03
C014,2025-03-04
C014,2025-03-05
C014,2025-03-06
C014,2025-03-07
C014,2025-03-08
C014,2025-03-09
C014,2025-03-10
C014,2025-03-11
C014,2025-03-12
C014,2025-03-13
C014,2025-03-14
C014,2025-03-15
C014,2025-03-16
C014,2025-03-17
C014,2025-03-18
C014,2025-03-19
C014,2025-03-20
C014,2025-03-21
C014,2025-03-22
C014,2025-03-23
C014,2025-03-24
C014,2025-03-25
C014,2025-03-26
C014,2025-03-27
C014,2025-03-28
C014,2025-03-29
C014,2025-03-30
C014,2025-03-31
C014,2025-04-01
C014,2025-04-02
C014,2025-04-03
C014,2025-04-04
C014,2025-04-05
C014,2025-04-06
C014,2025-04-07
C014,2025-04-08
C014,2025-04-09
C014,2025-04-10
C014,2025-04-11
C014,2025-04-12
C014,2025-04-13
C014,2025-04-14
C014,2025-04-15
C014,2025-04-16
C014,2025-04-17
C014,2025-04-18
C014,2025-04-19
C014,2025-04-20
C014,2025-04-21
C014,2025-04-22
C014,2025-04-23
C014,2025-04-24
C014,2025-04-25
C014,2025-04-26
C014,2025-04-27
C014,2025-04-28
C014,2025-04-29
C014,2025-04-30
C014,2025-05-01
C014,2025-05-02
C014,2025-05-03
C014,2025-05-04
C014,2025-05-05
C014,2025-05-08
C014,2025-05-09
C014,2025-05-10
C014,2025-05-11
C014,2025-05-12
C014,2025-05-13
C014,2025-05-14
C014,2025-05-15
C014,2025-05-16
C014,2025-05-17
C014,2025-05-18
C014,2025-05-19
C014,2025-05-20
C014,2025-05-21
C014,2025-05-22
C014,2025-05-23
C014,2025-05-24
C014,2025-05-25
C014,2025-05-26
C014,2025-05-27
C014,2025-05-28
C014,2025-05-29
C014,2025-05-30
C014,2025-05-31
C014,2025-06-01
C014,2025-06-02
C014,2025-06-03
C014,2025-06-04
C014,2025-06-05
C014,2025-06-06
C014,2025-06-07
C014,2025-06-08
C014,2025-06-09
C014,2025-06-10
C014,2025-06-11
C014,2025-06-12
C014,2025-06-13
C014,2025-06-14
C014,2025-06-15
C014,2025-06-16
C014,2025-06-17
C014,2025-06-18
C014,2025-06-19
C014,2025-06-20
C014,2025-06-21
C014,2025-06-22
C014,2025-06-23
C014,2025-06-24
C014,2025-06-25
C014,2025-06-26
C014,2025-06-27
C014,2025-06-28
C014,2025-06-29
C014,2025-06-30
C014,2025-07-01
C014,2025-07-02
C014,2025-07-03
C014,2025-07-04
C014,2025-07-05
C014,2025-07-06
C014,2025-07-07
C014,2025-07-08
C014,2025-07-09
C014,2025-07-10
C014,2025-07-11
C014,2025-07-12
C014,2025-07-13
C014,2025-07-14
C014,2025-07-15
C014,2025-07-16
C014,2025-07-17
C014,2025-07-18
C014,2025-07-19
C014,2025-07-20
C014,2025-07-21
C014,2025-07-22
C014,2025-07-23
C014,2025-07-24
C014,2025-07-25
C014,2025-07-26
C014,2025-07-27
C014,2025-07-28
C014,2025-07-29
C014,2025-07-30
C014,2025-07-31
C014,2025-08-01
C014,2025-08-02
C014,2025-08-03
C014,2025-08-04
C014,2025-08-05
C014,2025-08-06
C014,2025-08-07
C014,2025-08-08
C014,2025-08-09
C014,2025-08-10
C014,2025-08-11
C014,2025-08-12
C014,2025-08-13
C014,2025-08-14
C014,2025-08-15
C014,2025-08-16
C014,2025-08-17
C014,2025-08-20
C014,2025-08-21
C014,2025-08-22
C014,2025-08-23
C014,2025-08-24
C014,2025-08-25
C014,2025-08-26
C014,2025-08-29
C014,2025-08-30
C014,2025-08-31
C014,2025-09-01
C014,2025-09-02
C014,2025-09-03
C014,2025-09-04
C014,2025-09-05
C014,2025-09-06
C014,2025-09-07
C014,2025-09-08
C014,2025-09-09
C014,2025-09-10
C014,2025-09-11
C014,2025-09-12
C014,2025-09-13
C014,2025-09-14
C014,2025-09-15
C014,2025-09-16
C014,2025-09-17
C014,2025-09-18
C014,2025-09-19
C014,2025-09-20
C014,2025-09-21
C014,2025-09-22
C014,2025-09-23
C014,2025-09-24
C014,2025-09-25
C014,2025-09-26
C014,2025-09-27
C014,2025-09-28
C014,2025-09-29
C014,2025-09-30
C015,2025-01-08
C015,2025-01-09
C015,2025-01-10
C015,2025-01-11
C015,2025-01-12
C015,2025-01-13
C015,2025-01-14
C015,2025-01-15
C015,2025-01-16
C015,2025-01-17
C015,2025-01-18
C015,2025-01-19
C015,2025-01-20
C015,2025-01-21
C015,2025-01-22
C015,2025-01-23
C015,2025-01-24
C015,2025-01-25
C015,2025-01-26
C015,2025-01-27
C015,2025-01-28
C015,2025-01-29
C015,2025-01-30
C015,2025-01-31
C015,2025-02-01
C015,2025-02-02
C015,2025-02-03
C015,2025-02-04
C015,2025-02-05
C015,2025-02-06
C015,2025-02-07
C015,2025-02-08
C015,2025-02-09
C015,2025-02-10
C015,2025-02-11
C015,2025-02-12
C015,2025-02-13
C015,2025-02-14
C015,2025-02-15
C015,2025-02-16
C015,2025-02-17
C015,2025-02-18
C015,2025-02-19
C015,2025-02-20
C015,2025-02-21
C015,2025-02-22
C015,2025-02-23
C015,2025-02-24
C015,2025-02-25
C015,2025-02-26
C015,2025-02-27
C015,2025-02-28
C015,2025-03-01
C015,2025-03-02
C015,2025-03-03
C015,2025-03-04
C015,2025-03-05
C015,2025-03-06
C015,2025-03-07
C015,2025-03-08
C015,2025-03-09
C015,2025-03-10
C015,2025-03-11
C015,2025-03-12
C015,2025-03-13
C015,2025-03-14
C015,2025-03-17
C015,2025-03-18
C015,2025-03-19
C015,2025-03-20
C015,2025-03-21
C015,2025-03-22
C015,2025-03-23
C015,2025-03-24
C015,2025-03-25
C015,2025-03-26
C015,2025-03-27
C015,2025-03-28
C015,2025-03-29
C015,2025-03-30
C015,2025-03-31
C015,2025-04-01
C015,2025-04-02
C015,2025-04-03
C015,2025-04-04
C015,2025-04-05
C015,2025-04-06
C015,2025-04-07
C015,2025-04-08
C015,2025-04-09
C015,2025-04-10
C015,2025-04-11
C015,2025-04-12
C015,2025-04-13
C015,2025-04-14
C015,2025-04-15
C015,2025-04-16
C015,2025-04-17
C015,2025-04-18
C015,2025-04-19
C015,2025-04-20
C015,2025-04-21
C015,2025-04-22
C015,2025-04-23
C015,2025-04-24
C015,2025-04-25
C015,2025-04-26
C015,2025-04-27
C015,2025-04-28
C015,2025-04-29
C015,2025-04-30
C015,2025-05-01
C015,2025-05-02
C015,2025-05-03
C015,2025-05-04
C015,2025-05-05
C015,2025-05-06
C015,2025-05-07
C015,2025-05-08
C015,2025-05-09
C015,2025-05-10
C015,2025-05-11
C015,2025-05-12
C015,2025-05-13
C015,2025-05-14
C015,2025-05-15
C015,2025-05-16
C015,2025-05-17
C015,2025-05-18
C015,2025-05-19
C015,2025-05-20
C015,2025-05-21
C015,2025-05-22
C015,2025-05-23
C015,2025-05-24
C015,2025-05-25
C015,2025-05-26
C015,2025-05-27
C015,2025-05-28
C015,2025-05-29
C015,2025-05-30
C015,2025-05-31
C015,2025-06-01
C015,2025-06-02
C015,2025-06-03
C015,2025-06-04
C015,2025-06-05
C015,2025-06-06
C015,2025-06-07
C015,2025-06-08
C015,2025-06-09
C015,2025-06-10
C015,2025-06-11
C015,2025-06-12
C015,2025-06-13
C015,2025-06-14
C015,2025-06-15
C015,2025-06-16
C015,2025-06-17
C015,2025-06-18
C015,2025-06-19
C015,2025-06-20
C015,2025-06-21
C015,2025-06-22
C015,2025-06-23
C015,2025-06-24
C015,2025-06-25
C015,2025-06-26
C015,2025-06-27
C015,2025-06-28
C015,2025-06-29
C015,2025-06-30
C015,2025-07-01
C015,2025-07-02
C015,2025-07-03
C015,2025-07-04
C015,2025-07-05
C015,2025-07-06
C015,2025-07-07
C015,2025-07-08
C015,2025-07-10
C015,2025-07-11
C015,2025-07-12
C015,2025-07-13
C015,2025-07-14
C015,2025-07-15
C015,2025-07-16
C015,2025-07-17
C015,2025-07-18
C015,2025-07-19
C015,2025-07-20
C015,2025-07-21
C015,2025-07-22
C015,2025-07-23
C015,2025-07-24
C015,2025-07-25
C015,2025-07-26
C015,2025-07-27
C015,2025-07-28
C015,2025-07-29
C015,2025-07-30
C015,2025-07-31
C015,2025-08-01
C015,2025-08-02
C015,2025-08-03
C015,2025-08-04
C015,2025-08-05
C015,2025-08-06
C015,2025-08-07
C015,2025-08-08
C015,2025-08-09
C015,2025-08-10
C015,2025-08-11
C015,2025-08-12
C015,2025-08-13
C015,2025-08-14
C015,2025-08-15
C015,2025-08-16
C015,2025-08-17
C015,2025-08-18
C015,2025-08-19
C015,2025-08-20
C015,2025-08-21
C015,2025-08-22
C015,2025-08-23
C015,2025-08-24
C015,2025-08-25
C015,2025-08-26
C015,2025-08-27
C015,2025-08-28
C015,2025-08-29
C015,2025-08-30
C015,2025-08-31
C015,2025-09-01
C015,2025-09-02
C015,2025-09-03
C015,2025-09-04
C015,2025-09-05
C015,2025-09-06
C015,2025-09-07
C015,2025-09-08
C015,2025-09-09
C015,2025-09-10
C015,2025-09-11
C015,2025-09-12
C015,2025-09-13
C015,2025-09-14
C015,2025-09-15
C015,2025-09-16
C015,2025-09-17
C015,2025-09-18
C015,2025-09-19
C015,2025-09-20
C015,2025-09-21
C015,2025-09-22
C015,2025-09-23
C015,2025-09-24
C015,2025-09-25
C015,2025-09-26
C015,2025-09-27
C015,2025-09-28
C015,2025-09-29
C015,2025-09-30
C016,2025-01-08
C016,2025-01-09
C016,2025-01-10
C016,2025-01-11
C016,2025-01-12
C016,2025-01-13
C016,2025-01-14
C016,2025-01-15
C016,2025-01-16
C016,2025-01-17
C016,2025-01-18
C016,2025-01-19
C016,2025-01-20
C016,2025-01-21
C016,2025-01-22
C016,2025-01-23
C016,2025-01-24
C016,2025-01-25
C016,2025-01-26
C016,2025-01-27
C016,2025-01-28
C016,2025-01-29
C016,2025-01-30
C016,2025-01-31
C016,2025-02-01
C016,2025-02-02
C016,2025-02-03
C016,2025-02-04
C016,2025-02-05
C016,2025-02-06
C016,2025-02-07
C016,2025-02-08
C016,2025-02-09
C016,2025-02-10
C016,2025-02-11
C016,2025-02-12
C016,2025-02-13
C016,2025-02-14
C016,2025-02-15
C016,2025-02-16
C016,2025-02-17
C016,2025-02-18
C016,2025-02-19
C016,2025-02-20
C016,2025-02-21
C016,2025-02-22
C016,2025-02-23
C016,2025-02-24
C016,2025-02-25
C016,2025-02-26
C016,2025-02-27
C016,2025-02-28
C016,2025-03-01
C016,2025-03-02
C016,2025-03-03
C016,2025-03-04
C016,2025-03-05
C016,2025-03-06
C016,2025-03-07
C016,2025-03-08
C016,2025-03-09
C016,2025-03-10
C016,2025-03-11
C016,2025-03-12
C016,2025-03-13
C016,2025-03-14
C016,2025-03-15
C016,2025-03-16
C016,2025-03-17
C016,2025-03-18
C016,2025-03-19
C016,2025-03-20
C016,2025-03-21
C016,2025-03-22
C016,2025-03-23
C016,2025-03-25
C016,2025-03-26
C016,2025-03-27
C016,2025-03-28
C016,2025-03-29
C016,2025-03-30
C016,2025-03-31
C016,2025-04-01
C016,2025-04-02
C016,2025-04-03
C016,2025-04-04
C016,2025-04-05
C016,2025-04-06
C016,2025-04-07
C016,2025-04-08
C016,2025-04-09
C016,2025-04-10
C016,2025-04-11
C016,2025-04-12
C016,2025-04-13
C016,2025-04-14
C016,2025-04-15
C016,2025-04-16
C016,2025-04-17
C016,2025-04-18
C016,2025-04-19
C016,2025-04-20
C016,2025-04-21
C016,2025-04-22
C016,2025-04-23
C016,2025-04-24
C016,2025-04-25
C016,2025-04-26
C016,2025-04-27
C016,2025-04-28
C016,2025-04-29
C016,2025-04-30
C016,2025-05-01
C016,2025-05-02
C016,2025-05-03
C016,2025-05-04
C016,2025-05-05
C016,2025-05-06
C016,2025-05-07
C016,2025-05-08
C016,2025-05-09
C016,2025-05-10
C016,2025-05-11
C016,2025-05-13
C016,2025-05-14
C016,2025-05-15
C016,2025-05-16
C016,2025-05-17
C016,2025-05-18
C016,2025-05-19
C016,2025-05-20
C016,2025-05-21
C016,2025-05-22
C016,2025-05-23
C016,2025-05-24
C016,2025-05-25
C016,2025-05-26
C016,2025-05-27
C016,2025-05-28
C016,2025-05-29
C016,2025-05-30
C016,2025-05-31
C016,2025-06-01
C016,2025-06-02
C016,2025-06-03
C016,2025-06-04
C016,2025-06-05
C016,2025-06-06
C016,2025-06-07
C016,2025-06-08
C016,2025-06-09
C016,2025-06-10
C016,2025-06-11
C016,2025-06-12
C016,2025-06-13
C016,2025-06-14
C016,2025-06-15
C016,2025-06-16
C016,2025-06-17
C016,2025-06-18
C016,2025-06-19
C016,2025-06-21
C016,2025-06-22
C016,2025-06-23
C016,2025-06-24
C016,2025-06-25
C016,2025-06-26
C016,2025-06-27
C016,2025-06-28
C016,2025-06-29
C016,2025-06-30
C016,2025-07-01
C016,2025-07-02
C016,2025-07-03
C016,2025-07-04
C016,2025-07-05
C016,2025-07-06
C016,2025-07-07
C016,2025-07-08
C016,2025-07-09
C016,2025-07-10
C016,2025-07-11
C016,2025-07-12
C016,2025-07-13
C016,2025-07-14
C016,2025-07-15
C016,2025-07-16
C016,2025-07-17
C016,2025-07-19
C016,2025-07-20
C016,2025-07-21
C016,2025-07-22
C016,2025-07-23
C016,2025-07-24
C016,2025-07-25
C016,2025-07-26
C016,2025-07-27
C016,2025-07-28
C016,2025-07-29
C016,2025-07-30
C016,2025-07-31
C016,2025-08-01
C016,2025-08-02
C016,2025-08-03
C016,2025-08-04
C016,2025-08-05
C016,2025-08-06
C016,2025-08-07
C016,2025-08-08
C016,2025-08-09
C016,2025-08-10
C016,2025-08-11
C016,2025-08-12
C016,2025-08-13
C016,2025-08-14
C016,2025-08-15
C016,2025-08-16
C016,2025-08-17
C016,2025-08-18
C016,2025-08-19
C016,2025-08-20
C016,2025-08-21
C016,2025-08-22
C016,2025-08-23
C016,2025-08-24
C016,2025-08-25
C016,2025-08-26
C016,2025-08-27
C016,2025-08-28
C016,2025-08-29
C016,2025-08-30
C016,2025-08-31
C016,2025-09-01
C016,2025-09-02
C016,2025-09-03
C016,2025-09-04
C016,2025-09-05
C016,2025-09-06
C016,2025-09-07
C016,2025-09-08
C016,2025-09-09
C016,2025-09-10
C016,2025-09-11
C016,2025-09-12
C016,2025-09-13
C016,2025-09-14
C016,2025-09-15
C016,2025-09-16
C016,2025-09-17
C016,2025-09-18
C016,2025-09-19
C016,2025-09-20
C016,2025-09-21
C016,2025-09-22
C016,2025-09-23
C016,2025-09-24
C016,2025-09-25
C016,2025-09-26
C016,2025-09-27
C016,2025-09-28
C016,2025-09-29
C016,2025-09-30
C017,2025-01-08
C017,2025-01-09
C017,2025-01-10
C017,2025-01-11
C017,2025-01-12
C017,2025-01-13
C017,2025-01-14
C017,2025-01-15
C017,2025-01-16
C017,2025-01-17
C017,2025-01-18
C017,2025-01-19
C017,2025-01-20
C017,2025-01-21
C017,2025-01-22
C017,2025-01-23
C017,2025-01-24
C017,2025-01-25
C017,2025-01-26
C017,2025-01-27
C017,2025-01-28
C017,2025-01-29
C017,2025-01-30
C017,2025-01-31
C017,2025-02-01
C017,2025-02-02
C017,2025-02-03
C017,2025-02-04
C017,2025-02-05
C017,2025-02-06
C017,2025-02-07
C017,2025-02-08
C017,2025-02-09
C017,2025-02-10
C017,2025-02-11
C017,2025-02-12
C017,2025-02-13
C017,2025-02-14
C017,2025-02-15
C017,2025-02-16
C017,2025-02-17
C017,2025-02-18
C017,2025-02-19
C017,2025-02-20
C017,2025-02-21
C017,2025-02-22
C017,2025-02-23
C017,2025-02-24
C017,2025-02-25
C017,2025-02-26
C017,2025-02-27
C017,2025-02-28
C017,2025-03-01
C017,2025-03-02
C017,2025-03-03
C017,2025-03-04
C017,2025-03-05
C017,2025-03-06
C017,2025-03-07
C017,2025-03-08
C017,2025-03-09
C017,2025-03-10
C017,2025-03-11
C017,2025-03-13
C017,2025-03-14
C017,2025-03-15
C017,2025-03-16
C017,2025-03-18
C017,2025-03-19
C017,2025-03-20
C017,2025-03-21
C017,2025-03-22
C017,2025-03-23
C017,2025-03-24
C017,2025-03-25
C017,2025-03-26
C017,2025-03-27
C017,2025-03-28
C017,2025-03-29
C017,2025-03-30
C017,2025-03-31
C017,2025-04-01
C017,2025-04-02
C017,2025-04-03
C017,2025-04-04
C017,2025-04-05
C017,2025-04-06
C017,2025-04-07
C017,2025-04-08
C017,2025-04-09
C017,2025-04-10
C017,2025-04-11
C017,2025-04-12
C017,2025-04-13
C017,2025-04-16
C017,2025-04-17
C017,2025-04-18
C017,2025-04-19
C017,2025-04-20
C017,2025-04-21
C017,2025-04-22
C017,2025-04-23
C017,2025-04-24
C017,2025-04-25
C017,2025-04-26
C017,2025-04-27
C017,2025-04-28
C017,2025-04-29
C017,2025-04-30
C017,2025-05-01
C017,2025-05-02
C017,2025-05-03
C017,2025-05-04
C017,2025-05-05
C017,2025-05-06
C017,2025-05-07
C017,2025-05-08
C017,2025-05-09
C017,2025-05-10
C017,2025-05-11
C017,2025-05-12
C017,2025-05-13
C017,2025-05-14
C017,2025-05-15
C017,2025-05-16
C017,2025-05-17
C017,2025-05-18
C017,2025-05-19
C017,2025-05-20
C017,2025-05-21
C017,2025-05-22
C017,2025-05-23
C017,2025-05-24
C017,2025-05-25
C017,2025-05-26
C017,2025-05-27
C017,2025-05-28
C017,2025-05-29
C017,2025-05-30
C017,2025-05-31
C017,2025-06-01
C017,2025-06-02
C017,2025-06-03
C017,2025-06-04
C017,2025-06-05
C017,2025-06-06
C017,2025-06-07
C017,2025-06-08
C017,2025-06-09
C017,2025-06-10
C017,2025-06-11
C017,2025-06-12
C017,2025-06-13
C017,2025-06-14
C017,2025-06-15
C017,2025-06-16
C017,2025-06-17
C017,2025-06-18
C017,2025-06-19
C017,2025-06-20
C017,2025-06-21
C017,2025-06-22
C017,2025-06-23
C017,2025-06-24
C017,2025-06-25
C017,2025-06-26
C017,2025-06-27
C017,2025-06-28
C017,2025-06-29
C017,2025-06-30
C017,2025-07-01
C017,2025-07-02
C017,2025-07-03
C017,2025-07-04
C017,2025-07-06
C017,2025-07-07
C017,2025-07-08
C017,2025-07-09
C017,2025-07-10
C017,2025-07-11
C017,2025-07-12
C017,2025-07-13
C017,2025-07-14
C017,2025-07-15
C017,2025-07-16
C017,2025-07-17
C017,2025-07-18
C017,2025-07-19
C017,2025-07-20
C017,2025-07-21
C017,2025-07-22
C017,2025-07-23
C017,2025-07-24
C017,2025-07-25
C017,2025-07-26
C017,2025-07-27
C017,2025-07-28
C017,2025-07-29
C017,2025-07-30
C017,2025-07-31
C017,2025-08-01
C017,2025-08-02
C017,2025-08-03
C017,2025-08-04
C017,2025-08-05
C017,2025-08-06
C017,2025-08-07
C017,2025-08-08
C017,2025-08-09
C017,2025-08-10
C017,2025-08-11
C017,2025-08-12
C017,2025-08-13
C017,2025-08-14
C017,2025-08-15
C017,2025-08-16
C017,2025-08-17
C017,2025-08-18
C017,2025-08-19
C017,2025-08-20
C017,2025-08-21
C017,2025-08-22
C017,2025-08-23
C017,2025-08-24
C017,2025-08-25
C017,2025-08-26
C017,2025-08-27
C017,2025-08-28
C017,2025-08-29
C017,2025-08-30
C017,2025-08-31
C017,2025-09-01
C017,2025-09-02
C017,2025-09-03
C017,2025-09-04
C017,2025-09-05
C017,2025-09-06
C017,2025-09-07
C017,2025-09-08
C017,2025-09-09
C017,2025-09-10
C017,2025-09-12
C017,2025-09-13
C017,2025-09-14
C017,2025-09-15
C017,2025-09-16
C017,2025-09-17
C017,2025-09-18
C017,2025-09-19
C017,2025-09-20
C017,2025-09-21
C017,2025-09-22
C017,2025-09-23
C017,2025-09-24
C017,2025-09-25
C017,2025-09-26
C017,2025-09-27
C017,2025-09-28
C017,2025-09-29
C017,2025-09-30
C018,2025-01-08
C018,2025-01-09
C018,2025-01-10
C018,2025-01-12
C018,2025-01-13
C018,2025-01-14
C018,2025-01-15
C018,2025-01-16
C018,2025-01-17
C018,2025-01-18
C018,2025-01-19
C018,2025-01-20
C018,2025-01-21
C018,2025-01-22
C018,2025-01-23
C018,2025-01-24
C018,2025-01-25
C018,2025-01-26
C018,2025-01-27
C018,2025-01-29
C018,2025-01-30
C018,2025-01-31
C018,2025-02-01
C018,2025-02-02
C018,2025-02-03
C018,2025-02-04
C018,2025-02-05
C018,2025-02-06
C018,2025-02-07
C018,2025-02-08
C018,2025-02-09
C018,2025-02-10
C018,2025-02-11
C018,2025-02-12
C018,2025-02-13
C018,2025-02-14
C018,2025-02-15
C018,2025-02-16
C018,2025-02-17
C018,2025-02-18
C018,2025-02-19
C018,2025-02-20
C018,2025-02-21
C018,2025-02-22
C018,2025-02-23
C018,2025-02-24
C018,2025-02-25
C018,2025-02-26
C018,2025-02-27
C018,2025-02-28
C018,2025-03-01
C018,2025-03-02
C018,2025-03-03
C018,2025-03-04
C018,2025-03-05
C018,2025-03-06
C018,2025-03-07
C018,2025-03-08
C018,2025-03-09
C018,2025-03-10
C018,2025-03-11
C018,2025-03-12
C018,2025-03-13
C018,2025-03-14
C018,2025-03-15
C018,2025-03-16
C018,2025-03-17
C018,2025-03-18
C018,2025-03-19
C018,2025-03-20
C018,2025-03-21
C018,2025-03-22
C018,2025-03-23
C018,2025-03-24
C018,2025-03-25
C018,2025-03-26
C018,2025-03-27
C018,2025-03-28
C018,2025-03-29
C018,2025-03-30
C018,2025-03-31
C018,2025-04-01
C018,2025-04-02
C018,2025-04-03
C018,2025-04-04
C018,2025-04-05
C018,2025-04-06
C018,2025-04-07
C018,2025-04-08
C018,2025-04-09
C018,2025-04-10
C018,2025-04-11
C018,2025-04-12
C018,2025-04-13
C018,2025-04-14
C018,2025-04-15
C018,2025-04-16
C018,2025-04-17
C018,2025-04-18
C018,2025-04-19
C018,2025-04-20
C018,2025-04-21
C018,2025-04-22
C018,2025-04-23
C018,2025-04-24
C018,2025-04-25
C018,2025-04-26
C018,2025-04-27
C018,2025-04-28
C018,2025-04-29
C018,2025-04-30
C018,2025-05-01
C018,2025-05-02
C018,2025-05-03
C018,2025-05-04
C018,2025-05-05
C018,2025-05-06
C018,2025-05-07
C018,2025-05-08
C018,2025-05-09
C018,2025-05-10
C018,2025-05-11
C018,2025-05-12
C018,2025-05-13
C018,2025-05-14
C018,2025-05-15
C018,2025-05-16
C018,2025-05-17
C018,2025-05-18
C018,2025-05-19
C018,2025-05-20
C018,2025-05-21
C018,2025-05-22
C018,2025-05-23
C018,2025-05-24
C018,2025-05-25
C018,2025-05-26
C018,2025-05-27
C018,2025-05-28
C018,2025-05-29
C018,2025-05-30
C018,2025-05-31
C018,2025-06-01
C018,2025-06-02
C018,2025-06-03
C018,2025-06-04
C018,2025-06-05
C018,2025-06-06
C018,2025-06-07
C018,2025-06-08
C018,2025-06-09
C018,2025-06-10
C018,2025-06-11
C018,2025-06-12
C018,2025-06-13
C018,2025-06-14
C018,2025-06-15
C018,2025-06-16
C018,2025-06-17
C018,2025-06-18
C018,2025-06-19
C018,2025-06-20
C018,2025-06-21
C018,2025-06-22
C018,2025-06-23
C018,2025-06-24
C018,2025-06-25
C018,2025-06-26
C018,2025-06-27
C018,2025-06-28
C018,2025-06-29
C018,2025-06-30
C018,2025-07-01
C018,2025-07-02
C018,2025-07-03
C018,2025-07-04
C018,2025-07-05
C018,2025-07-06
C018,2025-07-07
C018,2025-07-08
C018,2025-07-09
C018,2025-07-10
C018,2025-07-11
C018,2025-07-12
C018,2025-07-13
C018,2025-07-14
C018,2025-07-15
C018,2025-07-16
C018,2025-07-17
C018,2025-07-18
C018,2025-07-19
C018,2025-07-20
C018,2025-07-21
C018,2025-07-22
C018,2025-07-23
C018,2025-07-24
C018,2025-07-25
C018,2025-07-26
C018,2025-07-27
C018,2025-07-28
C018,2025-07-29
C018,2025-07-30
C018,2025-07-31
C018,2025-08-01
C018,2025-08-02
C018,2025-08-03
C018,2025-08-04
C018,2025-08-05
C018,2025-08-06
C018,2025-08-07
C018,2025-08-08
C018,2025-08-09
C018,2025-08-10
C018,2025-08-11
C018,2025-08-12
C018,2025-08-13
C018,2025-08-14
C018,2025-08-15
C018,2025-08-16
C018,2025-08-17
C018,2025-08-18
C018,2025-08-19
C018,2025-08-20
C018,2025-08-21
C018,2025-08-22
C018,2025-08-23
C018,2025-08-24
C018,2025-08-26
C018,2025-08-27
C018,2025-08-28
C018,2025-08-29
C018,2025-08-30
C018,2025-08-31
C018,2025-09-01
C018,2025-09-02
C018,2025-09-03
C018,2025-09-04
C018,2025-09-05
C018,2025-09-06
C018,2025-09-08
C018,2025-09-09
C018,2025-09-10
C018,2025-09-11
C018,2025-09-12
C018,2025-09-13
C018,2025-09-14
C018,2025-09-15
C018,2025-09-16
C018,2025-09-17
C018,2025-09-18
C018,2025-09-19
C018,2025-09-20
C018,2025-09-21
C018,2025-09-22
C018,2025-09-23
C018,2025-09-24
C018,2025-09-25
C018,2025-09-26
C018,2025-09-27
C018,2025-09-28
C018,2025-09-29
C018,2025-09-30
C019,2025-01-08
C019,2025-01-09
C019,2025-01-10
C019,2025-01-11
C019,2025-01-12
C019,2025-01-13
C019,2025-01-14
C019,2025-01-15
C019,2025-01-16
C019,2025-01-17
C019,2025-01-18
C019,2025-01-19
C019,2025-01-20
C019,2025-01-21
C019,2025-01-22
C019,2025-01-23
C019,2025-01-24
C019,2025-01-25
C019,2025-01-26
C019,2025-01-27
C019,2025-01-29
C019,2025-01-30
C019,2025-01-31
C019,2025-02-01
C019,2025-02-02
C019,2025-02-03
C019,2025-02-04
C019,2025-02-05
C019,2025-02-06
C019,2025-02-07
C019,2025-02-10
C019,2025-02-11
C019,2025-02-12
C019,2025-02-13
C019,2025-02-14
C019,2025-02-15
C019,2025-02-16
C019,2025-02-17
C019,2025-02-18
C019,2025-02-19
C019,2025-02-20
C019,2025-02-21
C019,2025-02-22
C019,2025-02-23
C019,2025-02-24
C019,2025-02-25
C019,2025-02-26
C019,2025-02-27
C019,2025-02-28
C019,2025-03-01
C019,2025-03-02
C019,2025-03-03
C019,2025-03-04
C019,2025-03-05
C019,2025-03-06
C019,2025-03-07
C019,2025-03-08
C019,2025-03-09
C019,2025-03-10
C019,2025-03-11
C019,2025-03-12
C019,2025-03-13
C019,2025-03-14
C019,2025-03-15
C019,2025-03-16
C019,2025-03-17
C019,2025-03-18
C019,2025-03-19
C019,2025-03-20
C019,2025-03-21
C019,2025-03-22
C019,2025-03-23
C019,2025-03-24
C019,2025-03-25
C019,2025-03-26
C019,2025-03-27
C019,2025-03-28
C019,2025-03-29
C019,2025-03-30
C019,2025-03-31
C019,2025-04-01
C019,2025-04-02
C019,2025-04-03
C019,2025-04-04
C019,2025-04-05
C019,2025-04-06
C019,2025-04-07
C019,2025-04-08
C019,2025-04-09
C019,2025-04-10
C019,2025-04-11
C019,2025-04-12
C019,2025-04-13
C019,2025-04-14
C019,2025-04-15
C019,2025-04-16
C019,2025-04-17
C019,2025-04-18
C019,2025-04-19
C019,2025-04-20
C019,2025-04-21
C019,2025-04-22
C019,2025-04-23
C019,2025-04-24
C019,2025-04-25
C019,2025-04-26
C019,2025-04-27
C019,2025-04-28
C019,2025-04-29
C019,2025-04-30
C019,2025-05-01
C019,2025-05-02
C019,2025-05-03
C019,2025-05-04
C019,2025-05-05
C019,2025-05-06
C019,2025-05-07
C019,2025-05-08
C019,2025-05-09
C019,2025-05-10
C019,2025-05-11
C019,2025-05-12
C019,2025-05-13
C019,2025-05-14
C019,2025-05-15
C019,2025-05-16
C019,2025-05-17
C019,2025-05-18
C019,2025-05-19
C019,2025-05-20
C019,2025-05-21
C019,2025-05-22
C019,2025-05-23
C019,2025-05-24
C019,2025-05-25
C019,2025-05-26
C019,2025-05-27
C019,2025-05-28
C019,2025-05-29
C019,2025-05-30
C019,2025-05-31
C019,2025-06-01
C019,2025-06-02
C019,2025-06-03
C019,2025-06-04
C019,2025-06-05
C019,2025-06-06
C019,2025-06-07
C019,2025-06-08
C019,2025-06-09
C019,2025-06-10
C019,2025-06-11
C019,2025-06-12
C019,2025-06-13
C019,2025-06-14
C019,2025-06-15
C019,2025-06-16
C019,2025-06-17
C019,2025-06-18
C019,2025-06-19
C019,2025-06-20
C019,2025-06-21
C019,2025-06-22
C019,2025-06-23
C019,2025-06-24
C019,2025-06-25
C019,2025-06-26
C019,2025-06-27
C019,2025-06-28
C019,2025-06-29
C019,2025-06-30
C019,2025-07-01
C019,2025-07-02
C019,2025-07-03
C019,2025-07-04
C019,2025-07-05
C019,2025-07-07
C019,2025-07-08
C019,2025-07-09
C019,2025-07-10
C019,2025-07-11
C019,2025-07-12
C019,2025-07-13
C019,2025-07-14
C019,2025-07-15
C019,2025-07-16
C019,2025-07-17
C019,2025-07-18
C019,2025-07-19
C019,2025-07-20
C019,2025-07-21
C019,2025-07-22
C019,2025-07-23
C019,2025-07-24
C019,2025-07-25
C019,2025-07-26
C019,2025-07-27
C019,2025-07-28
C019,2025-07-29
C019,2025-07-30
C019,2025-07-31
C019,2025-08-01
C019,2025-08-02
C019,2025-08-03
C019,2025-08-04
C019,2025-08-05
C019,2025-08-06
C019,2025-08-07
C019,2025-08-08
C019,2025-08-09
C019,2025-08-10
C019,2025-08-11
C019,2025-08-12
C019,2025-08-13
C019,2025-08-14
C019,2025-08-15
C019,2025-08-16
C019,2025-08-17
C019,2025-08-18
C019,2025-08-19
C019,2025-08-20
C019,2025-08-21
C019,2025-08-22
C019,2025-08-23
C019,2025-08-24
C019,2025-08-25
C019,2025-08-26
C019,2025-08-27
C019,2025-08-28
C019,2025-08-29
C019,2025-08-30
C019,2025-08-31
C019,2025-09-01
C019,2025-09-02
C019,2025-09-03
C019,2025-09-04
C019,2025-09-05
C019,2025-09-06
C019,2025-09-07
C019,2025-09-08
C019,2025-09-09
C019,2025-09-10
C019,2025-09-11
C019,2025-09-12
C019,2025-09-13
C019,2025-09-14
C019,2025-09-15
C019,2025-09-16
C019,2025-09-17
C019,2025-09-18
C019,2025-09-19
C019,2025-09-20
C019,2025-09-21
C019,2025-09-22
C019,2025-09-23
C019,2025-09-24
C019,2025-09-25
C019,2025-09-26
C019,2025-09-27
C019,2025-09-28
C019,2025-09-29
C019,2025-09-30
C020,2025-01-08
C020,2025-01-09
C020,2025-01-10
C020,2025-01-11
C020,2025-01-12
C020,2025-01-13
C020,2025-01-14
C020,2025-01-15
C020,2025-01-16
C020,2025-01-17
C020,2025-01-18
C020,2025-01-19
C020,2025-01-20
C020,2025-01-21
C020,2025-01-22
C020,2025-01-23
C020,2025-01-24
C020,2025-01-25
C020,2025-01-26
C020,2025-01-27
C020,2025-01-28
C020,2025-01-29
C020,2025-02-03
C020,2025-02-04
C020,2025-02-05
C020,2025-02-06
C020,2025-02-07
C020,2025-02-08
C020,2025-02-09
C020,2025-02-10
C020,2025-02-11
C020,2025-02-12
C020,2025-02-13
C020,2025-02-14
C020,2025-02-15
C020,2025-02-16
C020,2025-02-17
C020,2025-02-18
C020,2025-02-19
C020,2025-02-20
C020,2025-02-21
C020,2025-02-22
C020,2025-02-23
C020,2025-02-24
C020,2025-02-25
C020,2025-02-26
C020,2025-02-27
C020,2025-02-28
C020,2025-03-01
C020,2025-03-02
C020,2025-03-03
C020,2025-03-04
C020,2025-03-05
C020,2025-03-06
C020,2025-03-07
C020,2025-03-08
C020,2025-03-09
C020,2025-03-10
C020,2025-03-11
C020,2025-03-12
C020,2025-03-13
C020,2025-03-14
C020,2025-03-15
C020,2025-03-16
C020,2025-03-17
C020,2025-03-18
C020,2025-03-19
C020,2025-03-20
C020,2025-03-21
C020,2025-03-22
C020,2025-03-23
C020,2025-03-24
C020,2025-03-25
C020,2025-03-26
C020,2025-03-27
C020,2025-03-28
C020,2025-03-29
C020,2025-03-30
C020,2025-03-31
C020,2025-04-01
C020,2025-04-02
C020,2025-04-03
C020,2025-04-04
C020,2025-04-05
C020,2025-04-06
C020,2025-04-07
C020,2025-04-08
C020,2025-04-09
C020,2025-04-10
C020,2025-04-11
C020,2025-04-12
C020,2025-04-13
C020,2025-04-14
C020,2025-04-15
C020,2025-04-16
C020,2025-04-17
C020,2025-04-18
C020,2025-04-19
C020,2025-04-20
C020,2025-04-21
C020,2025-04-22
C020,2025-04-23
C020,2025-04-24
C020,2025-04-25
C020,2025-04-26
C020,2025-04-27
C020,2025-04-28
C020,2025-04-29
C020,2025-04-30
C020,2025-05-01
C020,2025-05-02
C020,2025-05-03
C020,2025-05-04
C020,2025-05-05
C020,2025-05-06
C020,2025-05-07
C020,2025-05-08
C020,2025-05-09
C020,2025-05-10
C020,2025-05-11
C020,2025-05-12
C020,2025-05-13
C020,2025-05-14
C020,2025-05-15
C020,2025-05-16
C020,2025-05-17
C020,2025-05-18
C020,2025-05-19
C020,2025-05-20
C020,2025-05-21
C020,2025-05-22
C020,2025-05-23
C020,2025-05-24
C020,2025-05-25
C020,2025-05-26
C020,2025-05-27
C020,2025-05-28
C020,2025-05-29
C020,2025-05-30
C020,2025-05-31
C020,2025-06-01
C020,2025-06-02
C020,2025-06-03
C020,2025-06-04
C020,2025-06-05
C020,2025-06-06
C020,2025-06-07
C020,2025-06-08
C020,2025-06-09
C020,2025-06-10
C020,2025-06-11
C020,2025-06-12
C020,2025-06-13
C020,2025-06-14
C020,2025-06-15
C020,2025-06-16
C020,2025-06-17
C020,2025-06-18
C020,2025-06-19
C020,2025-06-20
C020,2025-06-21
C020,2025-06-22
C020,2025-06-23
C020,2025-06-24
C020,2025-06-25
C020,2025-06-26
C020,2025-06-27
C020,2025-06-28
C020,2025-06-29
C020,2025-07-01
C020,2025-07-02
C020,2025-07-03
C020,2025-07-04
C020,2025-07-05
C020,2025-07-06
C020,2025-07-07
C020,2025-07-08
C020,2025-07-09
C020,2025-07-10
C020,2025-07-11
C020,2025-07-12
C020,2025-07-13
C020,2025-07-14
C020,2025-07-15
C020,2025-07-16
C020,2025-07-17
C020,2025-07-18
C020,2025-07-19
C020,2025-07-20
C020,2025-07-21
C020,2025-07-22
C020,2025-07-23
C020,2025-07-24
C020,2025-07-25
C020,2025-07-26
C020,2025-07-27
C020,2025-07-28
C020,2025-07-29
C020,2025-07-30
C020,2025-07-31
C020,2025-08-01
C020,2025-08-02
C020,2025-08-03
C020,2025-08-04
C020,2025-08-05
C020,2025-08-06
C020,2025-08-07
C020,2025-08-08
C020,2025-08-09
C020,2025-08-10
C020,2025-08-11
C020,2025-08-12
C020,2025-08-13
C020,2025-08-14
C020,2025-08-15
C020,2025-08-16
C020,2025-08-17
C020,2025-08-18
C020,2025-08-19
C020,2025-08-20
C020,2025-08-21
C020,2025-08-22
C020,2025-08-23
C020,2025-08-24
C020,2025-08-25
C020,2025-08-26
C020,2025-08-27
C020,2025-08-28
C020,2025-08-29
C020,2025-08-30
C020,2025-08-31
C020,2025-09-01
C020,2025-09-02
C020,2025-09-03
C020,2025-09-04
C020,2025-09-05
C020,2025-09-06
C020,2025-09-07
C020,2025-09-08
C020,2025-09-09
C020,2025-09-10
C020,2025-09-12
C020,2025-09-13
C020,2025-09-14
C020,2025-09-15
C020,2025-09-16
C020,2025-09-17
C020,2025-09-18
C020,2025-09-19
C020,2025-09-20
C020,2025-09-21
C020,2025-09-22
C020,2025-09-23
C020,2025-09-24
C020,2025-09-25
C020,2025-09-26
C020,2025-09-27
C020,2025-09-28
C020,2025-09-29
C020,2025-09-30
C021,2025-01-08
C021,2025-01-09
C021,2025-01-10
C021,2025-01-11
C021,2025-01-12
C021,2025-01-13
C021,2025-01-14
C021,2025-01-15
C021,2025-01-16
C021,2025-01-17
C021,2025-01-18
C021,2025-01-19
C021,2025-01-20
C021,2025-01-21
C021,2025-01-22
C021,2025-01-23
C021,2025-01-24
C021,2025-01-25
C021,2025-01-26
C021,2025-01-27
C021,2025-01-28
C021,2025-01-29
C021,2025-01-30
C021,2025-01-31
C021,2025-02-01
C021,2025-02-02
C021,2025-02-03
C021,2025-02-04
C021,2025-02-05
C021,2025-02-06
C021,2025-02-07
C021,2025-02-08
C021,2025-02-09
C021,2025-02-10
C021,2025-02-11
C021,2025-02-12
C021,2025-02-13
C021,2025-02-14
C021,2025-02-15
C021,2025-02-16
C021,2025-02-17
C021,2025-02-18
C021,2025-02-19
C021,2025-02-20
C021,2025-02-21
C021,2025-02-22
C021,2025-02-23
C021,2025-02-24
C021,2025-02-25
C021,2025-02-26
C021,2025-02-27
C021,2025-02-28
C021,2025-03-01
C021,2025-03-02
C021,2025-03-03
C021,2025-03-04
C021,2025-03-05
C021,2025-03-06
C021,2025-03-07
C021,2025-03-08
C021,2025-03-09
C021,2025-03-10
C021,2025-03-11
C021,2025-03-12
C021,2025-03-13
C021,2025-03-14
C021,2025-03-15
C021,2025-03-16
C021,2025-03-17
C021,2025-03-18
C021,2025-03-19
C021,2025-03-20
C021,2025-03-21
C021,2025-03-22
C021,2025-03-23
C021,2025-03-24
C021,2025-03-25
C021,2025-03-26
C021,2025-03-27
C021,2025-03-28
C021,2025-03-29
C021,2025-03-30
C021,2025-03-31
C021,2025-04-01
C021,2025-04-02
C021,2025-04-03
C021,2025-04-04
C021,2025-04-05
C021,2025-04-06
C021,2025-04-07
C021,2025-04-08
C021,2025-04-09
C021,2025-04-10
C021,2025-04-13
C021,2025-04-14
C021,2025-04-15
C021,2025-04-16
C021,2025-04-17
C021,2025-04-18
C021,2025-04-19
C021,2025-04-20
C021,2025-04-21
C021,2025-04-22
C021,2025-04-23
C021,2025-04-24
C021,2025-04-25
C021,2025-04-26
C021,2025-04-27
C021,2025-04-28
C021,2025-04-29
C021,2025-04-30
C021,2025-05-01
C021,2025-05-02
C021,2025-05-03
C021,2025-05-04
C021,2025-05-05
C021,2025-05-06
C021,2025-05-07
C021,2025-05-08
C021,2025-05-09
C021,2025-05-10
C021,2025-05-11
C021,2025-05-12
C021,2025-05-13
C021,2025-05-14
C021,2025-05-15
C021,2025-05-16
C021,2025-05-17
C021,2025-05-18
C021,2025-05-19
C021,2025-05-20
C021,2025-05-21
C021,2025-05-22
C021,2025-05-23
C021,2025-05-24
C021,2025-05-25
C021,2025-05-26
C021,2025-05-27
C021,2025-05-28
C021,2025-05-29
C021,2025-05-30
C021,2025-05-31
C021,2025-06-01
C021,2025-06-02
C021,2025-06-03
C021,2025-06-04
C021,2025-06-05
C021,2025-06-06
C021,2025-06-07
C021,2025-06-08
C021,2025-06-09
C021,2025-06-10
C021,2025-06-11
C021,2025-06-12
C021,2025-06-13
C021,2025-06-14
C021,2025-06-15
C021,2025-06-16
C021,2025-06-17
C021,2025-06-18
C021,2025-06-19
C021,2025-06-20
C021,2025-06-21
C021,2025-06-22
C021,2025-06-23
C021,2025-06-24
C021,2025-06-25
C021,2025-06-26
C021,2025-06-27
C021,2025-06-28
C021,2025-06-29
C021,2025-06-30
C021,2025-07-01
C021,2025-07-02
C021,2025-07-03
C021,2025-07-04
C021,2025-07-06
C021,2025-07-07
C021,2025-07-08
C021,2025-07-09
C021,2025-07-10
C021,2025-07-11
C021,2025-07-13
C021,2025-07-14
C021,2025-07-15
C021,2025-07-16
C021,2025-07-17
C021,2025-07-18
C021,2025-07-19
C021,2025-07-20
C021,2025-07-21
C021,2025-07-22
C021,2025-07-23
C021,2025-07-24
C021,2025-07-25
C021,2025-07-26
C021,2025-07-27
C021,2025-07-28
C021,2025-07-29
C021,2025-07-30
C021,2025-07-31
C021,2025-08-02
C021,2025-08-03
C021,2025-08-04
C021,2025-08-05
C021,2025-08-06
C021,2025-08-07
C021,2025-08-08
C021,2025-08-09
C021,2025-08-10
C021,2025-08-11
C021,2025-08-12
C021,2025-08-13
C021,2025-08-14
C021,2025-08-15
C021,2025-08-16
C021,2025-08-17
C021,2025-08-18
C021,2025-08-19
C021,2025-08-20
C021,2025-08-21
C021,2025-08-22
C021,2025-08-23
C021,2025-08-24
C021,2025-08-25
C021,2025-08-26
C021,2025-08-27
C021,2025-08-28
C021,2025-08-29
C021,2025-08-30
C021,2025-08-31
C021,2025-09-01
C021,2025-09-02
C021,2025-09-03
C021,2025-09-04
C021,2025-09-05
C021,2025-09-06
C021,2025-09-07
C021,2025-09-08
C021,2025-09-09
C021,2025-09-10
C021,2025-09-11
C021,2025-09-12
C021,2025-09-13
C021,2025-09-14
C021,2025-09-15
C021,2025-09-16
C021,2025-09-17
C021,2025-09-18
C021,2025-09-19
C021,2025-09-20
C021,2025-09-23
C021,2025-09-24
C021,2025-09-25
C021,2025-09-26
C021,2025-09-27
C021,2025-09-28
C021,2025-09-29
C021,2025-09-30
C022,2025-01-08
C022,2025-01-09
C022,2025-01-10
C022,2025-01-11
C022,2025-01-12
C022,2025-01-13
C022,2025-01-14
C022,2025-01-15
C022,2025-01-16
C022,2025-01-17
C022,2025-01-18
C022,2025-01-19
C022,2025-01-22
C022,2025-01-23
C022,2025-01-24
C022,2025-01-25
C022,2025-01-26
C022,2025-01-27
C022,2025-01-28
C022,2025-01-29
C022,2025-01-30
C022,2025-01-31
C022,2025-02-01
C022,2025-02-02
C022,2025-02-03
C022,2025-02-04
C022,2025-02-05
C022,2025-02-06
C022,2025-02-07
C022,2025-02-08
C022,2025-02-09
C022,2025-02-10
C022,2025-02-11
C022,2025-02-12
C022,2025-02-13
C022,2025-02-14
C022,2025-02-15
C022,2025-02-16
C022,2025-02-17
C022,2025-02-18
C022,2025-02-19
C022,2025-02-20
C022,2025-02-21
C022,2025-02-22
C022,2025-02-23
C022,2025-02-24
C022,2025-02-25
C022,2025-02-26
C022,2025-02-27
C022,2025-02-28
C022,2025-03-01
C022,2025-03-02
C022,2025-03-03
C022,2025-03-04
C022,2025-03-05
C022,2025-03-06
C022,2025-03-07
C022,2025-03-08
C022,2025-03-09
C022,2025-03-10
C022,2025-03-11
C022,2025-03-12
C022,2025-03-13
C022,2025-03-14
C022,2025-03-15
C022,2025-03-16
C022,2025-03-17
C022,2025-03-18
C022,2025-03-19
C022,2025-03-20
C022,2025-03-21
C022,2025-03-22
C022,2025-03-23
C022,2025-03-24
C022,2025-03-25
C022,2025-03-26
C022,2025-03-27
C022,2025-03-28
C022,2025-03-29
C022,2025-03-30
C022,2025-03-31
C022,2025-04-01
C022,2025-04-02
C022,2025-04-03
C022,2025-04-04
C022,2025-04-05
C022,2025-04-06
C022,2025-04-07
C022,2025-04-08
C022,2025-04-09
C022,2025-04-10
C022,2025-04-11
C022,2025-04-13
C022,2025-04-14
C022,2025-04-15
C022,2025-04-16
C022,2025-04-17
C022,2025-04-18
C022,2025-04-19
C022,2025-04-20
C022,2025-04-21
C022,2025-04-22
C022,2025-04-23
C022,2025-04-24
C022,2025-04-25
C022,2025-04-26
C022,2025-04-27
C022,2025-04-28
C022,2025-04-29
C022,2025-04-30
C022,2025-05-01
C022,2025-05-02
C022,2025-05-03
C022,2025-05-04
C022,2025-05-05
C022,2025-05-06
C022,2025-05-07
C022,2025-05-08
C022,2025-05-09
C022,2025-05-10
C022,2025-05-11
C022,2025-05-12
C022,2025-05-13
C022,2025-05-14
C022,2025-05-15
C022,2025-05-16
C022,2025-05-17
C022,2025-05-18
C022,2025-05-19
C022,2025-05-21
C022,2025-05-22
C022,2025-05-23
C022,2025-05-24
C022,2025-05-25
C022,2025-05-26
C022,2025-05-27
C022,2025-05-28
C022,2025-05-29
C022,2025-05-30
C022,2025-05-31
C022,2025-06-01
C022,2025-06-02
C022,2025-06-03
C022,2025-06-04
C022,2025-06-05
C022,2025-06-06
C022,2025-06-07
C022,2025-06-08
C022,2025-06-09
C022,2025-06-10
C022,2025-06-11
C022,2025-06-12
C022,2025-06-13
C022,2025-06-14
C022,2025-06-15
C022,2025-06-16
C022,2025-06-17
C022,2025-06-18
C022,2025-06-20
C022,2025-06-21
C022,2025-06-22
C022,2025-06-23
C022,2025-06-24
C022,2025-06-25
C022,2025-06-26
C022,2025-06-27
C022,2025-06-28
C022,2025-06-29
C022,2025-06-30
C022,2025-07-01
C022,2025-07-02
C022,2025-07-03
C022,2025-07-04
C022,2025-07-05
C022,2025-07-06
C022,2025-07-07
C022,2025-07-08
C022,2025-07-09
C022,2025-07-10
C022,2025-07-11
C022,2025-07-12
C022,2025-07-13
C022,2025-07-14
C022,2025-07-15
C022,2025-07-16
C022,2025-07-17
C022,2025-07-18
C022,2025-07-19
C022,2025-07-20
C022,2025-07-21
C022,2025-07-22
C022,2025-07-23
C022,2025-07-24
C022,2025-07-25
C022,2025-07-26
C022,2025-07-27
C022,2025-07-28
C022,2025-07-29
C022,2025-07-30
C022,2025-07-31
C022,2025-08-01
C022,2025-08-02
C022,2025-08-03
C022,2025-08-04
C022,2025-08-05
C022,2025-08-06
C022,2025-08-07
C022,2025-08-08
C022,2025-08-09
C022,2025-08-10
C022,2025-08-11
C022,2025-08-12
C022,2025-08-13
C022,2025-08-14
C022,2025-08-15
C022,2025-08-16
C022,2025-08-17
C022,2025-08-18
C022,2025-08-19
C022,2025-08-20
C022,2025-08-21
C022,2025-08-22
C022,2025-08-23
C022,2025-08-24
C022,2025-08-25
C022,2025-08-26
C022,2025-08-27
C022,2025-08-29
C022,2025-08-30
C022,2025-08-31
C022,2025-09-01
C022,2025-09-02
C022,2025-09-03
C022,2025-09-04
C022,2025-09-05
C022,2025-09-06
C022,2025-09-07
C022,2025-09-08
C022,2025-09-09
C022,2025-09-10
C022,2025-09-11
C022,2025-09-12
C022,2025-09-13
C022,2025-09-14
C022,2025-09-15
C022,2025-09-16
C022,2025-09-17
C022,2025-09-18
C022,2025-09-19
C022,2025-09-20
C022,2025-09-21
C022,2025-09-22
C022,2025-09-23
C022,2025-09-24
C022,2025-09-25
C022,2025-09-26
C022,2025-09-27
C022,2025-09-28
C022,2025-09-29
C022,2025-09-30
C023,2025-01-08
C023,2025-01-09
C023,2025-01-10
C023,2025-01-11
C023,2025-01-13
C023,2025-01-14
C023,2025-01-15
C023,2025-01-16
C023,2025-01-17
C023,2025-01-18
C023,2025-01-19
C023,2025-01-20
C023,2025-01-21
C023,2025-01-22
C023,2025-01-23
C023,2025-01-24
C023,2025-01-25
C023,2025-01-26
C023,2025-01-27
C023,2025-01-28
C023,2025-01-29
C023,2025-01-30
C023,2025-01-31
C023,2025-02-01
C023,2025-02-02
C023,2025-02-03
C023,2025-02-04
C023,2025-02-05
C023,2025-02-06
C023,2025-02-07
C023,2025-02-08
C023,2025-02-09
C023,2025-02-10
C023,2025-02-11
C023,2025-02-12
C023,2025-02-13
C023,2025-02-14
C023,2025-02-15
C023,2025-02-16
C023,2025-02-17
C023,2025-02-18
C023,2025-02-19
C023,2025-02-20
C023,2025-02-21
C023,2025-02-22
C023,2025-02-23
C023,2025-02-24
C023,2025-02-25
C023,2025-02-26
C023,2025-02-27
C023,2025-02-28
C023,2025-03-01
C023,2025-03-02
C023,2025-03-03
C023,2025-03-04
C023,2025-03-05
C023,2025-03-06
C023,2025-03-07
C023,2025-03-08
C023,2025-03-09
C023,2025-03-10
C023,2025-03-11
C023,2025-03-12
C023,2025-03-13
C023,2025-03-14
C023,2025-03-15
C023,2025-03-16
C023,2025-03-17
C023,2025-03-18
C023,2025-03-19
C023,2025-03-20
C023,2025-03-21
C023,2025-03-22
C023,2025-03-23
C023,2025-03-24
C023,2025-03-25
C023,2025-03-26
C023,2025-03-27
C023,2025-03-28
C023,2025-03-29
C023,2025-03-30
C023,2025-03-31
C023,2025-04-01
C023,2025-04-02
C023,2025-04-03
C023,2025-04-04
C023,2025-04-05
C023,2025-04-06
C023,2025-04-07
C023,2025-04-08
C023,2025-04-09
C023,2025-04-10
C023,2025-04-11
C023,2025-04-12
C023,2025-04-13
C023,2025-04-14
C023,2025-04-16
C023,2025-04-17
C023,2025-04-18
C023,2025-04-19
C023,2025-04-20
C023,2025-04-21
C023,2025-04-22
C023,2025-04-23
C023,2025-04-24
C023,2025-04-25
C023,2025-04-26
C023,2025-04-27
C023,2025-04-28
C023,2025-04-29
C023,2025-04-30
C023,2025-05-01
C023,2025-05-02
C023,2025-05-03
C023,2025-05-04
C023,2025-05-05
C023,2025-05-06
C023,2025-05-07
C023,2025-05-08
C023,2025-05-09
C023,2025-05-10
C023,2025-05-11
C023,2025-05-12
C023,2025-05-13
C023,2025-05-14
C023,2025-05-15
C023,2025-05-16
C023,2025-05-17
C023,2025-05-18
C023,2025-05-19
C023,2025-05-20
C023,2025-05-21
C023,2025-05-22
C023,2025-05-23
C023,2025-05-24
C023,2025-05-25
C023,2025-05-26
C023,2025-05-27
C023,2025-05-28
C023,2025-05-29
C023,2025-05-30
C023,2025-05-31
C023,2025-06-01
C023,2025-06-02
C023,2025-06-03
C023,2025-06-04
C023,2025-06-05
C023,2025-06-06
C023,2025-06-07
C023,2025-06-08
C023,2025-06-09
C023,2025-06-10
C023,2025-06-11
C023,2025-06-12
C023,2025-06-14
C023,2025-06-15
C023,2025-06-16
C023,2025-06-17
C023,2025-06-18
C023,2025-06-19
C023,2025-06-20
C023,2025-06-21
C023,2025-06-22
C023,2025-06-23
C023,2025-06-24
C023,2025-06-25
C023,2025-06-26
C023,2025-06-27
C023,2025-06-28
C023,2025-06-29
C023,2025-06-30
C023,2025-07-01
C023,2025-07-02
C023,2025-07-03
C023,2025-07-04
C023,2025-07-05
C023,2025-07-06
C023,2025-07-07
C023,2025-07-08
C023,2025-07-09
C023,2025-07-10
C023,2025-07-11
C023,2025-07-12
C023,2025-07-13
C023,2025-07-14
C023,2025-07-15
C023,2025-07-16
C023,2025-07-18
C023,2025-07-19
C023,2025-07-20
C023,2025-07-21
C023,2025-07-22
C023,2025-07-23
C023,2025-07-24
C023,2025-07-25
C023,2025-07-26
C023,2025-07-27
C023,2025-07-28
C023,2025-07-29
C023,2025-07-30
C023,2025-07-31
C023,2025-08-01
C023,2025-08-02
C023,2025-08-03
C023,2025-08-04
C023,2025-08-05
C023,2025-08-06
C023,2025-08-07
C023,2025-08-08
C023,2025-08-09
C023,2025-08-10
C023,2025-08-11
C023,2025-08-12
C023,2025-08-13
C023,2025-08-14
C023,2025-08-15
C023,2025-08-16
C023,2025-08-17
C023,2025-08-18
C023,2025-08-19
C023,2025-08-20
C023,2025-08-21
C023,2025-08-22
C023,2025-08-23
C023,2025-08-24
C023,2025-08-25
C023,2025-08-26
C023,2025-08-27
C023,2025-08-28
C023,2025-08-29
C023,2025-08-30
C023,2025-08-31
C023,2025-09-01
C023,2025-09-02
C023,2025-09-03
C023,2025-09-04
C023,2025-09-05
C023,2025-09-06
C023,2025-09-07
C023,2025-09-08
C023,2025-09-09
C023,2025-09-10
C023,2025-09-11
C023,2025-09-12
C023,2025-09-13
C023,2025-09-14
C023,2025-09-15
C023,2025-09-16
C023,2025-09-17
C023,2025-09-18
C023,2025-09-19
C023,2025-09-20
C023,2025-09-21
C023,2025-09-22
C023,2025-09-23
C023,2025-09-24
C023,2025-09-25
C023,2025-09-26
C023,2025-09-27
C023,2025-09-28
C023,2025-09-29
C023,2025-09-30
C024,2025-01-08
C024,2025-01-09
C024,2025-01-10
C024,2025-01-11
C024,2025-01-12
C024,2025-01-15
C024,2025-01-16
C024,2025-01-17
C024,2025-01-18
C024,2025-01-19
C024,2025-01-20
C024,2025-01-21
C024,2025-01-22
C024,2025-01-23
C024,2025-01-24
C024,2025-01-25
C024,2025-01-26
C024,2025-01-27
C024,2025-01-28
C024,2025-01-29
C024,2025-01-30
C024,2025-01-31
C024,2025-02-01
C024,2025-02-02
C024,2025-02-03
C024,2025-02-04
C024,2025-02-05
C024,2025-02-06
C024,2025-02-07
C024,2025-02-08
C024,2025-02-09
C024,2025-02-10
C024,2025-02-11
C024,2025-02-12
C024,2025-02-13
C024,2025-02-14
C024,2025-02-15
C024,2025-02-16
C024,2025-02-17
C024,2025-02-18
C024,2025-02-19
C024,2025-02-20
C024,2025-02-21
C024,2025-02-22
C024,2025-02-23
C024,2025-02-24
C024,2025-02-25
C024,2025-02-26
C024,2025-02-27
C024,2025-02-28
C024,2025-03-01
C024,2025-03-02
C024,2025-03-03
C024,2025-03-04
C024,2025-03-05
C024,2025-03-06
C024,2025-03-07
C024,2025-03-08
C024,2025-03-09
C024,2025-03-10
C024,2025-03-11
C024,2025-03-12
C024,2025-03-13
C024,2025-03-14
C024,2025-03-15
C024,2025-03-16
C024,2025-03-17
C024,2025-03-18
C024,2025-03-19
C024,2025-03-20
C024,2025-03-21
C024,2025-03-22
C024,2025-03-23
C024,2025-03-24
C024,2025-03-25
C024,2025-03-26
C024,2025-03-27
C024,2025-03-28
C024,2025-03-29
C024,2025-03-30
C024,2025-03-31
C024,2025-04-01
C024,2025-04-02
C024,2025-04-03
C024,2025-04-04
C024,2025-04-05
C024,2025-04-06
C024,2025-04-07
C024,2025-04-08
C024,2025-04-09
C024,2025-04-10
C024,2025-04-11
C024,2025-04-12
C024,2025-04-13
C024,2025-04-14
C024,2025-04-15
C024,2025-04-16
C024,2025-04-17
C024,2025-04-18
C024,2025-04-19
C024,2025-04-20
C024,2025-04-21
C024,2025-04-22
C024,2025-04-23
C024,2025-04-24
C024,2025-04-25
C024,2025-04-26
C024,2025-04-27
C024,2025-04-28
C024,2025-04-29
C024,2025-04-30
C024,2025-05-01
C024,2025-05-02
C024,2025-05-03
C024,2025-05-04
C024,2025-05-05
C024,2025-05-06
C024,2025-05-07
C024,2025-05-08
C024,2025-05-09
C024,2025-05-10
C024,2025-05-11
C024,2025-05-12
C024,2025-05-13
C024,2025-05-14
C024,2025-05-15
C024,2025-05-16
C024,2025-05-17
C024,2025-05-18
C024,2025-05-19
C024,2025-05-20
C024,2025-05-21
C024,2025-05-22
C024,2025-05-23
C024,2025-05-24
C024,2025-05-25
C024,2025-05-26
C024,2025-05-27
C024,2025-05-28
C024,2025-05-29
C024,2025-05-30
C024,2025-05-31
C024,2025-06-01
C024,2025-06-02
C024,2025-06-03
C024,2025-06-04
C024,2025-06-05
C024,2025-06-06
C024,2025-06-07
C024,2025-06-08
C024,2025-06-09
C024,2025-06-10
C024,2025-06-11
C024,2025-06-12
C024,2025-06-13
C024,2025-06-14
C024,2025-06-15
C024,2025-06-16
C024,2025-06-17
C024,2025-06-18
C024,2025-06-19
C024,2025-06-20
C024,2025-06-21
C024,2025-06-22
C024,2025-06-23
C024,2025-06-24
C024,2025-06-25
C024,2025-06-26
C024,2025-06-27
C024,2025-06-28
C024,2025-06-29
C024,2025-06-30
C024,2025-07-01
C024,2025-07-02
C024,2025-07-03
C024,2025-07-04
C024,2025-07-05
C024,2025-07-06
C024,2025-07-07
C024,2025-07-08
C024,2025-07-09
C024,2025-07-10
C024,2025-07-11
C024,2025-07-12
C024,2025-07-13
C024,2025-07-14
C024,2025-07-15
C024,2025-07-16
C024,2025-07-17
C024,2025-07-18
C024,2025-07-19
C024,2025-07-20
C024,2025-07-21
C024,2025-07-22
C024,2025-07-23
C024,2025-07-24
C024,2025-07-25
C024,2025-07-26
C024,2025-07-27
C024,2025-07-28
C024,2025-07-29
C024,2025-07-30
C024,2025-07-31
C024,2025-08-01
C024,2025-08-02
C024,2025-08-03
C024,2025-08-04
C024,2025-08-05
C024,2025-08-06
C024,2025-08-07
C024,2025-08-08
C024,2025-08-09
C024,2025-08-10
C024,2025-08-11
C024,2025-08-12
C024,2025-08-13
C024,2025-08-14
C024,2025-08-15
C024,2025-08-16
C024,2025-08-17
C024,2025-08-18
C024,2025-08-19
C024,2025-08-20
C024,2025-08-21
C024,2025-08-22
C024,2025-08-23
C024,2025-08-24
C024,2025-08-25
C024,2025-08-26
C024,2025-08-27
C024,2025-08-28
C024,2025-08-29
C024,2025-08-30
C024,2025-08-31
C024,2025-09-01
C024,2025-09-02
C024,2025-09-03
C024,2025-09-04
C024,2025-09-05
C024,2025-09-06
C024,2025-09-07
C024,2025-09-08
C024,2025-09-09
C024,2025-09-10
C024,2025-09-11
C024,2025-09-12
C024,2025-09-13
C024,2025-09-14
C024,2025-09-15
C024,2025-09-16
C024,2025-09-17
C024,2025-09-18
C024,2025-09-19
C024,2025-09-20
C024,2025-09-21
C024,2025-09-22
C024,2025-09-23
C024,2025-09-24
C024,2025-09-25
C024,2025-09-26
C024,2025-09-27
C024,2025-09-28
C024,2025-09-29
C024,2025-09-30
C025,2025-01-08
C025,2025-01-09
C025,2025-01-10
C025,2025-01-11
C025,2025-01-12
C025,2025-01-13
C025,2025-01-14
C025,2025-01-15
C025,2025-01-16
C025,2025-01-17
C025,2025-01-18
C025,2025-01-19
C025,2025-01-20
C025,2025-01-21
C025,2025-01-22
C025,2025-01-24
C025,2025-01-25
C025,2025-01-26
C025,2025-01-27
C025,2025-01-28
C025,2025-01-29
C025,2025-01-30
C025,2025-01-31
C025,2025-02-01
C025,2025-02-02
C025,2025-02-03
C025,2025-02-04
C025,2025-02-05
C025,2025-02-06
C025,2025-02-07
C025,2025-02-08
C025,2025-02-09
C025,2025-02-10
C025,2025-02-11
C025,2025-02-12
C025,2025-02-13
C025,2025-02-14
C025,2025-02-15
C025,2025-02-16
C025,2025-02-17
C025,2025-02-18
C025,2025-02-19
C025,2025-02-20
C025,2025-02-21
C025,2025-02-22
C025,2025-02-23
C025,2025-02-24
C025,2025-02-25
C025,2025-02-26
C025,2025-02-27
C025,2025-02-28
C025,2025-03-01
C025,2025-03-02
C025,2025-03-03
C025,2025-03-04
C025,2025-03-05
C025,2025-03-06
C025,2025-03-07
C025,2025-03-08
C025,2025-03-09
C025,2025-03-10
C025,2025-03-11
C025,2025-03-12
C025,2025-03-13
C025,2025-03-14
C025,2025-03-15
C025,2025-03-16
C025,2025-03-17
C025,2025-03-18
C025,2025-03-19
C025,2025-03-20
C025,2025-03-21
C025,2025-03-22
C025,2025-03-23
C025,2025-03-24
C025,2025-03-25
C025,2025-03-26
C025,2025-03-27
C025,2025-03-28
C025,2025-03-29
C025,2025-03-30
C025,2025-03-31
C025,2025-04-01
C025,2025-04-02
C025,2025-04-03
C025,2025-04-04
C025,2025-04-05
C025,2025-04-06
C025,2025-04-07
C025,2025-04-08
C025,2025-04-09
C025,2025-04-10
C025,2025-04-11
C025,2025-04-12
C025,2025-04-13
C025,2025-04-14
C025,2025-04-15
C025,2025-04-16
C025,2025-04-17
C025,2025-04-18
C025,2025-04-19
C025,2025-04-20
C025,2025-04-21
C025,2025-04-22
C025,2025-04-23
C025,2025-04-24
C025,2025-04-25
C025,2025-04-26
C025,2025-04-27
C025,2025-04-28
C025,2025-04-29
C025,2025-04-30
C025,2025-05-01
C025,2025-05-02
C025,2025-05-03
C025,2025-05-04
C025,2025-05-05
C025,2025-05-06
C025,2025-05-07
C025,2025-05-08
C025,2025-05-09
C025,2025-05-10
C025,2025-05-11
C025,2025-05-12
C025,2025-05-13
C025,2025-05-14
C025,2025-05-15
C025,2025-05-16
C025,2025-05-17
C025,2025-05-19
C025,2025-05-20
C025,2025-05-21
C025,2025-05-22
C025,2025-05-23
C025,2025-05-24
C025,2025-05-25
C025,2025-05-26
C025,2025-05-27
C025,2025-05-28
C025,2025-05-30
C025,2025-05-31
C025,2025-06-01
C025,2025-06-02
C025,2025-06-03
C025,2025-06-04
C025,2025-06-05
C025,2025-06-06
C025,2025-06-07
C025,2025-06-08
C025,2025-06-09
C025,2025-06-10
C025,2025-06-11
C025,2025-06-12
C025,2025-06-13
C025,2025-06-14
C025,2025-06-15
C025,2025-06-16
C025,2025-06-17
C025,2025-06-18
C025,2025-06-19
C025,2025-06-20
C025,2025-06-21
C025,2025-06-22
C025,2025-06-23
C025,2025-06-24
C025,2025-06-25
C025,2025-06-26
C025,2025-06-27
C025,2025-06-28
C025,2025-06-29
C025,2025-06-30
C025,2025-07-01
C025,2025-07-02
C025,2025-07-03
C025,2025-07-04
C025,2025-07-05
C025,2025-07-06
C025,2025-07-07
C025,2025-07-08
C025,2025-07-09
C025,2025-07-10
C025,2025-07-11
C025,2025-07-12
C025,2025-07-13
C025,2025-07-14
C025,2025-07-15
C025,2025-07-16
C025,2025-07-17
C025,2025-07-18
C025,2025-07-19
C025,2025-07-20
C025,2025-07-21
C025,2025-07-22
C025,2025-07-23
C025,2025-07-24
C025,2025-07-25
C025,2025-07-26
C025,2025-07-27
C025,2025-07-28
C025,2025-07-29
C025,2025-07-30
C025,2025-07-31
C025,2025-08-01
C025,2025-08-02
C025,2025-08-03
C025,2025-08-04
C025,2025-08-05
C025,2025-08-06
C025,2025-08-07
C025,2025-08-08
C025,2025-08-09
C025,2025-08-10
C025,2025-08-11
C025,2025-08-12
C025,2025-08-13
C025,2025-08-15
C025,2025-08-16
C025,2025-08-17
C025,2025-08-18
C025,2025-08-19
C025,2025-08-20
C025,2025-08-21
C025,2025-08-22
C025,2025-08-23
C025,2025-08-24
C025,2025-08-25
C025,2025-08-26
C025,2025-08-27
C025,2025-08-28
C025,2025-08-29
C025,2025-08-30
C025,2025-08-31
C025,2025-09-01
C025,2025-09-02
C025,2025-09-03
C025,2025-09-04
C025,2025-09-05
C025,2025-09-06
C025,2025-09-07
C025,2025-09-08
C025,2025-09-09
C025,2025-09-10
C025,2025-09-11
C025,2025-09-12
C025,2025-09-13
C025,2025-09-14
C025,2025-09-15
C025,2025-09-16
C025,2025-09-17
C025,2025-09-18
C025,2025-09-19
C025,2025-09-20
C025,2025-09-21
C025,2025-09-23
C025,2025-09-24
C025,2025-09-25
C025,2025-09-26
C025,2025-09-27
C025,2025-09-28
C025,2025-09-29
C025,2025-09-30
C026,2025-01-08
C026,2025-01-09
C026,2025-01-10
C026,2025-01-11
C026,2025-01-12
C026,2025-01-13
C026,2025-01-14
C026,2025-01-15
C026,2025-01-16
C026,2025-01-17
C026,2025-01-18
C026,2025-01-19
C026,2025-01-20
C026,2025-01-21
C026,2025-01-22
C026,2025-01-23
C026,2025-01-24
C026,2025-01-25
C026,2025-01-26
C026,2025-01-27
C026,2025-01-28
C026,2025-01-29
C026,2025-01-30
C026,2025-01-31
C026,2025-02-02
C026,2025-02-03
C026,2025-02-04
C026,2025-02-05
C026,2025-02-06
C026,2025-02-07
C026,2025-02-08
C026,2025-02-09
C026,2025-02-10
C026,2025-02-11
C026,2025-02-12
C026,2025-02-13
C026,2025-02-14
C026,2025-02-17
C026,2025-02-18
C026,2025-02-19
C026,2025-02-20
C026,2025-02-21
C026,2025-02-22
C026,2025-02-23
C026,2025-02-24
C026,2025-02-25
C026,2025-02-26
C026,2025-02-27
C026,2025-02-28
C026,2025-03-01
C026,2025-03-02
C026,2025-03-03
C026,2025-03-04
C026,2025-03-05
C026,2025-03-06
C026,2025-03-07
C026,2025-03-08
C026,2025-03-09
C026,2025-03-10
C026,2025-03-11
C026,2025-03-12
C026,2025-03-13
C026,2025-03-14
C026,2025-03-15
C026,2025-03-16
C026,2025-03-17
C026,2025-03-18
C026,2025-03-19
C026,2025-03-20
C026,2025-03-21
C026,2025-03-22
C026,2025-03-23
C026,2025-03-24
C026,2025-03-25
C026,2025-03-26
C026,2025-03-27
C026,2025-03-28
C026,2025-03-30
C026,2025-03-31
C026,2025-04-01
C026,2025-04-02
C026,2025-04-03
C026,2025-04-04
C026,2025-04-05
C026,2025-04-06
C026,2025-04-07
C026,2025-04-08
C026,2025-04-09
C026,2025-04-10
C026,2025-04-11
C026,2025-04-12
C026,2025-04-13
C026,2025-04-14
C026,2025-04-15
C026,2025-04-16
C026,2025-04-17
C026,2025-04-18
C026,2025-04-19
C026,2025-04-20
C026,2025-04-21
C026,2025-04-22
C026,2025-04-23
C026,2025-04-24
C026,2025-04-25
C026,2025-04-26
C026,2025-04-27
C026,2025-04-28
C026,2025-04-29
C026,2025-04-30
C026,2025-05-01
C026,2025-05-02
C026,2025-05-03
C026,2025-05-04
C026,2025-05-05
C026,2025-05-06
C026,2025-05-07
C026,2025-05-08
C026,2025-05-09
C026,2025-05-10
C026,2025-05-11
C026,2025-05-12
C026,2025-05-13
C026,2025-05-14
C026,2025-05-15
C026,2025-05-16
C026,2025-05-17
C026,2025-05-18
C026,2025-05-19
C026,2025-05-20
C026,2025-05-21
C026,2025-05-22
C026,2025-05-23
C026,2025-05-24
C026,2025-05-25
C026,2025-05-26
C026,2025-05-27
C026,2025-05-28
C026,2025-05-29
C026,2025-05-30
C026,2025-05-31
C026,2025-06-01
C026,2025-06-02
C026,2025-06-03
C026,2025-06-04
C026,2025-06-05
C026,2025-06-06
C026,2025-06-07
C026,2025-06-08
C026,2025-06-09
C026,2025-06-10
C026,2025-06-11
C026,2025-06-12
C026,2025-06-13
C026,2025-06-14
C026,2025-06-15
C026,2025-06-16
C026,2025-06-17
C026,2025-06-18
C026,2025-06-19
C026,2025-06-20
C026,2025-06-21
C026,2025-06-22
C026,2025-06-23
C026,2025-06-24
C026,2025-06-25
C026,2025-06-26
C026,2025-06-27
C026,2025-06-28
C026,2025-06-29
C026,2025-06-30
C026,2025-07-01
C026,2025-07-02
C026,2025-07-03
C026,2025-07-04
C026,2025-07-05
C026,2025-07-06
C026,2025-07-07
C026,2025-07-08
C026,2025-07-09
C026,2025-07-10
C026,2025-07-11
C026,2025-07-12
C026,2025-07-13
C026,2025-07-14
C026,2025-07-15
C026,2025-07-16
C026,2025-07-17
C026,2025-07-18
C026,2025-07-19
C026,2025-07-20
C026,2025-07-21
C026,2025-07-22
C026,2025-07-23
C026,2025-07-24
C026,2025-07-25
C026,2025-07-26
C026,2025-07-27
C026,2025-07-28
C026,2025-07-29
C026,2025-07-30
C026,2025-07-31
C026,2025-08-01
C026,2025-08-02
C026,2025-08-03
C026,2025-08-04
C026,2025-08-05
C026,2025-08-06
C026,2025-08-07
C026,2025-08-08
C026,2025-08-09
C026,2025-08-10
C026,2025-08-11
C026,2025-08-12
C026,2025-08-13
C026,2025-08-14
C026,2025-08-15
C026,2025-08-16
C026,2025-08-17
C026,2025-08-18
C026,2025-08-19
C026,2025-08-20
C026,2025-08-21
C026,2025-08-22
C026,2025-08-23
C026,2025-08-24
C026,2025-08-25
C026,2025-08-26
C026,2025-08-27
C026,2025-08-28
C026,2025-08-29
C026,2025-08-30
C026,2025-08-31
C026,2025-09-01
C026,2025-09-02
C026,2025-09-03
C026,2025-09-04
C026,2025-09-05
C026,2025-09-06
C026,2025-09-07
C026,2025-09-08
C026,2025-09-09
C026,2025-09-10
C026,2025-09-11
C026,2025-09-12
C026,2025-09-13
C026,2025-09-14
C026,2025-09-15
C026,2025-09-16
C026,2025-09-18
C026,2025-09-19
C026,2025-09-20
C026,2025-09-21
C026,2025-09-22
C026,2025-09-23
C026,2025-09-24
C026,2025-09-25
C026,2025-09-26
C026,2025-09-27
C026,2025-09-28
C026,2025-09-29
C026,2025-09-30
C027,2025-01-08
C027,2025-01-09
C027,2025-01-10
C027,2025-01-11
C027,2025-01-12
C027,2025-01-13
C027,2025-01-14
C027,2025-01-15
C027,2025-01-16
C027,2025-01-17
C027,2025-01-18
C027,2025-01-19
C027,2025-01-20
C027,2025-01-21
C027,2025-01-22
C027,2025-01-23
C027,2025-01-24
C027,2025-01-25
C027,2025-01-26
C027,2025-01-27
C027,2025-01-28
C027,2025-01-29
C027,2025-01-30
C027,2025-01-31
C027,2025-02-01
C027,2025-02-02
C027,2025-02-03
C027,2025-02-04
C027,2025-02-05
C027,2025-02-06
C027,2025-02-07
C027,2025-02-08
C027,2025-02-09
C027,2025-02-10
C027,2025-02-11
C027,2025-02-12
C027,2025-02-13
C027,2025-02-14
C027,2025-02-15
C027,2025-02-16
C027,2025-02-17
C027,2025-02-18
C027,2025-02-19
C027,2025-02-20
C027,2025-02-21
C027,2025-02-22
C027,2025-02-23
C027,2025-02-24
C027,2025-02-25
C027,2025-02-26
C027,2025-02-27
C027,2025-02-28
C027,2025-03-01
C027,2025-03-02
C027,2025-03-03
C027,2025-03-04
C027,2025-03-05
C027,2025-03-06
C027,2025-03-07
C027,2025-03-08
C027,2025-03-09
C027,2025-03-10
C027,2025-03-11
C027,2025-03-12
C027,2025-03-13
C027,2025-03-14
C027,2025-03-15
C027,2025-03-16
C027,2025-03-17
C027,2025-03-18
C027,2025-03-19
C027,2025-03-20
C027,2025-03-21
C027,2025-03-22
C027,2025-03-23
C027,2025-03-24
C027,2025-03-25
C027,2025-03-26
C027,2025-03-27
C027,2025-03-28
C027,2025-03-29
C027,2025-03-30
C027,2025-03-31
C027,2025-04-01
C027,2025-04-02
C027,2025-04-03
C027,2025-04-04
C027,2025-04-05
C027,2025-04-06
C027,2025-04-07
C027,2025-04-08
C027,2025-04-09
C027,2025-04-10
C027,2025-04-11
C027,2025-04-12
C027,2025-04-13
C027,2025-04-14
C027,2025-04-15
C027,2025-04-16
C027,2025-04-17
C027,2025-04-18
C027,2025-04-19
C027,2025-04-20
C027,2025-04-21
C027,2025-04-22
C027,2025-04-23
C027,2025-04-24
C027,2025-04-25
C027,2025-04-26
C027,2025-04-27
C027,2025-04-28
C027,2025-04-29
C027,2025-04-30
C027,2025-05-01
C027,2025-05-02
C027,2025-05-03
C027,2025-05-04
C027,2025-05-05
C027,2025-05-06
C027,2025-05-07
C027,2025-05-08
C027,2025-05-10
C027,2025-05-11
C027,2025-05-12
C027,2025-05-13
C027,2025-05-14
C027,2025-05-15
C027,2025-05-16
C027,2025-05-17
C027,2025-05-18
C027,2025-05-19
C027,2025-05-20
C027,2025-05-21
C027,2025-05-22
C027,2025-05-23
C027,2025-05-24
C027,2025-05-25
C027,2025-05-26
C027,2025-05-27
C027,2025-05-28
C027,2025-05-29
C027,2025-05-30
C027,2025-05-31
C027,2025-06-01
C027,2025-06-02
C027,2025-06-03
C027,2025-06-04
C027,2025-06-05
C027,2025-06-06
C027,2025-06-07
C027,2025-06-08
C027,2025-06-09
C027,2025-06-10
C027,2025-06-11
C027,2025-06-12
C027,2025-06-13
C027,2025-06-14
C027,2025-06-15
C027,2025-06-16
C027,2025-06-17
C027,2025-06-18
C027,2025-06-19
C027,2025-06-20
C027,2025-06-21
C027,2025-06-22
C027,2025-06-23
C027,2025-06-24
C027,2025-06-25
C027,2025-06-26
C027,2025-06-27
C027,2025-06-28
C027,2025-06-29
C027,2025-06-30
C027,2025-07-01
C027,2025-07-02
C027,2025-07-03
C027,2025-07-04
C027,2025-07-05
C027,2025-07-06
C027,2025-07-07
C027,2025-07-08
C027,2025-07-09
C027,2025-07-10
C027,2025-07-12
C027,2025-07-13
C027,2025-07-14
C027,2025-07-15
C027,2025-07-16
C027,2025-07-17
C027,2025-07-18
C027,2025-07-19
C027,2025-07-20
C027,2025-07-21
C027,2025-07-22
C027,2025-07-23
C027,2025-07-24
C027,2025-07-25
C027,2025-07-26
C027,2025-07-27
C027,2025-07-28
C027,2025-07-29
C027,2025-07-30
C027,2025-07-31
C027,2025-08-01
C027,2025-08-02
C027,2025-08-03
C027,2025-08-04
C027,2025-08-05
C027,2025-08-06
C027,2025-08-07
C027,2025-08-08
C027,2025-08-09
C027,2025-08-10
C027,2025-08-11
C027,2025-08-12
C027,2025-08-13
C027,2025-08-14
C027,2025-08-15
C027,2025-08-16
C027,2025-08-17
C027,2025-08-18
C027,2025-08-19
C027,2025-08-20
C027,2025-08-21
C027,2025-08-22
C027,2025-08-23
C027,2025-08-24
C027,2025-08-26
C027,2025-08-27
C027,2025-08-28
C027,2025-08-29
C027,2025-08-30
C027,2025-08-31
C027,2025-09-01
C027,2025-09-02
C027,2025-09-03
C027,2025-09-04
C027,2025-09-05
C027,2025-09-06
C027,2025-09-07
C027,2025-09-08
C027,2025-09-09
C027,2025-09-10
C027,2025-09-11
C027,2025-09-12
C027,2025-09-13
C027,2025-09-14
C027,2025-09-15
C027,2025-09-16
C027,2025-09-17
C027,2025-09-18
C027,2025-09-19
C027,2025-09-20
C027,2025-09-21
C027,2025-09-22
C027,2025-09-23
C027,2025-09-24
C027,2025-09-25
C027,2025-09-26
C027,2025-09-27
C027,2025-09-28
C027,2025-09-29
C027,2025-09-30
C028,2025-01-08
C028,2025-01-09
C028,2025-01-10
C028,2025-01-11
C028,2025-01-12
C028,2025-01-13
C028,2025-01-14
C028,2025-01-15
C028,2025-01-16
C028,2025-01-17
C028,2025-01-18
C028,2025-01-19
C028,2025-01-20
C028,2025-01-21
C028,2025-01-22
C028,2025-01-23
C028,2025-01-24
C028,2025-01-25
C028,2025-01-26
C028,2025-01-27
C028,2025-01-28
C028,2025-01-29
C028,2025-01-30
C028,2025-01-31
C028,2025-02-01
C028,2025-02-02
C028,2025-02-03
C028,2025-02-04
C028,2025-02-05
C028,2025-02-06
C028,2025-02-07
C028,2025-02-08
C028,2025-02-09
C028,2025-02-10
C028,2025-02-11
C028,2025-02-12
C028,2025-02-13
C028,2025-02-14
C028,2025-02-15
C028,2025-02-16
C028,2025-02-17
C028,2025-02-18
C028,2025-02-19
C028,2025-02-20
C028,2025-02-21
C028,2025-02-22
C028,2025-02-23
C028,2025-02-24
C028,2025-02-25
C028,2025-02-26
C028,2025-02-27
C028,2025-02-28
C028,2025-03-01
C028,2025-03-02
C028,2025-03-03
C028,2025-03-04
C028,2025-03-05
C028,2025-03-06
C028,2025-03-07
C028,2025-03-08
C028,2025-03-09
C028,2025-03-10
C028,2025-03-11
C028,2025-03-12
C028,2025-03-13
C028,2025-03-14
C028,2025-03-16
C028,2025-03-17
C028,2025-03-18
C028,2025-03-19
C028,2025-03-20
C028,2025-03-21
C028,2025-03-22
C028,2025-03-23
C028,2025-03-24
C028,2025-03-25
C028,2025-03-26
C028,2025-03-27
C028,2025-03-28
C028,2025-03-29
C028,2025-03-30
C028,2025-03-31
C028,2025-04-01
C028,2025-04-02
C028,2025-04-03
C028,2025-04-04
C028,2025-04-05
C028,2025-04-06
C028,2025-04-07
C028,2025-04-08
C028,2025-04-09
C028,2025-04-10
C028,2025-04-11
C028,2025-04-12
C028,2025-04-13
C028,2025-04-14
C028,2025-04-15
C028,2025-04-16
C028,2025-04-17
C028,2025-04-18
C028,2025-04-19
C028,2025-04-20
C028,2025-04-21
C028,2025-04-22
C028,2025-04-23
C028,2025-04-24
C028,2025-04-25
C028,2025-04-26
C028,2025-04-27
C028,2025-04-28
C028,2025-04-29
C028,2025-04-30
C028,2025-05-01
C028,2025-05-02
C028,2025-05-03
C028,2025-05-04
C028,2025-05-05
C028,2025-05-06
C028,2025-05-07
C028,2025-05-08
C028,2025-05-09
C028,2025-05-10
C028,2025-05-11
C028,2025-05-12
C028,2025-05-13
C028,2025-05-14
C028,2025-05-15
C028,2025-05-16
C028,2025-05-17
C028,2025-05-18
C028,2025-05-19
C028,2025-05-20
C028,2025-05-21
C028,2025-05-22
C028,2025-05-23
C028,2025-05-24
C028,2025-05-25
C028,2025-05-26
C028,2025-05-27
C028,2025-05-28
C028,2025-05-29
C028,2025-05-30
C028,2025-05-31
C028,2025-06-01
C028,2025-06-02
C028,2025-06-03
C028,2025-06-04
C028,2025-06-05
C028,2025-06-06
C028,2025-06-07
C028,2025-06-08
C028,2025-06-09
C028,2025-06-10
C028,2025-06-11
C028,2025-06-12
C028,2025-06-13
C028,2025-06-14
C028,2025-06-15
C028,2025-06-16
C028,2025-06-17
C028,2025-06-18
C028,2025-06-19
C028,2025-06-20
C028,2025-06-21
C028,2025-06-22
C028,2025-06-23
C028,2025-06-24
C028,2025-06-25
C028,2025-06-26
C028,2025-06-27
C028,2025-06-28
C028,2025-06-29
C028,2025-07-02
C028,2025-07-04
C028,2025-07-05
C028,2025-07-06
C028,2025-07-07
C028,2025-07-08
C028,2025-07-09
C028,2025-07-10
C028,2025-07-11
C028,2025-07-12
C028,2025-07-13
C028,2025-07-14
C028,2025-07-15
C028,2025-07-16
C028,2025-07-17
C028,2025-07-18
C028,2025-07-19
C028,2025-07-20
C028,2025-07-21
C028,2025-07-22
C028,2025-07-23
C028,2025-07-24
C028,2025-07-25
C028,2025-07-26
C028,2025-07-27
C028,2025-07-28
C028,2025-07-29
C028,2025-07-30
C028,2025-07-31
C028,2025-08-01
C028,2025-08-02
C028,2025-08-03
C028,2025-08-04
C028,2025-08-05
C028,2025-08-06
C028,2025-08-07
C028,2025-08-08
C028,2025-08-09
C028,2025-08-10
C028,2025-08-11
C028,2025-08-12
C028,2025-08-13
C028,2025-08-14
C028,2025-08-15
C028,2025-08-16
C028,2025-08-17
C028,2025-08-18
C028,2025-08-19
C028,2025-08-20
C028,2025-08-21
C028,2025-08-22
C028,2025-08-23
C028,2025-08-24
C028,2025-08-25
C028,2025-08-26
C028,2025-08-27
C028,2025-08-28
C028,2025-08-29
C028,2025-08-30
C028,2025-08-31
C028,2025-09-01
C028,2025-09-02
C028,2025-09-03
C028,2025-09-04
C028,2025-09-05
C028,2025-09-06
C028,2025-09-07
C028,2025-09-08
C028,2025-09-09
C028,2025-09-10
C028,2025-09-11
C028,2025-09-12
C028,2025-09-13
C028,2025-09-14
C028,2025-09-15
C028,2025-09-16
C028,2025-09-17
C028,2025-09-18
C028,2025-09-19
C028,2025-09-20
C028,2025-09-21
C028,2025-09-22
C028,2025-09-23
C028,2025-09-24
C028,2025-09-25
C028,2025-09-26
C028,2025-09-27
C028,2025-09-28
C028,2025-09-29
C028,2025-09-30
C029,2025-01-08
C029,2025-01-09
C029,2025-01-10
C029,2025-01-11
C029,2025-01-13
C029,2025-01-14
C029,2025-01-15
C029,2025-01-16
C029,2025-01-17
C029,2025-01-18
C029,2025-01-19
C029,2025-01-20
C029,2025-01-21
C029,2025-01-22
C029,2025-01-23
C029,2025-01-24
C029,2025-01-25
C029,2025-01-26
C029,2025-01-27
C029,2025-01-28
C029,2025-01-29
C029,2025-01-30
C029,2025-01-31
C029,2025-02-01
C029,2025-02-02
C029,2025-02-03
C029,2025-02-04
C029,2025-02-05
C029,2025-02-06
C029,2025-02-07
C029,2025-02-08
C029,2025-02-09
C029,2025-02-10
C029,2025-02-11
C029,2025-02-12
C029,2025-02-13
C029,2025-02-14
C029,2025-02-15
C029,2025-02-16
C029,2025-02-17
C029,2025-02-18
C029,2025-02-19
C029,2025-02-20
C029,2025-02-21
C029,2025-02-22
C029,2025-02-23
C029,2025-02-24
C029,2025-02-25
C029,2025-02-26
C029,2025-02-27
C029,2025-02-28
C029,2025-03-01
C029,2025-03-02
C029,2025-03-03
C029,2025-03-04
C029,2025-03-05
C029,2025-03-06
C029,2025-03-07
C029,2025-03-08
C029,2025-03-09
C029,2025-03-10
C029,2025-03-11
C029,2025-03-12
C029,2025-03-13
C029,2025-03-14
C029,2025-03-15
C029,2025-03-16
C029,2025-03-17
C029,2025-03-18
C029,2025-03-19
C029,2025-03-20
C029,2025-03-21
C029,2025-03-22
C029,2025-03-23
C029,2025-03-24
C029,2025-03-25
C029,2025-03-26
C029,2025-03-27
C029,2025-03-28
C029,2025-03-29
C029,2025-03-30
C029,2025-03-31
C029,2025-04-01
C029,2025-04-02
C029,2025-04-03
C029,2025-04-04
C029,2025-04-05
C029,2025-04-06
C029,2025-04-07
C029,2025-04-08
C029,2025-04-09
C029,2025-04-10
C029,2025-04-11
C029,2025-04-12
C029,2025-04-13
C029,2025-04-14
C029,2025-04-15
C029,2025-04-16
C029,2025-04-17
C029,2025-04-18
C029,2025-04-19
C029,2025-04-20
C029,2025-04-21
C029,2025-04-22
C029,2025-04-23
C029,2025-04-24
C029,2025-04-25
C029,2025-04-26
C029,2025-04-27
C029,2025-04-28
C029,2025-04-29
C029,2025-04-30
C029,2025-05-01
C029,2025-05-02
C029,2025-05-03
C029,2025-05-04
C029,2025-05-05
C029,2025-05-06
C029,2025-05-07
C029,2025-05-08
C029,2025-05-09
C029,2025-05-10
C029,2025-05-11
C029,2025-05-12
C029,2025-05-13
C029,2025-05-14
C029,2025-05-15
C029,2025-05-16
C029,2025-05-17
C029,2025-05-18
C029,2025-05-19
C029,2025-05-20
C029,2025-05-21
C029,2025-05-22
C029,2025-05-23
C029,2025-05-24
C029,2025-05-25
C029,2025-05-26
C029,2025-05-27
C029,2025-05-28
C029,2025-05-30
C029,2025-05-31
C029,2025-06-01
C029,2025-06-02
C029,2025-06-03
C029,2025-06-04
C029,2025-06-05
C029,2025-06-06
C029,2025-06-07
C029,2025-06-08
C029,2025-06-09
C029,2025-06-10
C029,2025-06-11
C029,2025-06-12
C029,2025-06-13
C029,2025-06-14
C029,2025-06-15
C029,2025-06-16
C029,2025-06-17
C029,2025-06-18
C029,2025-06-19
C029,2025-06-20
C029,2025-06-21
C029,2025-06-22
C029,2025-06-23
C029,2025-06-24
C029,2025-06-25
C029,2025-06-26
C029,2025-06-27
C029,2025-06-28
C029,2025-06-29
C029,2025-06-30
C029,2025-07-01
C029,2025-07-02
C029,2025-07-03
C029,2025-07-04
C029,2025-07-05
C029,2025-07-06
C029,2025-07-07
C029,2025-07-08
C029,2025-07-09
C029,2025-07-10
C029,2025-07-11
C029,2025-07-12
C029,2025-07-14
C029,2025-07-15
C029,2025-07-16
C029,2025-07-17
C029,2025-07-18
C029,2025-07-19
C029,2025-07-20
C029,2025-07-21
C029,2025-07-22
C029,2025-07-23
C029,2025-07-24
C029,2025-07-25
C029,2025-07-26
C029,2025-07-27
C029,2025-07-28
C029,2025-07-29
C029,2025-07-30
C029,2025-07-31
C029,2025-08-01
C029,2025-08-02
C029,2025-08-03
C029,2025-08-04
C029,2025-08-05
C029,2025-08-06
C029,2025-08-07
C029,2025-08-08
C029,2025-08-09
C029,2025-08-10
C029,2025-08-11
C029,2025-08-12
C029,2025-08-13
C029,2025-08-14
C029,2025-08-15
C029,2025-08-16
C029,2025-08-17
C029,2025-08-18
C029,2025-08-19
C029,2025-08-20
C029,2025-08-21
C029,2025-08-22
C029,2025-08-23
C029,2025-08-24
C029,2025-08-25
C029,2025-08-26
C029,2025-08-27
C029,2025-08-28
C029,2025-08-29
C029,2025-08-30
C029,2025-08-31
C029,2025-09-01
C029,2025-09-02
C029,2025-09-03
C029,2025-09-04
C029,2025-09-05
C029,2025-09-06
C029,2025-09-07
C029,2025-09-08
C029,2025-09-09
C029,2025-09-10
C029,2025-09-11
C029,2025-09-12
C029,2025-09-13
C029,2025-09-14
C029,2025-09-15
C029,2025-09-16
C029,2025-09-17
C029,2025-09-18
C029,2025-09-19
C029,2025-09-20
C029,2025-09-21
C029,2025-09-22
C029,2025-09-23
C029,2025-09-24
C029,2025-09-25
C029,2025-09-26
C029,2025-09-27
C029,2025-09-28
C029,2025-09-29
C029,2025-09-30
C030,2025-01-08
C030,2025-01-09
C030,2025-01-10
C030,2025-01-11
C030,2025-01-12
C030,2025-01-13
C030,2025-01-14
C030,2025-01-15
C030,2025-01-16
C030,2025-01-17
C030,2025-01-18
C030,2025-01-19
C030,2025-01-20
C030,2025-01-21
C030,2025-01-22
C030,2025-01-23
C030,2025-01-24
C030,2025-01-25
C030,2025-01-26
C030,2025-01-27
C030,2025-01-28
C030,2025-01-29
C030,2025-01-30
C030,2025-01-31
C030,2025-02-01
C030,2025-02-02
C030,2025-02-03
C030,2025-02-04
C030,2025-02-05
C030,2025-02-06
C030,2025-02-07
C030,2025-02-08
C030,2025-02-09
C030,2025-02-10
C030,2025-02-11
C030,2025-02-12
C030,2025-02-14
C030,2025-02-15
C030,2025-02-16
C030,2025-02-17
C030,2025-02-18
C030,2025-02-19
C030,2025-02-20
C030,2025-02-21
C030,2025-02-22
C030,2025-02-23
C030,2025-02-24
C030,2025-02-25
C030,2025-02-26
C030,2025-02-27
C030,2025-02-28
C030,2025-03-01
C030,2025-03-02
C030,2025-03-03
C030,2025-03-04
C030,2025-03-05
C030,2025-03-06
C030,2025-03-07
C030,2025-03-08
C030,2025-03-09
C030,2025-03-10
C030,2025-03-11
C030,2025-03-12
C030,2025-03-13
C030,2025-03-14
C030,2025-03-15
C030,2025-03-16
C030,2025-03-17
C030,2025-03-18
C030,2025-03-19
C030,2025-03-20
C030,2025-03-21
C030,2025-03-22
C030,2025-03-23
C030,2025-03-24
C030,2025-03-25
C030,2025-03-26
C030,2025-03-27
C030,2025-03-28
C030,2025-03-29
C030,2025-03-30
C030,2025-03-31
C030,2025-04-01
C030,2025-04-02
C030,2025-04-03
C030,2025-04-04
C030,2025-04-05
C030,2025-04-06
C030,2025-04-07
C030,2025-04-08
C030,2025-04-09
C030,2025-04-10
C030,2025-04-11
C030,2025-04-12
C030,2025-04-13
C030,2025-04-14
C030,2025-04-15
C030,2025-04-16
C030,2025-04-17
C030,2025-04-18
C030,2025-04-19
C030,2025-04-20
C030,2025-04-21
C030,2025-04-22
C030,2025-04-23
C030,2025-04-24
C030,2025-04-25
C030,2025-04-26
C030,2025-04-27
C030,2025-04-28
C030,2025-04-29
C030,2025-04-30
C030,2025-05-01
C030,2025-05-02
C030,2025-05-03
C030,2025-05-04
C030,2025-05-06
C030,2025-05-07
C030,2025-05-08
C030,2025-05-09
C030,2025-05-10
C030,2025-05-11
C030,2025-05-12
C030,2025-05-13
C030,2025-05-14
C030,2025-05-15
C030,2025-05-16
C030,2025-05-17
C030,2025-05-18
C030,2025-05-19
C030,2025-05-20
C030,2025-05-21
C030,2025-05-22
C030,2025-05-23
C030,2025-05-24
C030,2025-05-25
C030,2025-05-26
C030,2025-05-27
C030,2025-05-28
C030,2025-05-29
C030,2025-05-30
C030,2025-05-31
C030,2025-06-01
C030,2025-06-02
C030,2025-06-03
C030,2025-06-04
C030,2025-06-05
C030,2025-06-06
C030,2025-06-07
C030,2025-06-08
C030,2025-06-09
C030,2025-06-10
C030,2025-06-11
C030,2025-06-12
C030,2025-06-13
C030,2025-06-14
C030,2025-06-15
C030,2025-06-16
C030,2025-06-17
C030,2025-06-18
C030,2025-06-19
C030,2025-06-20
C030,2025-06-21
C030,2025-06-22
C030,2025-06-23
C030,2025-06-24
C030,2025-06-25
C030,2025-06-26
C030,2025-06-27
C030,2025-06-28
C030,2025-06-29
C030,2025-06-30
C030,2025-07-01
C030,2025-07-02
C030,2025-07-03
C030,2025-07-04
C030,2025-07-05
C030,2025-07-06
C030,2025-07-07
C030,2025-07-08
C030,2025-07-09
C030,2025-07-10
C030,2025-07-11
C030,2025-07-12
C030,2025-07-13
C030,2025-07-14
C030,2025-07-15
C030,2025-07-16
C030,2025-07-17
C030,2025-07-18
C030,2025-07-19
C030,2025-07-20
C030,2025-07-21
C030,2025-07-22
C030,2025-07-23
C030,2025-07-24
C030,2025-07-25
C030,2025-07-26
C030,2025-07-27
C030,2025-07-28
C030,2025-07-29
C030,2025-07-30
C030,2025-07-31
C030,2025-08-01
C030,2025-08-02
C030,2025-08-03
C030,2025-08-04
C030,2025-08-05
C030,2025-08-06
C030,2025-08-07
C030,2025-08-08
C030,2025-08-09
C030,2025-08-10
C030,2025-08-11
C030,2025-08-12
C030,2025-08-13
C030,2025-08-14
C030,2025-08-15
C030,2025-08-16
C030,2025-08-17
C030,2025-08-18
C030,2025-08-19
C030,2025-08-20
C030,2025-08-21
C030,2025-08-22
C030,2025-08-23
C030,2025-08-24
C030,2025-08-25
C030,2025-08-26
C030,2025-08-27
C030,2025-08-28
C030,2025-08-29
C030,2025-08-30
C030,2025-08-31
C030,2025-09-01
C030,2025-09-02
C030,2025-09-03
C030,2025-09-04
C030,2025-09-05
C030,2025-09-06
C030,2025-09-07
C030,2025-09-08
C030,2025-09-09
C030,2025-09-10
C030,2025-09-11
C030,2025-09-12
C030,2025-09-13
C030,2025-09-14
C030,2025-09-15
C030,2025-09-16
C030,2025-09-17
C030,2025-09-18
C030,2025-09-19
C030,2025-09-20
C030,2025-09-21
C030,2025-09-22
C030,2025-09-23
C030,2025-09-24
C030,2025-09-25
C030,2025-09-26
C030,2025-09-27
C030,2025-09-28
C030,2025-09-29
C030,2025-09-30
C031,2025-01-08
C031,2025-01-09
C031,2025-01-10
C031,2025-01-11
C031,2025-01-12
C031,2025-01-13
C031,2025-01-14
C031,2025-01-15
C031,2025-01-16
C031,2025-01-17
C031,2025-01-18
C031,2025-01-19
C031,2025-01-20
C031,2025-01-21
C031,2025-01-22
C031,2025-01-23
C031,2025-01-24
C031,2025-01-25
C031,2025-01-26
C031,2025-01-27
C031,2025-01-28
C031,2025-01-29
C031,2025-01-30
C031,2025-01-31
C031,2025-02-01
C031,2025-02-02
C031,2025-02-03
C031,2025-02-04
C031,2025-02-05
C031,2025-02-06
C031,2025-02-07
C031,2025-02-08
C031,2025-02-09
C031,2025-02-10
C031,2025-02-11
C031,2025-02-13
C031,2025-02-14
C031,2025-02-15
C031,2025-02-16
C031,2025-02-17
C031,2025-02-18
C031,2025-02-19
C031,2025-02-20
C031,2025-02-21
C031,2025-02-22
C031,2025-02-23
C031,2025-02-24
C031,2025-02-25
C031,2025-02-26
C031,2025-02-27
C031,2025-02-28
C031,2025-03-01
C031,2025-03-02
C031,2025-03-03
C031,2025-03-04
C031,2025-03-05
C031,2025-03-06
C031,2025-03-07
C031,2025-03-08
C031,2025-03-09
C031,2025-03-10
C031,2025-03-11
C031,2025-03-12
C031,2025-03-13
C031,2025-03-14
C031,2025-03-15
C031,2025-03-16
C031,2025-03-17
C031,2025-03-18
C031,2025-03-19
C031,2025-03-20
C031,2025-03-21
C031,2025-03-22
C031,2025-03-23
C031,2025-03-24
C031,2025-03-25
C031,2025-03-26
C031,2025-03-27
C031,2025-03-28
C031,2025-03-29
C031,2025-03-30
C031,2025-03-31
C031,2025-04-01
C031,2025-04-02
C031,2025-04-03
C031,2025-04-04
C031,2025-04-05
C031,2025-04-06
C031,2025-04-07
C031,2025-04-08
C031,2025-04-09
C031,2025-04-10
C031,2025-04-11
C031,2025-04-12
C031,2025-04-13
C031,2025-04-14
C031,2025-04-15
C031,2025-04-16
C031,2025-04-17
C031,2025-04-18
C031,2025-04-19
C031,2025-04-20
C031,2025-04-21
C031,2025-04-22
C031,2025-04-23
C031,2025-04-24
C031,2025-04-25
C031,2025-04-26
C031,2025-04-27
C031,2025-04-28
C031,2025-04-29
C031,2025-04-30
C031,2025-05-01
C031,2025-05-02
C031,2025-05-03
C031,2025-05-04
C031,2025-05-05
C031,2025-05-06
C031,2025-05-07
C031,2025-05-08
C031,2025-05-09
C031,2025-05-10
C031,2025-05-11
C031,2025-05-12
C031,2025-05-13
C031,2025-05-14
C031,2025-05-15
C031,2025-05-16
C031,2025-05-17
C031,2025-05-18
C031,2025-05-19
C031,2025-05-20
C031,2025-05-21
C031,2025-05-22
C031,2025-05-23
C031,2025-05-24
C031,2025-05-25
C031,2025-05-26
C031,2025-05-27
C031,2025-05-28
C031,2025-05-29
C031,2025-05-30
C031,2025-05-31
C031,2025-06-01
C031,2025-06-02
C031,2025-06-03
C031,2025-06-04
C031,2025-06-05
C031,2025-06-06
C031,2025-06-07
C031,2025-06-08
C031,2025-06-09
C031,2025-06-10
C031,2025-06-11
C031,2025-06-12
C031,2025-06-13
C031,2025-06-14
C031,2025-06-15
C031,2025-06-16
C031,2025-06-17
C031,2025-06-18
C031,2025-06-19
C031,2025-06-20
C031,2025-06-21
C031,2025-06-22
C031,2025-06-23
C031,2025-06-24
C031,2025-06-25
C031,2025-06-26
C031,2025-06-27
C031,2025-06-28
C031,2025-06-29
C031,2025-06-30
C031,2025-07-01
C031,2025-07-02
C031,2025-07-03
C031,2025-07-04
C031,2025-07-05
C031,2025-07-06
C031,2025-07-07
C031,2025-07-08
C031,2025-07-09
C031,2025-07-10
C031,2025-07-11
C031,2025-07-12
C031,2025-07-13
C031,2025-07-14
C031,2025-07-15
C031,2025-07-16
C031,2025-07-17
C031,2025-07-18
C031,2025-07-19
C031,2025-07-20
C031,2025-07-21
C031,2025-07-22
C031,2025-07-23
C031,2025-07-24
C031,2025-07-25
C031,2025-07-26
C031,2025-07-27
C031,2025-07-28
C031,2025-07-29
C031,2025-07-30
C031,2025-07-31
C031,2025-08-01
C031,2025-08-02
C031,2025-08-03
C031,2025-08-04
C031,2025-08-05
C031,2025-08-06
C031,2025-08-07
C031,2025-08-08
C031,2025-08-09
C031,2025-08-10
C031,2025-08-11
C031,2025-08-12
C031,2025-08-13
C031,2025-08-14
C031,2025-08-15
C031,2025-08-16
C031,2025-08-17
C031,2025-08-18
C031,2025-08-19
C031,2025-08-20
C031,2025-08-21
C031,2025-08-22
C031,2025-08-23
C031,2025-08-24
C031,2025-08-25
C031,2025-08-26
C031,2025-08-27
C031,2025-08-28
C031,2025-08-29
C031,2025-08-30
C031,2025-08-31
C031,2025-09-01
C031,2025-09-02
C031,2025-09-03
C031,2025-09-04
C031,2025-09-05
C031,2025-09-06
C031,2025-09-07
C031,2025-09-08
C031,2025-09-09
C031,2025-09-10
C031,2025-09-11
C031,2025-09-12
C031,2025-09-13
C031,2025-09-14
C031,2025-09-15
C031,2025-09-16
C031,2025-09-17
C031,2025-09-18
C031,2025-09-19
C031,2025-09-20
C031,2025-09-21
C031,2025-09-22
C031,2025-09-23
C031,2025-09-24
C031,2025-09-25
C031,2025-09-26
C031,2025-09-27
C031,2025-09-28
C031,2025-09-29
C031,2025-09-30
C032,2025-01-08
C032,2025-01-09
C032,2025-01-10
C032,2025-01-11
C032,2025-01-12
C032,2025-01-13
C032,2025-01-14
C032,2025-01-15
C032,2025-01-16
C032,2025-01-17
C032,2025-01-18
C032,2025-01-19
C032,2025-01-20
C032,2025-01-21
C032,2025-01-22
C032,2025-01-23
C032,2025-01-24
C032,2025-01-25
C032,2025-01-26
C032,2025-01-27
C032,2025-01-28
C032,2025-01-29
C032,2025-01-30
C032,2025-01-31
C032,2025-02-01
C032,2025-02-02
C032,2025-02-03
C032,2025-02-04
C032,2025-02-05
C032,2025-02-06
C032,2025-02-07
C032,2025-02-08
C032,2025-02-09
C032,2025-02-10
C032,2025-02-11
C032,2025-02-12
C032,2025-02-13
C032,2025-02-14
C032,2025-02-15
C032,2025-02-16
C032,2025-02-17
C032,2025-02-18
C032,2025-02-19
C032,2025-02-20
C032,2025-02-21
C032,2025-02-22
C032,2025-02-23
C032,2025-02-24
C032,2025-02-25
C032,2025-02-26
C032,2025-02-27
C032,2025-02-28
C032,2025-03-01
C032,2025-03-02
C032,2025-03-03
C032,2025-03-04
C032,2025-03-05
C032,2025-03-06
C032,2025-03-07
C032,2025-03-08
C032,2025-03-10
C032,2025-03-11
C032,2025-03-12
C032,2025-03-13
C032,2025-03-14
C032,2025-03-15
C032,2025-03-16
C032,2025-03-17
C032,2025-03-18
C032,2025-03-19
C032,2025-03-20
C032,2025-03-21
C032,2025-03-22
C032,2025-03-23
C032,2025-03-24
C032,2025-03-25
C032,2025-03-26
C032,2025-03-27
C032,2025-03-28
C032,2025-03-29
C032,2025-03-30
C032,2025-03-31
C032,2025-04-01
C032,2025-04-02
C032,2025-04-03
C032,2025-04-04
C032,2025-04-05
C032,2025-04-06
C032,2025-04-07
C032,2025-04-08
C032,2025-04-09
C032,2025-04-10
C032,2025-04-11
C032,2025-04-12
C032,2025-04-13
C032,2025-04-14
C032,2025-04-15
C032,2025-04-16
C032,2025-04-17
C032,2025-04-18
C032,2025-04-19
C032,2025-04-20
C032,2025-04-21
C032,2025-04-22
C032,2025-04-23
C032,2025-04-24
C032,2025-04-25
C032,2025-04-26
C032,2025-04-27
C032,2025-04-28
C032,2025-04-29
C032,2025-04-30
C032,2025-05-01
C032,2025-05-02
C032,2025-05-03
C032,2025-05-04
C032,2025-05-05
C032,2025-05-06
C032,2025-05-07
C032,2025-05-08
C032,2025-05-09
C032,2025-05-10
C032,2025-05-11
C032,2025-05-12
C032,2025-05-13
C032,2025-05-14
C032,2025-05-15
C032,2025-05-16
C032,2025-05-17
C032,2025-05-18
C032,2025-05-19
C032,2025-05-20
C032,2025-05-21
C032,2025-05-22
C032,2025-05-23
C032,2025-05-24
C032,2025-05-25
C032,2025-05-26
C032,2025-05-27
C032,2025-05-28
C032,2025-05-29
C032,2025-05-30
C032,2025-05-31
C032,2025-06-01
C032,2025-06-02
C032,2025-06-03
C032,2025-06-04
C032,2025-06-05
C032,2025-06-06
C032,2025-06-07
C032,2025-06-08
C032,2025-06-09
C032,2025-06-10
C032,2025-06-11
C032,2025-06-12
C032,2025-06-13
C032,2025-06-14
C032,2025-06-15
C032,2025-06-16
C032,2025-06-17
C032,2025-06-18
C032,2025-06-19
C032,2025-06-21
C032,2025-06-22
C032,2025-06-23
C032,2025-06-24
C032,2025-06-25
C032,2025-06-26
C032,2025-06-27
C032,2025-06-28
C032,2025-06-29
C032,2025-06-30
C032,2025-07-01
C032,2025-07-03
C032,2025-07-04
C032,2025-07-05
C032,2025-07-06
C032,2025-07-07
C032,2025-07-08
C032,2025-07-09
C032,2025-07-10
C032,2025-07-11
C032,2025-07-12
C032,2025-07-13
C032,2025-07-14
C032,2025-07-15
C032,2025-07-16
C032,2025-07-17
C032,2025-07-18
C032,2025-07-19
C032,2025-07-20
C032,2025-07-21
C032,2025-07-22
C032,2025-07-23
C032,2025-07-24
C032,2025-07-25
C032,2025-07-26
C032,2025-07-27
C032,2025-07-28
C032,2025-07-29
C032,2025-07-30
C032,2025-07-31
C032,2025-08-01
C032,2025-08-02
C032,2025-08-03
C032,2025-08-04
C032,2025-08-05
C032,2025-08-06
C032,2025-08-07
C032,2025-08-08
C032,2025-08-09
C032,2025-08-10
C032,2025-08-11
C032,2025-08-12
C032,2025-08-13
C032,2025-08-14
C032,2025-08-15
C032,2025-08-16
C032,2025-08-17
C032,2025-08-18
C032,2025-08-19
C032,2025-08-20
C032,2025-08-21
C032,2025-08-22
C032,2025-08-23
C032,2025-08-24
C032,2025-08-25
C032,2025-08-26
C032,2025-08-27
C032,2025-08-28
C032,2025-08-29
C032,2025-08-30
C032,2025-08-31
C032,2025-09-01
C032,2025-09-02
C032,2025-09-03
C032,2025-09-04
C032,2025-09-05
C032,2025-09-06
C032,2025-09-07
C032,2025-09-08
C032,2025-09-09
C032,2025-09-10
C032,2025-09-11
C032,2025-09-12
C032,2025-09-13
C032,2025-09-14
C032,2025-09-15
C032,2025-09-16
C032,2025-09-17
C032,2025-09-18
C032,2025-09-19
C032,2025-09-20
C032,2025-09-21
C032,2025-09-22
C032,2025-09-23
C032,2025-09-24
C032,2025-09-25
C032,2025-09-26
C032,2025-09-27
C032,2025-09-28
C032,2025-09-29
C032,2025-09-30
C033,2025-01-08
C033,2025-01-09
C033,2025-01-10
C033,2025-01-11
C033,2025-01-12
C033,2025-01-13
C033,2025-01-14
C033,2025-01-15
C033,2025-01-16
C033,2025-01-17
C033,2025-01-18
C033,2025-01-19
C033,2025-01-20
C033,2025-01-21
C033,2025-01-22
C033,2025-01-23
C033,2025-01-24
C033,2025-01-25
C033,2025-01-26
C033,2025-01-27
C033,2025-01-28
C033,2025-01-29
C033,2025-01-30
C033,2025-01-31
C033,2025-02-01
C033,2025-02-02
C033,2025-02-03
C033,2025-02-04
C033,2025-02-05
C033,2025-02-06
C033,2025-02-07
C033,2025-02-08
C033,2025-02-09
C033,2025-02-10
C033,2025-02-11
C033,2025-02-12
C033,2025-02-13
C033,2025-02-14
C033,2025-02-15
C033,2025-02-16
C033,2025-02-17
C033,2025-02-18
C033,2025-02-19
C033,2025-02-20
C033,2025-02-21
C033,2025-02-22
C033,2025-02-23
C033,2025-02-24
C033,2025-02-25
C033,2025-02-26
C033,2025-02-27
C033,2025-02-28
C033,2025-03-01
C033,2025-03-02
C033,2025-03-03
C033,2025-03-04
C033,2025-03-05
C033,2025-03-06
C033,2025-03-07
C033,2025-03-08
C033,2025-03-09
C033,2025-03-10
C033,2025-03-11
C033,2025-03-12
C033,2025-03-13
C033,2025-03-14
C033,2025-03-15
C033,2025-03-16
C033,2025-03-17
C033,2025-03-18
C033,2025-03-19
C033,2025-03-20
C033,2025-03-21
C033,2025-03-22
C033,2025-03-23
C033,2025-03-24
C033,2025-03-25
C033,2025-03-26
C033,2025-03-27
C033,2025-03-28
C033,2025-03-29
C033,2025-03-30
C033,2025-03-31
C033,2025-04-01
C033,2025-04-02
C033,2025-04-03
C033,2025-04-04
C033,2025-04-05
C033,2025-04-06
C033,2025-04-08
C033,2025-04-09
C033,2025-04-10
C033,2025-04-11
C033,2025-04-12
C033,2025-04-13
C033,2025-04-14
C033,2025-04-15
C033,2025-04-16
C033,2025-04-17
C033,2025-04-18
C033,2025-04-19
C033,2025-04-20
C033,2025-04-21
C033,2025-04-22
C033,2025-04-23
C033,2025-04-24
C033,2025-04-25
C033,2025-04-26
C033,2025-04-27
C033,2025-04-28
C033,2025-04-29
C033,2025-04-30
C033,2025-05-01
C033,2025-05-02
C033,2025-05-03
C033,2025-05-04
C033,2025-05-05
C033,2025-05-06
C033,2025-05-07
C033,2025-05-08
C033,2025-05-09
C033,2025-05-10
C033,2025-05-11
C033,2025-05-12
C033,2025-05-13
C033,2025-05-14
C033,2025-05-15
C033,2025-05-16
C033,2025-05-17
C033,2025-05-18
C033,2025-05-19
C033,2025-05-20
C033,2025-05-21
C033,2025-05-22
C033,2025-05-23
C033,2025-05-24
C033,2025-05-25
C033,2025-05-26
C033,2025-05-27
C033,2025-05-28
C033,2025-05-29
C033,2025-05-30
C033,2025-05-31
C033,2025-06-01
C033,2025-06-02
C033,2025-06-03
C033,2025-06-04
C033,2025-06-05
C033,2025-06-06
C033,2025-06-07
C033,2025-06-08
C033,2025-06-09
C033,2025-06-10
C033,2025-06-11
C033,2025-06-12
C033,2025-06-13
C033,2025-06-14
C033,2025-06-15
C033,2025-06-16
C033,2025-06-17
C033,2025-06-18
C033,2025-06-19
C033,2025-06-20
C033,2025-06-21
C033,2025-06-22
C033,2025-06-23
C033,2025-06-24
C033,2025-06-25
C033,2025-06-26
C033,2025-06-27
C033,2025-06-28
C033,2025-06-29
C033,2025-06-30
C033,2025-07-01
C033,2025-07-02
C033,2025-07-03
C033,2025-07-04
C033,2025-07-06
C033,2025-07-07
C033,2025-07-08
C033,2025-07-09
C033,2025-07-10
C033,2025-07-11
C033,2025-07-12
C033,2025-07-13
C033,2025-07-14
C033,2025-07-15
C033,2025-07-16
C033,2025-07-17
C033,2025-07-18
C033,2025-07-19
C033,2025-07-20
C033,2025-07-21
C033,2025-07-22
C033,2025-07-23
C033,2025-07-24
C033,2025-07-25
C033,2025-07-26
C033,2025-07-27
C033,2025-07-28
C033,2025-07-30
C033,2025-07-31
C033,2025-08-01
C033,2025-08-02
C033,2025-08-03
C033,2025-08-04
C033,2025-08-05
C033,2025-08-06
C033,2025-08-07
C033,2025-08-08
C033,2025-08-09
C033,2025-08-10
C033,2025-08-11
C033,2025-08-12
C033,2025-08-13
C033,2025-08-14
C033,2025-08-15
C033,2025-08-16
C033,2025-08-17
C033,2025-08-18
C033,2025-08-19
C033,2025-08-20
C033,2025-08-21
C033,2025-08-22
C033,2025-08-23
C033,2025-08-24
C033,2025-08-25
C033,2025-08-26
C033,2025-08-27
C033,2025-08-28
C033,2025-08-29
C033,2025-08-30
C033,2025-08-31
C033,2025-09-01
C033,2025-09-02
C033,2025-09-03
C033,2025-09-04
C033,2025-09-05
C033,2025-09-06
C033,2025-09-07
C033,2025-09-08
C033,2025-09-09
C033,2025-09-10
C033,2025-09-11
C033,2025-09-12
C033,2025-09-13
C033,2025-09-14
C033,2025-09-15
C033,2025-09-16
C033,2025-09-17
C033,2025-09-18
C033,2025-09-19
C033,2025-09-20
C033,2025-09-21
C033,2025-09-22
C033,2025-09-23
C033,2025-09-24
C033,2025-09-25
C033,2025-09-26
C033,2025-09-27
C033,2025-09-28
C033,2025-09-29
C033,2025-09-30
C034,2025-01-08
C034,2025-01-09
C034,2025-01-10
C034,2025-01-11
C034,2025-01-12
C034,2025-01-13
C034,2025-01-14
C034,2025-01-15
C034,2025-01-16
C034,2025-01-17
C034,2025-01-18
C034,2025-01-19
C034,2025-01-20
C034,2025-01-21
C034,2025-01-22
C034,2025-01-23
C034,2025-01-24
C034,2025-01-25
C034,2025-01-26
C034,2025-01-27
C034,2025-01-28
C034,2025-01-29
C034,2025-01-30
C034,2025-01-31
C034,2025-02-01
C034,2025-02-02
C034,2025-02-03
C034,2025-02-04
C034,2025-02-05
C034,2025-02-06
C034,2025-02-07
C034,2025-02-08
C034,2025-02-09
C034,2025-02-10
C034,2025-02-11
C034,2025-02-12
C034,2025-02-13
C034,2025-02-14
C034,2025-02-15
C034,2025-02-16
C034,2025-02-17
C034,2025-02-18
C034,2025-02-19
C034,2025-02-20
C034,2025-02-21
C034,2025-02-22
C034,2025-02-23
C034,2025-02-24
C034,2025-02-25
C034,2025-02-26
C034,2025-02-27
C034,2025-02-28
C034,2025-03-01
C034,2025-03-02
C034,2025-03-03
C034,2025-03-04
C034,2025-03-05
C034,2025-03-06
C034,2025-03-07
C034,2025-03-08
C034,2025-03-09
C034,2025-03-10
C034,2025-03-11
C034,2025-03-12
C034,2025-03-13
C034,2025-03-14
C034,2025-03-15
C034,2025-03-16
C034,2025-03-17
C034,2025-03-18
C034,2025-03-19
C034,2025-03-20
C034,2025-03-21
C034,2025-03-22
C034,2025-03-23
C034,2025-03-24
C034,2025-03-25
C034,2025-03-27
C034,2025-03-28
C034,2025-03-29
C034,2025-03-30
C034,2025-03-31
C034,2025-04-01
C034,2025-04-02
C034,2025-04-03
C034,2025-04-04
C034,2025-04-05
C034,2025-04-06
C034,2025-04-07
C034,2025-04-08
C034,2025-04-09
C034,2025-04-10
C034,2025-04-11
C034,2025-04-12
C034,2025-04-13
C034,2025-04-14
C034,2025-04-15
C034,2025-04-16
C034,2025-04-17
C034,2025-04-18
C034,2025-04-19
C034,2025-04-20
C034,2025-04-21
C034,2025-04-22
C034,2025-04-23
C034,2025-04-24
C034,2025-04-25
C034,2025-04-26
C034,2025-04-27
C034,2025-04-28
C034,2025-04-29
C034,2025-04-30
C034,2025-05-01
C034,2025-05-02
C034,2025-05-03
C034,2025-05-04
C034,2025-05-05
C034,2025-05-06
C034,2025-05-07
C034,2025-05-08
C034,2025-05-09
C034,2025-05-10
C034,2025-05-11
C034,2025-05-12
C034,2025-05-13
C034,2025-05-14
C034,2025-05-15
C034,2025-05-16
C034,2025-05-17
C034,2025-05-18
C034,2025-05-19
C034,2025-05-20
C034,2025-05-21
C034,2025-05-22
C034,2025-05-23
C034,2025-05-24
C034,2025-05-25
C034,2025-05-26
C034,2025-05-27
C034,2025-05-28
C034,2025-05-29
C034,2025-05-30
C034,2025-05-31
C034,2025-06-01
C034,2025-06-02
C034,2025-06-03
C034,2025-06-04
C034,2025-06-05
C034,2025-06-06
C034,2025-06-07
C034,2025-06-08
C034,2025-06-09
C034,2025-06-10
C034,2025-06-11
C034,2025-06-12
C034,2025-06-13
C034,2025-06-14
C034,2025-06-15
C034,2025-06-16
C034,2025-06-17
C034,2025-06-18
C034,2025-06-19
C034,2025-06-20
C034,2025-06-21
C034,2025-06-22
C034,2025-06-23
C034,2025-06-24
C034,2025-06-25
C034,2025-06-26
C034,2025-06-27
C034,2025-06-28
C034,2025-06-29
C034,2025-06-30
C034,2025-07-01
C034,2025-07-02
C034,2025-07-03
C034,2025-07-04
C034,2025-07-05
C034,2025-07-06
C034,2025-07-07
C034,2025-07-08
C034,2025-07-09
C034,2025-07-10
C034,2025-07-11
C034,2025-07-12
C034,2025-07-13
C034,2025-07-14
C034,2025-07-15
C034,2025-07-16
C034,2025-07-17
C034,2025-07-18
C034,2025-07-19
C034,2025-07-20
C034,2025-07-21
C034,2025-07-22
C034,2025-07-23
C034,2025-07-24
C034,2025-07-25
C034,2025-07-26
C034,2025-07-27
C034,2025-07-28
C034,2025-07-29
C034,2025-07-30
C034,2025-07-31
C034,2025-08-01
C034,2025-08-02
C034,2025-08-03
C034,2025-08-04
C034,2025-08-05
C034,2025-08-06
C034,2025-08-07
C034,2025-08-08
C034,2025-08-09
C034,2025-08-10
C034,2025-08-11
C034,2025-08-12
C034,2025-08-13
C034,2025-08-14
C034,2025-08-15
C034,2025-08-16
C034,2025-08-17
C034,2025-08-18
C034,2025-08-19
C034,2025-08-20
C034,2025-08-21
C034,2025-08-22
C034,2025-08-23
C034,2025-08-24
C034,2025-08-25
C034,2025-08-26
C034,2025-08-27
C034,2025-08-28
C034,2025-08-29
C034,2025-08-30
C034,2025-08-31
C034,2025-09-01
C034,2025-09-02
C034,2025-09-03
C034,2025-09-04
C034,2025-09-05
C034,2025-09-06
C034,2025-09-07
C034,2025-09-08
C034,2025-09-09
C034,2025-09-10
C034,2025-09-11
C034,2025-09-12
C034,2025-09-13
C034,2025-09-14
C034,2025-09-15
C034,2025-09-16
C034,2025-09-17
C034,2025-09-18
C034,2025-09-19
C034,2025-09-20
C034,2025-09-21
C034,2025-09-22
C034,2025-09-23
C034,2025-09-25
C034,2025-09-26
C034,2025-09-27
C034,2025-09-28
C034,2025-09-29
C034,2025-09-30
C035,2025-01-08
C035,2025-01-09
C035,2025-01-10
C035,2025-01-11
C035,2025-01-12
C035,2025-01-13
C035,2025-01-14
C035,2025-01-15
C035,2025-01-16
C035,2025-01-17
C035,2025-01-18
C035,2025-01-19
C035,2025-01-20
C035,2025-01-21
C035,2025-01-22
C035,2025-01-23
C035,2025-01-24
C035,2025-01-25
C035,2025-01-26
C035,2025-01-27
C035,2025-01-28
C035,2025-01-29
C035,2025-01-30
C035,2025-01-31
C035,2025-02-01
C035,2025-02-02
C035,2025-02-03
C035,2025-02-04
C035,2025-02-05
C035,2025-02-06
C035,2025-02-07
C035,2025-02-08
C035,2025-02-09
C035,2025-02-10
C035,2025-02-11
C035,2025-02-12
C035,2025-02-13
C035,2025-02-14
C035,2025-02-15
C035,2025-02-16
C035,2025-02-17
C035,2025-02-18
C035,2025-02-19
C035,2025-02-20
C035,2025-02-21
C035,2025-02-22
C035,2025-02-23
C035,2025-02-24
C035,2025-02-25
C035,2025-02-26
C035,2025-02-27
C035,2025-02-28
C035,2025-03-01
C035,2025-03-02
C035,2025-03-03
C035,2025-03-04
C035,2025-03-05
C035,2025-03-06
C035,2025-03-07
C035,2025-03-08
C035,2025-03-09
C035,2025-03-10
C035,2025-03-11
C035,2025-03-12
C035,2025-03-13
C035,2025-03-14
C035,2025-03-15
C035,2025-03-16
C035,2025-03-17
C035,2025-03-18
C035,2025-03-19
C035,2025-03-20
C035,2025-03-21
C035,2025-03-22
C035,2025-03-25
C035,2025-03-26
C035,2025-03-27
C035,2025-03-28
C035,2025-03-29
C035,2025-03-30
C035,2025-03-31
C035,2025-04-01
C035,2025-04-02
C035,2025-04-03
C035,2025-04-04
C035,2025-04-05
C035,2025-04-06
C035,2025-04-07
C035,2025-04-08
C035,2025-04-09
C035,2025-04-10
C035,2025-04-11
C035,2025-04-12
C035,2025-04-13
C035,2025-04-14
C035,2025-04-15
C035,2025-04-16
C035,2025-04-17
C035,2025-04-18
C035,2025-04-19
C035,2025-04-20
C035,2025-04-21
C035,2025-04-22
C035,2025-04-23
C035,2025-04-24
C035,2025-04-25
C035,2025-04-26
C035,2025-04-27
C035,2025-04-28
C035,2025-04-29
C035,2025-04-30
C035,2025-05-01
C035,2025-05-02
C035,2025-05-03
C035,2025-05-04
C035,2025-05-06
C035,2025-05-07
C035,2025-05-08
C035,2025-05-09
C035,2025-05-10
C035,2025-05-11
C035,2025-05-12
C035,2025-05-13
C035,2025-05-14
C035,2025-05-15
C035,2025-05-16
C035,2025-05-17
C035,2025-05-18
C035,2025-05-19
C035,2025-05-20
C035,2025-05-22
C035,2025-05-23
C035,2025-05-24
C035,2025-05-25
C035,2025-05-26
C035,2025-05-27
C035,2025-05-28
C035,2025-05-29
C035,2025-05-30
C035,2025-05-31
C035,2025-06-01
C035,2025-06-02
C035,2025-06-03
C035,2025-06-04
C035,2025-06-05
C035,2025-06-06
C035,2025-06-07
C035,2025-06-08
C035,2025-06-09
C035,2025-06-10
C035,2025-06-11
C035,2025-06-12
C035,2025-06-13
C035,2025-06-14
C035,2025-06-15
C035,2025-06-16
C035,2025-06-17
C035,2025-06-18
C035,2025-06-19
C035,2025-06-20
C035,2025-06-21
C035,2025-06-22
C035,2025-06-23
C035,2025-06-24
C035,2025-06-25
C035,2025-06-26
C035,2025-06-27
C035,2025-06-28
C035,2025-06-29
C035,2025-06-30
C035,2025-07-01
C035,2025-07-02
C035,2025-07-03
C035,2025-07-04
C035,2025-07-05
C035,2025-07-06
C035,2025-07-07
C035,2025-07-08
C035,2025-07-09
C035,2025-07-10
C035,2025-07-11
C035,2025-07-12
C035,2025-07-13
C035,2025-07-14
C035,2025-07-15
C035,2025-07-16
C035,2025-07-17
C035,2025-07-18
C035,2025-07-19
C035,2025-07-20
C035,2025-07-21
C035,2025-07-22
C035,2025-07-23
C035,2025-07-24
C035,2025-07-25
C035,2025-07-26
C035,2025-07-27
C035,2025-07-28
C035,2025-07-29
C035,2025-07-30
C035,2025-07-31
C035,2025-08-01
C035,2025-08-02
C035,2025-08-03
C035,2025-08-04
C035,2025-08-05
C035,2025-08-06
C035,2025-08-07
C035,2025-08-08
C035,2025-08-09
C035,2025-08-10
C035,2025-08-11
C035,2025-08-12
C035,2025-08-13
C035,2025-08-14
C035,2025-08-15
C035,2025-08-16
C035,2025-08-18
C035,2025-08-19
C035,2025-08-20
C035,2025-08-21
C035,2025-08-22
C035,2025-08-23
C035,2025-08-25
C035,2025-08-26
C035,2025-08-27
C035,2025-08-28
C035,2025-08-29
C035,2025-08-30
C035,2025-08-31
C035,2025-09-01
C035,2025-09-02
C035,2025-09-03
C035,2025-09-04
C035,2025-09-05
C035,2025-09-06
C035,2025-09-07
C035,2025-09-08
C035,2025-09-09
C035,2025-09-10
C035,2025-09-11
C035,2025-09-12
C035,2025-09-13
C035,2025-09-14
C035,2025-09-15
C035,2025-09-16
C035,2025-09-17
C035,2025-09-18
C035,2025-09-19
C035,2025-09-20
C035,2025-09-21
C035,2025-09-22
C035,2025-09-23
C035,2025-09-24
C035,2025-09-25
C035,2025-09-26
C035,2025-09-27
C035,2025-09-28
C035,2025-09-29
C035,2025-09-30
C036,2025-01-08
C036,2025-01-09
C036,2025-01-10
C036,2025-01-11
C036,2025-01-12
C036,2025-01-13
C036,2025-01-14
C036,2025-01-15
C036,2025-01-16
C036,2025-01-17
C036,2025-01-18
C036,2025-01-19
C036,2025-01-20
C036,2025-01-21
C036,2025-01-22
C036,2025-01-23
C036,2025-01-24
C036,2025-01-25
C036,2025-01-26
C036,2025-01-27
C036,2025-01-28
C036,2025-01-29
C036,2025-01-30
C036,2025-01-31
C036,2025-02-01
C036,2025-02-02
C036,2025-02-03
C036,2025-02-04
C036,2025-02-05
C036,2025-02-06
C036,2025-02-07
C036,2025-02-08
C036,2025-02-09
C036,2025-02-10
C036,2025-02-11
C036,2025-02-12
C036,2025-02-13
C036,2025-02-14
C036,2025-02-15
C036,2025-02-16
C036,2025-02-17
C036,2025-02-18
C036,2025-02-19
C036,2025-02-20
C036,2025-02-21
C036,2025-02-22
C036,2025-02-23
C036,2025-02-24
C036,2025-02-25
C036,2025-02-26
C036,2025-02-27
C036,2025-02-28
C036,2025-03-01
C036,2025-03-02
C036,2025-03-03
C036,2025-03-04
C036,2025-03-05
C036,2025-03-06
C036,2025-03-07
C036,2025-03-08
C036,2025-03-09
C036,2025-03-10
C036,2025-03-11
C036,2025-03-12
C036,2025-03-13
C036,2025-03-14
C036,2025-03-15
C036,2025-03-16
C036,2025-03-17
C036,2025-03-18
C036,2025-03-19
C036,2025-03-20
C036,2025-03-21
C036,2025-03-22
C036,2025-03-23
C036,2025-03-24
C036,2025-03-25
C036,2025-03-26
C036,2025-03-27
C036,2025-03-28
C036,2025-03-29
C036,2025-03-30
C036,2025-03-31
C036,2025-04-01
C036,2025-04-02
C036,2025-04-03
C036,2025-04-04
C036,2025-04-05
C036,2025-04-06
C036,2025-04-07
C036,2025-04-08
C036,2025-04-09
C036,2025-04-10
C036,2025-04-11
C036,2025-04-12
C036,2025-04-13
C036,2025-04-14
C036,2025-04-15
C036,2025-04-16
C036,2025-04-17
C036,2025-04-18
C036,2025-04-19
C036,2025-04-20
C036,2025-04-21
C036,2025-04-22
C036,2025-04-23
C036,2025-04-24
C036,2025-04-25
C036,2025-04-26
C036,2025-04-27
C036,2025-04-28
C036,2025-04-29
C036,2025-04-30
C036,2025-05-01
C036,2025-05-02
C036,2025-05-03
C036,2025-05-04
C036,2025-05-05
C036,2025-05-06
C036,2025-05-07
C036,2025-05-08
C036,2025-05-09
C036,2025-05-10
C036,2025-05-11
C036,2025-05-12
C036,2025-05-13
C036,2025-05-14
C036,2025-05-15
C036,2025-05-16
C036,2025-05-17
C036,2025-05-18
C036,2025-05-19
C036,2025-05-20
C036,2025-05-21
C036,2025-05-22
C036,2025-05-23
C036,2025-05-24
C036,2025-05-25
C036,2025-05-26
C036,2025-05-27
C036,2025-05-28
C036,2025-05-29
C036,2025-05-30
C036,2025-05-31
C036,2025-06-01
C036,2025-06-02
C036,2025-06-03
C036,2025-06-04
C036,2025-06-05
C036,2025-06-06
C036,2025-06-07
C036,2025-06-08
C036,2025-06-09
C036,2025-06-10
C036,2025-06-11
C036,2025-06-12
C036,2025-06-13
C036,2025-06-14
C036,2025-06-15
C036,2025-06-16
C036,2025-06-17
C036,2025-06-18
C036,2025-06-19
C036,2025-06-20
C036,2025-06-21
C036,2025-06-22
C036,2025-06-23
C036,2025-06-24
C036,2025-06-25
C036,2025-06-26
C036,2025-06-27
C036,2025-06-29
C036,2025-06-30
C036,2025-07-01
C036,2025-07-02
C036,2025-07-03
C036,2025-07-05
C036,2025-07-06
C036,2025-07-07
C036,2025-07-08
C036,2025-07-09
C036,2025-07-10
C036,2025-07-11
C036,2025-07-13
C036,2025-07-14
C036,2025-07-15
C036,2025-07-16
C036,2025-07-17
C036,2025-07-18
C036,2025-07-19
C036,2025-07-20
C036,2025-07-21
C036,2025-07-22
C036,2025-07-23
C036,2025-07-24
C036,2025-07-25
C036,2025-07-26
C036,2025-07-27
C036,2025-07-28
C036,2025-07-29
C036,2025-07-30
C036,2025-07-31
C036,2025-08-01
C036,2025-08-02
C036,2025-08-03
C036,2025-08-04
C036,2025-08-07
C036,2025-08-08
C036,2025-08-09
C036,2025-08-10
C036,2025-08-11
C036,2025-08-12
C036,2025-08-13
C036,2025-08-14
C036,2025-08-15
C036,2025-08-16
C036,2025-08-17
C036,2025-08-18
C036,2025-08-19
C036,2025-08-20
C036,2025-08-21
C036,2025-08-22
C036,2025-08-23
C036,2025-08-24
C036,2025-08-25
C036,2025-08-26
C036,2025-08-27
C036,2025-08-28
C036,2025-08-29
C036,2025-08-30
C036,2025-08-31
C036,2025-09-01
C036,2025-09-02
C036,2025-09-03
C036,2025-09-04
C036,2025-09-05
C036,2025-09-06
C036,2025-09-07
C036,2025-09-08
C036,2025-09-09
C036,2025-09-10
C036,2025-09-11
C036,2025-09-12
C036,2025-09-13
C036,2025-09-14
C036,2025-09-15
C036,2025-09-16
C036,2025-09-17
C036,2025-09-18
C036,2025-09-19
C036,2025-09-20
C036,2025-09-21
C036,2025-09-22
C036,2025-09-23
C036,2025-09-24
C036,2025-09-25
C036,2025-09-26
C036,2025-09-27
C036,2025-09-28
C036,2025-09-29
C036,2025-09-30
C037,2025-01-08
C037,2025-01-09
C037,2025-01-10
C037,2025-01-11
C037,2025-01-12
C037,2025-01-13
C037,2025-01-14
C037,2025-01-15
C037,2025-01-16
C037,2025-01-17
C037,2025-01-18
C037,2025-01-19
C037,2025-01-20
C037,2025-01-21
C037,2025-01-22
C037,2025-01-23
C037,2025-01-24
C037,2025-01-25
C037,2025-01-26
C037,2025-01-27
C037,2025-01-28
C037,2025-01-29
C037,2025-01-30
C037,2025-01-31
C037,2025-02-01
C037,2025-02-02
C037,2025-02-03
C037,2025-02-04
C037,2025-02-05
C037,2025-02-06
C037,2025-02-07
C037,2025-02-08
C037,2025-02-09
C037,2025-02-10
C037,2025-02-11
C037,2025-02-12
C037,2025-02-13
C037,2025-02-14
C037,2025-02-15
C037,2025-02-16
C037,2025-02-17
C037,2025-02-18
C037,2025-02-19
C037,2025-02-20
C037,2025-02-21
C037,2025-02-22
C037,2025-02-23
C037,2025-02-24
C037,2025-02-25
C037,2025-02-26
C037,2025-02-27
C037,2025-02-28
C037,2025-03-01
C037,2025-03-02
C037,2025-03-03
C037,2025-03-04
C037,2025-03-07
C037,2025-03-08
C037,2025-03-09
C037,2025-03-10
C037,2025-03-11
C037,2025-03-12
C037,2025-03-13
C037,2025-03-14
C037,2025-03-15
C037,2025-03-16
C037,2025-03-17
C037,2025-03-18
C037,2025-03-19
C037,2025-03-20
C037,2025-03-21
C037,2025-03-22
C037,2025-03-23
C037,2025-03-24
C037,2025-03-25
C037,2025-03-26
C037,2025-03-27
C037,2025-03-28
C037,2025-03-29
C037,2025-03-30
C037,2025-03-31
C037,2025-04-01
C037,2025-04-02
C037,2025-04-03
C037,2025-04-04
C037,2025-04-05
C037,2025-04-06
C037,2025-04-07
C037,2025-04-08
C037,2025-04-09
C037,2025-04-10
C037,2025-04-11
C037,2025-04-12
C037,2025-04-13
C037,2025-04-14
C037,2025-04-15
C037,2025-04-16
C037,2025-04-17
C037,2025-04-18
C037,2025-04-19
C037,2025-04-20
C037,2025-04-21
C037,2025-04-22
C037,2025-04-23
C037,2025-04-24
C037,2025-04-25
C037,2025-04-26
C037,2025-04-27
C037,2025-04-28
C037,2025-04-29
C037,2025-04-30
C037,2025-05-01
C037,2025-05-02
C037,2025-05-03
C037,2025-05-04
C037,2025-05-05
C037,2025-05-06
C037,2025-05-07
C037,2025-05-09
C037,2025-05-10
C037,2025-05-11
C037,2025-05-12
C037,2025-05-13
C037,2025-05-14
C037,2025-05-15
C037,2025-05-16
C037,2025-05-17
C037,2025-05-18
C037,2025-05-19
C037,2025-05-20
C037,2025-05-21
C037,2025-05-22
C037,2025-05-23
C037,2025-05-24
C037,2025-05-25
C037,2025-05-26
C037,2025-05-27
C037,2025-05-28
C037,2025-05-29
C037,2025-05-30
C037,2025-05-31
C037,2025-06-01
C037,2025-06-02
C037,2025-06-03
C037,2025-06-04
C037,2025-06-05
C037,2025-06-06
C037,2025-06-07
C037,2025-06-08
C037,2025-06-09
C037,2025-06-10
C037,2025-06-11
C037,2025-06-12
C037,2025-06-13
C037,2025-06-14
C037,2025-06-15
C037,2025-06-16
C037,2025-06-17
C037,2025-06-18
C037,2025-06-19
C037,2025-06-20
C037,2025-06-21
C037,2025-06-22
C037,2025-06-23
C037,2025-06-25
C037,2025-06-26
C037,2025-06-27
C037,2025-06-28
C037,2025-06-29
C037,2025-06-30
C037,2025-07-01
C037,2025-07-02
C037,2025-07-03
C037,2025-07-04
C037,2025-07-05
C037,2025-07-06
C037,2025-07-07
C037,2025-07-08
C037,2025-07-09
C037,2025-07-10
C037,2025-07-11
C037,2025-07-12
C037,2025-07-13
C037,2025-07-14
C037,2025-07-15
C037,2025-07-16
C037,2025-07-17
C037,2025-07-18
C037,2025-07-19
C037,2025-07-20
C037,2025-07-21
C037,2025-07-22
C037,2025-07-23
C037,2025-07-24
C037,2025-07-25
C037,2025-07-26
C037,2025-07-27
C037,2025-07-28
C037,2025-07-29
C037,2025-07-30
C037,2025-07-31
C037,2025-08-01
C037,2025-08-02
C037,2025-08-03
C037,2025-08-04
C037,2025-08-05
C037,2025-08-06
C037,2025-08-07
C037,2025-08-08
C037,2025-08-09
C037,2025-08-10
C037,2025-08-11
C037,2025-08-12
C037,2025-08-13
C037,2025-08-14
C037,2025-08-15
C037,2025-08-16
C037,2025-08-17
C037,2025-08-18
C037,2025-08-19
C037,2025-08-20
C037,2025-08-21
C037,2025-08-22
C037,2025-08-23
C037,2025-08-24
C037,2025-08-25
C037,2025-08-26
C037,2025-08-27
C037,2025-08-28
C037,2025-08-29
C037,2025-08-30
C037,2025-08-31
C037,2025-09-01
C037,2025-09-02
C037,2025-09-03
C037,2025-09-04
C037,2025-09-05
C037,2025-09-06
C037,2025-09-07
C037,2025-09-08
C037,2025-09-09
C037,2025-09-10
C037,2025-09-11
C037,2025-09-12
C037,2025-09-13
C037,2025-09-14
C037,2025-09-15
C037,2025-09-16
C037,2025-09-17
C037,2025-09-18
C037,2025-09-19
C037,2025-09-20
C037,2025-09-21
C037,2025-09-22
C037,2025-09-23
C037,2025-09-24
C037,2025-09-25
C037,2025-09-26
C037,2025-09-27
C037,2025-09-28
C037,2025-09-29
C037,2025-09-30
C038,2025-01-08
C038,2025-01-09
C038,2025-01-10
C038,2025-01-11
C038,2025-01-12
C038,2025-01-13
C038,2025-01-14
C038,2025-01-15
C038,2025-01-16
C038,2025-01-17
C038,2025-01-18
C038,2025-01-19
C038,2025-01-20
C038,2025-01-21
C038,2025-01-22
C038,2025-01-23
C038,2025-01-24
C038,2025-01-25
C038,2025-01-26
C038,2025-01-27
C038,2025-01-28
C038,2025-01-29
C038,2025-01-30
C038,2025-01-31
C038,2025-02-01
C038,2025-02-02
C038,2025-02-03
C038,2025-02-04
C038,2025-02-05
C038,2025-02-06
C038,2025-02-07
C038,2025-02-08
C038,2025-02-09
C038,2025-02-10
C038,2025-02-11
C038,2025-02-12
C038,2025-02-13
C038,2025-02-14
C038,2025-02-15
C038,2025-02-16
C038,2025-02-17
C038,2025-02-18
C038,2025-02-19
C038,2025-02-20
C038,2025-02-21
C038,2025-02-22
C038,2025-02-23
C038,2025-02-24
C038,2025-02-25
C038,2025-02-26
C038,2025-02-27
C038,2025-02-28
C038,2025-03-01
C038,2025-03-02
C038,2025-03-03
C038,2025-03-04
C038,2025-03-05
C038,2025-03-06
C038,2025-03-07
C038,2025-03-08
C038,2025-03-09
C038,2025-03-10
C038,2025-03-11
C038,2025-03-12
C038,2025-03-13
C038,2025-03-14
C038,2025-03-15
C038,2025-03-16
C038,2025-03-17
C038,2025-03-18
C038,2025-03-19
C038,2025-03-20
C038,2025-03-21
C038,2025-03-22
C038,2025-03-23
C038,2025-03-24
C038,2025-03-25
C038,2025-03-26
C038,2025-03-27
C038,2025-03-28
C038,2025-03-29
C038,2025-03-30
C038,2025-03-31
C038,2025-04-01
C038,2025-04-02
C038,2025-04-03
C038,2025-04-04
C038,2025-04-05
C038,2025-04-06
C038,2025-04-07
C038,2025-04-08
C038,2025-04-09
C038,2025-04-10
C038,2025-04-11
C038,2025-04-12
C038,2025-04-13
C038,2025-04-14
C038,2025-04-15
C038,2025-04-16
C038,2025-04-17
C038,2025-04-18
C038,2025-04-19
C038,2025-04-20
C038,2025-04-21
C038,2025-04-22
C038,2025-04-23
C038,2025-04-24
C038,2025-04-25
C038,2025-04-26
C038,2025-04-27
C038,2025-04-28
C038,2025-04-29
C038,2025-04-30
C038,2025-05-01
C038,2025-05-02
C038,2025-05-03
C038,2025-05-04
C038,2025-05-05
C038,2025-05-06
C038,2025-05-07
C038,2025-05-08
C038,2025-05-09
C038,2025-05-10
C038,2025-05-11
C038,2025-05-12
C038,2025-05-14
C038,2025-05-15
C038,2025-05-16
C038,2025-05-17
C038,2025-05-18
C038,2025-05-19
C038,2025-05-20
C038,2025-05-21
C038,2025-05-22
C038,2025-05-23
C038,2025-05-24
C038,2025-05-25
C038,2025-05-26
C038,2025-05-27
C038,2025-05-28
C038,2025-05-29
C038,2025-05-30
C038,2025-05-31
C038,2025-06-01
C038,2025-06-02
C038,2025-06-03
C038,2025-06-04
C038,2025-06-05
C038,2025-06-06
C038,2025-06-07
C038,2025-06-08
C038,2025-06-09
C038,2025-06-10
C038,2025-06-11
C038,2025-06-12
C038,2025-06-13
C038,2025-06-14
C038,2025-06-15
C038,2025-06-16
C038,2025-06-17
C038,2025-06-18
C038,2025-06-19
C038,2025-06-20
C038,2025-06-21
C038,2025-06-22
C038,2025-06-23
C038,2025-06-24
C038,2025-06-25
C038,2025-06-26
C038,2025-06-27
C038,2025-06-28
C038,2025-06-29
C038,2025-06-30
C038,2025-07-01
C038,2025-07-02
C038,2025-07-03
C038,2025-07-04
C038,2025-07-05
C038,2025-07-06
C038,2025-07-07
C038,2025-07-08
C038,2025-07-09
C038,2025-07-10
C038,2025-07-11
C038,2025-07-12
C038,2025-07-13
C038,2025-07-14
C038,2025-07-15
C038,2025-07-16
C038,2025-07-17
C038,2025-07-18
C038,2025-07-19
C038,2025-07-20
C038,2025-07-21
C038,2025-07-22
C038,2025-07-23
C038,2025-07-25
C038,2025-07-26
C038,2025-07-27
C038,2025-07-28
C038,2025-07-29
C038,2025-07-30
C038,2025-07-31
C038,2025-08-01
C038,2025-08-02
C038,2025-08-03
C038,2025-08-04
C038,2025-08-05
C038,2025-08-06
C038,2025-08-07
C038,2025-08-08
C038,2025-08-09
C038,2025-08-10
C038,2025-08-11
C038,2025-08-12
C038,2025-08-13
C038,2025-08-14
C038,2025-08-15
C038,2025-08-16
C038,2025-08-17
C038,2025-08-18
C038,2025-08-19
C038,2025-08-20
C038,2025-08-21
C038,2025-08-22
C038,2025-08-23
C038,2025-08-24
C038,2025-08-25
C038,2025-08-26
C038,2025-08-27
C038,2025-08-28
C038,2025-08-29
C038,2025-08-30
C038,2025-08-31
C038,2025-09-01
C038,2025-09-02
C038,2025-09-03
C038,2025-09-04
C038,2025-09-05
C038,2025-09-06
C038,2025-09-07
C038,2025-09-08
C038,2025-09-09
C038,2025-09-10
C038,2025-09-11
C038,2025-09-12
C038,2025-09-13
C038,2025-09-14
C038,2025-09-15
C038,2025-09-16
C038,2025-09-17
C038,2025-09-18
C038,2025-09-19
C038,2025-09-20
C038,2025-09-22
C038,2025-09-23
C038,2025-09-24
C038,2025-09-25
C038,2025-09-26
C038,2025-09-27
C038,2025-09-28
C038,2025-09-29
C038,2025-09-30
C039,2025-01-08
C039,2025-01-09
C039,2025-01-10
C039,2025-01-11
C039,2025-01-12
C039,2025-01-13
C039,2025-01-14
C039,2025-01-15
C039,2025-01-16
C039,2025-01-17
C039,2025-01-18
C039,2025-01-19
C039,2025-01-20
C039,2025-01-21
C039,2025-01-22
C039,2025-01-23
C039,2025-01-24
C039,2025-01-25
C039,2025-01-26
C039,2025-01-27
C039,2025-01-28
C039,2025-01-29
C039,2025-01-30
C039,2025-01-31
C039,2025-02-01
C039,2025-02-02
C039,2025-02-03
C039,2025-02-04
C039,2025-02-05
C039,2025-02-06
C039,2025-02-07
C039,2025-02-08
C039,2025-02-09
C039,2025-02-10
C039,2025-02-11
C039,2025-02-12
C039,2025-02-13
C039,2025-02-14
C039,2025-02-15
C039,2025-02-16
C039,2025-02-17
C039,2025-02-18
C039,2025-02-19
C039,2025-02-20
C039,2025-02-21
C039,2025-02-22
C039,2025-02-23
C039,2025-02-24
C039,2025-02-25
C039,2025-02-26
C039,2025-02-27
C039,2025-02-28
C039,2025-03-01
C039,2025-03-02
C039,2025-03-03
C039,2025-03-04
C039,2025-03-05
C039,2025-03-06
C039,2025-03-07
C039,2025-03-08
C039,2025-03-09
C039,2025-03-10
C039,2025-03-11
C039,2025-03-13
C039,2025-03-14
C039,2025-03-15
C039,2025-03-16
C039,2025-03-17
C039,2025-03-18
C039,2025-03-19
C039,2025-03-20
C039,2025-03-21
C039,2025-03-22
C039,2025-03-23
C039,2025-03-24
C039,2025-03-25
C039,2025-03-26
C039,2025-03-27
C039,2025-03-28
C039,2025-03-29
C039,2025-03-30
C039,2025-03-31
C039,2025-04-01
C039,2025-04-02
C039,2025-04-03
C039,2025-04-04
C039,2025-04-05
C039,2025-04-06
C039,2025-04-07
C039,2025-04-08
C039,2025-04-09
C039,2025-04-10
C039,2025-04-11
C039,2025-04-12
C039,2025-04-13
C039,2025-04-14
C039,2025-04-15
C039,2025-04-16
C039,2025-04-17
C039,2025-04-18
C039,2025-04-19
C039,2025-04-20
C039,2025-04-21
C039,2025-04-22
C039,2025-04-23
C039,2025-04-24
C039,2025-04-25
C039,2025-04-26
C039,2025-04-28
C039,2025-04-29
C039,2025-05-02
C039,2025-05-03
C039,2025-05-04
C039,2025-05-05
C039,2025-05-06
C039,2025-05-07
C039,2025-05-08
C039,2025-05-09
C039,2025-05-10
C039,2025-05-11
C039,2025-05-12
C039,2025-05-13
C039,2025-05-14
C039,2025-05-15
C039,2025-05-16
C039,2025-05-17
C039,2025-05-18
C039,2025-05-19
C039,2025-05-21
C039,2025-05-22
C039,2025-05-23
C039,2025-05-24
C039,2025-05-25
C039,2025-05-26
C039,2025-05-27
C039,2025-05-28
C039,2025-05-29
C039,2025-05-30
C039,2025-05-31
C039,2025-06-01
C039,2025-06-02
C039,2025-06-03
C039,2025-06-04
C039,2025-06-05
C039,2025-06-06
C039,2025-06-07
C039,2025-06-08
C039,2025-06-10
C039,2025-06-11
C039,2025-06-12
C039,2025-06-13
C039,2025-06-14
C039,2025-06-15
C039,2025-06-16
C039,2025-06-17
C039,2025-06-18
C039,2025-06-19
C039,2025-06-20
C039,2025-06-21
C039,2025-06-22
C039,2025-06-23
C039,2025-06-24
C039,2025-06-25
C039,2025-06-26
C039,2025-06-27
C039,2025-06-28
C039,2025-06-29
C039,2025-06-30
C039,2025-07-01
C039,2025-07-02
C039,2025-07-03
C039,2025-07-04
C039,2025-07-05
C039,2025-07-06
C039,2025-07-07
C039,2025-07-08
C039,2025-07-09
C039,2025-07-10
C039,2025-07-11
C039,2025-07-12
C039,2025-07-13
C039,2025-07-14
C039,2025-07-15
C039,2025-07-16
C039,2025-07-17
C039,2025-07-18
C039,2025-07-19
C039,2025-07-20
C039,2025-07-21
C039,2025-07-22
C039,2025-07-23
C039,2025-07-24
C039,2025-07-25
C039,2025-07-26
C039,2025-07-27
C039,2025-07-28
C039,2025-07-29
C039,2025-07-30
C039,2025-07-31
C039,2025-08-01
C039,2025-08-02
C039,2025-08-03
C039,2025-08-04
C039,2025-08-05
C039,2025-08-06
C039,2025-08-07
C039,2025-08-08
C039,2025-08-09
C039,2025-08-10
C039,2025-08-11
C039,2025-08-12
C039,2025-08-13
C039,2025-08-14
C039,2025-08-15
C039,2025-08-16
C039,2025-08-17
C039,2025-08-18
C039,2025-08-19
C039,2025-08-20
C039,2025-08-21
C039,2025-08-22
C039,2025-08-23
C039,2025-08-24
C039,2025-08-25
C039,2025-08-26
C039,2025-08-27
C039,2025-08-28
C039,2025-08-29
C039,2025-08-30
C039,2025-08-31
C039,2025-09-01
C039,2025-09-02
C039,2025-09-03
C039,2025-09-04
C039,2025-09-05
C039,2025-09-06
C039,2025-09-07
C039,2025-09-08
C039,2025-09-09
C039,2025-09-10
C039,2025-09-11
C039,2025-09-12
C039,2025-09-13
C039,2025-09-15
C039,2025-09-16
C039,2025-09-17
C039,2025-09-18
C039,2025-09-19
C039,2025-09-20
C039,2025-09-21
C039,2025-09-22
C039,2025-09-23
C039,2025-09-24
C039,2025-09-25
C039,2025-09-26
C039,2025-09-27
C039,2025-09-28
C039,2025-09-29
C039,2025-09-30
C040,2025-01-08
C040,2025-01-09
C040,2025-01-10
C040,2025-01-11
C040,2025-01-12
C040,2025-01-13
C040,2025-01-14
C040,2025-01-15
C040,2025-01-16
C040,2025-01-17
C040,2025-01-18
C040,2025-01-19
C040,2025-01-20
C040,2025-01-21
C040,2025-01-22
C040,2025-01-23
C040,2025-01-24
C040,2025-01-25
C040,2025-01-26
C040,2025-01-27
C040,2025-01-28
C040,2025-01-29
C040,2025-01-30
C040,2025-01-31
C040,2025-02-01
C040,2025-02-02
C040,2025-02-03
C040,2025-02-04
C040,2025-02-05
C040,2025-02-06
C040,2025-02-07
C040,2025-02-08
C040,2025-02-09
C040,2025-02-10
C040,2025-02-11
C040,2025-02-12
C040,2025-02-14
C040,2025-02-15
C040,2025-02-16
C040,2025-02-17
C040,2025-02-18
C040,2025-02-19
C040,2025-02-20
C040,2025-02-21
C040,2025-02-22
C040,2025-02-23
C040,2025-02-24
C040,2025-02-25
C040,2025-02-26
C040,2025-02-27
C040,2025-02-28
C040,2025-03-01
C040,2025-03-02
C040,2025-03-03
C040,2025-03-04
C040,2025-03-05
C040,2025-03-06
C040,2025-03-07
C040,2025-03-08
C040,2025-03-09
C040,2025-03-10
C040,2025-03-11
C040,2025-03-12
C040,2025-03-13
C040,2025-03-14
C040,2025-03-15
C040,2025-03-16
C040,2025-03-19
C040,2025-03-20
C040,2025-03-21
C040,2025-03-22
C040,2025-03-23
C040,2025-03-24
C040,2025-03-25
C040,2025-03-26
C040,2025-03-27
C040,2025-03-28
C040,2025-03-29
C040,2025-03-30
C040,2025-03-31
C040,2025-04-01
C040,2025-04-02
C040,2025-04-03
C040,2025-04-04
C040,2025-04-05
C040,2025-04-06
C040,2025-04-07
C040,2025-04-08
C040,2025-04-09
C040,2025-04-10
C040,2025-04-11
C040,2025-04-12
C040,2025-04-13
C040,2025-04-14
C040,2025-04-15
C040,2025-04-16
C040,2025-04-17
C040,2025-04-18
C040,2025-04-19
C040,2025-04-20
C040,2025-04-21
C040,2025-04-22
C040,2025-04-23
C040,2025-04-24
C040,2025-04-25
C040,2025-04-26
C040,2025-04-27
C040,2025-04-28
C040,2025-04-29
C040,2025-04-30
C040,2025-05-01
C040,2025-05-02
C040,2025-05-03
C040,2025-05-04
C040,2025-05-05
C040,2025-05-06
C040,2025-05-07
C040,2025-05-08
C040,2025-05-09
C040,2025-05-10
C040,2025-05-11
C040,2025-05-12
C040,2025-05-13
C040,2025-05-14
C040,2025-05-15
C040,2025-05-16
C040,2025-05-17
C040,2025-05-18
C040,2025-05-19
C040,2025-05-20
C040,2025-05-21
C040,2025-05-22
C040,2025-05-23
C040,2025-05-24
C040,2025-05-25
C040,2025-05-26
C040,2025-05-27
C040,2025-05-28
C040,2025-05-29
C040,2025-05-30
C040,2025-05-31
C040,2025-06-01
C040,2025-06-02
C040,2025-06-03
C040,2025-06-04
C040,2025-06-05
C040,2025-06-06
C040,2025-06-07
C040,2025-06-08
C040,2025-06-09
C040,2025-06-10
C040,2025-06-11
C040,2025-06-12
C040,2025-06-13
C040,2025-06-14
C040,2025-06-15
C040,2025-06-16
C040,2025-06-17
C040,2025-06-18
C040,2025-06-19
C040,2025-06-20
C040,2025-06-21
C040,2025-06-22
C040,2025-06-23
C040,2025-06-24
C040,2025-06-25
C040,2025-06-26
C040,2025-06-27
C040,2025-06-28
C040,2025-06-29
C040,2025-06-30
C040,2025-07-01
C040,2025-07-02
C040,2025-07-03
C040,2025-07-04
C040,2025-07-05
C040,2025-07-06
C040,2025-07-07
C040,2025-07-08
C040,2025-07-09
C040,2025-07-10
C040,2025-07-11
C040,2025-07-12
C040,2025-07-13
C040,2025-07-14
C040,2025-07-15
C040,2025-07-16
C040,2025-07-17
C040,2025-07-18
C040,2025-07-19
C040,2025-07-20
C040,2025-07-21
C040,2025-07-22
C040,2025-07-23
C040,2025-07-24
C040,2025-07-25
C040,2025-07-26
C040,2025-07-27
C040,2025-07-28
C040,2025-07-29
C040,2025-07-30
C040,2025-07-31
C040,2025-08-01
C040,2025-08-02
C040,2025-08-03
C040,2025-08-04
C040,2025-08-05
C040,2025-08-06
C040,2025-08-07
C040,2025-08-08
C040,2025-08-09
C040,2025-08-10
C040,2025-08-11
C040,2025-08-12
C040,2025-08-13
C040,2025-08-14
C040,2025-08-15
C040,2025-08-16
C040,2025-08-17
C040,2025-08-18
C040,2025-08-19
C040,2025-08-20
C040,2025-08-21
C040,2025-08-22
C040,2025-08-23
C040,2025-08-24
C040,2025-08-25
C040,2025-08-26
C040,2025-08-27
C040,2025-08-28
C040,2025-08-29
C040,2025-08-30
C040,2025-08-31
C040,2025-09-01
C040,2025-09-02
C040,2025-09-03
C040,2025-09-04
C040,2025-09-05
C040,2025-09-06
C040,2025-09-07
C040,2025-09-08
C040,2025-09-09
C040,2025-09-10
C040,2025-09-12
C040,2025-09-13
C040,2025-09-14
C040,2025-09-15
C040,2025-09-16
C040,2025-09-17
C040,2025-09-18
C040,2025-09-19
C040,2025-09-20
C040,2025-09-21
C040,2025-09-22
C040,2025-09-23
C040,2025-09-24
C040,2025-09-25
C040,2025-09-26
C040,2025-09-27
C040,2025-09-28
C040,2025-09-29
C040,2025-09-30
C041,2025-01-08
C041,2025-01-09
C041,2025-01-10
C041,2025-01-11
C041,2025-01-12
C041,2025-01-13
C041,2025-01-14
C041,2025-01-15
C041,2025-01-16
C041,2025-01-17
C041,2025-01-18
C041,2025-01-19
C041,2025-01-20
C041,2025-01-21
C041,2025-01-22
C041,2025-01-23
C041,2025-01-24
C041,2025-01-25
C041,2025-01-26
C041,2025-01-27
C041,2025-01-28
C041,2025-01-29
C041,2025-01-30
C041,2025-01-31
C041,2025-02-02
C041,2025-02-03
C041,2025-02-04
C041,2025-02-05
C041,2025-02-06
C041,2025-02-07
C041,2025-02-08
C041,2025-02-09
C041,2025-02-10
C041,2025-02-11
C041,2025-02-12
C041,2025-02-13
C041,2025-02-14
C041,2025-02-15
C041,2025-02-16
C041,2025-02-17
C041,2025-02-18
C041,2025-02-19
C041,2025-02-20
C041,2025-02-21
C041,2025-02-22
C041,2025-02-23
C041,2025-02-24
C041,2025-02-25
C041,2025-02-26
C041,2025-02-27
C041,2025-02-28
C041,2025-03-01
C041,2025-03-02
C041,2025-03-03
C041,2025-03-04
C041,2025-03-05
C041,2025-03-06
C041,2025-03-07
C041,2025-03-08
C041,2025-03-09
C041,2025-03-10
C041,2025-03-11
C041,2025-03-12
C041,2025-03-13
C041,2025-03-14
C041,2025-03-15
C041,2025-03-16
C041,2025-03-17
C041,2025-03-18
C041,2025-03-19
C041,2025-03-20
C041,2025-03-21
C041,2025-03-22
C041,2025-03-23
C041,2025-03-24
C041,2025-03-25
C041,2025-03-26
C041,2025-03-27
C041,2025-03-28
C041,2025-03-29
C041,2025-03-30
C041,2025-03-31
C041,2025-04-01
C041,2025-04-02
C041,2025-04-03
C041,2025-04-04
C041,2025-04-05
C041,2025-04-06
C041,2025-04-07
C041,2025-04-08
C041,2025-04-09
C041,2025-04-10
C041,2025-04-11
C041,2025-04-12
C041,2025-04-13
C041,2025-04-14
C041,2025-04-15
C041,2025-04-16
C041,2025-04-17
C041,2025-04-18
C041,2025-04-19
C041,2025-04-20
C041,2025-04-21
C041,2025-04-22
C041,2025-04-23
C041,2025-04-24
C041,2025-04-25
C041,2025-04-26
C041,2025-04-27
C041,2025-04-28
C041,2025-04-29
C041,2025-04-30
C041,2025-05-01
C041,2025-05-02
C041,2025-05-03
C041,2025-05-04
C041,2025-05-05
C041,2025-05-06
C041,2025-05-07
C041,2025-05-08
C041,2025-05-09
C041,2025-05-10
C041,2025-05-11
C041,2025-05-12
C041,2025-05-13
C041,2025-05-16
C041,2025-05-17
C041,2025-05-18
C041,2025-05-19
C041,2025-05-20
C041,2025-05-21
C041,2025-05-22
C041,2025-05-23
C041,2025-05-24
C041,2025-05-25
C041,2025-05-26
C041,2025-05-27
C041,2025-05-28
C041,2025-05-29
C041,2025-05-30
C041,2025-05-31
C041,2025-06-01
C041,2025-06-02
C041,2025-06-03
C041,2025-06-04
C041,2025-06-05
C041,2025-06-06
C041,2025-06-07
C041,2025-06-08
C041,2025-06-09
C041,2025-06-10
C041,2025-06-11
C041,2025-06-12
C041,2025-06-13
C041,2025-06-14
C041,2025-06-15
C041,2025-06-16
C041,2025-06-17
C041,2025-06-18
C041,2025-06-19
C041,2025-06-20
C041,2025-06-21
C041,2025-06-22
C041,2025-06-23
C041,2025-06-24
C041,2025-06-25
C041,2025-06-26
C041,2025-06-27
C041,2025-06-28
C041,2025-06-29
C041,2025-06-30
C041,2025-07-01
C041,2025-07-02
C041,2025-07-03
C041,2025-07-04
C041,2025-07-05
C041,2025-07-06
C041,2025-07-07
C041,2025-07-08
C041,2025-07-09
C041,2025-07-10
C041,2025-07-11
C041,2025-07-12
C041,2025-07-13
C041,2025-07-14
C041,2025-07-15
C041,2025-07-16
C041,2025-07-17
C041,2025-07-18
C041,2025-07-19
C041,2025-07-20
C041,2025-07-21
C041,2025-07-22
C041,2025-07-23
C041,2025-07-24
C041,2025-07-25
C041,2025-07-26
C041,2025-07-27
C041,2025-07-30
C041,2025-07-31
C041,2025-08-01
C041,2025-08-02
C041,2025-08-03
C041,2025-08-04
C041,2025-08-05
C041,2025-08-06
C041,2025-08-07
C041,2025-08-08
C041,2025-08-09
C041,2025-08-10
C041,2025-08-11
C041,2025-08-12
C041,2025-08-13
C041,2025-08-14
C041,2025-08-15
C041,2025-08-16
C041,2025-08-17
C041,2025-08-18
C041,2025-08-19
C041,2025-08-20
C041,2025-08-21
C041,2025-08-22
C041,2025-08-23
C041,2025-08-24
C041,2025-08-25
C041,2025-08-26
C041,2025-08-27
C041,2025-08-28
C041,2025-08-29
C041,2025-08-30
C041,2025-08-31
C041,2025-09-01
C041,2025-09-02
C041,2025-09-03
C041,2025-09-04
C041,2025-09-05
C041,2025-09-06
C041,2025-09-07
C041,2025-09-08
C041,2025-09-09
C041,2025-09-10
C041,2025-09-11
C041,2025-09-12
C041,2025-09-13
C041,2025-09-15
C041,2025-09-16
C041,2025-09-17
C041,2025-09-18
C041,2025-09-19
C041,2025-09-20
C041,2025-09-21
C041,2025-09-22
C041,2025-09-23
C041,2025-09-24
C041,2025-09-25
C041,2025-09-26
C041,2025-09-27
C041,2025-09-28
C041,2025-09-29
C041,2025-09-30
C042,2025-01-08
C042,2025-01-09
C042,2025-01-10
C042,2025-01-11
C042,2025-01-12
C042,2025-01-13
C042,2025-01-14
C042,2025-01-15
C042,2025-01-16
C042,2025-01-17
C042,2025-01-18
C042,2025-01-19
C042,2025-01-20
C042,2025-01-21
C042,2025-01-22
C042,2025-01-23
C042,2025-01-24
C042,2025-01-25
C042,2025-01-26
C042,2025-01-29
C042,2025-01-30
C042,2025-01-31
C042,2025-02-01
C042,2025-02-02
C042,2025-02-03
C042,2025-02-04
C042,2025-02-05
C042,2025-02-06
C042,2025-02-07
C042,2025-02-08
C042,2025-02-09
C042,2025-02-10
C042,2025-02-11
C042,2025-02-12
C042,2025-02-13
C042,2025-02-14
C042,2025-02-15
C042,2025-02-16
C042,2025-02-17
C042,2025-02-18
C042,2025-02-19
C042,2025-02-20
C042,2025-02-21
C042,2025-02-22
C042,2025-02-23
C042,2025-02-24
C042,2025-02-25
C042,2025-02-26
C042,2025-02-27
C042,2025-02-28
C042,2025-03-01
C042,2025-03-02
C042,2025-03-03
C042,2025-03-04
C042,2025-03-05
C042,2025-03-06
C042,2025-03-07
C042,2025-03-08
C042,2025-03-09
C042,2025-03-10
C042,2025-03-11
C042,2025-03-12
C042,2025-03-13
C042,2025-03-14
C042,2025-03-15
C042,2025-03-16
C042,2025-03-17
C042,2025-03-18
C042,2025-03-19
C042,2025-03-20
C042,2025-03-21
C042,2025-03-22
C042,2025-03-23
C042,2025-03-24
C042,2025-03-25
C042,2025-03-27
C042,2025-03-28
C042,2025-03-29
C042,2025-03-31
C042,2025-04-01
C042,2025-04-02
C042,2025-04-03
C042,2025-04-04
C042,2025-04-05
C042,2025-04-06
C042,2025-04-07
C042,2025-04-08
C042,2025-04-09
C042,2025-04-10
C042,2025-04-11
C042,2025-04-12
C042,2025-04-13
C042,2025-04-14
C042,2025-04-15
C042,2025-04-16
C042,2025-04-17
C042,2025-04-18
C042,2025-04-19
C042,2025-04-20
C042,2025-04-21
C042,2025-04-22
C042,2025-04-23
C042,2025-04-24
C042,2025-04-25
C042,2025-04-26
C042,2025-04-27
C042,2025-04-28
C042,2025-04-29
C042,2025-04-30
C042,2025-05-01
C042,2025-05-02
C042,2025-05-03
C042,2025-05-04
C042,2025-05-05
C042,2025-05-06
C042,2025-05-07
C042,2025-05-08
C042,2025-05-09
C042,2025-05-10
C042,2025-05-11
C042,2025-05-12
C042,2025-05-13
C042,2025-05-14
C042,2025-05-15
C042,2025-05-16
C042,2025-05-17
C042,2025-05-18
C042,2025-05-19
C042,2025-05-20
C042,2025-05-21
C042,2025-05-22
C042,2025-05-23
C042,2025-05-24
C042,2025-05-25
C042,2025-05-26
C042,2025-05-27
C042,2025-05-28
C042,2025-05-29
C042,2025-05-30
C042,2025-05-31
C042,2025-06-01
C042,2025-06-02
C042,2025-06-03
C042,2025-06-04
C042,2025-06-05
C042,2025-06-06
C042,2025-06-07
C042,2025-06-08
C042,2025-06-09
C042,2025-06-10
C042,2025-06-11
C042,2025-06-12
C042,2025-06-13
C042,2025-06-14
C042,2025-06-15
C042,2025-06-16
C042,2025-06-17
C042,2025-06-18
C042,2025-06-19
C042,2025-06-20
C042,2025-06-21
C042,2025-06-22
C042,2025-06-23
C042,2025-06-24
C042,2025-06-25
C042,2025-06-26
C042,2025-06-27
C042,2025-06-28
C042,2025-06-29
C042,2025-06-30
C042,2025-07-01
C042,2025-07-02
C042,2025-07-03
C042,2025-07-04
C042,2025-07-05
C042,2025-07-06
C042,2025-07-07
C042,2025-07-08
C042,2025-07-09
C042,2025-07-10
C042,2025-07-11
C042,2025-07-12
C042,2025-07-13
C042,2025-07-14
C042,2025-07-15
C042,2025-07-16
C042,2025-07-17
C042,2025-07-18
C042,2025-07-19
C042,2025-07-20
C042,2025-07-21
C042,2025-07-22
C042,2025-07-23
C042,2025-07-24
C042,2025-07-25
C042,2025-07-26
C042,2025-07-27
C042,2025-07-28
C042,2025-07-30
C042,2025-07-31
C042,2025-08-01
C042,2025-08-02
C042,2025-08-03
C042,2025-08-04
C042,2025-08-05
C042,2025-08-06
C042,2025-08-07
C042,2025-08-08
C042,2025-08-09
C042,2025-08-10
C042,2025-08-11
C042,2025-08-12
C042,2025-08-13
C042,2025-08-14
C042,2025-08-15
C042,2025-08-16
C042,2025-08-17
C042,2025-08-18
C042,2025-08-19
C042,2025-08-20
C042,2025-08-21
C042,2025-08-22
C042,2025-08-23
C042,2025-08-24
C042,2025-08-25
C042,2025-08-26
C042,2025-08-27
C042,2025-08-28
C042,2025-08-29
C042,2025-08-30
C042,2025-08-31
C042,2025-09-01
C042,2025-09-02
C042,2025-09-03
C042,2025-09-04
C042,2025-09-05
C042,2025-09-06
C042,2025-09-07
C042,2025-09-08
C042,2025-09-09
C042,2025-09-10
C042,2025-09-11
C042,2025-09-12
C042,2025-09-13
C042,2025-09-14
C042,2025-09-15
C042,2025-09-16
C042,2025-09-17
C042,2025-09-18
C042,2025-09-19
C042,2025-09-20
C042,2025-09-21
C042,2025-09-22
C042,2025-09-23
C042,2025-09-24
C042,2025-09-25
C042,2025-09-26
C042,2025-09-27
C042,2025-09-28
C042,2025-09-29
C042,2025-09-30
C043,2025-01-08
C043,2025-01-09
C043,2025-01-10
C043,2025-01-11
C043,2025-01-12
C043,2025-01-13
C043,2025-01-14
C043,2025-01-15
C043,2025-01-16
C043,2025-01-17
C043,2025-01-18
C043,2025-01-19
C043,2025-01-20
C043,2025-01-21
C043,2025-01-22
C043,2025-01-23
C043,2025-01-24
C043,2025-01-25
C043,2025-01-26
C043,2025-01-27
C043,2025-01-28
C043,2025-01-29
C043,2025-01-30
C043,2025-01-31
C043,2025-02-01
C043,2025-02-02
C043,2025-02-03
C043,2025-02-04
C043,2025-02-05
C043,2025-02-06
C043,2025-02-07
C043,2025-02-08
C043,2025-02-09
C043,2025-02-10
C043,2025-02-11
C043,2025-02-12
C043,2025-02-13
C043,2025-02-14
C043,2025-02-15
C043,2025-02-16
C043,2025-02-17
C043,2025-02-18
C043,2025-02-19
C043,2025-02-20
C043,2025-02-21
C043,2025-02-22
C043,2025-02-23
C043,2025-02-24
C043,2025-02-25
C043,2025-02-26
C043,2025-02-27
C043,2025-02-28
C043,2025-03-01
C043,2025-03-02
C043,2025-03-03
C043,2025-03-04
C043,2025-03-05
C043,2025-03-06
C043,2025-03-07
C043,2025-03-08
C043,2025-03-10
C043,2025-03-11
C043,2025-03-12
C043,2025-03-13
C043,2025-03-14
C043,2025-03-15
C043,2025-03-16
C043,2025-03-17
C043,2025-03-18
C043,2025-03-19
C043,2025-03-20
C043,2025-03-21
C043,2025-03-22
C043,2025-03-23
C043,2025-03-24
C043,2025-03-25
C043,2025-03-26
C043,2025-03-27
C043,2025-03-28
C043,2025-03-29
C043,2025-03-30
C043,2025-03-31
C043,2025-04-01
C043,2025-04-02
C043,2025-04-03
C043,2025-04-04
C043,2025-04-05
C043,2025-04-06
C043,2025-04-07
C043,2025-04-08
C043,2025-04-09
C043,2025-04-10
C043,2025-04-11
C043,2025-04-12
C043,2025-04-13
C043,2025-04-14
C043,2025-04-15
C043,2025-04-16
C043,2025-04-17
C043,2025-04-18
C043,2025-04-19
C043,2025-04-20
C043,2025-04-21
C043,2025-04-22
C043,2025-04-23
C043,2025-04-24
C043,2025-04-25
C043,2025-04-26
C043,2025-04-27
C043,2025-04-28
C043,2025-04-29
C043,2025-04-30
C043,2025-05-01
C043,2025-05-02
C043,2025-05-03
C043,2025-05-04
C043,2025-05-05
C043,2025-05-06
C043,2025-05-07
C043,2025-05-08
C043,2025-05-09
C043,2025-05-10
C043,2025-05-11
C043,2025-05-12
C043,2025-05-13
C043,2025-05-14
C043,2025-05-15
C043,2025-05-16
C043,2025-05-17
C043,2025-05-18
C043,2025-05-19
C043,2025-05-20
C043,2025-05-21
C043,2025-05-22
C043,2025-05-23
C043,2025-05-24
C043,2025-05-25
C043,2025-05-26
C043,2025-05-27
C043,2025-05-28
C043,2025-05-29
C043,2025-05-30
C043,2025-05-31
C043,2025-06-01
C043,2025-06-02
C043,2025-06-03
C043,2025-06-04
C043,2025-06-05
C043,2025-06-06
C043,2025-06-07
C043,2025-06-08
C043,2025-06-09
C043,2025-06-10
C043,2025-06-11
C043,2025-06-12
C043,2025-06-13
C043,2025-06-14
C043,2025-06-15
C043,2025-06-16
C043,2025-06-17
C043,2025-06-18
C043,2025-06-19
C043,2025-06-20
C043,2025-06-21
C043,2025-06-22
C043,2025-06-23
C043,2025-06-24
C043,2025-06-25
C043,2025-06-26
C043,2025-06-27
C043,2025-06-28
C043,2025-06-29
C043,2025-06-30
C043,2025-07-01
C043,2025-07-02
C043,2025-07-03
C043,2025-07-04
C043,2025-07-05
C043,2025-07-06
C043,2025-07-07
C043,2025-07-08
C043,2025-07-09
C043,2025-07-10
C043,2025-07-11
C043,2025-07-12
C043,2025-07-13
C043,2025-07-14
C043,2025-07-15
C043,2025-07-16
C043,2025-07-17
C043,2025-07-18
C043,2025-07-19
C043,2025-07-20
C043,2025-07-21
C043,2025-07-22
C043,2025-07-23
C043,2025-07-24
C043,2025-07-25
C043,2025-07-26
C043,2025-07-27
C043,2025-07-28
C043,2025-07-29
C043,2025-07-30
C043,2025-07-31
C043,2025-08-01
C043,2025-08-02
C043,2025-08-03
C043,2025-08-04
C043,2025-08-05
C043,2025-08-06
C043,2025-08-07
C043,2025-08-08
C043,2025-08-09
C043,2025-08-10
C043,2025-08-11
C043,2025-08-12
C043,2025-08-13
C043,2025-08-14
C043,2025-08-15
C043,2025-08-16
C043,2025-08-17
C043,2025-08-18
C043,2025-08-19
C043,2025-08-20
C043,2025-08-21
C043,2025-08-22
C043,2025-08-23
C043,2025-08-24
C043,2025-08-25
C043,2025-08-26
C043,2025-08-27
C043,2025-08-28
C043,2025-08-29
C043,2025-08-30
C043,2025-08-31
C043,2025-09-01
C043,2025-09-02
C043,2025-09-03
C043,2025-09-04
C043,2025-09-05
C043,2025-09-06
C043,2025-09-07
C043,2025-09-08
C043,2025-09-09
C043,2025-09-10
C043,2025-09-11
C043,2025-09-12
C043,2025-09-13
C043,2025-09-14
C043,2025-09-15
C043,2025-09-16
C043,2025-09-17
C043,2025-09-18
C043,2025-09-19
C043,2025-09-20
C043,2025-09-21
C043,2025-09-22
C043,2025-09-23
C043,2025-09-24
C043,2025-09-25
C043,2025-09-26
C043,2025-09-27
C043,2025-09-28
C043,2025-09-29
C043,2025-09-30
C044,2025-01-08
C044,2025-01-09
C044,2025-01-10
C044,2025-01-11
C044,2025-01-12
C044,2025-01-13
C044,2025-01-14
C044,2025-01-15
C044,2025-01-16
C044,2025-01-17
C044,2025-01-18
C044,2025-01-19
C044,2025-01-20
C044,2025-01-21
C044,2025-01-22
C044,2025-01-23
C044,2025-01-24
C044,2025-01-25
C044,2025-01-26
C044,2025-01-27
C044,2025-01-28
C044,2025-01-29
C044,2025-01-30
C044,2025-01-31
C044,2025-02-01
C044,2025-02-02
C044,2025-02-03
C044,2025-02-04
C044,2025-02-05
C044,2025-02-06
C044,2025-02-07
C044,2025-02-08
C044,2025-02-09
C044,2025-02-10
C044,2025-02-11
C044,2025-02-12
C044,2025-02-13
C044,2025-02-14
C044,2025-02-15
C044,2025-02-16
C044,2025-02-17
C044,2025-02-18
C044,2025-02-19
C044,2025-02-20
C044,2025-02-21
C044,2025-02-22
C044,2025-02-23
C044,2025-02-24
C044,2025-02-25
C044,2025-02-26
C044,2025-02-27
C044,2025-02-28
C044,2025-03-01
C044,2025-03-02
C044,2025-03-03
C044,2025-03-05
C044,2025-03-06
C044,2025-03-07
C044,2025-03-08
C044,2025-03-09
C044,2025-03-10
C044,2025-03-11
C044,2025-03-12
C044,2025-03-13
C044,2025-03-14
C044,2025-03-15
C044,2025-03-16
C044,2025-03-17
C044,2025-03-18
C044,2025-03-19
C044,2025-03-20
C044,2025-03-21
C044,2025-03-22
C044,2025-03-23
C044,2025-03-24
C044,2025-03-25
C044,2025-03-26
C044,2025-03-27
C044,2025-03-28
C044,2025-03-29
C044,2025-03-30
C044,2025-03-31
C044,2025-04-01
C044,2025-04-02
C044,2025-04-03
C044,2025-04-04
C044,2025-04-05
C044,2025-04-06
C044,2025-04-07
C044,2025-04-08
C044,2025-04-09
C044,2025-04-10
C044,2025-04-11
C044,2025-04-12
C044,2025-04-13
C044,2025-04-14
C044,2025-04-15
C044,2025-04-16
C044,2025-04-17
C044,2025-04-18
C044,2025-04-19
C044,2025-04-20
C044,2025-04-21
C044,2025-04-22
C044,2025-04-23
C044,2025-04-24
C044,2025-04-26
C044,2025-04-27
C044,2025-04-28
C044,2025-04-29
C044,2025-04-30
C044,2025-05-01
C044,2025-05-02
C044,2025-05-03
C044,2025-05-04
C044,2025-05-05
C044,2025-05-06
C044,2025-05-07
C044,2025-05-08
C044,2025-05-09
C044,2025-05-10
C044,2025-05-11
C044,2025-05-12
C044,2025-05-13
C044,2025-05-14
C044,2025-05-15
C044,2025-05-16
C044,2025-05-17
C044,2025-05-18
C044,2025-05-19
C044,2025-05-20
C044,2025-05-21
C044,2025-05-22
C044,2025-05-23
C044,2025-05-24
C044,2025-05-25
C044,2025-05-26
C044,2025-05-27
C044,2025-05-28
C044,2025-05-29
C044,2025-05-30
C044,2025-05-31
C044,2025-06-01
C044,2025-06-02
C044,2025-06-03
C044,2025-06-04
C044,2025-06-05
C044,2025-06-06
C044,2025-06-07
C044,2025-06-08
C044,2025-06-09
C044,2025-06-10
C044,2025-06-11
C044,2025-06-12
C044,2025-06-13
C044,2025-06-14
C044,2025-06-15
C044,2025-06-16
C044,2025-06-17
C044,2025-06-18
C044,2025-06-19
C044,2025-06-20
C044,2025-06-21
C044,2025-06-22
C044,2025-06-23
C044,2025-06-24
C044,2025-06-25
C044,2025-06-26
C044,2025-06-27
C044,2025-06-28
C044,2025-06-29
C044,2025-06-30
C044,2025-07-01
C044,2025-07-02
C044,2025-07-03
C044,2025-07-04
C044,2025-07-05
C044,2025-07-06
C044,2025-07-07
C044,2025-07-08
C044,2025-07-09
C044,2025-07-10
C044,2025-07-11
C044,2025-07-12
C044,2025-07-13
C044,2025-07-14
C044,2025-07-15
C044,2025-07-16
C044,2025-07-17
C044,2025-07-18
C044,2025-07-19
C044,2025-07-20
C044,2025-07-21
C044,2025-07-22
C044,2025-07-23
C044,2025-07-24
C044,2025-07-25
C044,2025-07-26
C044,2025-07-27
C044,2025-07-28
C044,2025-07-29
C044,2025-07-30
C044,2025-07-31
C044,2025-08-01
C044,2025-08-02
C044,2025-08-03
C044,2025-08-04
C044,2025-08-05
C044,2025-08-06
C044,2025-08-07
C044,2025-08-08
C044,2025-08-09
C044,2025-08-10
C044,2025-08-11
C044,2025-08-12
C044,2025-08-13
C044,2025-08-14
C044,2025-08-15
C044,2025-08-16
C044,2025-08-17
C044,2025-08-18
C044,2025-08-19
C044,2025-08-20
C044,2025-08-21
C044,2025-08-22
C044,2025-08-23
C044,2025-08-24
C044,2025-08-25
C044,2025-08-26
C044,2025-08-27
C044,2025-08-28
C044,2025-08-29
C044,2025-08-30
C044,2025-08-31
C044,2025-09-01
C044,2025-09-02
C044,2025-09-03
C044,2025-09-04
C044,2025-09-05
C044,2025-09-06
C044,2025-09-07
C044,2025-09-08
C044,2025-09-09
C044,2025-09-10
C044,2025-09-11
C044,2025-09-12
C044,2025-09-13
C044,2025-09-14
C044,2025-09-15
C044,2025-09-16
C044,2025-09-17
C044,2025-09-18
C044,2025-09-20
C044,2025-09-21
C044,2025-09-22
C044,2025-09-23
C044,2025-09-24
C044,2025-09-25
C044,2025-09-26
C044,2025-09-27
C044,2025-09-28
C044,2025-09-29
C044,2025-09-30
C045,2025-01-08
C045,2025-01-09
C045,2025-01-10
C045,2025-01-11
C045,2025-01-12
C045,2025-01-13
C045,2025-01-14
C045,2025-01-15
C045,2025-01-16
C045,2025-01-17
C045,2025-01-18
C045,2025-01-19
C045,2025-01-20
C045,2025-01-21
C045,2025-01-22
C045,2025-01-23
C045,2025-01-24
C045,2025-01-25
C045,2025-01-26
C045,2025-01-27
C045,2025-01-28
C045,2025-01-29
C045,2025-01-30
C045,2025-01-31
C045,2025-02-01
C045,2025-02-02
C045,2025-02-03
C045,2025-02-04
C045,2025-02-05
C045,2025-02-06
C045,2025-02-07
C045,2025-02-08
C045,2025-02-09
C045,2025-02-10
C045,2025-02-11
C045,2025-02-12
C045,2025-02-13
C045,2025-02-14
C045,2025-02-15
C045,2025-02-16
C045,2025-02-17
C045,2025-02-18
C045,2025-02-19
C045,2025-02-20
C045,2025-02-21
C045,2025-02-22
C045,2025-02-23
C045,2025-02-24
C045,2025-02-25
C045,2025-02-26
C045,2025-02-27
C045,2025-02-28
C045,2025-03-01
C045,2025-03-02
C045,2025-03-03
C045,2025-03-04
C045,2025-03-05
C045,2025-03-06
C045,2025-03-07
C045,2025-03-08
C045,2025-03-09
C045,2025-03-10
C045,2025-03-11
C045,2025-03-12
C045,2025-03-13
C045,2025-03-14
C045,2025-03-15
C045,2025-03-16
C045,2025-03-17
C045,2025-03-18
C045,2025-03-19
C045,2025-03-20
C045,2025-03-21
C045,2025-03-22
C045,2025-03-23
C045,2025-03-24
C045,2025-03-25
C045,2025-03-26
C045,2025-03-27
C045,2025-03-28
C045,2025-03-29
C045,2025-03-30
C045,2025-03-31
C045,2025-04-01
C045,2025-04-02
C045,2025-04-03
C045,2025-04-04
C045,2025-04-05
C045,2025-04-06
C045,2025-04-07
C045,2025-04-08
C045,2025-04-09
C045,2025-04-10
C045,2025-04-11
C045,2025-04-12
C045,2025-04-13
C045,2025-04-14
C045,2025-04-15
C045,2025-04-16
C045,2025-04-17
C045,2025-04-18
C045,2025-04-19
C045,2025-04-20
C045,2025-04-21
C045,2025-04-22
C045,2025-04-23
C045,2025-04-24
C045,2025-04-25
C045,2025-04-26
C045,2025-04-27
C045,2025-04-28
C045,2025-05-01
C045,2025-05-02
C045,2025-05-03
C045,2025-05-04
C045,2025-05-05
C045,2025-05-06
C045,2025-05-07
C045,2025-05-08
C045,2025-05-09
C045,2025-05-10
C045,2025-05-11
C045,2025-05-12
C045,2025-05-13
C045,2025-05-14
C045,2025-05-15
C045,2025-05-16
C045,2025-05-17
C045,2025-05-18
C045,2025-05-19
C045,2025-05-20
C045,2025-05-21
C045,2025-05-22
C045,2025-05-23
C045,2025-05-24
C045,2025-05-25
C045,2025-05-26
C045,2025-05-27
C045,2025-05-28
C045,2025-05-29
C045,2025-05-30
C045,2025-05-31
C045,2025-06-01
C045,2025-06-04
C045,2025-06-05
C045,2025-06-06
C045,2025-06-07
C045,2025-06-08
C045,2025-06-09
C045,2025-06-10
C045,2025-06-11
C045,2025-06-12
C045,2025-06-13
C045,2025-06-14
C045,2025-06-15
C045,2025-06-16
C045,2025-06-17
C045,2025-06-18
C045,2025-06-19
C045,2025-06-20
C045,2025-06-21
C045,2025-06-22
C045,2025-06-23
C045,2025-06-24
C045,2025-06-25
C045,2025-06-26
C045,2025-06-27
C045,2025-06-28
C045,2025-06-29
C045,2025-07-01
C045,2025-07-02
C045,2025-07-03
C045,2025-07-04
C045,2025-07-05
C045,2025-07-06
C045,2025-07-07
C045,2025-07-08
C045,2025-07-09
C045,2025-07-10
C045,2025-07-11
C045,2025-07-12
C045,2025-07-13
C045,2025-07-14
C045,2025-07-15
C045,2025-07-16
C045,2025-07-17
C045,2025-07-18
C045,2025-07-19
C045,2025-07-20
C045,2025-07-21
C045,2025-07-22
C045,2025-07-23
C045,2025-07-24
C045,2025-07-25
C045,2025-07-26
C045,2025-07-27
C045,2025-07-28
C045,2025-07-29
C045,2025-07-30
C045,2025-07-31
C045,2025-08-02
C045,2025-08-03
C045,2025-08-04
C045,2025-08-05
C045,2025-08-06
C045,2025-08-07
C045,2025-08-08
C045,2025-08-09
C045,2025-08-10
C045,2025-08-11
C045,2025-08-12
C045,2025-08-13
C045,2025-08-14
C045,2025-08-15
C045,2025-08-16
C045,2025-08-17
C045,2025-08-18
C045,2025-08-19
C045,2025-08-20
C045,2025-08-21
C045,2025-08-22
C045,2025-08-23
C045,2025-08-24
C045,2025-08-25
C045,2025-08-26
C045,2025-08-27
C045,2025-08-28
C045,2025-08-29
C045,2025-08-30
C045,2025-08-31
C045,2025-09-01
C045,2025-09-02
C045,2025-09-03
C045,2025-09-04
C045,2025-09-05
C045,2025-09-06
C045,2025-09-07
C045,2025-09-08
C045,2025-09-09
C045,2025-09-10
C045,2025-09-11
C045,2025-09-12
C045,2025-09-13
C045,2025-09-14
C045,2025-09-15
C045,2025-09-16
C045,2025-09-17
C045,2025-09-18
C045,2025-09-19
C045,2025-09-20
C045,2025-09-21
C045,2025-09-22
C045,2025-09-23
C045,2025-09-24
C045,2025-09-25
C045,2025-09-26
C045,2025-09-27
C045,2025-09-28
C045,2025-09-29
C045,2025-09-30
C046,2025-01-08
C046,2025-01-09
C046,2025-01-10
C046,2025-01-11
C046,2025-01-12
C046,2025-01-13
C046,2025-01-14
C046,2025-01-15
C046,2025-01-16
C046,2025-01-17
C046,2025-01-18
C046,2025-01-19
C046,2025-01-20
C046,2025-01-21
C046,2025-01-22
C046,2025-01-23
C046,2025-01-24
C046,2025-01-25
C046,2025-01-26
C046,2025-01-27
C046,2025-01-28
C046,2025-01-29
C046,2025-01-30
C046,2025-01-31
C046,2025-02-01
C046,2025-02-02
C046,2025-02-03
C046,2025-02-04
C046,2025-02-05
C046,2025-02-06
C046,2025-02-07
C046,2025-02-08
C046,2025-02-09
C046,2025-02-10
C046,2025-02-11
C046,2025-02-12
C046,2025-02-13
C046,2025-02-14
C046,2025-02-15
C046,2025-02-16
C046,2025-02-17
C046,2025-02-18
C046,2025-02-19
C046,2025-02-20
C046,2025-02-21
C046,2025-02-22
C046,2025-02-23
C046,2025-02-24
C046,2025-02-25
C046,2025-02-26
C046,2025-02-27
C046,2025-02-28
C046,2025-03-01
C046,2025-03-02
C046,2025-03-03
C046,2025-03-04
C046,2025-03-05
C046,2025-03-06
C046,2025-03-07
C046,2025-03-08
C046,2025-03-09
C046,2025-03-10
C046,2025-03-11
C046,2025-03-12
C046,2025-03-13
C046,2025-03-14
C046,2025-03-15
C046,2025-03-16
C046,2025-03-17
C046,2025-03-18
C046,2025-03-19
C046,2025-03-20
C046,2025-03-21
C046,2025-03-22
C046,2025-03-23
C046,2025-03-24
C046,2025-03-25
C046,2025-03-26
C046,2025-03-27
C046,2025-03-28
C046,2025-03-29
C046,2025-03-30
C046,2025-03-31
C046,2025-04-01
C046,2025-04-02
C046,2025-04-04
C046,2025-04-05
C046,2025-04-06
C046,2025-04-07
C046,2025-04-08
C046,2025-04-09
C046,2025-04-10
C046,2025-04-11
C046,2025-04-12
C046,2025-04-13
C046,2025-04-14
C046,2025-04-15
C046,2025-04-16
C046,2025-04-17
C046,2025-04-18
C046,2025-04-19
C046,2025-04-20
C046,2025-04-21
C046,2025-04-22
C046,2025-04-23
C046,2025-04-24
C046,2025-04-25
C046,2025-04-26
C046,2025-04-27
C046,2025-04-28
C046,2025-04-29
C046,2025-04-30
C046,2025-05-01
C046,2025-05-02
C046,2025-05-03
C046,2025-05-04
C046,2025-05-05
C046,2025-05-06
C046,2025-05-07
C046,2025-05-08
C046,2025-05-09
C046,2025-05-10
C046,2025-05-11
C046,2025-05-12
C046,2025-05-13
C046,2025-05-14
C046,2025-05-15
C046,2025-05-16
C046,2025-05-17
C046,2025-05-18
C046,2025-05-19
C046,2025-05-20
C046,2025-05-21
C046,2025-05-22
C046,2025-05-23
C046,2025-05-24
C046,2025-05-25
C046,2025-05-26
C046,2025-05-27
C046,2025-05-28
C046,2025-05-29
C046,2025-05-30
C046,2025-05-31
C046,2025-06-01
C046,2025-06-02
C046,2025-06-03
C046,2025-06-04
C046,2025-06-05
C046,2025-06-06
C046,2025-06-07
C046,2025-06-08
C046,2025-06-09
C046,2025-06-10
C046,2025-06-11
C046,2025-06-12
C046,2025-06-13
C046,2025-06-14
C046,2025-06-15
C046,2025-06-16
C046,2025-06-17
C046,2025-06-18
C046,2025-06-19
C046,2025-06-20
C046,2025-06-21
C046,2025-06-22
C046,2025-06-23
C046,2025-06-24
C046,2025-06-25
C046,2025-06-26
C046,2025-06-27
C046,2025-06-28
C046,2025-06-29
C046,2025-06-30
C046,2025-07-01
C046,2025-07-02
C046,2025-07-03
C046,2025-07-04
C046,2025-07-05
C046,2025-07-06
C046,2025-07-07
C046,2025-07-08
C046,2025-07-09
C046,2025-07-10
C046,2025-07-11
C046,2025-07-12
C046,2025-07-13
C046,2025-07-14
C046,2025-07-15
C046,2025-07-16
C046,2025-07-17
C046,2025-07-18
C046,2025-07-19
C046,2025-07-20
C046,2025-07-21
C046,2025-07-22
C046,2025-07-23
C046,2025-07-24
C046,2025-07-25
C046,2025-07-26
C046,2025-07-27
C046,2025-07-28
C046,2025-07-29
C046,2025-07-30
C046,2025-07-31
C046,2025-08-01
C046,2025-08-02
C046,2025-08-03
C046,2025-08-04
C046,2025-08-05
C046,2025-08-06
C046,2025-08-07
C046,2025-08-08
C046,2025-08-09
C046,2025-08-10
C046,2025-08-11
C046,2025-08-12
C046,2025-08-13
C046,2025-08-14
C046,2025-08-15
C046,2025-08-16
C046,2025-08-17
C046,2025-08-18
C046,2025-08-19
C046,2025-08-20
C046,2025-08-21
C046,2025-08-22
C046,2025-08-23
C046,2025-08-24
C046,2025-08-25
C046,2025-08-26
C046,2025-08-27
C046,2025-08-28
C046,2025-08-29
C046,2025-08-30
C046,2025-08-31
C046,2025-09-01
C046,2025-09-02
C046,2025-09-03
C046,2025-09-04
C046,2025-09-05
C046,2025-09-06
C046,2025-09-07
C046,2025-09-08
C046,2025-09-09
C046,2025-09-10
C046,2025-09-11
C046,2025-09-12
C046,2025-09-13
C046,2025-09-14
C046,2025-09-15
C046,2025-09-16
C046,2025-09-17
C046,2025-09-18
C046,2025-09-19
C046,2025-09-20
C046,2025-09-21
C046,2025-09-22
C046,2025-09-23
C046,2025-09-24
C046,2025-09-25
C046,2025-09-26
C046,2025-09-27
C046,2025-09-28
C046,2025-09-29
C046,2025-09-30
C047,2025-01-08
C047,2025-01-09
C047,2025-01-10
C047,2025-01-11
C047,2025-01-12
C047,2025-01-13
C047,2025-01-14
C047,2025-01-15
C047,2025-01-16
C047,2025-01-17
C047,2025-01-18
C047,2025-01-19
C047,2025-01-20
C047,2025-01-21
C047,2025-01-22
C047,2025-01-23
C047,2025-01-24
C047,2025-01-25
C047,2025-01-26
C047,2025-01-27
C047,2025-01-28
C047,2025-01-29
C047,2025-01-30
C047,2025-02-01
C047,2025-02-02
C047,2025-02-03
C047,2025-02-04
C047,2025-02-05
C047,2025-02-06
C047,2025-02-07
C047,2025-02-08
C047,2025-02-09
C047,2025-02-10
C047,2025-02-11
C047,2025-02-12
C047,2025-02-13
C047,2025-02-14
C047,2025-02-15
C047,2025-02-16
C047,2025-02-17
C047,2025-02-18
C047,2025-02-19
C047,2025-02-20
C047,2025-02-21
C047,2025-02-22
C047,2025-02-23
C047,2025-02-24
C047,2025-02-25
C047,2025-02-26
C047,2025-02-27
C047,2025-02-28
C047,2025-03-01
C047,2025-03-02
C047,2025-03-03
C047,2025-03-04
C047,2025-03-05
C047,2025-03-06
C047,2025-03-07
C047,2025-03-08
C047,2025-03-10
C047,2025-03-11
C047,2025-03-12
C047,2025-03-13
C047,2025-03-14
C047,2025-03-15
C047,2025-03-16
C047,2025-03-17
C047,2025-03-18
C047,2025-03-19
C047,2025-03-20
C047,2025-03-21
C047,2025-03-22
C047,2025-03-23
C047,2025-03-24
C047,2025-03-25
C047,2025-03-26
C047,2025-03-27
C047,2025-03-28
C047,2025-03-29
C047,2025-03-30
C047,2025-03-31
C047,2025-04-01
C047,2025-04-02
C047,2025-04-03
C047,2025-04-04
C047,2025-04-05
C047,2025-04-06
C047,2025-04-07
C047,2025-04-08
C047,2025-04-09
C047,2025-04-10
C047,2025-04-11
C047,2025-04-12
C047,2025-04-13
C047,2025-04-14
C047,2025-04-15
C047,2025-04-16
C047,2025-04-17
C047,2025-04-18
C047,2025-04-19
C047,2025-04-20
C047,2025-04-21
C047,2025-04-22
C047,2025-04-23
C047,2025-04-24
C047,2025-04-25
C047,2025-04-26
C047,2025-04-27
C047,2025-04-28
C047,2025-04-29
C047,2025-04-30
C047,2025-05-01
C047,2025-05-02
C047,2025-05-03
C047,2025-05-04
C047,2025-05-05
C047,2025-05-06
C047,2025-05-07
C047,2025-05-08
C047,2025-05-09
C047,2025-05-10
C047,2025-05-11
C047,2025-05-12
C047,2025-05-13
C047,2025-05-14
C047,2025-05-15
C047,2025-05-16
C047,2025-05-17
C047,2025-05-18
C047,2025-05-19
C047,2025-05-20
C047,2025-05-21
C047,2025-05-22
C047,2025-05-23
C047,2025-05-24
C047,2025-05-25
C047,2025-05-26
C047,2025-05-27
C047,2025-05-28
C047,2025-05-29
C047,2025-05-30
C047,2025-05-31
C047,2025-06-01
C047,2025-06-02
C047,2025-06-03
C047,2025-06-04
C047,2025-06-05
C047,2025-06-06
C047,2025-06-07
C047,2025-06-08
C047,2025-06-09
C047,2025-06-10
C047,2025-06-11
C047,2025-06-12
C047,2025-06-13
C047,2025-06-14
C047,2025-06-15
C047,2025-06-16
C047,2025-06-17
C047,2025-06-18
C047,2025-06-19
C047,2025-06-20
C047,2025-06-21
C047,2025-06-22
C047,2025-06-23
C047,2025-06-24
C047,2025-06-25
C047,2025-06-26
C047,2025-06-27
C047,2025-06-28
C047,2025-06-29
C047,2025-06-30
C047,2025-07-01
C047,2025-07-02
C047,2025-07-03
C047,2025-07-04
C047,2025-07-05
C047,2025-07-06
C047,2025-07-07
C047,2025-07-08
C047,2025-07-09
C047,2025-07-10
C047,2025-07-11
C047,2025-07-12
C047,2025-07-13
C047,2025-07-14
C047,2025-07-15
C047,2025-07-16
C047,2025-07-17
C047,2025-07-18
C047,2025-07-19
C047,2025-07-20
C047,2025-07-21
C047,2025-07-22
C047,2025-07-23
C047,2025-07-24
C047,2025-07-25
C047,2025-07-26
C047,2025-07-27
C047,2025-07-28
C047,2025-07-29
C047,2025-07-30
C047,2025-07-31
C047,2025-08-01
C047,2025-08-02
C047,2025-08-03
C047,2025-08-04
C047,2025-08-05
C047,2025-08-06
C047,2025-08-07
C047,2025-08-08
C047,2025-08-09
C047,2025-08-10
C047,2025-08-11
C047,2025-08-12
C047,2025-08-13
C047,2025-08-14
C047,2025-08-15
C047,2025-08-16
C047,2025-08-17
C047,2025-08-19
C047,2025-08-20
C047,2025-08-21
C047,2025-08-22
C047,2025-08-23
C047,2025-08-24
C047,2025-08-25
C047,2025-08-26
C047,2025-08-27
C047,2025-08-28
C047,2025-08-29
C047,2025-08-30
C047,2025-08-31
C047,2025-09-01
C047,2025-09-02
C047,2025-09-03
C047,2025-09-04
C047,2025-09-05
C047,2025-09-06
C047,2025-09-07
C047,2025-09-08
C047,2025-09-10
C047,2025-09-11
C047,2025-09-12
C047,2025-09-13
C047,2025-09-14
C047,2025-09-15
C047,2025-09-16
C047,2025-09-17
C047,2025-09-18
C047,2025-09-19
C047,2025-09-20
C047,2025-09-21
C047,2025-09-22
C047,2025-09-23
C047,2025-09-24
C047,2025-09-25
C047,2025-09-26
C047,2025-09-27
C047,2025-09-28
C047,2025-09-29
C047,2025-09-30
C048,2025-01-08
C048,2025-01-09
C048,2025-01-10
C048,2025-01-11
C048,2025-01-12
C048,2025-01-13
C048,2025-01-14
C048,2025-01-15
C048,2025-01-16
C048,2025-01-17
C048,2025-01-18
C048,2025-01-19
C048,2025-01-20
C048,2025-01-21
C048,2025-01-22
C048,2025-01-23
C048,2025-01-24
C048,2025-01-25
C048,2025-01-26
C048,2025-01-27
C048,2025-01-28
C048,2025-01-29
C048,2025-01-30
C048,2025-01-31
C048,2025-02-01
C048,2025-02-02
C048,2025-02-03
C048,2025-02-04
C048,2025-02-05
C048,2025-02-06
C048,2025-02-07
C048,2025-02-08
C048,2025-02-09
C048,2025-02-10
C048,2025-02-11
C048,2025-02-12
C048,2025-02-13
C048,2025-02-14
C048,2025-02-15
C048,2025-02-16
C048,2025-02-17
C048,2025-02-18
C048,2025-02-19
C048,2025-02-20
C048,2025-02-21
C048,2025-02-22
C048,2025-02-23
C048,2025-02-24
C048,2025-02-25
C048,2025-02-26
C048,2025-02-27
C048,2025-02-28
C048,2025-03-01
C048,2025-03-03
C048,2025-03-04
C048,2025-03-05
C048,2025-03-06
C048,2025-03-07
C048,2025-03-08
C048,2025-03-09
C048,2025-03-10
C048,2025-03-11
C048,2025-03-12
C048,2025-03-13
C048,2025-03-14
C048,2025-03-15
C048,2025-03-16
C048,2025-03-17
C048,2025-03-18
C048,2025-03-19
C048,2025-03-20
C048,2025-03-21
C048,2025-03-22
C048,2025-03-23
C048,2025-03-24
C048,2025-03-25
C048,2025-03-26
C048,2025-03-27
C048,2025-03-28
C048,2025-03-29
C048,2025-03-30
C048,2025-03-31
C048,2025-04-01
C048,2025-04-02
C048,2025-04-03
C048,2025-04-04
C048,2025-04-06
C048,2025-04-07
C048,2025-04-08
C048,2025-04-09
C048,2025-04-10
C048,2025-04-11
C048,2025-04-12
C048,2025-04-13
C048,2025-04-14
C048,2025-04-15
C048,2025-04-16
C048,2025-04-17
C048,2025-04-18
C048,2025-04-19
C048,2025-04-20
C048,2025-04-21
C048,2025-04-22
C048,2025-04-23
C048,2025-04-24
C048,2025-04-25
C048,2025-04-26
C048,2025-04-27
C048,2025-04-28
C048,2025-04-29
C048,2025-04-30
C048,2025-05-02
C048,2025-05-03
C048,2025-05-04
C048,2025-05-05
C048,2025-05-06
C048,2025-05-07
C048,2025-05-08
C048,2025-05-09
C048,2025-05-10
C048,2025-05-11
C048,2025-05-12
C048,2025-05-13
C048,2025-05-14
C048,2025-05-15
C048,2025-05-16
C048,2025-05-17
C048,2025-05-18
C048,2025-05-19
C048,2025-05-20
C048,2025-05-21
C048,2025-05-22
C048,2025-05-23
C048,2025-05-24
C048,2025-05-25
C048,2025-05-26
C048,2025-05-27
C048,2025-05-28
C048,2025-05-29
C048,2025-05-30
C048,2025-05-31
C048,2025-06-01
C048,2025-06-02
C048,2025-06-03
C048,2025-06-04
C048,2025-06-05
C048,2025-06-06
C048,2025-06-07
C048,2025-06-08
C048,2025-06-09
C048,2025-06-10
C048,2025-06-11
C048,2025-06-12
C048,2025-06-13
C048,2025-06-14
C048,2025-06-15
C048,2025-06-16
C048,2025-06-17
C048,2025-06-18
C048,2025-06-19
C048,2025-06-20
C048,2025-06-21
C048,2025-06-22
C048,2025-06-23
C048,2025-06-24
C048,2025-06-25
C048,2025-06-26
C048,2025-06-27
C048,2025-06-28
C048,2025-06-29
C048,2025-06-30
C048,2025-07-01
C048,2025-07-02
C048,2025-07-03
C048,2025-07-04
C048,2025-07-05
C048,2025-07-06
C048,2025-07-07
C048,2025-07-08
C048,2025-07-09
C048,2025-07-10
C048,2025-07-11
C048,2025-07-12
C048,2025-07-13
C048,2025-07-14
C048,2025-07-15
C048,2025-07-16
C048,2025-07-17
C048,2025-07-18
C048,2025-07-19
C048,2025-07-20
C048,2025-07-21
C048,2025-07-22
C048,2025-07-23
C048,2025-07-24
C048,2025-07-25
C048,2025-07-26
C048,2025-07-27
C048,2025-07-28
C048,2025-07-29
C048,2025-07-30
C048,2025-07-31
C048,2025-08-01
C048,2025-08-02
C048,2025-08-03
C048,2025-08-04
C048,2025-08-05
C048,2025-08-06
C048,2025-08-07
C048,2025-08-08
C048,2025-08-09
C048,2025-08-10
C048,2025-08-11
C048,2025-08-12
C048,2025-08-13
C048,2025-08-14
C048,2025-08-15
C048,2025-08-16
C048,2025-08-17
C048,2025-08-18
C048,2025-08-19
C048,2025-08-20
C048,2025-08-21
C048,2025-08-22
C048,2025-08-23
C048,2025-08-24
C048,2025-08-25
C048,2025-08-26
C048,2025-08-27
C048,2025-08-28
C048,2025-08-29
C048,2025-08-30
C048,2025-08-31
C048,2025-09-01
C048,2025-09-02
C048,2025-09-03
C048,2025-09-04
C048,2025-09-05
C048,2025-09-06
C048,2025-09-07
C048,2025-09-08
C048,2025-09-09
C048,2025-09-10
C048,2025-09-11
C048,2025-09-12
C048,2025-09-13
C048,2025-09-14
C048,2025-09-15
C048,2025-09-16
C048,2025-09-17
C048,2025-09-18
C048,2025-09-19
C048,2025-09-20
C048,2025-09-21
C048,2025-09-22
C048,2025-09-23
C048,2025-09-24
C048,2025-09-25
C048,2025-09-26
C048,2025-09-27
C048,2025-09-28
C048,2025-09-29
C048,2025-09-30
C049,2025-01-08
C049,2025-01-09
C049,2025-01-10
C049,2025-01-11
C049,2025-01-12
C049,2025-01-13
C049,2025-01-14
C049,2025-01-15
C049,2025-01-16
C049,2025-01-17
C049,2025-01-18
C049,2025-01-19
C049,2025-01-20
C049,2025-01-21
C049,2025-01-22
C049,2025-01-23
C049,2025-01-24
C049,2025-01-25
C049,2025-01-26
C049,2025-01-27
C049,2025-01-28
C049,2025-01-29
C049,2025-01-30
C049,2025-01-31
C049,2025-02-01
C049,2025-02-02
C049,2025-02-03
C049,2025-02-04
C049,2025-02-05
C049,2025-02-06
C049,2025-02-07
C049,2025-02-08
C049,2025-02-09
C049,2025-02-10
C049,2025-02-11
C049,2025-02-12
C049,2025-02-13
C049,2025-02-14
C049,2025-02-15
C049,2025-02-16
C049,2025-02-17
C049,2025-02-18
C049,2025-02-19
C049,2025-02-20
C049,2025-02-21
C049,2025-02-22
C049,2025-02-23
C049,2025-02-24
C049,2025-02-25
C049,2025-02-26
C049,2025-02-27
C049,2025-02-28
C049,2025-03-01
C049,2025-03-02
C049,2025-03-03
C049,2025-03-04
C049,2025-03-05
C049,2025-03-06
C049,2025-03-07
C049,2025-03-08
C049,2025-03-09
C049,2025-03-10
C049,2025-03-11
C049,2025-03-12
C049,2025-03-13
C049,2025-03-14
C049,2025-03-15
C049,2025-03-16
C049,2025-03-17
C049,2025-03-18
C049,2025-03-19
C049,2025-03-20
C049,2025-03-21
C049,2025-03-22
C049,2025-03-23
C049,2025-03-24
C049,2025-03-26
C049,2025-03-27
C049,2025-03-28
C049,2025-03-29
C049,2025-03-30
C049,2025-03-31
C049,2025-04-01
C049,2025-04-02
C049,2025-04-03
C049,2025-04-04
C049,2025-04-05
C049,2025-04-06
C049,2025-04-07
C049,2025-04-08
C049,2025-04-09
C049,2025-04-10
C049,2025-04-11
C049,2025-04-12
C049,2025-04-13
C049,2025-04-14
C049,2025-04-15
C049,2025-04-16
C049,2025-04-17
C049,2025-04-18
C049,2025-04-19
C049,2025-04-20
C049,2025-04-21
C049,2025-04-22
C049,2025-04-23
C049,2025-04-25
C049,2025-04-26
C049,2025-04-27
C049,2025-04-28
C049,2025-04-29
C049,2025-04-30
C049,2025-05-01
C049,2025-05-02
C049,2025-05-03
C049,2025-05-04
C049,2025-05-05
C049,2025-05-06
C049,2025-05-07
C049,2025-05-08
C049,2025-05-09
C049,2025-05-10
C049,2025-05-11
C049,2025-05-12
C049,2025-05-13
C049,2025-05-14
C049,2025-05-15
C049,2025-05-16
C049,2025-05-17
C049,2025-05-18
C049,2025-05-19
C049,2025-05-20
C049,2025-05-21
C049,2025-05-22
C049,2025-05-23
C049,2025-05-24
C049,2025-05-25
C049,2025-05-26
C049,2025-05-27
C049,2025-05-28
C049,2025-05-29
C049,2025-05-30
C049,2025-05-31
C049,2025-06-01
C049,2025-06-02
C049,2025-06-03
C049,2025-06-04
C049,2025-06-05
C049,2025-06-06
C049,2025-06-07
C049,2025-06-08
C049,2025-06-09
C049,2025-06-10
C049,2025-06-11
C049,2025-06-12
C049,2025-06-13
C049,2025-06-14
C049,2025-06-15
C049,2025-06-16
C049,2025-06-17
C049,2025-06-18
C049,2025-06-19
C049,2025-06-20
C049,2025-06-21
C049,2025-06-22
C049,2025-06-23
C049,2025-06-24
C049,2025-06-25
C049,2025-06-26
C049,2025-06-27
C049,2025-06-28
C049,2025-06-29
C049,2025-06-30
C049,2025-07-01
C049,2025-07-02
C049,2025-07-03
C049,2025-07-04
C049,2025-07-05
C049,2025-07-06
C049,2025-07-08
C049,2025-07-09
C049,2025-07-10
C049,2025-07-11
C049,2025-07-12
C049,2025-07-13
C049,2025-07-14
C049,2025-07-15
C049,2025-07-16
C049,2025-07-17
C049,2025-07-18
C049,2025-07-19
C049,2025-07-20
C049,2025-07-21
C049,2025-07-22
C049,2025-07-23
C049,2025-07-24
C049,2025-07-25
C049,2025-07-26
C049,2025-07-27
C049,2025-07-29
C049,2025-07-30
C049,2025-07-31
C049,2025-08-01
C049,2025-08-02
C049,2025-08-03
C049,2025-08-04
C049,2025-08-05
C049,2025-08-06
C049,2025-08-07
C049,2025-08-09
C049,2025-08-10
C049,2025-08-11
C049,2025-08-12
C049,2025-08-13
C049,2025-08-14
C049,2025-08-16
C049,2025-08-17
C049,2025-08-18
C049,2025-08-19
C049,2025-08-20
C049,2025-08-21
C049,2025-08-22
C049,2025-08-23
C049,2025-08-24
C049,2025-08-25
C049,2025-08-26
C049,2025-08-27
C049,2025-08-28
C049,2025-08-29
C049,2025-08-30
C049,2025-08-31
C049,2025-09-01
C049,2025-09-02
C049,2025-09-03
C049,2025-09-04
C049,2025-09-05
C049,2025-09-06
C049,2025-09-07
C049,2025-09-08
C049,2025-09-09
C049,2025-09-10
C049,2025-09-11
C049,2025-09-12
C049,2025-09-13
C049,2025-09-14
C049,2025-09-15
C049,2025-09-16
C049,2025-09-17
C049,2025-09-18
C049,2025-09-19
C049,2025-09-20
C049,2025-09-21
C049,2025-09-22
C049,2025-09-23
C049,2025-09-24
C049,2025-09-25
C049,2025-09-26
C049,2025-09-27
C049,2025-09-28
C049,2025-09-29
C049,2025-09-30
C050,2025-01-08
C050,2025-01-09
C050,2025-01-10
C050,2025-01-11
C050,2025-01-12
C050,2025-01-13
C050,2025-01-14
C050,2025-01-15
C050,2025-01-16
C050,2025-01-17
C050,2025-01-18
C050,2025-01-19
C050,2025-01-20
C050,2025-01-21
C050,2025-01-22
C050,2025-01-23
C050,2025-01-24
C050,2025-01-25
C050,2025-01-26
C050,2025-01-27
C050,2025-01-28
C050,2025-01-29
C050,2025-01-30
C050,2025-01-31
C050,2025-02-01
C050,2025-02-02
C050,2025-02-03
C050,2025-02-04
C050,2025-02-05
C050,2025-02-06
C050,2025-02-07
C050,2025-02-08
C050,2025-02-09
C050,2025-02-10
C050,2025-02-11
C050,2025-02-12
C050,2025-02-13
C050,2025-02-14
C050,2025-02-15
C050,2025-02-16
C050,2025-02-17
C050,2025-02-18
C050,2025-02-19
C050,2025-02-20
C050,2025-02-21
C050,2025-02-22
C050,2025-02-23
C050,2025-02-24
C050,2025-02-25
C050,2025-02-26
C050,2025-02-27
C050,2025-02-28
C050,2025-03-01
C050,2025-03-02
C050,2025-03-03
C050,2025-03-04
C050,2025-03-05
C050,2025-03-06
C050,2025-03-07
C050,2025-03-08
C050,2025-03-09
C050,2025-03-10
C050,2025-03-11
C050,2025-03-12
C050,2025-03-13
C050,2025-03-14
C050,2025-03-15
C050,2025-03-16
C050,2025-03-17
C050,2025-03-18
C050,2025-03-19
C050,2025-03-20
C050,2025-03-21
C050,2025-03-22
C050,2025-03-23
C050,2025-03-24
C050,2025-03-25
C050,2025-03-26
C050,2025-03-27
C050,2025-03-28
C050,2025-03-29
C050,2025-03-30
C050,2025-03-31
C050,2025-04-01
C050,2025-04-02
C050,2025-04-03
C050,2025-04-04
C050,2025-04-05
C050,2025-04-06
C050,2025-04-07
C050,2025-04-08
C050,2025-04-09
C050,2025-04-10
C050,2025-04-11
C050,2025-04-12
C050,2025-04-13
C050,2025-04-14
C050,2025-04-15
C050,2025-04-16
C050,2025-04-18
C050,2025-04-19
C050,2025-04-20
C050,2025-04-21
C050,2025-04-22
C050,2025-04-23
C050,2025-04-24
C050,2025-04-27
C050,2025-04-28
C050,2025-04-29
C050,2025-04-30
C050,2025-05-01
C050,2025-05-02
C050,2025-05-03
C050,2025-05-04
C050,2025-05-05
C050,2025-05-06
C050,2025-05-07
C050,2025-05-08
C050,2025-05-09
C050,2025-05-10
C050,2025-05-11
C050,2025-05-12
C050,2025-05-13
C050,2025-05-14
C050,2025-05-15
C050,2025-05-16
C050,2025-05-17
C050,2025-05-18
C050,2025-05-19
C050,2025-05-20
C050,2025-05-21
C050,2025-05-22
C050,2025-05-23
C050,2025-05-24
C050,2025-05-25
C050,2025-05-26
C050,2025-05-27
C050,2025-05-28
C050,2025-05-29
C050,2025-05-30
C050,2025-05-31
C050,2025-06-01
C050,2025-06-02
C050,2025-06-03
C050,2025-06-04
C050,2025-06-05
C050,2025-06-06
C050,2025-06-07
C050,2025-06-08
C050,2025-06-09
C050,2025-06-10
C050,2025-06-12
C050,2025-06-13
C050,2025-06-14
C050,2025-06-15
C050,2025-06-17
C050,2025-06-18
C050,2025-06-19
C050,2025-06-20
C050,2025-06-21
C050,2025-06-22
C050,2025-06-23
C050,2025-06-24
C050,2025-06-25
C050,2025-06-26
C050,2025-06-27
C050,2025-06-28
C050,2025-06-29
C050,2025-06-30
C050,2025-07-01
C050,2025-07-02
C050,2025-07-03
C050,2025-07-04
C050,2025-07-05
C050,2025-07-06
C050,2025-07-07
C050,2025-07-08
C050,2025-07-09
C050,2025-07-10
C050,2025-07-11
C050,2025-07-12
C050,2025-07-13
C050,2025-07-14
C050,2025-07-15
C050,2025-07-16
C050,2025-07-17
C050,2025-07-18
C050,2025-07-19
C050,2025-07-20
C050,2025-07-21
C050,2025-07-22
C050,2025-07-23
C050,2025-07-24
C050,2025-07-25
C050,2025-07-26
C050,2025-07-27
C050,2025-07-28
C050,2025-07-29
C050,2025-07-30
C050,2025-07-31
C050,2025-08-01
C050,2025-08-02
C050,2025-08-03
C050,2025-08-04
C050,2025-08-05
C050,2025-08-06
C050,2025-08-07
C050,2025-08-08
C050,2025-08-09
C050,2025-08-11
C050,2025-08-12
C050,2025-08-13
C050,2025-08-14
C050,2025-08-15
C050,2025-08-16
C050,2025-08-17
C050,2025-08-18
C050,2025-08-19
C050,2025-08-20
C050,2025-08-21
C050,2025-08-22
C050,2025-08-23
C050,2025-08-24
C050,2025-08-25
C050,2025-08-26
C050,2025-08-27
C050,2025-08-28
C050,2025-08-29
C050,2025-08-30
C050,2025-08-31
C050,2025-09-01
C050,2025-09-02
C050,2025-09-03
C050,2025-09-04
C050,2025-09-05
C050,2025-09-06
C050,2025-09-07
C050,2025-09-08
C050,2025-09-09
C050,2025-09-10
C050,2025-09-11
C050,2025-09-12
C050,2025-09-13
C050,2025-09-14
C050,2025-09-15
C050,2025-09-16
C050,2025-09-17
C050,2025-09-18
C050,2025-09-19
C050,2025-09-20
C050,2025-09-21
C050,2025-09-22
C050,2025-09-23
C050,2025-09-24
C050,2025-09-25
C050,2025-09-26
C050,2025-09-27
C050,2025-09-28
C050,2025-09-29
C050,2025-09-30
