timestamp,hour,day_of_week,base_load_kw,ac_kw,washing_machine_kw,dishwasher_kw,water_heater_kw,solar_kw,total_power_kw,grid_power_kw,electricity_price_eur_kwh,temperature_c,dr_event
2026-01-01 00:00:00,0,Thursday,0.232,0.0,0.0,0.0,0.0,0.0,0.232,0.232,0.157,20.86,0
2026-01-01 00:15:00,0,Thursday,0.247,0.0,0.0,0.0,0.0,0.0,0.247,0.247,0.134,20.12,0
2026-01-01 00:30:00,0,Thursday,0.24,0.0,0.0,0.0,0.0,0.0,0.24,0.24,0.155,20.49,0
2026-01-01 00:45:00,0,Thursday,0.268,0.0,0.0,0.0,0.0,0.0,0.268,0.268,0.143,19.56,0
2026-01-01 01:00:00,1,Thursday,0.29,0.0,0.0,0.0,0.0,0.0,0.29,0.29,0.148,19.89,0
2026-01-01 01:15:00,1,Thursday,0.286,0.0,0.0,0.0,0.0,0.0,0.286,0.286,0.157,19.85,0
2026-01-01 01:30:00,1,Thursday,0.252,0.0,0.0,0.0,0.0,0.0,0.252,0.252,0.135,19.28,0
2026-01-01 01:45:00,1,Thursday,0.264,0.0,0.0,0.0,0.0,0.0,0.264,0.264,0.145,19.68,0
2026-01-01 02:00:00,2,Thursday,0.243,0.0,0.0,0.0,0.0,0.0,0.243,0.243,0.151,18.99,0
2026-01-01 02:15:00,2,Thursday,0.283,0.0,0.0,0.0,0.0,0.0,0.283,0.283,0.167,19.93,0
2026-01-01 02:30:00,2,Thursday,0.268,0.0,0.0,0.0,0.0,0.0,0.268,0.268,0.146,19.88,0
2026-01-01 02:45:00,2,Thursday,0.294,0.0,0.0,0.0,0.0,0.0,0.294,0.294,0.159,18.97,0
2026-01-01 03:00:00,3,Thursday,0.276,0.0,0.0,0.0,0.0,0.0,0.276,0.276,0.156,19.22,0
2026-01-01 03:15:00,3,Thursday,0.285,0.0,0.0,0.0,0.0,0.0,0.285,0.285,0.155,19.54,0
2026-01-01 03:30:00,3,Thursday,0.255,0.0,0.0,0.0,0.0,0.0,0.255,0.255,0.133,19.52,0
2026-01-01 03:45:00,3,Thursday,0.294,0.0,0.0,0.0,0.0,0.0,0.294,0.294,0.16,18.92,0
2026-01-01 04:00:00,4,Thursday,0.289,0.0,0.0,0.0,0.0,0.0,0.289,0.289,0.147,19.33,0
2026-01-01 04:15:00,4,Thursday,0.224,0.0,0.0,0.0,0.0,0.0,0.224,0.224,0.15,19.32,0
2026-01-01 04:30:00,4,Thursday,0.28,0.0,0.0,0.0,0.0,0.0,0.28,0.28,0.163,19.31,0
2026-01-01 04:45:00,4,Thursday,0.277,0.0,0.0,0.0,0.0,0.0,0.277,0.277,0.142,19.69,0
2026-01-01 05:00:00,5,Thursday,0.292,0.0,0.0,0.0,0.0,0.0,0.292,0.292,0.143,20.33,0
2026-01-01 05:15:00,5,Thursday,0.293,0.0,0.0,0.0,0.0,0.0,0.293,0.293,0.149,19.55,0
2026-01-01 05:30:00,5,Thursday,0.269,0.0,0.0,0.0,0.0,0.0,0.269,0.269,0.146,20.74,0
2026-01-01 05:45:00,5,Thursday,0.31,0.0,0.0,0.0,0.0,0.0,0.31,0.31,0.149,20.23,0
2026-01-01 06:00:00,6,Thursday,0.302,0.0,0.0,0.0,0.0,0.0,0.302,0.302,0.148,20.37,0
2026-01-01 06:15:00,6,Thursday,0.35,0.0,0.0,0.0,0.0,0.0,0.35,0.35,0.136,21.48,0
2026-01-01 06:30:00,6,Thursday,0.348,0.0,0.0,0.0,0.0,0.0,0.348,0.348,0.156,20.01,0
2026-01-01 06:45:00,6,Thursday,0.314,0.0,0.0,0.0,0.0,0.049,0.314,0.266,0.151,21.09,0
2026-01-01 07:00:00,7,Thursday,0.304,0.0,0.0,0.0,0.0,0.131,0.304,0.173,0.237,22.38,0
2026-01-01 07:15:00,7,Thursday,0.319,0.0,0.0,0.0,1.929,0.235,2.248,2.013,0.255,22.49,0
2026-01-01 07:30:00,7,Thursday,0.299,0.0,0.0,0.0,1.929,0.361,2.228,1.867,0.252,22.21,0
2026-01-01 07:45:00,7,Thursday,0.352,0.0,0.0,0.0,1.929,0.491,2.281,1.79,0.25,21.91,0
2026-01-01 08:00:00,8,Thursday,0.337,0.0,0.0,0.0,1.929,0.663,2.266,1.604,0.253,23.79,0
2026-01-01 08:15:00,8,Thursday,0.327,0.0,0.0,0.0,0.0,0.789,0.327,0,0.245,22.48,0
2026-01-01 08:30:00,8,Thursday,0.288,0.0,0.0,0.0,0.0,0.964,0.288,0,0.244,24.16,0
2026-01-01 08:45:00,8,Thursday,0.368,0.0,0.0,0.0,0.0,1.113,0.368,0,0.246,23.95,0
2026-01-01 09:00:00,9,Thursday,0.257,0.0,0.0,0.0,0.0,1.185,0.257,0,0.253,24.02,0
2026-01-01 09:15:00,9,Thursday,0.265,0.0,0.0,0.0,0.0,1.49,0.265,0,0.249,24.4,0
2026-01-01 09:30:00,9,Thursday,0.278,0.0,0.0,0.0,0.0,1.456,0.278,0,0.255,24.35,0
2026-01-01 09:45:00,9,Thursday,0.277,0.0,0.0,0.0,0.0,1.732,0.277,0,0.244,24.76,0
2026-01-01 10:00:00,10,Thursday,0.269,0.0,0.0,0.0,0.0,1.749,0.269,0,0.258,25.89,0
2026-01-01 10:15:00,10,Thursday,0.283,0.0,0.0,0.0,0.0,1.981,0.283,0,0.251,25.75,0
2026-01-01 10:30:00,10,Thursday,0.298,0.0,0.0,0.0,0.0,2.073,0.298,0,0.245,25.52,0
2026-01-01 10:45:00,10,Thursday,0.302,0.0,0.0,0.0,0.0,2.22,0.302,0,0.252,26.44,0
2026-01-01 11:00:00,11,Thursday,0.324,0.0,0.0,0.0,0.0,2.289,0.324,0,0.241,26.53,0
2026-01-01 11:15:00,11,Thursday,0.273,0.0,0.0,0.0,0.0,2.474,0.273,0,0.258,26.53,0
2026-01-01 11:30:00,11,Thursday,0.283,0.0,0.0,0.0,0.0,2.522,0.283,0,0.238,26.98,0
2026-01-01 11:45:00,11,Thursday,0.227,0.0,0.0,0.0,0.0,2.501,0.227,0,0.248,26.93,0
2026-01-01 12:00:00,12,Thursday,0.255,0.0,0.0,0.0,0.0,2.591,0.255,0,0.263,27.5,0
2026-01-01 12:15:00,12,Thursday,0.245,0.0,0.0,0.0,0.0,2.584,0.245,0,0.253,27.88,0
2026-01-01 12:30:00,12,Thursday,0.233,0.0,0.0,0.0,0.0,2.586,0.233,0,0.266,27.72,0
2026-01-01 12:45:00,12,Thursday,0.251,0.0,0.0,0.0,0.0,2.584,0.251,0,0.243,27.97,0
2026-01-01 13:00:00,13,Thursday,0.256,0.0,0.0,0.0,0.0,2.549,0.256,0,0.25,28.38,0
2026-01-01 13:15:00,13,Thursday,0.252,0.0,0.0,0.0,0.0,2.508,0.252,0,0.243,28.76,0
2026-01-01 13:30:00,13,Thursday,0.327,0.0,0.0,0.0,0.0,2.263,0.327,0,0.253,28.44,0
2026-01-01 13:45:00,13,Thursday,0.262,0.0,0.0,0.0,0.0,2.344,0.262,0,0.244,28.86,0
2026-01-01 14:00:00,14,Thursday,0.27,0.0,0.0,0.0,0.0,2.448,0.27,0,0.25,29.49,0
2026-01-01 14:15:00,14,Thursday,0.279,0.0,0.0,0.0,0.0,2.137,0.279,0,0.244,28.51,0
2026-01-01 14:30:00,14,Thursday,0.272,0.0,0.0,0.0,0.0,2.046,0.272,0,0.263,28.45,0
2026-01-01 14:45:00,14,Thursday,0.217,0.0,0.0,0.0,0.0,2.084,0.217,0,0.252,28.88,0
2026-01-01 15:00:00,15,Thursday,0.314,0.0,0.0,0.0,0.0,1.756,0.314,0,0.238,28.72,0
2026-01-01 15:15:00,15,Thursday,0.349,0.0,0.0,0.0,0.0,1.632,0.349,0,0.239,28.92,0
2026-01-01 15:30:00,15,Thursday,0.256,0.0,0.0,0.0,0.0,1.566,0.256,0,0.254,28.09,0
2026-01-01 15:45:00,15,Thursday,0.302,0.0,0.0,0.0,0.0,1.379,0.302,0,0.232,29.02,0
2026-01-01 16:00:00,16,Thursday,0.259,0.0,0.0,0.0,0.0,1.293,0.259,0,0.25,27.92,0
2026-01-01 16:15:00,16,Thursday,0.221,0.0,0.0,0.0,0.0,1.084,0.221,0,0.235,28.75,0
2026-01-01 16:30:00,16,Thursday,0.323,0.0,0.0,0.0,0.0,0.95,0.323,0,0.231,29.06,0
2026-01-01 16:45:00,16,Thursday,0.239,0.0,0.0,0.0,0.0,0.757,0.239,0,0.244,28.44,0
2026-01-01 17:00:00,17,Thursday,0.343,0.0,0.0,0.0,0.0,0.645,0.343,0,0.256,28.18,0
2026-01-01 17:15:00,17,Thursday,0.301,2.026,0.0,0.0,0.0,0.478,2.327,1.849,0.247,27.78,0
2026-01-01 17:30:00,17,Thursday,0.346,2.046,0.0,0.0,0.0,0.33,2.392,2.062,0.26,27.29,0
2026-01-01 17:45:00,17,Thursday,0.341,1.69,0.0,0.0,0.0,0.251,2.031,1.781,0.249,27.46,0
2026-01-01 18:00:00,18,Thursday,0.355,1.612,1.565,0.0,0.0,0.131,3.532,3.401,0.389,27.43,1
2026-01-01 18:15:00,18,Thursday,0.313,1.988,1.565,0.0,0.0,0.051,3.866,3.814,0.406,26.83,1
2026-01-01 18:30:00,18,Thursday,0.342,0.0,1.565,0.0,0.0,0.0,1.907,1.907,0.401,27.37,1
2026-01-01 18:45:00,18,Thursday,0.346,0.0,1.565,0.0,0.0,0.0,1.91,1.91,0.394,26.65,1
2026-01-01 19:00:00,19,Thursday,0.388,1.995,0.0,0.0,1.947,0.0,4.331,4.331,0.409,26.3,1
2026-01-01 19:15:00,19,Thursday,0.32,0.0,0.0,0.0,1.947,0.0,2.267,2.267,0.398,25.49,1
2026-01-01 19:30:00,19,Thursday,0.296,1.654,0.0,0.0,1.947,0.0,3.898,3.898,0.406,26.19,1
2026-01-01 19:45:00,19,Thursday,0.328,0.0,0.0,0.0,0.0,0.0,0.328,0.328,0.4,24.69,1
2026-01-01 20:00:00,20,Thursday,0.311,0.0,0.0,1.151,0.0,0.0,1.462,1.462,0.405,25.4,0
2026-01-01 20:15:00,20,Thursday,0.338,1.532,0.0,1.151,0.0,0.0,3.021,3.021,0.396,24.03,0
2026-01-01 20:30:00,20,Thursday,0.35,1.527,0.0,1.151,0.0,0.0,3.028,3.028,0.397,25.07,0
2026-01-01 20:45:00,20,Thursday,0.327,2.119,0.0,1.151,0.0,0.0,3.596,3.596,0.394,24.92,0
2026-01-01 21:00:00,21,Thursday,0.315,0.0,0.0,0.0,0.0,0.0,0.315,0.315,0.264,23.77,0
2026-01-01 21:15:00,21,Thursday,0.336,2.053,0.0,0.0,0.0,0.0,2.39,2.39,0.25,23.76,0
2026-01-01 21:30:00,21,Thursday,0.339,0.0,0.0,0.0,0.0,0.0,0.339,0.339,0.247,23.05,0
2026-01-01 21:45:00,21,Thursday,0.317,2.076,0.0,0.0,0.0,0.0,2.394,2.394,0.26,23.08,0
2026-01-01 22:00:00,22,Thursday,0.298,0.0,0.0,0.0,0.0,0.0,0.298,0.298,0.256,22.73,0
2026-01-01 22:15:00,22,Thursday,0.376,1.743,0.0,0.0,0.0,0.0,2.119,2.119,0.252,22.48,0
2026-01-01 22:30:00,22,Thursday,0.312,0.0,0.0,0.0,0.0,0.0,0.312,0.312,0.249,22.63,0
2026-01-01 22:45:00,22,Thursday,0.338,0.0,0.0,0.0,0.0,0.0,0.338,0.338,0.256,21.36,0
2026-01-01 23:00:00,23,Thursday,0.38,0.0,0.0,0.0,0.0,0.0,0.38,0.38,0.142,21.26,0
2026-01-01 23:15:00,23,Thursday,0.344,0.0,0.0,0.0,0.0,0.0,0.344,0.344,0.139,20.48,0
2026-01-01 23:30:00,23,Thursday,0.342,0.0,0.0,0.0,0.0,0.0,0.342,0.342,0.157,21.08,0
2026-01-01 23:45:00,23,Thursday,0.301,0.0,0.0,0.0,0.0,0.0,0.301,0.301,0.151,19.92,0
2026-01-02 00:00:00,0,Friday,0.318,0.0,0.0,0.0,0.0,0.0,0.318,0.318,0.142,22.19,0
2026-01-02 00:15:00,0,Friday,0.289,0.0,0.0,0.0,0.0,0.0,0.289,0.289,0.137,20.46,0
2026-01-02 00:30:00,0,Friday,0.276,0.0,0.0,0.0,0.0,0.0,0.276,0.276,0.155,21.92,0
2026-01-02 00:45:00,0,Friday,0.286,0.0,0.0,0.0,0.0,0.0,0.286,0.286,0.143,21.91,0
2026-01-02 01:00:00,1,Friday,0.252,0.0,0.0,0.0,0.0,0.0,0.252,0.252,0.151,20.97,0
2026-01-02 01:15:00,1,Friday,0.304,0.0,0.0,0.0,0.0,0.0,0.304,0.304,0.15,20.48,0
2026-01-02 01:30:00,1,Friday,0.315,0.0,0.0,0.0,0.0,0.0,0.315,0.315,0.157,20.71,0
2026-01-02 01:45:00,1,Friday,0.275,0.0,0.0,0.0,0.0,0.0,0.275,0.275,0.152,20.55,0
2026-01-02 02:00:00,2,Friday,0.272,0.0,0.0,0.0,0.0,0.0,0.272,0.272,0.143,20.65,0
2026-01-02 02:15:00,2,Friday,0.29,0.0,0.0,0.0,0.0,0.0,0.29,0.29,0.142,21.08,0
2026-01-02 02:30:00,2,Friday,0.25,0.0,0.0,0.0,0.0,0.0,0.25,0.25,0.141,19.95,0
2026-01-02 02:45:00,2,Friday,0.281,0.0,0.0,0.0,0.0,0.0,0.281,0.281,0.156,20.14,0
2026-01-02 03:00:00,3,Friday,0.267,0.0,0.0,0.0,0.0,0.0,0.267,0.267,0.165,20.48,0
2026-01-02 03:15:00,3,Friday,0.291,0.0,0.0,0.0,0.0,0.0,0.291,0.291,0.158,20.13,0
2026-01-02 03:30:00,3,Friday,0.249,0.0,0.0,0.0,0.0,0.0,0.249,0.249,0.131,20.19,0
2026-01-02 03:45:00,3,Friday,0.245,0.0,0.0,0.0,0.0,0.0,0.245,0.245,0.144,19.96,0
2026-01-02 04:00:00,4,Friday,0.309,0.0,0.0,0.0,0.0,0.0,0.309,0.309,0.144,20.34,0
2026-01-02 04:15:00,4,Friday,0.231,0.0,0.0,0.0,0.0,0.0,0.231,0.231,0.152,20.46,0
2026-01-02 04:30:00,4,Friday,0.233,0.0,0.0,0.0,0.0,0.0,0.233,0.233,0.151,20.53,0
2026-01-02 04:45:00,4,Friday,0.259,0.0,0.0,0.0,0.0,0.0,0.259,0.259,0.144,20.82,0
2026-01-02 05:00:00,5,Friday,0.315,0.0,0.0,0.0,0.0,0.0,0.315,0.315,0.144,20.5,0
2026-01-02 05:15:00,5,Friday,0.261,0.0,0.0,0.0,0.0,0.0,0.261,0.261,0.15,20.63,0
2026-01-02 05:30:00,5,Friday,0.282,0.0,0.0,0.0,0.0,0.0,0.282,0.282,0.157,20.88,0
2026-01-02 05:45:00,5,Friday,0.305,0.0,0.0,0.0,0.0,0.0,0.305,0.305,0.164,21.73,0
2026-01-02 06:00:00,6,Friday,0.31,0.0,0.0,0.0,0.0,0.0,0.31,0.31,0.147,22.11,0
2026-01-02 06:15:00,6,Friday,0.351,0.0,0.0,0.0,0.0,0.0,0.351,0.351,0.145,22.37,0
2026-01-02 06:30:00,6,Friday,0.344,0.0,0.0,0.0,0.0,0.0,0.344,0.344,0.147,21.54,0
2026-01-02 06:45:00,6,Friday,0.314,0.0,0.0,0.0,2.067,0.034,2.381,2.347,0.146,21.92,0
2026-01-02 07:00:00,7,Friday,0.339,0.0,0.0,0.0,2.067,0.093,2.406,2.313,0.241,21.64,0
2026-01-02 07:15:00,7,Friday,0.356,0.0,0.0,0.0,0.0,0.169,0.356,0.187,0.25,22.61,0
2026-01-02 07:30:00,7,Friday,0.313,0.0,0.0,0.0,0.0,0.256,0.313,0.058,0.246,22.89,0
2026-01-02 07:45:00,7,Friday,0.322,0.0,0.0,0.0,0.0,0.334,0.322,0,0.259,22.77,0
2026-01-02 08:00:00,8,Friday,0.335,0.0,0.0,0.0,0.0,0.441,0.335,0,0.253,23.79,0
2026-01-02 08:15:00,8,Friday,0.336,0.0,0.0,0.0,0.0,0.537,0.336,0,0.27,24.57,0
2026-01-02 08:30:00,8,Friday,0.348,0.0,0.0,0.0,0.0,0.66,0.348,0,0.272,23.83,0
2026-01-02 08:45:00,8,Friday,0.311,0.0,0.0,0.0,0.0,0.756,0.311,0,0.249,25.34,0
2026-01-02 09:00:00,9,Friday,0.268,0.0,0.0,0.0,0.0,0.863,0.268,0,0.265,24.97,0
2026-01-02 09:15:00,9,Friday,0.291,0.0,0.0,0.0,0.0,0.991,0.291,0,0.252,24.54,0
2026-01-02 09:30:00,9,Friday,0.326,0.0,0.0,0.0,0.0,1.06,0.326,0,0.256,26.13,0
2026-01-02 09:45:00,9,Friday,0.27,0.0,0.0,0.0,0.0,1.251,0.27,0,0.242,25.92,0
2026-01-02 10:00:00,10,Friday,0.282,0.0,0.0,0.0,0.0,1.201,0.282,0,0.256,25.46,0
2026-01-02 10:15:00,10,Friday,0.219,0.0,0.0,0.0,0.0,1.29,0.219,0,0.252,25.38,0
2026-01-02 10:30:00,10,Friday,0.248,0.0,0.0,0.0,0.0,1.427,0.248,0,0.257,27.32,0
2026-01-02 10:45:00,10,Friday,0.285,0.0,0.0,0.0,0.0,1.455,0.285,0,0.256,26.6,0
2026-01-02 11:00:00,11,Friday,0.245,0.0,0.0,0.0,0.0,1.537,0.245,0,0.252,27.99,0
2026-01-02 11:15:00,11,Friday,0.271,0.0,0.0,0.0,0.0,1.718,0.271,0,0.252,27.72,0
2026-01-02 11:30:00,11,Friday,0.24,0.0,0.0,0.0,0.0,1.652,0.24,0,0.253,27.97,0
2026-01-02 11:45:00,11,Friday,0.288,0.0,0.0,0.0,0.0,1.746,0.288,0,0.26,27.91,0
2026-01-02 12:00:00,12,Friday,0.292,0.0,0.0,0.0,0.0,1.717,0.292,0,0.256,28.34,0
2026-01-02 12:15:00,12,Friday,0.275,0.0,0.0,0.0,0.0,1.86,0.275,0,0.239,28.55,0
2026-01-02 12:30:00,12,Friday,0.261,0.0,0.0,0.0,0.0,1.707,0.261,0,0.258,28.76,0
2026-01-02 12:45:00,12,Friday,0.255,0.0,0.0,0.0,0.0,1.787,0.255,0,0.254,29.3,0
2026-01-02 13:00:00,13,Friday,0.296,0.0,0.0,0.0,0.0,1.668,0.296,0,0.25,28.3,0
2026-01-02 13:15:00,13,Friday,0.296,0.0,0.0,0.0,0.0,1.642,0.296,0,0.252,28.95,0
2026-01-02 13:30:00,13,Friday,0.272,0.0,0.0,0.0,0.0,1.626,0.272,0,0.244,29.4,0
2026-01-02 13:45:00,13,Friday,0.307,0.0,0.0,0.0,0.0,1.524,0.307,0,0.245,30.15,0
2026-01-02 14:00:00,14,Friday,0.29,0.0,0.0,0.0,0.0,1.507,0.29,0,0.267,28.98,0
2026-01-02 14:15:00,14,Friday,0.273,0.0,0.0,0.0,0.0,1.55,0.273,0,0.247,29.53,0
2026-01-02 14:30:00,14,Friday,0.272,0.0,0.0,0.0,0.0,1.399,0.272,0,0.237,29.66,0
2026-01-02 14:45:00,14,Friday,0.258,0.0,0.0,0.0,0.0,1.372,0.258,0,0.264,30.37,0
2026-01-02 15:00:00,15,Friday,0.273,0.0,0.0,0.0,0.0,1.259,0.273,0,0.249,29.57,0
2026-01-02 15:15:00,15,Friday,0.245,0.0,0.0,0.0,0.0,1.204,0.245,0,0.252,29.71,0
2026-01-02 15:30:00,15,Friday,0.276,0.0,0.0,0.0,0.0,1.099,0.276,0,0.246,30.39,0
2026-01-02 15:45:00,15,Friday,0.293,0.0,0.0,0.0,0.0,0.979,0.293,0,0.255,30.08,0
2026-01-02 16:00:00,16,Friday,0.292,0.0,0.0,0.0,0.0,0.865,0.292,0,0.256,29.73,0
2026-01-02 16:15:00,16,Friday,0.271,0.0,0.0,0.0,0.0,0.706,0.271,0,0.259,29.1,0
2026-01-02 16:30:00,16,Friday,0.28,0.0,0.0,0.0,0.0,0.676,0.28,0,0.254,29.43,0
2026-01-02 16:45:00,16,Friday,0.293,0.0,0.0,0.0,0.0,0.543,0.293,0,0.253,29.37,0
2026-01-02 17:00:00,17,Friday,0.295,1.96,0.0,0.0,0.0,0.425,2.255,1.83,0.245,28.69,0
2026-01-02 17:15:00,17,Friday,0.346,0.0,0.0,0.0,0.0,0.339,0.346,0.007,0.262,28.37,0
2026-01-02 17:30:00,17,Friday,0.332,0.0,0.0,0.0,0.0,0.259,0.332,0.073,0.249,29.06,0
2026-01-02 17:45:00,17,Friday,0.314,2.006,0.0,0.0,0.0,0.164,2.32,2.156,0.236,29.08,0
2026-01-02 18:00:00,18,Friday,0.289,2.162,0.0,0.0,1.88,0.095,4.331,4.237,0.396,28.15,1
2026-01-02 18:15:00,18,Friday,0.33,1.938,1.565,0.0,1.88,0.033,5.713,5.68,0.382,28.7,1
2026-01-02 18:30:00,18,Friday,0.271,1.644,1.565,0.0,1.88,0.0,5.361,5.361,0.392,28.41,1
2026-01-02 18:45:00,18,Friday,0.316,1.727,1.565,0.0,1.88,0.0,5.488,5.488,0.407,27.73,1
2026-01-02 19:00:00,19,Friday,0.323,1.941,1.565,0.0,0.0,0.0,3.83,3.83,0.397,27.83,1
2026-01-02 19:15:00,19,Friday,0.317,0.0,0.0,0.0,0.0,0.0,0.317,0.317,0.396,26.95,1
2026-01-02 19:30:00,19,Friday,0.356,1.812,0.0,0.0,0.0,0.0,2.168,2.168,0.401,27.46,1
2026-01-02 19:45:00,19,Friday,0.382,0.0,0.0,0.0,0.0,0.0,0.382,0.382,0.388,26.05,1
2026-01-02 20:00:00,20,Friday,0.307,1.604,0.0,0.0,0.0,0.0,1.911,1.911,0.419,26.32,0
2026-01-02 20:15:00,20,Friday,0.307,1.847,0.0,0.0,0.0,0.0,2.154,2.154,0.394,26.12,0
2026-01-02 20:30:00,20,Friday,0.292,2.071,0.0,0.0,0.0,0.0,2.363,2.363,0.41,26.11,0
2026-01-02 20:45:00,20,Friday,0.299,1.899,0.0,0.0,0.0,0.0,2.198,2.198,0.4,26.02,0
2026-01-02 21:00:00,21,Friday,0.304,0.0,0.0,0.0,0.0,0.0,0.304,0.304,0.261,24.87,0
2026-01-02 21:15:00,21,Friday,0.324,1.697,0.0,0.0,0.0,0.0,2.022,2.022,0.25,23.52,0
2026-01-02 21:30:00,21,Friday,0.323,2.12,0.0,0.0,0.0,0.0,2.443,2.443,0.249,23.87,0
2026-01-02 21:45:00,21,Friday,0.324,0.0,0.0,0.0,0.0,0.0,0.324,0.324,0.24,24.35,0
2026-01-02 22:00:00,22,Friday,0.321,0.0,0.0,0.0,0.0,0.0,0.321,0.321,0.262,23.85,0
2026-01-02 22:15:00,22,Friday,0.297,1.6,0.0,0.0,0.0,0.0,1.897,1.897,0.261,23.23,0
2026-01-02 22:30:00,22,Friday,0.334,0.0,0.0,0.0,0.0,0.0,0.334,0.334,0.253,23.08,0
2026-01-02 22:45:00,22,Friday,0.341,0.0,0.0,0.0,0.0,0.0,0.341,0.341,0.24,22.65,0
2026-01-02 23:00:00,23,Friday,0.373,0.0,0.0,0.0,0.0,0.0,0.373,0.373,0.145,22.1,0
2026-01-02 23:15:00,23,Friday,0.391,0.0,0.0,0.0,0.0,0.0,0.391,0.391,0.142,21.99,0
2026-01-02 23:30:00,23,Friday,0.35,0.0,0.0,0.0,0.0,0.0,0.35,0.35,0.148,22.69,0
2026-01-02 23:45:00,23,Friday,0.317,0.0,0.0,0.0,0.0,0.0,0.317,0.317,0.155,21.89,0
2026-01-03 00:00:00,0,Saturday,0.273,0.0,0.0,0.0,0.0,0.0,0.273,0.273,0.134,21.61,0
2026-01-03 00:15:00,0,Saturday,0.262,0.0,0.0,0.0,0.0,0.0,0.262,0.262,0.142,22.37,0
2026-01-03 00:30:00,0,Saturday,0.256,0.0,0.0,0.0,0.0,0.0,0.256,0.256,0.143,21.55,0
2026-01-03 00:45:00,0,Saturday,0.269,0.0,0.0,0.0,0.0,0.0,0.269,0.269,0.163,21.72,0
2026-01-03 01:00:00,1,Saturday,0.251,0.0,0.0,0.0,0.0,0.0,0.251,0.251,0.156,21.54,0
2026-01-03 01:15:00,1,Saturday,0.274,0.0,0.0,0.0,0.0,0.0,0.274,0.274,0.149,21.72,0
2026-01-03 01:30:00,1,Saturday,0.261,0.0,0.0,0.0,0.0,0.0,0.261,0.261,0.142,20.62,0
2026-01-03 01:45:00,1,Saturday,0.23,0.0,0.0,0.0,0.0,0.0,0.23,0.23,0.17,21.54,0
2026-01-03 02:00:00,2,Saturday,0.266,0.0,0.0,0.0,0.0,0.0,0.266,0.266,0.147,21.7,0
2026-01-03 02:15:00,2,Saturday,0.276,0.0,0.0,0.0,0.0,0.0,0.276,0.276,0.142,21.29,0
2026-01-03 02:30:00,2,Saturday,0.274,0.0,0.0,0.0,0.0,0.0,0.274,0.274,0.158,21.07,0
2026-01-03 02:45:00,2,Saturday,0.301,0.0,0.0,0.0,0.0,0.0,0.301,0.301,0.148,20.93,0
2026-01-03 03:00:00,3,Saturday,0.258,0.0,0.0,0.0,0.0,0.0,0.258,0.258,0.159,20.92,0
2026-01-03 03:15:00,3,Saturday,0.293,0.0,0.0,0.0,0.0,0.0,0.293,0.293,0.155,20.62,0
2026-01-03 03:30:00,3,Saturday,0.275,0.0,0.0,0.0,0.0,0.0,0.275,0.275,0.157,20.56,0
2026-01-03 03:45:00,3,Saturday,0.297,0.0,0.0,0.0,0.0,0.0,0.297,0.297,0.154,21.22,0
2026-01-03 04:00:00,4,Saturday,0.247,0.0,0.0,0.0,0.0,0.0,0.247,0.247,0.144,21.36,0
2026-01-03 04:15:00,4,Saturday,0.283,0.0,0.0,0.0,0.0,0.0,0.283,0.283,0.151,21.54,0
2026-01-03 04:30:00,4,Saturday,0.262,0.0,0.0,0.0,0.0,0.0,0.262,0.262,0.151,21.01,0
2026-01-03 04:45:00,4,Saturday,0.273,0.0,0.0,0.0,0.0,0.0,0.273,0.273,0.144,21.48,0
2026-01-03 05:00:00,5,Saturday,0.253,0.0,0.0,0.0,0.0,0.0,0.253,0.253,0.161,21.72,0
2026-01-03 05:15:00,5,Saturday,0.224,0.0,0.0,0.0,0.0,0.0,0.224,0.224,0.129,21.74,0
2026-01-03 05:30:00,5,Saturday,0.269,0.0,0.0,0.0,0.0,0.0,0.269,0.269,0.155,22.37,0
2026-01-03 05:45:00,5,Saturday,0.266,0.0,0.0,0.0,0.0,0.0,0.266,0.266,0.147,21.76,0
2026-01-03 06:00:00,6,Saturday,0.347,0.0,0.0,0.0,1.957,0.0,2.304,2.304,0.16,22.49,0
2026-01-03 06:15:00,6,Saturday,0.335,0.0,0.0,0.0,1.957,0.0,2.292,2.292,0.144,22.41,0
2026-01-03 06:30:00,6,Saturday,0.33,0.0,0.0,0.0,1.957,0.0,2.288,2.288,0.144,23.37,0
2026-01-03 06:45:00,6,Saturday,0.335,0.0,0.0,0.0,0.0,0.042,0.335,0.292,0.141,22.92,0
2026-01-03 07:00:00,7,Saturday,0.304,0.0,0.0,0.0,0.0,0.106,0.304,0.198,0.252,23.25,0
2026-01-03 07:15:00,7,Saturday,0.338,0.0,0.0,0.0,0.0,0.186,0.338,0.152,0.243,22.73,0
2026-01-03 07:30:00,7,Saturday,0.281,0.0,0.0,0.0,0.0,0.282,0.281,0,0.256,23.41,0
2026-01-03 07:45:00,7,Saturday,0.297,0.0,0.0,0.0,0.0,0.378,0.297,0,0.256,24.51,0
2026-01-03 08:00:00,8,Saturday,0.321,0.0,0.0,0.0,0.0,0.526,0.321,0,0.245,24.64,0
2026-01-03 08:15:00,8,Saturday,0.33,0.0,0.0,0.0,0.0,0.61,0.33,0,0.25,25.2,0
2026-01-03 08:30:00,8,Saturday,0.343,0.0,0.0,0.0,0.0,0.748,0.343,0,0.233,25.12,0
2026-01-03 08:45:00,8,Saturday,0.358,0.0,0.0,0.0,0.0,0.877,0.358,0,0.251,24.84,0
2026-01-03 09:00:00,9,Saturday,0.27,0.0,0.0,0.0,0.0,1.053,0.27,0,0.252,25.61,0
2026-01-03 09:15:00,9,Saturday,0.262,0.0,0.0,0.0,0.0,1.168,0.262,0,0.255,26.23,0
2026-01-03 09:30:00,9,Saturday,0.305,0.0,0.0,0.0,0.0,1.292,0.305,0,0.245,27.39,0
2026-01-03 09:45:00,9,Saturday,0.364,0.0,0.0,0.0,0.0,1.322,0.364,0,0.251,26.23,0
2026-01-03 10:00:00,10,Saturday,0.253,0.0,0.0,0.0,0.0,1.577,0.253,0,0.238,26.87,0
2026-01-03 10:15:00,10,Saturday,0.234,0.0,0.0,0.0,0.0,1.612,0.234,0,0.257,27.53,0
2026-01-03 10:30:00,10,Saturday,0.262,0.0,0.0,0.0,0.0,1.621,0.262,0,0.248,27.88,0
2026-01-03 10:45:00,10,Saturday,0.259,0.0,0.0,0.0,0.0,1.783,0.259,0,0.241,27.59,0
2026-01-03 11:00:00,11,Saturday,0.288,0.0,0.0,0.0,0.0,1.798,0.288,0,0.263,27.96,0
2026-01-03 11:15:00,11,Saturday,0.252,0.0,0.0,0.0,0.0,2.019,0.252,0,0.26,27.69,0
2026-01-03 11:30:00,11,Saturday,0.329,0.0,0.0,0.0,0.0,2.018,0.329,0,0.251,28.46,0
2026-01-03 11:45:00,11,Saturday,0.249,0.0,0.0,0.0,0.0,2.046,0.249,0,0.248,28.44,0
2026-01-03 12:00:00,12,Saturday,0.329,0.0,0.0,0.0,0.0,1.989,0.329,0,0.252,28.66,0
2026-01-03 12:15:00,12,Saturday,0.307,0.0,0.0,0.0,0.0,2.072,0.307,0,0.253,29.71,0
2026-01-03 12:30:00,12,Saturday,0.263,0.0,0.0,0.0,0.0,2.113,0.263,0,0.24,29.16,0
2026-01-03 12:45:00,12,Saturday,0.271,0.0,0.0,0.0,0.0,1.978,0.271,0,0.249,30.18,0
2026-01-03 13:00:00,13,Saturday,0.253,0.0,0.0,0.0,0.0,1.903,0.253,0,0.244,29.97,0
2026-01-03 13:15:00,13,Saturday,0.234,0.0,0.0,0.0,0.0,2.07,0.234,0,0.255,29.79,0
2026-01-03 13:30:00,13,Saturday,0.316,0.0,0.0,0.0,0.0,1.944,0.316,0,0.259,31.11,0
2026-01-03 13:45:00,13,Saturday,0.287,0.0,0.0,0.0,0.0,2.0,0.287,0,0.259,30.13,0
2026-01-03 14:00:00,14,Saturday,0.266,0.0,0.0,0.0,0.0,2.004,0.266,0,0.25,30.25,0
2026-01-03 14:15:00,14,Saturday,0.258,0.0,0.0,0.0,0.0,1.789,0.258,0,0.257,30.46,0
2026-01-03 14:30:00,14,Saturday,0.244,0.0,0.0,0.0,0.0,1.679,0.244,0,0.242,30.82,0
2026-01-03 14:45:00,14,Saturday,0.263,0.0,0.0,0.0,0.0,1.702,0.263,0,0.263,30.06,0
2026-01-03 15:00:00,15,Saturday,0.268,0.0,0.0,0.0,0.0,1.443,0.268,0,0.244,30.93,0
2026-01-03 15:15:00,15,Saturday,0.296,0.0,0.0,0.0,0.0,1.353,0.296,0,0.259,30.45,0
2026-01-03 15:30:00,15,Saturday,0.236,0.0,0.0,0.0,0.0,1.25,0.236,0,0.26,31.21,0
2026-01-03 15:45:00,15,Saturday,0.22,0.0,0.0,0.0,0.0,1.188,0.22,0,0.258,31.29,0
2026-01-03 16:00:00,16,Saturday,0.268,0.0,0.0,0.0,0.0,1.01,0.268,0,0.266,29.6,0
2026-01-03 16:15:00,16,Saturday,0.2,0.0,0.0,0.0,0.0,0.83,0.2,0,0.258,30.71,0
2026-01-03 16:30:00,16,Saturday,0.271,0.0,0.0,0.0,0.0,0.74,0.271,0,0.267,29.98,0
2026-01-03 16:45:00,16,Saturday,0.24,0.0,0.0,0.0,0.0,0.63,0.24,0,0.245,30.0,0
2026-01-03 17:00:00,17,Saturday,0.336,1.531,0.0,0.0,0.0,0.529,1.867,1.338,0.241,29.57,0
2026-01-03 17:15:00,17,Saturday,0.314,1.559,0.0,0.0,0.0,0.398,1.872,1.474,0.24,30.43,0
2026-01-03 17:30:00,17,Saturday,0.323,1.939,0.0,0.0,0.0,0.293,2.262,1.968,0.238,29.63,0
2026-01-03 17:45:00,17,Saturday,0.339,2.176,0.0,0.0,0.0,0.189,2.516,2.327,0.255,28.7,0
2026-01-03 18:00:00,18,Saturday,0.29,0.0,0.0,0.0,2.127,0.113,2.417,2.304,0.396,28.76,1
2026-01-03 18:15:00,18,Saturday,0.359,2.015,0.0,0.0,2.127,0.04,4.501,4.461,0.388,28.9,1
2026-01-03 18:30:00,18,Saturday,0.303,1.995,0.0,0.0,2.127,0.0,4.425,4.425,0.398,27.95,1
2026-01-03 18:45:00,18,Saturday,0.303,1.836,0.0,0.0,0.0,0.0,2.139,2.139,0.389,28.12,1
2026-01-03 19:00:00,19,Saturday,0.305,1.811,0.0,0.0,0.0,0.0,2.116,2.116,0.404,28.12,1
2026-01-03 19:15:00,19,Saturday,0.265,1.732,0.0,0.0,0.0,0.0,1.997,1.997,0.391,27.71,1
2026-01-03 19:30:00,19,Saturday,0.363,1.539,0.0,0.0,0.0,0.0,1.902,1.902,0.401,27.27,1
2026-01-03 19:45:00,19,Saturday,0.36,0.0,0.0,0.0,0.0,0.0,0.36,0.36,0.401,26.63,1
2026-01-03 20:00:00,20,Saturday,0.345,0.0,0.0,0.0,0.0,0.0,0.345,0.345,0.39,26.75,0
2026-01-03 20:15:00,20,Saturday,0.335,2.077,0.0,0.0,0.0,0.0,2.412,2.412,0.393,25.99,0
2026-01-03 20:30:00,20,Saturday,0.345,1.708,0.0,0.0,0.0,0.0,2.052,2.052,0.393,27.0,0
2026-01-03 20:45:00,20,Saturday,0.329,0.0,0.0,0.0,0.0,0.0,0.329,0.329,0.402,25.37,0
2026-01-03 21:00:00,21,Saturday,0.351,0.0,0.0,0.0,0.0,0.0,0.351,0.351,0.256,26.32,0
2026-01-03 21:15:00,21,Saturday,0.311,2.139,0.0,0.0,0.0,0.0,2.45,2.45,0.261,25.13,0
2026-01-03 21:30:00,21,Saturday,0.343,1.799,0.0,0.0,0.0,0.0,2.142,2.142,0.247,25.94,0
2026-01-03 21:45:00,21,Saturday,0.349,1.959,0.0,0.0,0.0,0.0,2.308,2.308,0.264,25.28,0
2026-01-03 22:00:00,22,Saturday,0.312,2.115,0.0,0.0,0.0,0.0,2.427,2.427,0.251,23.83,0
2026-01-03 22:15:00,22,Saturday,0.354,2.119,0.0,0.0,0.0,0.0,2.473,2.473,0.259,24.42,0
2026-01-03 22:30:00,22,Saturday,0.385,0.0,0.0,0.0,0.0,0.0,0.385,0.385,0.259,24.02,0
2026-01-03 22:45:00,22,Saturday,0.33,1.619,0.0,0.0,0.0,0.0,1.948,1.948,0.253,24.07,0
2026-01-03 23:00:00,23,Saturday,0.333,0.0,0.0,0.0,0.0,0.0,0.333,0.333,0.141,24.21,0
2026-01-03 23:15:00,23,Saturday,0.345,0.0,0.0,0.0,0.0,0.0,0.345,0.345,0.148,22.74,0
2026-01-03 23:30:00,23,Saturday,0.357,0.0,0.0,0.0,0.0,0.0,0.357,0.357,0.156,22.54,0
2026-01-03 23:45:00,23,Saturday,0.33,0.0,0.0,0.0,0.0,0.0,0.33,0.33,0.147,22.27,0
2026-01-04 00:00:00,0,Sunday,0.293,0.0,0.0,0.0,0.0,0.0,0.293,0.293,0.14,22.99,0
2026-01-04 00:15:00,0,Sunday,0.241,0.0,0.0,0.0,0.0,0.0,0.241,0.241,0.159,22.67,0
2026-01-04 00:30:00,0,Sunday,0.269,0.0,0.0,0.0,0.0,0.0,0.269,0.269,0.152,22.81,0
2026-01-04 00:45:00,0,Sunday,0.265,0.0,0.0,0.0,0.0,0.0,0.265,0.265,0.149,22.16,0
2026-01-04 01:00:00,1,Sunday,0.232,0.0,0.0,0.0,0.0,0.0,0.232,0.232,0.166,21.79,0
2026-01-04 01:15:00,1,Sunday,0.216,0.0,0.0,0.0,0.0,0.0,0.216,0.216,0.144,22.12,0
2026-01-04 01:30:00,1,Sunday,0.314,0.0,0.0,0.0,0.0,0.0,0.314,0.314,0.149,21.63,0
2026-01-04 01:45:00,1,Sunday,0.247,0.0,0.0,0.0,0.0,0.0,0.247,0.247,0.142,21.44,0
2026-01-04 02:00:00,2,Sunday,0.234,0.0,0.0,0.0,0.0,0.0,0.234,0.234,0.147,21.29,0
2026-01-04 02:15:00,2,Sunday,0.233,0.0,0.0,0.0,0.0,0.0,0.233,0.233,0.166,20.81,0
2026-01-04 02:30:00,2,Sunday,0.253,0.0,0.0,0.0,0.0,0.0,0.253,0.253,0.147,21.25,0
2026-01-04 02:45:00,2,Sunday,0.269,0.0,0.0,0.0,0.0,0.0,0.269,0.269,0.157,21.67,0
2026-01-04 03:00:00,3,Sunday,0.31,0.0,0.0,0.0,0.0,0.0,0.31,0.31,0.153,21.23,0
2026-01-04 03:15:00,3,Sunday,0.205,0.0,0.0,0.0,0.0,0.0,0.205,0.205,0.156,21.67,0
2026-01-04 03:30:00,3,Sunday,0.259,0.0,0.0,0.0,0.0,0.0,0.259,0.259,0.144,20.51,0
2026-01-04 03:45:00,3,Sunday,0.283,0.0,0.0,0.0,0.0,0.0,0.283,0.283,0.15,21.23,0
2026-01-04 04:00:00,4,Sunday,0.231,0.0,0.0,0.0,0.0,0.0,0.231,0.231,0.159,21.87,0
2026-01-04 04:15:00,4,Sunday,0.283,0.0,0.0,0.0,0.0,0.0,0.283,0.283,0.167,21.89,0
2026-01-04 04:30:00,4,Sunday,0.26,0.0,0.0,0.0,0.0,0.0,0.26,0.26,0.149,22.68,0
2026-01-04 04:45:00,4,Sunday,0.314,0.0,0.0,0.0,0.0,0.0,0.314,0.314,0.161,20.7,0
2026-01-04 05:00:00,5,Sunday,0.303,0.0,0.0,0.0,0.0,0.0,0.303,0.303,0.155,21.56,0
2026-01-04 05:15:00,5,Sunday,0.234,0.0,0.0,0.0,0.0,0.0,0.234,0.234,0.154,22.3,0
2026-01-04 05:30:00,5,Sunday,0.241,0.0,0.0,0.0,0.0,0.0,0.241,0.241,0.149,22.15,0
2026-01-04 05:45:00,5,Sunday,0.284,0.0,0.0,0.0,0.0,0.0,0.284,0.284,0.154,21.67,0
2026-01-04 06:00:00,6,Sunday,0.338,0.0,0.0,0.0,0.0,0.0,0.338,0.338,0.141,23.77,0
2026-01-04 06:15:00,6,Sunday,0.332,0.0,0.0,0.0,0.0,0.0,0.332,0.332,0.147,22.7,0
2026-01-04 06:30:00,6,Sunday,0.281,0.0,0.0,0.0,0.0,0.0,0.281,0.281,0.155,23.76,0
2026-01-04 06:45:00,6,Sunday,0.369,0.0,0.0,0.0,1.999,0.041,2.368,2.326,0.159,24.01,0
2026-01-04 07:00:00,7,Sunday,0.357,0.0,0.0,0.0,1.999,0.112,2.357,2.245,0.266,23.67,0
2026-01-04 07:15:00,7,Sunday,0.348,0.0,0.0,0.0,1.999,0.194,2.347,2.153,0.254,24.66,0
2026-01-04 07:30:00,7,Sunday,0.294,0.0,0.0,0.0,1.999,0.295,2.293,1.998,0.245,24.05,0
2026-01-04 07:45:00,7,Sunday,0.329,0.0,0.0,0.0,0.0,0.382,0.329,0,0.249,24.54,0
2026-01-04 08:00:00,8,Sunday,0.336,0.0,0.0,0.0,0.0,0.484,0.336,0,0.235,24.82,0
2026-01-04 08:15:00,8,Sunday,0.336,0.0,0.0,0.0,0.0,0.618,0.336,0,0.251,25.34,0
2026-01-04 08:30:00,8,Sunday,0.35,0.0,0.0,0.0,0.0,0.788,0.35,0,0.246,25.28,0
2026-01-04 08:45:00,8,Sunday,0.361,0.0,0.0,0.0,0.0,0.889,0.361,0,0.255,25.66,0
2026-01-04 09:00:00,9,Sunday,0.251,0.0,0.0,0.0,0.0,0.962,0.251,0,0.258,25.05,0
2026-01-04 09:15:00,9,Sunday,0.275,0.0,0.0,0.0,0.0,1.123,0.275,0,0.247,26.91,0
2026-01-04 09:30:00,9,Sunday,0.248,0.0,0.0,0.0,0.0,1.191,0.248,0,0.246,27.16,0
2026-01-04 09:45:00,9,Sunday,0.266,0.0,0.0,0.0,0.0,1.331,0.266,0,0.251,26.63,0
2026-01-04 10:00:00,10,Sunday,0.252,0.0,0.0,0.0,0.0,1.491,0.252,0,0.233,27.56,0
2026-01-04 10:15:00,10,Sunday,0.309,0.0,0.0,0.0,0.0,1.585,0.309,0,0.255,28.2,0
2026-01-04 10:30:00,10,Sunday,0.287,0.0,0.0,0.0,0.0,1.676,0.287,0,0.246,28.16,0
2026-01-04 10:45:00,10,Sunday,0.302,0.0,0.0,0.0,0.0,1.83,0.302,0,0.232,28.07,0
2026-01-04 11:00:00,11,Sunday,0.271,0.0,0.0,0.0,0.0,1.822,0.271,0,0.262,29.53,0
2026-01-04 11:15:00,11,Sunday,0.27,0.0,0.0,0.0,0.0,1.908,0.27,0,0.261,29.1,0
2026-01-04 11:30:00,11,Sunday,0.265,0.0,0.0,0.0,0.0,2.04,0.265,0,0.247,29.11,0
2026-01-04 11:45:00,11,Sunday,0.272,0.0,0.0,0.0,0.0,2.026,0.272,0,0.25,29.48,0
2026-01-04 12:00:00,12,Sunday,0.277,0.0,0.0,0.0,0.0,1.992,0.277,0,0.254,29.7,0
2026-01-04 12:15:00,12,Sunday,0.269,0.0,0.0,0.0,0.0,1.935,0.269,0,0.255,29.3,0
2026-01-04 12:30:00,12,Sunday,0.24,0.0,0.0,0.0,0.0,2.086,0.24,0,0.24,30.14,0
2026-01-04 12:45:00,12,Sunday,0.277,0.0,0.0,0.0,0.0,2.008,0.277,0,0.232,30.57,0
2026-01-04 13:00:00,13,Sunday,0.221,0.0,0.0,0.0,0.0,1.92,0.221,0,0.254,30.59,0
2026-01-04 13:15:00,13,Sunday,0.279,0.0,0.0,0.0,0.0,1.96,0.279,0,0.238,30.48,0
2026-01-04 13:30:00,13,Sunday,0.273,0.0,0.0,0.0,0.0,1.892,0.273,0,0.251,30.22,0
2026-01-04 13:45:00,13,Sunday,0.278,0.0,0.0,0.0,0.0,1.854,0.278,0,0.253,30.31,0
2026-01-04 14:00:00,14,Sunday,0.287,0.0,0.0,0.0,0.0,1.848,0.287,0,0.254,31.42,0
2026-01-04 14:15:00,14,Sunday,0.249,0.0,0.0,0.0,0.0,1.67,0.249,0,0.256,31.09,0
2026-01-04 14:30:00,14,Sunday,0.342,0.0,0.0,0.0,0.0,1.579,0.342,0,0.238,30.34,0
2026-01-04 14:45:00,14,Sunday,0.261,0.0,0.0,0.0,0.0,1.531,0.261,0,0.254,30.94,0
2026-01-04 15:00:00,15,Sunday,0.223,0.0,0.0,0.0,0.0,1.394,0.223,0,0.249,30.78,0
2026-01-04 15:15:00,15,Sunday,0.267,0.0,0.0,0.0,0.0,1.305,0.267,0,0.247,30.41,0
2026-01-04 15:30:00,15,Sunday,0.275,0.0,0.0,0.0,0.0,1.198,0.275,0,0.244,30.69,0
2026-01-04 15:45:00,15,Sunday,0.26,0.0,0.0,0.0,0.0,1.114,0.26,0,0.234,31.37,0
2026-01-04 16:00:00,16,Sunday,0.286,0.0,0.0,0.0,0.0,0.97,0.286,0,0.254,30.28,0
2026-01-04 16:15:00,16,Sunday,0.278,0.0,0.0,0.0,0.0,0.857,0.278,0,0.251,30.97,0
2026-01-04 16:30:00,16,Sunday,0.26,0.0,0.0,0.0,0.0,0.775,0.26,0,0.247,30.77,0
2026-01-04 16:45:00,16,Sunday,0.282,0.0,0.0,0.0,0.0,0.594,0.282,0,0.241,30.97,0
2026-01-04 17:00:00,17,Sunday,0.313,1.625,0.0,0.0,0.0,0.498,1.938,1.44,0.254,29.9,0
2026-01-04 17:15:00,17,Sunday,0.308,1.92,0.0,0.0,0.0,0.406,2.227,1.821,0.26,30.43,0
2026-01-04 17:30:00,17,Sunday,0.28,1.605,0.0,0.0,0.0,0.28,1.885,1.605,0.256,30.05,0
2026-01-04 17:45:00,17,Sunday,0.311,1.711,0.0,0.0,0.0,0.185,2.022,1.837,0.24,28.69,0
2026-01-04 18:00:00,18,Sunday,0.322,1.744,0.0,0.0,0.0,0.104,2.066,1.962,0.411,29.36,1
2026-01-04 18:15:00,18,Sunday,0.368,2.141,0.0,0.0,0.0,0.04,2.509,2.469,0.396,29.14,1
2026-01-04 18:30:00,18,Sunday,0.361,2.153,0.0,0.0,0.0,0.0,2.514,2.514,0.4,28.65,1
2026-01-04 18:45:00,18,Sunday,0.368,0.0,0.0,0.0,0.0,0.0,0.368,0.368,0.411,28.54,1
2026-01-04 19:00:00,19,Sunday,0.299,1.553,0.0,0.0,2.096,0.0,3.949,3.949,0.404,28.9,1
2026-01-04 19:15:00,19,Sunday,0.372,2.153,0.0,0.0,2.096,0.0,4.622,4.622,0.396,28.28,1
2026-01-04 19:30:00,19,Sunday,0.346,1.959,1.505,0.0,2.096,0.0,5.907,5.907,0.403,28.05,1
2026-01-04 19:45:00,19,Sunday,0.329,1.773,1.505,0.0,2.096,0.0,5.704,5.704,0.408,27.42,1
2026-01-04 20:00:00,20,Sunday,0.306,0.0,1.505,0.0,0.0,0.0,1.812,1.812,0.395,27.88,0
2026-01-04 20:15:00,20,Sunday,0.326,0.0,1.505,0.0,0.0,0.0,1.831,1.831,0.401,27.32,0
2026-01-04 20:30:00,20,Sunday,0.313,1.547,0.0,0.0,0.0,0.0,1.86,1.86,0.396,26.86,0
2026-01-04 20:45:00,20,Sunday,0.303,2.172,0.0,0.0,0.0,0.0,2.474,2.474,0.4,26.75,0
2026-01-04 21:00:00,21,Sunday,0.298,1.563,0.0,0.0,0.0,0.0,1.861,1.861,0.248,26.34,0
2026-01-04 21:15:00,21,Sunday,0.349,0.0,0.0,0.0,0.0,0.0,0.349,0.349,0.247,26.0,0
2026-01-04 21:30:00,21,Sunday,0.312,1.77,0.0,0.0,0.0,0.0,2.082,2.082,0.237,25.45,0
2026-01-04 21:45:00,21,Sunday,0.311,1.797,0.0,0.0,0.0,0.0,2.108,2.108,0.249,24.86,0
2026-01-04 22:00:00,22,Sunday,0.318,0.0,0.0,0.0,0.0,0.0,0.318,0.318,0.252,25.01,0
2026-01-04 22:15:00,22,Sunday,0.317,2.055,0.0,0.0,0.0,0.0,2.373,2.373,0.258,24.86,0
2026-01-04 22:30:00,22,Sunday,0.323,2.061,0.0,0.0,0.0,0.0,2.385,2.385,0.239,24.34,0
2026-01-04 22:45:00,22,Sunday,0.351,0.0,0.0,0.0,0.0,0.0,0.351,0.351,0.251,24.49,0
2026-01-04 23:00:00,23,Sunday,0.343,0.0,0.0,0.0,0.0,0.0,0.343,0.343,0.149,23.9,0
2026-01-04 23:15:00,23,Sunday,0.371,0.0,0.0,0.0,0.0,0.0,0.371,0.371,0.148,23.98,0
2026-01-04 23:30:00,23,Sunday,0.352,0.0,0.0,0.0,0.0,0.0,0.352,0.352,0.146,23.52,0
2026-01-04 23:45:00,23,Sunday,0.353,0.0,0.0,0.0,0.0,0.0,0.353,0.353,0.14,22.57,0
2026-01-05 00:00:00,0,Monday,0.292,0.0,0.0,0.0,0.0,0.0,0.292,0.292,0.146,23.65,0
2026-01-05 00:15:00,0,Monday,0.314,0.0,0.0,0.0,0.0,0.0,0.314,0.314,0.146,22.66,0
2026-01-05 00:30:00,0,Monday,0.255,0.0,0.0,0.0,0.0,0.0,0.255,0.255,0.144,21.91,0
2026-01-05 00:45:00,0,Monday,0.274,0.0,0.0,0.0,0.0,0.0,0.274,0.274,0.158,21.8,0
2026-01-05 01:00:00,1,Monday,0.31,0.0,0.0,0.0,0.0,0.0,0.31,0.31,0.166,21.72,0
2026-01-05 01:15:00,1,Monday,0.279,0.0,0.0,0.0,0.0,0.0,0.279,0.279,0.145,21.36,0
2026-01-05 01:30:00,1,Monday,0.255,0.0,0.0,0.0,0.0,0.0,0.255,0.255,0.159,22.0,0
2026-01-05 01:45:00,1,Monday,0.253,0.0,0.0,0.0,0.0,0.0,0.253,0.253,0.136,21.41,0
2026-01-05 02:00:00,2,Monday,0.289,0.0,0.0,0.0,0.0,0.0,0.289,0.289,0.145,21.39,0
2026-01-05 02:15:00,2,Monday,0.293,0.0,0.0,0.0,0.0,0.0,0.293,0.293,0.142,22.0,0
2026-01-05 02:30:00,2,Monday,0.257,0.0,0.0,0.0,0.0,0.0,0.257,0.257,0.143,21.83,0
2026-01-05 02:45:00,2,Monday,0.277,0.0,0.0,0.0,0.0,0.0,0.277,0.277,0.142,20.63,0
2026-01-05 03:00:00,3,Monday,0.283,0.0,0.0,0.0,0.0,0.0,0.283,0.283,0.144,21.62,0
2026-01-05 03:15:00,3,Monday,0.261,0.0,0.0,0.0,0.0,0.0,0.261,0.261,0.148,21.0,0
2026-01-05 03:30:00,3,Monday,0.241,0.0,0.0,0.0,0.0,0.0,0.241,0.241,0.154,21.56,0
2026-01-05 03:45:00,3,Monday,0.216,0.0,0.0,0.0,0.0,0.0,0.216,0.216,0.17,20.77,0
2026-01-05 04:00:00,4,Monday,0.256,0.0,0.0,0.0,0.0,0.0,0.256,0.256,0.161,21.02,0
2026-01-05 04:15:00,4,Monday,0.26,0.0,0.0,0.0,0.0,0.0,0.26,0.26,0.142,21.06,0
2026-01-05 04:30:00,4,Monday,0.281,0.0,0.0,0.0,0.0,0.0,0.281,0.281,0.142,22.25,0
2026-01-05 04:45:00,4,Monday,0.298,0.0,0.0,0.0,0.0,0.0,0.298,0.298,0.154,22.28,0
2026-01-05 05:00:00,5,Monday,0.295,0.0,0.0,0.0,0.0,0.0,0.295,0.295,0.15,21.9,0
2026-01-05 05:15:00,5,Monday,0.314,0.0,0.0,0.0,0.0,0.0,0.314,0.314,0.158,22.55,0
2026-01-05 05:30:00,5,Monday,0.243,0.0,0.0,0.0,0.0,0.0,0.243,0.243,0.159,22.82,0
2026-01-05 05:45:00,5,Monday,0.228,0.0,0.0,0.0,0.0,0.0,0.228,0.228,0.168,22.61,0
2026-01-05 06:00:00,6,Monday,0.313,0.0,0.0,0.0,0.0,0.0,0.313,0.313,0.146,23.24,0
2026-01-05 06:15:00,6,Monday,0.318,0.0,0.0,0.0,0.0,0.0,0.318,0.318,0.144,22.47,0
2026-01-05 06:30:00,6,Monday,0.337,0.0,0.0,0.0,0.0,0.0,0.337,0.337,0.147,23.41,0
2026-01-05 06:45:00,6,Monday,0.308,0.0,0.0,0.0,0.0,0.054,0.308,0.255,0.153,24.16,0
2026-01-05 07:00:00,7,Monday,0.33,0.0,0.0,0.0,2.135,0.139,2.464,2.325,0.261,23.57,0
2026-01-05 07:15:00,7,Monday,0.302,0.0,0.0,0.0,2.135,0.253,2.436,2.183,0.24,24.6,0
2026-01-05 07:30:00,7,Monday,0.35,0.0,0.0,0.0,2.135,0.373,2.485,2.112,0.257,24.64,0
2026-01-05 07:45:00,7,Monday,0.312,0.0,0.0,0.0,2.135,0.535,2.447,1.912,0.242,25.15,0
2026-01-05 08:00:00,8,Monday,0.295,0.0,0.0,0.0,0.0,0.672,0.295,0,0.249,25.16,0
2026-01-05 08:15:00,8,Monday,0.321,0.0,0.0,0.0,0.0,0.796,0.321,0,0.248,25.39,0
2026-01-05 08:30:00,8,Monday,0.294,0.0,0.0,0.0,0.0,1.034,0.294,0,0.249,25.51,0
2026-01-05 08:45:00,8,Monday,0.313,0.0,0.0,0.0,0.0,1.183,0.313,0,0.256,25.42,0
2026-01-05 09:00:00,9,Monday,0.288,0.0,0.0,0.0,0.0,1.368,0.288,0,0.255,26.51,0
2026-01-05 09:15:00,9,Monday,0.244,0.0,0.0,0.0,0.0,1.502,0.244,0,0.243,26.42,0
2026-01-05 09:30:00,9,Monday,0.262,0.0,0.0,0.0,0.0,1.543,0.262,0,0.243,27.23,0
2026-01-05 09:45:00,9,Monday,0.284,0.0,0.0,0.0,0.0,1.679,0.284,0,0.247,27.74,0
2026-01-05 10:00:00,10,Monday,0.234,0.0,0.0,0.0,0.0,1.875,0.234,0,0.246,27.84,0
2026-01-05 10:15:00,10,Monday,0.254,0.0,0.0,0.0,0.0,1.982,0.254,0,0.243,27.28,0
2026-01-05 10:30:00,10,Monday,0.288,0.0,0.0,0.0,0.0,2.188,0.288,0,0.253,27.8,0
2026-01-05 10:45:00,10,Monday,0.297,0.0,0.0,0.0,0.0,2.249,0.297,0,0.242,28.65,0
2026-01-05 11:00:00,11,Monday,0.283,0.0,0.0,0.0,0.0,2.521,0.283,0,0.25,28.68,0
2026-01-05 11:15:00,11,Monday,0.305,0.0,0.0,0.0,0.0,2.553,0.305,0,0.253,29.31,0
2026-01-05 11:30:00,11,Monday,0.225,0.0,0.0,0.0,0.0,2.615,0.225,0,0.244,29.64,0
2026-01-05 11:45:00,11,Monday,0.271,0.0,0.0,0.0,0.0,2.546,0.271,0,0.251,29.5,0
2026-01-05 12:00:00,12,Monday,0.28,0.0,0.0,0.0,0.0,2.712,0.28,0,0.248,29.45,0
2026-01-05 12:15:00,12,Monday,0.275,0.0,0.0,0.0,0.0,2.607,0.275,0,0.248,29.18,0
2026-01-05 12:30:00,12,Monday,0.28,0.0,0.0,0.0,0.0,2.637,0.28,0,0.245,29.62,0
2026-01-05 12:45:00,12,Monday,0.251,0.0,0.0,0.0,0.0,2.686,0.251,0,0.252,29.94,0
2026-01-05 13:00:00,13,Monday,0.243,0.0,0.0,0.0,0.0,2.557,0.243,0,0.257,30.39,0
2026-01-05 13:15:00,13,Monday,0.28,0.0,0.0,0.0,0.0,2.499,0.28,0,0.243,30.47,0
2026-01-05 13:30:00,13,Monday,0.249,0.0,0.0,0.0,0.0,2.74,0.249,0,0.251,30.9,0
2026-01-05 13:45:00,13,Monday,0.25,0.0,0.0,0.0,0.0,2.482,0.25,0,0.246,30.36,0
2026-01-05 14:00:00,14,Monday,0.291,0.0,0.0,0.0,0.0,2.529,0.291,0,0.261,30.47,0
2026-01-05 14:15:00,14,Monday,0.274,0.0,0.0,0.0,0.0,2.237,0.274,0,0.248,30.78,0
2026-01-05 14:30:00,14,Monday,0.306,0.0,0.0,0.0,0.0,2.233,0.306,0,0.257,31.0,0
2026-01-05 14:45:00,14,Monday,0.309,0.0,0.0,0.0,0.0,2.125,0.309,0,0.257,30.63,0
2026-01-05 15:00:00,15,Monday,0.254,0.0,0.0,0.0,0.0,1.912,0.254,0,0.252,31.26,0
2026-01-05 15:15:00,15,Monday,0.282,0.0,0.0,0.0,0.0,1.745,0.282,0,0.249,30.67,0
2026-01-05 15:30:00,15,Monday,0.293,0.0,0.0,0.0,0.0,1.625,0.293,0,0.24,30.0,0
2026-01-05 15:45:00,15,Monday,0.267,0.0,0.0,0.0,0.0,1.468,0.267,0,0.26,31.44,0
2026-01-05 16:00:00,16,Monday,0.28,0.0,0.0,0.0,0.0,1.312,0.28,0,0.246,31.38,0
2026-01-05 16:15:00,16,Monday,0.266,0.0,0.0,0.0,0.0,1.144,0.266,0,0.256,32.23,0
2026-01-05 16:30:00,16,Monday,0.25,0.0,0.0,0.0,0.0,0.941,0.25,0,0.25,31.46,0
2026-01-05 16:45:00,16,Monday,0.283,0.0,0.0,0.0,0.0,0.835,0.283,0,0.247,29.9,0
2026-01-05 17:00:00,17,Monday,0.296,1.654,0.0,0.0,0.0,0.686,1.95,1.264,0.255,30.73,0
2026-01-05 17:15:00,17,Monday,0.328,1.753,0.0,0.0,0.0,0.515,2.081,1.566,0.252,30.77,0
2026-01-05 17:30:00,17,Monday,0.339,2.095,0.0,0.0,0.0,0.384,2.435,2.05,0.227,30.35,0
2026-01-05 17:45:00,17,Monday,0.326,1.832,0.0,0.0,0.0,0.239,2.157,1.918,0.245,29.36,0
2026-01-05 18:00:00,18,Monday,0.343,1.577,0.0,0.0,0.0,0.139,1.92,1.782,0.404,29.92,1
2026-01-05 18:15:00,18,Monday,0.291,0.0,0.0,0.0,0.0,0.053,0.291,0.238,0.393,29.54,1
2026-01-05 18:30:00,18,Monday,0.333,2.095,0.0,0.0,0.0,0.0,2.428,2.428,0.399,28.95,1
2026-01-05 18:45:00,18,Monday,0.36,0.0,0.0,0.0,0.0,0.0,0.36,0.36,0.394,28.57,1
2026-01-05 19:00:00,19,Monday,0.344,1.822,0.0,0.0,0.0,0.0,2.166,2.166,0.404,28.66,1
2026-01-05 19:15:00,19,Monday,0.332,0.0,0.0,1.112,1.983,0.0,3.427,3.427,0.407,28.63,1
2026-01-05 19:30:00,19,Monday,0.321,2.152,0.0,1.112,1.983,0.0,5.568,5.568,0.391,27.98,1
2026-01-05 19:45:00,19,Monday,0.301,1.648,0.0,1.112,1.983,0.0,5.043,5.043,0.405,27.76,1
2026-01-05 20:00:00,20,Monday,0.328,2.023,0.0,1.112,0.0,0.0,3.463,3.463,0.4,28.06,0
2026-01-05 20:15:00,20,Monday,0.284,1.987,0.0,0.0,0.0,0.0,2.271,2.271,0.401,27.5,0
2026-01-05 20:30:00,20,Monday,0.335,2.013,0.0,0.0,0.0,0.0,2.348,2.348,0.408,26.87,0
2026-01-05 20:45:00,20,Monday,0.326,0.0,0.0,0.0,0.0,0.0,0.326,0.326,0.389,26.15,0
2026-01-05 21:00:00,21,Monday,0.29,1.538,0.0,0.0,0.0,0.0,1.827,1.827,0.241,26.34,0
2026-01-05 21:15:00,21,Monday,0.286,1.907,0.0,0.0,0.0,0.0,2.193,2.193,0.248,26.05,0
2026-01-05 21:30:00,21,Monday,0.369,1.916,0.0,0.0,0.0,0.0,2.284,2.284,0.251,25.97,0
2026-01-05 21:45:00,21,Monday,0.299,1.603,0.0,0.0,0.0,0.0,1.902,1.902,0.248,25.46,0
2026-01-05 22:00:00,22,Monday,0.347,1.672,0.0,0.0,0.0,0.0,2.018,2.018,0.25,25.72,0
2026-01-05 22:15:00,22,Monday,0.346,2.082,0.0,0.0,0.0,0.0,2.428,2.428,0.252,24.8,0
2026-01-05 22:30:00,22,Monday,0.345,2.036,0.0,0.0,0.0,0.0,2.381,2.381,0.242,25.42,0
2026-01-05 22:45:00,22,Monday,0.312,0.0,0.0,0.0,0.0,0.0,0.312,0.312,0.241,23.99,0
2026-01-05 23:00:00,23,Monday,0.314,0.0,0.0,0.0,0.0,0.0,0.314,0.314,0.163,23.85,0
2026-01-05 23:15:00,23,Monday,0.345,0.0,0.0,0.0,0.0,0.0,0.345,0.345,0.153,24.19,0
2026-01-05 23:30:00,23,Monday,0.347,0.0,0.0,0.0,0.0,0.0,0.347,0.347,0.153,23.63,0
2026-01-05 23:45:00,23,Monday,0.349,0.0,0.0,0.0,0.0,0.0,0.349,0.349,0.143,22.6,0
2026-01-06 00:00:00,0,Tuesday,0.265,0.0,0.0,0.0,0.0,0.0,0.265,0.265,0.138,22.92,0
2026-01-06 00:15:00,0,Tuesday,0.225,0.0,0.0,0.0,0.0,0.0,0.225,0.225,0.159,22.21,0
2026-01-06 00:30:00,0,Tuesday,0.26,0.0,0.0,0.0,0.0,0.0,0.26,0.26,0.161,21.96,0
2026-01-06 00:45:00,0,Tuesday,0.249,0.0,0.0,0.0,0.0,0.0,0.249,0.249,0.139,21.31,0
2026-01-06 01:00:00,1,Tuesday,0.288,0.0,0.0,0.0,0.0,0.0,0.288,0.288,0.158,22.22,0
2026-01-06 01:15:00,1,Tuesday,0.236,0.0,0.0,0.0,0.0,0.0,0.236,0.236,0.154,22.07,0
2026-01-06 01:30:00,1,Tuesday,0.276,0.0,0.0,0.0,0.0,0.0,0.276,0.276,0.146,21.28,0
2026-01-06 01:45:00,1,Tuesday,0.29,0.0,0.0,0.0,0.0,0.0,0.29,0.29,0.138,20.95,0
2026-01-06 02:00:00,2,Tuesday,0.262,0.0,0.0,0.0,0.0,0.0,0.262,0.262,0.163,22.25,0
2026-01-06 02:15:00,2,Tuesday,0.241,0.0,0.0,0.0,0.0,0.0,0.241,0.241,0.152,21.38,0
2026-01-06 02:30:00,2,Tuesday,0.214,0.0,0.0,0.0,0.0,0.0,0.214,0.214,0.133,20.56,0
2026-01-06 02:45:00,2,Tuesday,0.271,0.0,0.0,0.0,0.0,0.0,0.271,0.271,0.145,21.49,0
2026-01-06 03:00:00,3,Tuesday,0.288,0.0,0.0,0.0,0.0,0.0,0.288,0.288,0.159,21.71,0
2026-01-06 03:15:00,3,Tuesday,0.239,0.0,0.0,0.0,0.0,0.0,0.239,0.239,0.156,21.34,0
2026-01-06 03:30:00,3,Tuesday,0.215,0.0,0.0,0.0,0.0,0.0,0.215,0.215,0.138,20.57,0
2026-01-06 03:45:00,3,Tuesday,0.243,0.0,0.0,0.0,0.0,0.0,0.243,0.243,0.16,21.64,0
2026-01-06 04:00:00,4,Tuesday,0.292,0.0,0.0,0.0,0.0,0.0,0.292,0.292,0.159,20.64,0
2026-01-06 04:15:00,4,Tuesday,0.267,0.0,0.0,0.0,0.0,0.0,0.267,0.267,0.139,21.47,0
2026-01-06 04:30:00,4,Tuesday,0.291,0.0,0.0,0.0,0.0,0.0,0.291,0.291,0.138,20.93,0
2026-01-06 04:45:00,4,Tuesday,0.2,0.0,0.0,0.0,0.0,0.0,0.2,0.2,0.156,21.84,0
2026-01-06 05:00:00,5,Tuesday,0.324,0.0,0.0,0.0,0.0,0.0,0.324,0.324,0.147,21.42,0
2026-01-06 05:15:00,5,Tuesday,0.287,0.0,0.0,0.0,0.0,0.0,0.287,0.287,0.158,21.82,0
2026-01-06 05:30:00,5,Tuesday,0.254,0.0,0.0,0.0,0.0,0.0,0.254,0.254,0.167,22.38,0
2026-01-06 05:45:00,5,Tuesday,0.282,0.0,0.0,0.0,0.0,0.0,0.282,0.282,0.162,22.55,0
2026-01-06 06:00:00,6,Tuesday,0.337,0.0,0.0,0.0,1.914,0.0,2.251,2.251,0.143,22.31,0
2026-01-06 06:15:00,6,Tuesday,0.353,0.0,0.0,0.0,1.914,0.0,2.267,2.267,0.146,22.39,0
2026-01-06 06:30:00,6,Tuesday,0.314,0.0,0.0,0.0,0.0,0.0,0.314,0.314,0.145,23.45,0
2026-01-06 06:45:00,6,Tuesday,0.342,0.0,0.0,0.0,0.0,0.051,0.342,0.292,0.152,22.62,0
2026-01-06 07:00:00,7,Tuesday,0.364,0.0,0.0,0.0,0.0,0.141,0.364,0.223,0.245,23.91,0
2026-01-06 07:15:00,7,Tuesday,0.299,0.0,0.0,0.0,0.0,0.254,0.299,0.046,0.254,23.77,0
2026-01-06 07:30:00,7,Tuesday,0.319,0.0,0.0,0.0,0.0,0.375,0.319,0,0.247,23.37,0
2026-01-06 07:45:00,7,Tuesday,0.37,0.0,0.0,0.0,0.0,0.5,0.37,0,0.262,24.45,0
2026-01-06 08:00:00,8,Tuesday,0.323,0.0,0.0,0.0,0.0,0.648,0.323,0,0.242,23.8,0
2026-01-06 08:15:00,8,Tuesday,0.365,0.0,0.0,0.0,0.0,0.787,0.365,0,0.25,24.7,0
2026-01-06 08:30:00,8,Tuesday,0.342,0.0,0.0,0.0,0.0,0.911,0.342,0,0.263,24.53,0
2026-01-06 08:45:00,8,Tuesday,0.337,0.0,0.0,0.0,0.0,1.051,0.337,0,0.249,26.25,0
2026-01-06 09:00:00,9,Tuesday,0.329,0.0,0.0,0.0,0.0,1.174,0.329,0,0.263,26.28,0
2026-01-06 09:15:00,9,Tuesday,0.282,0.0,0.0,0.0,0.0,1.426,0.282,0,0.246,26.52,0
2026-01-06 09:30:00,9,Tuesday,0.282,0.0,0.0,0.0,0.0,1.53,0.282,0,0.248,26.58,0
2026-01-06 09:45:00,9,Tuesday,0.236,0.0,0.0,0.0,0.0,1.832,0.236,0,0.241,27.37,0
2026-01-06 10:00:00,10,Tuesday,0.24,0.0,0.0,0.0,0.0,1.853,0.24,0,0.248,27.73,0
2026-01-06 10:15:00,10,Tuesday,0.258,0.0,0.0,0.0,0.0,1.973,0.258,0,0.249,27.98,0
2026-01-06 10:30:00,10,Tuesday,0.299,0.0,0.0,0.0,0.0,2.06,0.299,0,0.251,27.45,0
2026-01-06 10:45:00,10,Tuesday,0.284,0.0,0.0,0.0,0.0,2.198,0.284,0,0.241,27.92,0
2026-01-06 11:00:00,11,Tuesday,0.236,0.0,0.0,0.0,0.0,2.189,0.236,0,0.246,27.81,0
2026-01-06 11:15:00,11,Tuesday,0.227,0.0,0.0,0.0,0.0,2.335,0.227,0,0.251,27.93,0
2026-01-06 11:30:00,11,Tuesday,0.271,0.0,0.0,0.0,0.0,2.394,0.271,0,0.248,28.86,0
2026-01-06 11:45:00,11,Tuesday,0.245,0.0,0.0,0.0,0.0,2.398,0.245,0,0.254,28.5,0
2026-01-06 12:00:00,12,Tuesday,0.288,0.0,0.0,0.0,0.0,2.435,0.288,0,0.248,28.64,0
2026-01-06 12:15:00,12,Tuesday,0.255,0.0,0.0,0.0,0.0,2.791,0.255,0,0.248,29.41,0
2026-01-06 12:30:00,12,Tuesday,0.275,0.0,0.0,0.0,0.0,2.562,0.275,0,0.245,28.8,0
2026-01-06 12:45:00,12,Tuesday,0.278,0.0,0.0,0.0,0.0,2.599,0.278,0,0.248,29.44,0
2026-01-06 13:00:00,13,Tuesday,0.281,0.0,0.0,0.0,0.0,2.595,0.281,0,0.26,29.47,0
2026-01-06 13:15:00,13,Tuesday,0.255,0.0,0.0,0.0,0.0,2.65,0.255,0,0.246,30.69,0
2026-01-06 13:30:00,13,Tuesday,0.221,0.0,0.0,0.0,0.0,2.511,0.221,0,0.257,30.14,0
2026-01-06 13:45:00,13,Tuesday,0.248,0.0,0.0,0.0,0.0,2.474,0.248,0,0.254,30.31,0
2026-01-06 14:00:00,14,Tuesday,0.295,0.0,0.0,0.0,0.0,2.305,0.295,0,0.255,30.22,0
2026-01-06 14:15:00,14,Tuesday,0.287,0.0,0.0,0.0,0.0,2.251,0.287,0,0.242,30.84,0
2026-01-06 14:30:00,14,Tuesday,0.293,0.0,0.0,0.0,0.0,2.106,0.293,0,0.257,30.09,0
2026-01-06 14:45:00,14,Tuesday,0.282,0.0,0.0,0.0,0.0,2.036,0.282,0,0.239,31.49,0
2026-01-06 15:00:00,15,Tuesday,0.26,0.0,0.0,0.0,0.0,1.86,0.26,0,0.259,30.25,0
2026-01-06 15:15:00,15,Tuesday,0.241,0.0,0.0,0.0,0.0,1.708,0.241,0,0.253,30.06,0
2026-01-06 15:30:00,15,Tuesday,0.275,0.0,0.0,0.0,0.0,1.63,0.275,0,0.239,30.52,0
2026-01-06 15:45:00,15,Tuesday,0.287,0.0,0.0,0.0,0.0,1.41,0.287,0,0.257,30.33,0
2026-01-06 16:00:00,16,Tuesday,0.276,0.0,0.0,0.0,0.0,1.171,0.276,0,0.251,30.35,0
2026-01-06 16:15:00,16,Tuesday,0.254,0.0,0.0,0.0,0.0,1.07,0.254,0,0.248,30.37,0
2026-01-06 16:30:00,16,Tuesday,0.259,0.0,0.0,0.0,0.0,0.887,0.259,0,0.246,29.38,0
2026-01-06 16:45:00,16,Tuesday,0.264,0.0,0.0,0.0,0.0,0.748,0.264,0,0.24,30.49,0
2026-01-06 17:00:00,17,Tuesday,0.349,1.923,0.0,0.0,0.0,0.631,2.272,1.641,0.254,29.65,0
2026-01-06 17:15:00,17,Tuesday,0.321,1.612,0.0,0.0,0.0,0.498,1.933,1.435,0.245,29.66,0
2026-01-06 17:30:00,17,Tuesday,0.329,1.797,0.0,0.0,0.0,0.358,2.125,1.767,0.253,28.84,0
2026-01-06 17:45:00,17,Tuesday,0.325,0.0,0.0,0.0,0.0,0.239,0.325,0.086,0.26,30.74,0
2026-01-06 18:00:00,18,Tuesday,0.326,1.998,0.0,0.0,0.0,0.137,2.324,2.188,0.391,29.64,1
2026-01-06 18:15:00,18,Tuesday,0.369,1.9,0.0,0.0,0.0,0.049,2.269,2.221,0.401,28.57,1
2026-01-06 18:30:00,18,Tuesday,0.358,1.659,0.0,0.0,2.016,0.0,4.033,4.033,0.406,28.89,1
2026-01-06 18:45:00,18,Tuesday,0.345,0.0,0.0,0.0,2.016,0.0,2.36,2.36,0.399,28.46,1
2026-01-06 19:00:00,19,Tuesday,0.335,1.564,0.0,0.0,0.0,0.0,1.899,1.899,0.391,27.71,1
2026-01-06 19:15:00,19,Tuesday,0.314,2.166,0.0,0.0,0.0,0.0,2.48,2.48,0.402,27.59,1
2026-01-06 19:30:00,19,Tuesday,0.395,1.78,0.0,0.0,0.0,0.0,2.175,2.175,0.388,28.35,1
2026-01-06 19:45:00,19,Tuesday,0.306,1.775,0.0,0.0,0.0,0.0,2.08,2.08,0.396,26.96,1
2026-01-06 20:00:00,20,Tuesday,0.322,0.0,0.0,1.295,0.0,0.0,1.617,1.617,0.398,26.35,0
2026-01-06 20:15:00,20,Tuesday,0.305,0.0,0.0,1.295,0.0,0.0,1.6,1.6,0.382,27.52,0
2026-01-06 20:30:00,20,Tuesday,0.326,1.554,0.0,1.295,0.0,0.0,3.175,3.175,0.397,27.02,0
2026-01-06 20:45:00,20,Tuesday,0.328,0.0,0.0,1.295,0.0,0.0,1.623,1.623,0.401,25.42,0
2026-01-06 21:00:00,21,Tuesday,0.34,0.0,0.0,0.0,0.0,0.0,0.34,0.34,0.251,24.64,0
2026-01-06 21:15:00,21,Tuesday,0.295,0.0,0.0,0.0,0.0,0.0,0.295,0.295,0.251,24.72,0
2026-01-06 21:30:00,21,Tuesday,0.322,1.766,0.0,0.0,0.0,0.0,2.089,2.089,0.246,24.93,0
2026-01-06 21:45:00,21,Tuesday,0.338,1.76,0.0,0.0,0.0,0.0,2.098,2.098,0.249,24.41,0
2026-01-06 22:00:00,22,Tuesday,0.324,0.0,0.0,0.0,0.0,0.0,0.324,0.324,0.255,24.51,0
2026-01-06 22:15:00,22,Tuesday,0.352,1.573,0.0,0.0,0.0,0.0,1.925,1.925,0.265,24.19,0
2026-01-06 22:30:00,22,Tuesday,0.361,2.045,0.0,0.0,0.0,0.0,2.406,2.406,0.263,24.36,0
2026-01-06 22:45:00,22,Tuesday,0.375,1.668,0.0,0.0,0.0,0.0,2.042,2.042,0.261,24.09,0
2026-01-06 23:00:00,23,Tuesday,0.321,0.0,0.0,0.0,0.0,0.0,0.321,0.321,0.139,23.38,0
2026-01-06 23:15:00,23,Tuesday,0.313,0.0,0.0,0.0,0.0,0.0,0.313,0.313,0.15,23.37,0
2026-01-06 23:30:00,23,Tuesday,0.327,0.0,0.0,0.0,0.0,0.0,0.327,0.327,0.146,22.49,0
2026-01-06 23:45:00,23,Tuesday,0.317,0.0,0.0,0.0,0.0,0.0,0.317,0.317,0.149,23.51,0
2026-01-07 00:00:00,0,Wednesday,0.23,0.0,0.0,0.0,0.0,0.0,0.23,0.23,0.156,21.7,0
2026-01-07 00:15:00,0,Wednesday,0.257,0.0,0.0,0.0,0.0,0.0,0.257,0.257,0.144,20.85,0
2026-01-07 00:30:00,0,Wednesday,0.302,0.0,0.0,0.0,0.0,0.0,0.302,0.302,0.154,21.2,0
2026-01-07 00:45:00,0,Wednesday,0.264,0.0,0.0,0.0,0.0,0.0,0.264,0.264,0.15,22.2,0
2026-01-07 01:00:00,1,Wednesday,0.308,0.0,0.0,0.0,0.0,0.0,0.308,0.308,0.163,21.03,0
2026-01-07 01:15:00,1,Wednesday,0.311,0.0,0.0,0.0,0.0,0.0,0.311,0.311,0.15,21.07,0
2026-01-07 01:30:00,1,Wednesday,0.283,0.0,0.0,0.0,0.0,0.0,0.283,0.283,0.155,20.53,0
2026-01-07 01:45:00,1,Wednesday,0.316,0.0,0.0,0.0,0.0,0.0,0.316,0.316,0.146,20.06,0
2026-01-07 02:00:00,2,Wednesday,0.257,0.0,0.0,0.0,0.0,0.0,0.257,0.257,0.143,21.14,0
2026-01-07 02:15:00,2,Wednesday,0.265,0.0,0.0,0.0,0.0,0.0,0.265,0.265,0.165,20.65,0
2026-01-07 02:30:00,2,Wednesday,0.277,0.0,0.0,0.0,0.0,0.0,0.277,0.277,0.146,19.92,0
2026-01-07 02:45:00,2,Wednesday,0.214,0.0,0.0,0.0,0.0,0.0,0.214,0.214,0.148,20.25,0
2026-01-07 03:00:00,3,Wednesday,0.257,0.0,0.0,0.0,0.0,0.0,0.257,0.257,0.147,20.12,0
2026-01-07 03:15:00,3,Wednesday,0.272,0.0,0.0,0.0,0.0,0.0,0.272,0.272,0.162,19.81,0
2026-01-07 03:30:00,3,Wednesday,0.263,0.0,0.0,0.0,0.0,0.0,0.263,0.263,0.156,19.61,0
2026-01-07 03:45:00,3,Wednesday,0.268,0.0,0.0,0.0,0.0,0.0,0.268,0.268,0.131,20.44,0
2026-01-07 04:00:00,4,Wednesday,0.267,0.0,0.0,0.0,0.0,0.0,0.267,0.267,0.142,20.37,0
2026-01-07 04:15:00,4,Wednesday,0.221,0.0,0.0,0.0,0.0,0.0,0.221,0.221,0.158,20.13,0
2026-01-07 04:30:00,4,Wednesday,0.25,0.0,0.0,0.0,0.0,0.0,0.25,0.25,0.145,20.93,0
2026-01-07 04:45:00,4,Wednesday,0.254,0.0,0.0,0.0,0.0,0.0,0.254,0.254,0.151,21.79,0
2026-01-07 05:00:00,5,Wednesday,0.264,0.0,0.0,0.0,0.0,0.0,0.264,0.264,0.144,21.0,0
2026-01-07 05:15:00,5,Wednesday,0.26,0.0,0.0,0.0,0.0,0.0,0.26,0.26,0.162,20.76,0
2026-01-07 05:30:00,5,Wednesday,0.262,0.0,0.0,0.0,0.0,0.0,0.262,0.262,0.168,21.43,0
2026-01-07 05:45:00,5,Wednesday,0.345,0.0,0.0,0.0,0.0,0.0,0.345,0.345,0.15,21.2,0
2026-01-07 06:00:00,6,Wednesday,0.348,0.0,0.0,0.0,0.0,0.0,0.348,0.348,0.157,21.18,0
2026-01-07 06:15:00,6,Wednesday,0.376,0.0,0.0,0.0,0.0,0.0,0.376,0.376,0.161,21.39,0
2026-01-07 06:30:00,6,Wednesday,0.332,0.0,0.0,0.0,0.0,0.0,0.332,0.332,0.143,22.66,0
2026-01-07 06:45:00,6,Wednesday,0.314,0.0,0.0,0.0,0.0,0.059,0.314,0.255,0.151,23.13,0
2026-01-07 07:00:00,7,Wednesday,0.322,0.0,0.0,0.0,0.0,0.159,0.322,0.163,0.254,22.09,0
2026-01-07 07:15:00,7,Wednesday,0.314,0.0,0.0,0.0,2.045,0.269,2.359,2.09,0.258,22.54,0
2026-01-07 07:30:00,7,Wednesday,0.34,0.0,0.0,0.0,2.045,0.393,2.385,1.992,0.251,23.36,0
2026-01-07 07:45:00,7,Wednesday,0.346,0.0,0.0,0.0,2.045,0.582,2.391,1.81,0.25,23.54,0
2026-01-07 08:00:00,8,Wednesday,0.299,0.0,0.0,0.0,2.045,0.712,2.344,1.632,0.248,23.9,0
2026-01-07 08:15:00,8,Wednesday,0.363,0.0,0.0,0.0,0.0,0.826,0.363,0,0.245,23.78,0
2026-01-07 08:30:00,8,Wednesday,0.303,0.0,0.0,0.0,0.0,1.095,0.303,0,0.257,24.62,0
2026-01-07 08:45:00,8,Wednesday,0.335,0.0,0.0,0.0,0.0,1.243,0.335,0,0.255,25.03,0
2026-01-07 09:00:00,9,Wednesday,0.287,0.0,0.0,0.0,0.0,1.392,0.287,0,0.259,24.85,0
2026-01-07 09:15:00,9,Wednesday,0.271,0.0,0.0,0.0,0.0,1.43,0.271,0,0.256,25.64,0
2026-01-07 09:30:00,9,Wednesday,0.308,0.0,0.0,0.0,0.0,1.821,0.308,0,0.248,25.39,0
2026-01-07 09:45:00,9,Wednesday,0.267,0.0,0.0,0.0,0.0,1.872,0.267,0,0.248,25.98,0
2026-01-07 10:00:00,10,Wednesday,0.284,0.0,0.0,0.0,0.0,1.977,0.284,0,0.239,26.52,0
2026-01-07 10:15:00,10,Wednesday,0.301,0.0,0.0,0.0,0.0,2.118,0.301,0,0.237,26.84,0
2026-01-07 10:30:00,10,Wednesday,0.282,0.0,0.0,0.0,0.0,2.384,0.282,0,0.249,26.75,0
2026-01-07 10:45:00,10,Wednesday,0.257,0.0,0.0,0.0,0.0,2.406,0.257,0,0.251,26.93,0
2026-01-07 11:00:00,11,Wednesday,0.281,0.0,0.0,0.0,0.0,2.552,0.281,0,0.252,27.57,0
2026-01-07 11:15:00,11,Wednesday,0.243,0.0,0.0,0.0,0.0,2.705,0.243,0,0.256,27.05,0
2026-01-07 11:30:00,11,Wednesday,0.276,0.0,0.0,0.0,0.0,2.689,0.276,0,0.257,27.37,0
2026-01-07 11:45:00,11,Wednesday,0.271,0.0,0.0,0.0,0.0,2.948,0.271,0,0.246,27.89,0
2026-01-07 12:00:00,12,Wednesday,0.263,0.0,0.0,0.0,0.0,2.683,0.263,0,0.249,28.52,0
2026-01-07 12:15:00,12,Wednesday,0.298,0.0,0.0,0.0,0.0,2.916,0.298,0,0.242,28.84,0
2026-01-07 12:30:00,12,Wednesday,0.282,0.0,0.0,0.0,0.0,2.733,0.282,0,0.252,29.33,0
2026-01-07 12:45:00,12,Wednesday,0.283,0.0,0.0,0.0,0.0,2.927,0.283,0,0.231,28.97,0
2026-01-07 13:00:00,13,Wednesday,0.268,0.0,0.0,0.0,0.0,2.865,0.268,0,0.239,28.93,0
2026-01-07 13:15:00,13,Wednesday,0.295,0.0,0.0,0.0,0.0,2.848,0.295,0,0.246,29.88,0
2026-01-07 13:30:00,13,Wednesday,0.244,0.0,0.0,0.0,0.0,2.619,0.244,0,0.253,29.61,0
2026-01-07 13:45:00,13,Wednesday,0.296,0.0,0.0,0.0,0.0,2.683,0.296,0,0.26,29.5,0
2026-01-07 14:00:00,14,Wednesday,0.232,0.0,0.0,0.0,0.0,2.423,0.232,0,0.254,29.89,0
2026-01-07 14:15:00,14,Wednesday,0.269,0.0,0.0,0.0,0.0,2.334,0.269,0,0.253,30.21,0
2026-01-07 14:30:00,14,Wednesday,0.276,0.0,0.0,0.0,0.0,2.511,0.276,0,0.254,30.15,0
2026-01-07 14:45:00,14,Wednesday,0.279,0.0,0.0,0.0,0.0,2.18,0.279,0,0.259,30.35,0
2026-01-07 15:00:00,15,Wednesday,0.267,0.0,0.0,0.0,0.0,1.944,0.267,0,0.257,29.9,0
2026-01-07 15:15:00,15,Wednesday,0.277,0.0,0.0,0.0,0.0,1.711,0.277,0,0.257,30.21,0
2026-01-07 15:30:00,15,Wednesday,0.249,0.0,0.0,0.0,0.0,1.792,0.249,0,0.245,29.47,0
2026-01-07 15:45:00,15,Wednesday,0.307,0.0,0.0,0.0,0.0,1.478,0.307,0,0.244,29.69,0
2026-01-07 16:00:00,16,Wednesday,0.297,0.0,0.0,0.0,0.0,1.363,0.297,0,0.236,29.15,0
2026-01-07 16:15:00,16,Wednesday,0.257,0.0,0.0,0.0,0.0,1.189,0.257,0,0.243,29.07,0
2026-01-07 16:30:00,16,Wednesday,0.298,0.0,0.0,0.0,0.0,0.99,0.298,0,0.233,29.68,0
2026-01-07 16:45:00,16,Wednesday,0.27,0.0,0.0,0.0,0.0,0.88,0.27,0,0.237,29.17,0
2026-01-07 17:00:00,17,Wednesday,0.333,1.895,0.0,0.0,0.0,0.697,2.228,1.531,0.249,29.53,0
2026-01-07 17:15:00,17,Wednesday,0.284,0.0,0.0,0.0,0.0,0.545,0.284,0,0.239,28.49,0
2026-01-07 17:30:00,17,Wednesday,0.353,1.72,0.0,0.0,0.0,0.398,2.073,1.675,0.255,28.81,0
2026-01-07 17:45:00,17,Wednesday,0.328,0.0,0.0,0.0,0.0,0.263,0.328,0.065,0.247,29.65,0
2026-01-07 18:00:00,18,Wednesday,0.306,1.75,0.0,0.0,0.0,0.151,2.055,1.905,0.406,28.56,1
2026-01-07 18:15:00,18,Wednesday,0.347,1.779,0.0,0.0,0.0,0.055,2.126,2.071,0.4,27.23,1
2026-01-07 18:30:00,18,Wednesday,0.334,2.026,1.468,0.0,0.0,0.0,3.828,3.828,0.404,28.01,1
2026-01-07 18:45:00,18,Wednesday,0.369,0.0,1.468,0.0,0.0,0.0,1.837,1.837,0.418,27.26,1
2026-01-07 19:00:00,19,Wednesday,0.341,0.0,1.468,0.0,0.0,0.0,1.808,1.808,0.397,27.13,1
2026-01-07 19:15:00,19,Wednesday,0.358,1.568,1.468,0.0,0.0,0.0,3.394,3.394,0.397,28.0,1
2026-01-07 19:30:00,19,Wednesday,0.375,2.019,0.0,0.0,0.0,0.0,2.394,2.394,0.4,26.63,1
2026-01-07 19:45:00,19,Wednesday,0.299,2.065,0.0,0.0,0.0,0.0,2.365,2.365,0.4,26.15,1
2026-01-07 20:00:00,20,Wednesday,0.349,1.911,0.0,0.0,0.0,0.0,2.26,2.26,0.419,26.08,0
2026-01-07 20:15:00,20,Wednesday,0.334,1.91,0.0,0.0,0.0,0.0,2.244,2.244,0.41,26.45,0
2026-01-07 20:30:00,20,Wednesday,0.353,0.0,0.0,1.278,0.0,0.0,1.631,1.631,0.409,26.64,0
2026-01-07 20:45:00,20,Wednesday,0.311,1.606,0.0,1.278,0.0,0.0,3.196,3.196,0.411,24.63,0
2026-01-07 21:00:00,21,Wednesday,0.332,0.0,0.0,1.278,0.0,0.0,1.61,1.61,0.242,23.79,0
2026-01-07 21:15:00,21,Wednesday,0.335,0.0,0.0,1.278,0.0,0.0,1.613,1.613,0.254,24.44,0
2026-01-07 21:30:00,21,Wednesday,0.337,2.003,0.0,0.0,0.0,0.0,2.34,2.34,0.246,24.15,0
2026-01-07 21:45:00,21,Wednesday,0.282,0.0,0.0,0.0,0.0,0.0,0.282,0.282,0.263,24.59,0
2026-01-07 22:00:00,22,Wednesday,0.367,0.0,0.0,0.0,0.0,0.0,0.367,0.367,0.25,23.53,0
2026-01-07 22:15:00,22,Wednesday,0.269,0.0,0.0,0.0,0.0,0.0,0.269,0.269,0.258,22.52,0
2026-01-07 22:30:00,22,Wednesday,0.325,0.0,0.0,0.0,0.0,0.0,0.325,0.325,0.252,22.94,0
2026-01-07 22:45:00,22,Wednesday,0.296,2.175,0.0,0.0,0.0,0.0,2.47,2.47,0.238,23.18,0
2026-01-07 23:00:00,23,Wednesday,0.321,0.0,0.0,0.0,0.0,0.0,0.321,0.321,0.141,22.71,0
2026-01-07 23:15:00,23,Wednesday,0.326,0.0,0.0,0.0,0.0,0.0,0.326,0.326,0.162,22.04,0
2026-01-07 23:30:00,23,Wednesday,0.299,0.0,0.0,0.0,0.0,0.0,0.299,0.299,0.149,21.35,0
2026-01-07 23:45:00,23,Wednesday,0.325,0.0,0.0,0.0,0.0,0.0,0.325,0.325,0.153,22.54,0
2026-01-08 00:00:00,0,Thursday,0.277,0.0,0.0,0.0,0.0,0.0,0.277,0.277,0.146,19.71,0
2026-01-08 00:15:00,0,Thursday,0.329,0.0,0.0,0.0,0.0,0.0,0.329,0.329,0.147,21.37,0
2026-01-08 00:30:00,0,Thursday,0.267,0.0,0.0,0.0,0.0,0.0,0.267,0.267,0.156,20.41,0
2026-01-08 00:45:00,0,Thursday,0.272,0.0,0.0,0.0,0.0,0.0,0.272,0.272,0.16,20.01,0
2026-01-08 01:00:00,1,Thursday,0.323,0.0,0.0,0.0,0.0,0.0,0.323,0.323,0.149,20.12,0
2026-01-08 01:15:00,1,Thursday,0.247,0.0,0.0,0.0,0.0,0.0,0.247,0.247,0.154,19.44,0
2026-01-08 01:30:00,1,Thursday,0.285,0.0,0.0,0.0,0.0,0.0,0.285,0.285,0.142,19.34,0
2026-01-08 01:45:00,1,Thursday,0.327,0.0,0.0,0.0,0.0,0.0,0.327,0.327,0.153,19.41,0
2026-01-08 02:00:00,2,Thursday,0.279,0.0,0.0,0.0,0.0,0.0,0.279,0.279,0.148,18.52,0
2026-01-08 02:15:00,2,Thursday,0.242,0.0,0.0,0.0,0.0,0.0,0.242,0.242,0.144,19.07,0
2026-01-08 02:30:00,2,Thursday,0.284,0.0,0.0,0.0,0.0,0.0,0.284,0.284,0.162,19.29,0
2026-01-08 02:45:00,2,Thursday,0.247,0.0,0.0,0.0,0.0,0.0,0.247,0.247,0.162,20.26,0
2026-01-08 03:00:00,3,Thursday,0.288,0.0,0.0,0.0,0.0,0.0,0.288,0.288,0.147,19.43,0
2026-01-08 03:15:00,3,Thursday,0.234,0.0,0.0,0.0,0.0,0.0,0.234,0.234,0.146,19.79,0
2026-01-08 03:30:00,3,Thursday,0.252,0.0,0.0,0.0,0.0,0.0,0.252,0.252,0.16,19.1,0
2026-01-08 03:45:00,3,Thursday,0.252,0.0,0.0,0.0,0.0,0.0,0.252,0.252,0.138,18.24,0
2026-01-08 04:00:00,4,Thursday,0.309,0.0,0.0,0.0,0.0,0.0,0.309,0.309,0.151,19.76,0
2026-01-08 04:15:00,4,Thursday,0.214,0.0,0.0,0.0,0.0,0.0,0.214,0.214,0.143,20.08,0
2026-01-08 04:30:00,4,Thursday,0.261,0.0,0.0,0.0,0.0,0.0,0.261,0.261,0.14,18.94,0
2026-01-08 04:45:00,4,Thursday,0.304,0.0,0.0,0.0,0.0,0.0,0.304,0.304,0.155,19.74,0
2026-01-08 05:00:00,5,Thursday,0.233,0.0,0.0,0.0,0.0,0.0,0.233,0.233,0.163,19.47,0
2026-01-08 05:15:00,5,Thursday,0.275,0.0,0.0,0.0,0.0,0.0,0.275,0.275,0.137,20.46,0
2026-01-08 05:30:00,5,Thursday,0.272,0.0,0.0,0.0,0.0,0.0,0.272,0.272,0.153,20.73,0
2026-01-08 05:45:00,5,Thursday,0.253,0.0,0.0,0.0,0.0,0.0,0.253,0.253,0.157,20.84,0
2026-01-08 06:00:00,6,Thursday,0.333,0.0,0.0,0.0,0.0,0.0,0.333,0.333,0.174,20.09,0
2026-01-08 06:15:00,6,Thursday,0.361,0.0,0.0,0.0,0.0,0.0,0.361,0.361,0.139,20.86,0
2026-01-08 06:30:00,6,Thursday,0.398,0.0,0.0,0.0,0.0,0.0,0.398,0.398,0.153,20.89,0
2026-01-08 06:45:00,6,Thursday,0.309,0.0,0.0,0.0,0.0,0.033,0.309,0.276,0.157,21.42,0
2026-01-08 07:00:00,7,Thursday,0.324,0.0,0.0,0.0,0.0,0.098,0.324,0.225,0.254,21.78,0
2026-01-08 07:15:00,7,Thursday,0.341,0.0,0.0,0.0,0.0,0.18,0.341,0.161,0.26,22.02,0
2026-01-08 07:30:00,7,Thursday,0.312,0.0,0.0,0.0,0.0,0.254,0.312,0.058,0.242,22.3,0
2026-01-08 07:45:00,7,Thursday,0.303,0.0,0.0,0.0,0.0,0.366,0.303,0,0.266,22.72,0
2026-01-08 08:00:00,8,Thursday,0.329,0.0,0.0,0.0,0.0,0.447,0.329,0,0.258,23.08,0
2026-01-08 08:15:00,8,Thursday,0.302,0.0,0.0,0.0,0.0,0.534,0.302,0,0.245,22.26,0
2026-01-08 08:30:00,8,Thursday,0.319,0.0,0.0,0.0,0.0,0.655,0.319,0,0.256,23.39,0
2026-01-08 08:45:00,8,Thursday,0.333,0.0,0.0,0.0,0.0,0.79,0.333,0,0.251,24.08,0
2026-01-08 09:00:00,9,Thursday,0.296,0.0,0.0,0.0,0.0,0.85,0.296,0,0.243,24.25,0
2026-01-08 09:15:00,9,Thursday,0.225,0.0,0.0,0.0,0.0,0.983,0.225,0,0.241,24.63,0
2026-01-08 09:30:00,9,Thursday,0.287,0.0,0.0,0.0,0.0,1.145,0.287,0,0.229,25.08,0
2026-01-08 09:45:00,9,Thursday,0.305,0.0,0.0,0.0,0.0,1.157,0.305,0,0.266,25.02,0
2026-01-08 10:00:00,10,Thursday,0.271,0.0,0.0,0.0,0.0,1.416,0.271,0,0.248,25.11,0
2026-01-08 10:15:00,10,Thursday,0.296,0.0,0.0,0.0,0.0,1.378,0.296,0,0.244,26.0,0
2026-01-08 10:30:00,10,Thursday,0.282,0.0,0.0,0.0,0.0,1.448,0.282,0,0.26,26.85,0
2026-01-08 10:45:00,10,Thursday,0.234,0.0,0.0,0.0,0.0,1.531,0.234,0,0.254,27.18,0
2026-01-08 11:00:00,11,Thursday,0.245,0.0,0.0,0.0,0.0,1.679,0.245,0,0.262,26.29,0
2026-01-08 11:15:00,11,Thursday,0.273,0.0,0.0,0.0,0.0,1.822,0.273,0,0.252,26.79,0
2026-01-08 11:30:00,11,Thursday,0.304,0.0,0.0,0.0,0.0,1.708,0.304,0,0.239,26.19,0
2026-01-08 11:45:00,11,Thursday,0.318,0.0,0.0,0.0,0.0,1.942,0.318,0,0.252,27.82,0
2026-01-08 12:00:00,12,Thursday,0.241,0.0,0.0,0.0,0.0,1.848,0.241,0,0.245,27.31,0
2026-01-08 12:15:00,12,Thursday,0.226,0.0,0.0,0.0,0.0,1.891,0.226,0,0.251,27.58,0
2026-01-08 12:30:00,12,Thursday,0.306,0.0,0.0,0.0,0.0,1.912,0.306,0,0.25,27.39,0
2026-01-08 12:45:00,12,Thursday,0.271,0.0,0.0,0.0,0.0,1.828,0.271,0,0.238,27.86,0
2026-01-08 13:00:00,13,Thursday,0.347,0.0,0.0,0.0,0.0,1.767,0.347,0,0.246,27.95,0
2026-01-08 13:15:00,13,Thursday,0.295,0.0,0.0,0.0,0.0,1.774,0.295,0,0.249,28.33,0
2026-01-08 13:30:00,13,Thursday,0.237,0.0,0.0,0.0,0.0,1.832,0.237,0,0.242,28.15,0
2026-01-08 13:45:00,13,Thursday,0.282,0.0,0.0,0.0,0.0,1.619,0.282,0,0.258,28.87,0
2026-01-08 14:00:00,14,Thursday,0.277,0.0,0.0,0.0,0.0,1.629,0.277,0,0.247,28.86,0
2026-01-08 14:15:00,14,Thursday,0.269,0.0,0.0,0.0,0.0,1.531,0.269,0,0.238,28.09,0
2026-01-08 14:30:00,14,Thursday,0.272,0.0,0.0,0.0,0.0,1.484,0.272,0,0.257,28.79,0
2026-01-08 14:45:00,14,Thursday,0.268,0.0,0.0,0.0,0.0,1.441,0.268,0,0.264,29.19,0
2026-01-08 15:00:00,15,Thursday,0.295,0.0,0.0,0.0,0.0,1.278,0.295,0,0.263,28.99,0
2026-01-08 15:15:00,15,Thursday,0.293,0.0,0.0,0.0,0.0,1.23,0.293,0,0.258,28.63,0
2026-01-08 15:30:00,15,Thursday,0.289,0.0,0.0,0.0,0.0,1.102,0.289,0,0.256,29.27,0
2026-01-08 15:45:00,15,Thursday,0.264,0.0,0.0,0.0,0.0,1.045,0.264,0,0.256,29.1,0
2026-01-08 16:00:00,16,Thursday,0.297,0.0,0.0,0.0,0.0,0.973,0.297,0,0.248,29.47,0
2026-01-08 16:15:00,16,Thursday,0.256,0.0,0.0,0.0,0.0,0.781,0.256,0,0.243,27.85,0
2026-01-08 16:30:00,16,Thursday,0.279,0.0,0.0,0.0,0.0,0.668,0.279,0,0.254,28.25,0
2026-01-08 16:45:00,16,Thursday,0.295,0.0,0.0,0.0,0.0,0.575,0.295,0,0.245,28.8,0
2026-01-08 17:00:00,17,Thursday,0.344,0.0,0.0,0.0,0.0,0.47,0.344,0,0.257,27.7,0
2026-01-08 17:15:00,17,Thursday,0.331,1.646,0.0,0.0,0.0,0.374,1.977,1.603,0.241,28.15,0
2026-01-08 17:30:00,17,Thursday,0.321,1.552,0.0,0.0,0.0,0.267,1.873,1.607,0.249,27.56,0
2026-01-08 17:45:00,17,Thursday,0.351,1.939,0.0,0.0,0.0,0.171,2.291,2.12,0.243,27.85,0
2026-01-08 18:00:00,18,Thursday,0.299,2.063,1.524,0.0,0.0,0.095,3.886,3.791,0.392,26.8,1
2026-01-08 18:15:00,18,Thursday,0.35,2.109,1.524,0.0,0.0,0.033,3.983,3.95,0.385,27.52,1
2026-01-08 18:30:00,18,Thursday,0.328,2.178,1.524,0.0,0.0,0.0,4.03,4.03,0.404,27.16,1
2026-01-08 18:45:00,18,Thursday,0.337,0.0,1.524,0.0,0.0,0.0,1.861,1.861,0.397,27.65,1
2026-01-08 19:00:00,19,Thursday,0.315,1.566,0.0,0.0,0.0,0.0,1.881,1.881,0.413,27.56,1
2026-01-08 19:15:00,19,Thursday,0.297,2.154,0.0,0.0,2.002,0.0,4.453,4.453,0.399,26.79,1
2026-01-08 19:30:00,19,Thursday,0.354,1.696,0.0,0.0,2.002,0.0,4.052,4.052,0.399,25.86,1
2026-01-08 19:45:00,19,Thursday,0.354,1.562,0.0,1.264,2.002,0.0,5.183,5.183,0.401,25.13,1
2026-01-08 20:00:00,20,Thursday,0.313,2.04,0.0,1.264,0.0,0.0,3.617,3.617,0.396,24.77,0
2026-01-08 20:15:00,20,Thursday,0.357,1.831,0.0,1.264,0.0,0.0,3.452,3.452,0.393,24.42,0
2026-01-08 20:30:00,20,Thursday,0.304,2.114,0.0,1.264,0.0,0.0,3.682,3.682,0.399,24.5,0
2026-01-08 20:45:00,20,Thursday,0.349,0.0,0.0,1.264,0.0,0.0,1.613,1.613,0.398,24.98,0
2026-01-08 21:00:00,21,Thursday,0.346,1.587,0.0,1.264,0.0,0.0,3.197,3.197,0.255,23.55,0
2026-01-08 21:15:00,21,Thursday,0.308,0.0,0.0,0.0,0.0,0.0,0.308,0.308,0.263,23.44,0
2026-01-08 21:30:00,21,Thursday,0.32,2.101,0.0,0.0,0.0,0.0,2.422,2.422,0.254,23.42,0
2026-01-08 21:45:00,21,Thursday,0.306,0.0,0.0,0.0,0.0,0.0,0.306,0.306,0.255,23.03,0
2026-01-08 22:00:00,22,Thursday,0.312,0.0,0.0,0.0,0.0,0.0,0.312,0.312,0.251,23.36,0
2026-01-08 22:15:00,22,Thursday,0.296,0.0,0.0,0.0,0.0,0.0,0.296,0.296,0.252,22.24,0
2026-01-08 22:30:00,22,Thursday,0.322,1.757,0.0,0.0,0.0,0.0,2.079,2.079,0.241,21.54,0
2026-01-08 22:45:00,22,Thursday,0.317,0.0,0.0,0.0,0.0,0.0,0.317,0.317,0.242,22.27,0
2026-01-08 23:00:00,23,Thursday,0.324,0.0,0.0,0.0,0.0,0.0,0.324,0.324,0.14,21.52,0
2026-01-08 23:15:00,23,Thursday,0.296,0.0,0.0,0.0,0.0,0.0,0.296,0.296,0.156,21.26,0
2026-01-08 23:30:00,23,Thursday,0.324,0.0,0.0,0.0,0.0,0.0,0.324,0.324,0.16,21.54,0
2026-01-08 23:45:00,23,Thursday,0.3,0.0,0.0,0.0,0.0,0.0,0.3,0.3,0.134,20.86,0
2026-01-09 00:00:00,0,Friday,0.254,0.0,0.0,0.0,0.0,0.0,0.254,0.254,0.146,19.09,0
2026-01-09 00:15:00,0,Friday,0.275,0.0,0.0,0.0,0.0,0.0,0.275,0.275,0.16,19.54,0
2026-01-09 00:30:00,0,Friday,0.27,0.0,0.0,0.0,0.0,0.0,0.27,0.27,0.157,18.78,0
2026-01-09 00:45:00,0,Friday,0.215,0.0,0.0,0.0,0.0,0.0,0.215,0.215,0.156,19.04,0
2026-01-09 01:00:00,1,Friday,0.31,0.0,0.0,0.0,0.0,0.0,0.31,0.31,0.152,19.64,0
2026-01-09 01:15:00,1,Friday,0.254,0.0,0.0,0.0,0.0,0.0,0.254,0.254,0.147,19.0,0
2026-01-09 01:30:00,1,Friday,0.273,0.0,0.0,0.0,0.0,0.0,0.273,0.273,0.153,18.06,0
2026-01-09 01:45:00,1,Friday,0.261,0.0,0.0,0.0,0.0,0.0,0.261,0.261,0.149,18.72,0
2026-01-09 02:00:00,2,Friday,0.259,0.0,0.0,0.0,0.0,0.0,0.259,0.259,0.154,18.45,0
2026-01-09 02:15:00,2,Friday,0.263,0.0,0.0,0.0,0.0,0.0,0.263,0.263,0.147,17.77,0
2026-01-09 02:30:00,2,Friday,0.268,0.0,0.0,0.0,0.0,0.0,0.268,0.268,0.156,18.58,0
2026-01-09 02:45:00,2,Friday,0.211,0.0,0.0,0.0,0.0,0.0,0.211,0.211,0.154,18.45,0
2026-01-09 03:00:00,3,Friday,0.295,0.0,0.0,0.0,0.0,0.0,0.295,0.295,0.149,18.25,0
2026-01-09 03:15:00,3,Friday,0.264,0.0,0.0,0.0,0.0,0.0,0.264,0.264,0.149,18.8,0
2026-01-09 03:30:00,3,Friday,0.259,0.0,0.0,0.0,0.0,0.0,0.259,0.259,0.151,18.02,0
2026-01-09 03:45:00,3,Friday,0.265,0.0,0.0,0.0,0.0,0.0,0.265,0.265,0.151,18.05,0
2026-01-09 04:00:00,4,Friday,0.225,0.0,0.0,0.0,0.0,0.0,0.225,0.225,0.144,18.38,0
2026-01-09 04:15:00,4,Friday,0.281,0.0,0.0,0.0,0.0,0.0,0.281,0.281,0.143,18.54,0
2026-01-09 04:30:00,4,Friday,0.295,0.0,0.0,0.0,0.0,0.0,0.295,0.295,0.164,18.34,0
2026-01-09 04:45:00,4,Friday,0.235,0.0,0.0,0.0,0.0,0.0,0.235,0.235,0.137,19.59,0
2026-01-09 05:00:00,5,Friday,0.25,0.0,0.0,0.0,0.0,0.0,0.25,0.25,0.146,18.34,0
2026-01-09 05:15:00,5,Friday,0.29,0.0,0.0,0.0,0.0,0.0,0.29,0.29,0.161,18.79,0
2026-01-09 05:30:00,5,Friday,0.234,0.0,0.0,0.0,0.0,0.0,0.234,0.234,0.165,19.47,0
2026-01-09 05:45:00,5,Friday,0.282,0.0,0.0,0.0,0.0,0.0,0.282,0.282,0.144,19.99,0
2026-01-09 06:00:00,6,Friday,0.344,0.0,0.0,0.0,0.0,0.0,0.344,0.344,0.15,19.89,0
2026-01-09 06:15:00,6,Friday,0.304,0.0,0.0,0.0,0.0,0.0,0.304,0.304,0.137,20.47,0
2026-01-09 06:30:00,6,Friday,0.349,0.0,0.0,0.0,0.0,0.0,0.349,0.349,0.147,20.37,0
2026-01-09 06:45:00,6,Friday,0.317,0.0,0.0,0.0,0.0,0.041,0.317,0.276,0.157,20.92,0
2026-01-09 07:00:00,7,Friday,0.33,0.0,0.0,0.0,0.0,0.116,0.33,0.214,0.249,21.17,0
2026-01-09 07:15:00,7,Friday,0.319,0.0,0.0,0.0,0.0,0.22,0.319,0.099,0.256,20.9,0
2026-01-09 07:30:00,7,Friday,0.338,0.0,0.0,0.0,0.0,0.326,0.338,0.012,0.242,21.57,0
2026-01-09 07:45:00,7,Friday,0.356,0.0,0.0,0.0,0.0,0.402,0.356,0,0.247,21.47,0
2026-01-09 08:00:00,8,Friday,0.329,0.0,0.0,0.0,0.0,0.556,0.329,0,0.253,21.23,0
2026-01-09 08:15:00,8,Friday,0.345,0.0,0.0,0.0,0.0,0.672,0.345,0,0.245,21.64,0
2026-01-09 08:30:00,8,Friday,0.333,0.0,0.0,0.0,0.0,0.833,0.333,0,0.257,22.47,0
2026-01-09 08:45:00,8,Friday,0.325,0.0,0.0,0.0,0.0,1.01,0.325,0,0.271,22.31,0
2026-01-09 09:00:00,9,Friday,0.294,0.0,0.0,0.0,0.0,1.103,0.294,0,0.249,23.25,0
2026-01-09 09:15:00,9,Friday,0.258,0.0,0.0,0.0,0.0,1.235,0.258,0,0.259,22.55,0
2026-01-09 09:30:00,9,Friday,0.298,0.0,0.0,0.0,0.0,1.395,0.298,0,0.256,24.21,0
2026-01-09 09:45:00,9,Friday,0.273,0.0,0.0,0.0,0.0,1.488,0.273,0,0.254,23.55,0
2026-01-09 10:00:00,10,Friday,0.239,0.0,0.0,0.0,0.0,1.65,0.239,0,0.241,24.13,0
2026-01-09 10:15:00,10,Friday,0.29,0.0,0.0,0.0,0.0,1.649,0.29,0,0.26,24.53,0
2026-01-09 10:30:00,10,Friday,0.361,0.0,0.0,0.0,0.0,1.787,0.361,0,0.235,24.33,0
2026-01-09 10:45:00,10,Friday,0.281,0.0,0.0,0.0,0.0,1.873,0.281,0,0.248,25.25,0
2026-01-09 11:00:00,11,Friday,0.268,0.0,0.0,0.0,0.0,2.036,0.268,0,0.248,26.18,0
2026-01-09 11:15:00,11,Friday,0.25,0.0,0.0,0.0,0.0,2.063,0.25,0,0.245,26.49,0
2026-01-09 11:30:00,11,Friday,0.236,0.0,0.0,0.0,0.0,2.181,0.236,0,0.26,25.77,0
2026-01-09 11:45:00,11,Friday,0.275,0.0,0.0,0.0,0.0,2.259,0.275,0,0.247,26.38,0
2026-01-09 12:00:00,12,Friday,0.278,0.0,0.0,0.0,0.0,2.225,0.278,0,0.256,26.79,0
2026-01-09 12:15:00,12,Friday,0.253,0.0,0.0,0.0,0.0,2.375,0.253,0,0.259,27.16,0
2026-01-09 12:30:00,12,Friday,0.289,0.0,0.0,0.0,0.0,2.417,0.289,0,0.259,26.72,0
2026-01-09 12:45:00,12,Friday,0.265,0.0,0.0,0.0,0.0,2.233,0.265,0,0.25,25.97,0
2026-01-09 13:00:00,13,Friday,0.26,0.0,0.0,0.0,0.0,2.423,0.26,0,0.243,27.93,0
2026-01-09 13:15:00,13,Friday,0.279,0.0,0.0,0.0,0.0,2.179,0.279,0,0.24,26.62,0
2026-01-09 13:30:00,13,Friday,0.256,0.0,0.0,0.0,0.0,2.126,0.256,0,0.248,27.66,0
2026-01-09 13:45:00,13,Friday,0.273,0.0,0.0,0.0,0.0,1.989,0.273,0,0.257,26.73,0
2026-01-09 14:00:00,14,Friday,0.272,0.0,0.0,0.0,0.0,2.017,0.272,0,0.26,27.05,0
2026-01-09 14:15:00,14,Friday,0.236,0.0,0.0,0.0,0.0,1.969,0.236,0,0.248,28.17,0
2026-01-09 14:30:00,14,Friday,0.262,0.0,0.0,0.0,0.0,1.792,0.262,0,0.25,27.91,0
2026-01-09 14:45:00,14,Friday,0.292,0.0,0.0,0.0,0.0,1.716,0.292,0,0.244,27.76,0
2026-01-09 15:00:00,15,Friday,0.263,0.0,0.0,0.0,0.0,1.722,0.263,0,0.245,28.18,0
2026-01-09 15:15:00,15,Friday,0.266,0.0,0.0,0.0,0.0,1.417,0.266,0,0.25,27.8,0
2026-01-09 15:30:00,15,Friday,0.28,0.0,0.0,0.0,0.0,1.363,0.28,0,0.251,27.12,0
2026-01-09 15:45:00,15,Friday,0.253,0.0,0.0,0.0,0.0,1.235,0.253,0,0.256,27.84,0
2026-01-09 16:00:00,16,Friday,0.277,0.0,0.0,0.0,0.0,1.098,0.277,0,0.259,27.36,0
2026-01-09 16:15:00,16,Friday,0.253,0.0,0.0,0.0,0.0,1.007,0.253,0,0.245,28.39,0
2026-01-09 16:30:00,16,Friday,0.258,0.0,0.0,0.0,0.0,0.807,0.258,0,0.244,26.96,0
2026-01-09 16:45:00,16,Friday,0.281,0.0,0.0,0.0,0.0,0.699,0.281,0,0.243,27.87,0
2026-01-09 17:00:00,17,Friday,0.303,2.097,0.0,0.0,0.0,0.592,2.4,1.808,0.243,27.26,0
2026-01-09 17:15:00,17,Friday,0.329,1.611,0.0,0.0,0.0,0.438,1.94,1.502,0.251,27.62,0
2026-01-09 17:30:00,17,Friday,0.326,1.551,0.0,0.0,0.0,0.318,1.877,1.559,0.239,27.1,0
2026-01-09 17:45:00,17,Friday,0.321,1.824,0.0,0.0,0.0,0.209,2.145,1.936,0.245,26.39,0
2026-01-09 18:00:00,18,Friday,0.322,1.826,1.591,0.0,0.0,0.117,3.738,3.622,0.406,26.72,1
2026-01-09 18:15:00,18,Friday,0.293,0.0,1.591,0.0,0.0,0.046,1.883,1.837,0.396,25.88,1
2026-01-09 18:30:00,18,Friday,0.352,0.0,1.591,0.0,0.0,0.0,1.942,1.942,0.406,26.15,1
2026-01-09 18:45:00,18,Friday,0.334,1.56,1.591,0.0,1.914,0.0,5.398,5.398,0.405,26.32,1
2026-01-09 19:00:00,19,Friday,0.329,0.0,0.0,0.0,1.914,0.0,2.243,2.243,0.404,25.4,1
2026-01-09 19:15:00,19,Friday,0.336,0.0,0.0,0.0,1.914,0.0,2.25,2.25,0.397,25.16,1
2026-01-09 19:30:00,19,Friday,0.332,0.0,0.0,0.0,0.0,0.0,0.332,0.332,0.393,25.53,1
2026-01-09 19:45:00,19,Friday,0.318,0.0,0.0,0.0,0.0,0.0,0.318,0.318,0.401,23.32,1
2026-01-09 20:00:00,20,Friday,0.341,1.73,0.0,0.0,0.0,0.0,2.071,2.071,0.404,24.64,0
2026-01-09 20:15:00,20,Friday,0.31,2.198,0.0,0.0,0.0,0.0,2.508,2.508,0.397,23.73,0
2026-01-09 20:30:00,20,Friday,0.363,0.0,0.0,0.0,0.0,0.0,0.363,0.363,0.397,24.13,0
2026-01-09 20:45:00,20,Friday,0.344,0.0,0.0,0.0,0.0,0.0,0.344,0.344,0.404,23.08,0
2026-01-09 21:00:00,21,Friday,0.329,0.0,0.0,0.0,0.0,0.0,0.329,0.329,0.237,22.94,0
2026-01-09 21:15:00,21,Friday,0.324,0.0,0.0,0.0,0.0,0.0,0.324,0.324,0.246,22.3,0
2026-01-09 21:30:00,21,Friday,0.351,1.609,0.0,0.0,0.0,0.0,1.96,1.96,0.24,22.64,0
2026-01-09 21:45:00,21,Friday,0.34,0.0,0.0,0.0,0.0,0.0,0.34,0.34,0.254,21.24,0
2026-01-09 22:00:00,22,Friday,0.297,0.0,0.0,0.0,0.0,0.0,0.297,0.297,0.24,21.77,0
2026-01-09 22:15:00,22,Friday,0.325,0.0,0.0,0.0,0.0,0.0,0.325,0.325,0.243,22.23,0
2026-01-09 22:30:00,22,Friday,0.34,1.921,0.0,0.0,0.0,0.0,2.261,2.261,0.249,21.13,0
2026-01-09 22:45:00,22,Friday,0.296,0.0,0.0,0.0,0.0,0.0,0.296,0.296,0.241,20.68,0
2026-01-09 23:00:00,23,Friday,0.285,0.0,0.0,0.0,0.0,0.0,0.285,0.285,0.151,20.28,0
2026-01-09 23:15:00,23,Friday,0.3,0.0,0.0,0.0,0.0,0.0,0.3,0.3,0.163,20.02,0
2026-01-09 23:30:00,23,Friday,0.309,0.0,0.0,0.0,0.0,0.0,0.309,0.309,0.143,20.07,0
2026-01-09 23:45:00,23,Friday,0.358,0.0,0.0,0.0,0.0,0.0,0.358,0.358,0.145,20.16,0
2026-01-10 00:00:00,0,Saturday,0.289,0.0,0.0,0.0,0.0,0.0,0.289,0.289,0.148,19.21,0
2026-01-10 00:15:00,0,Saturday,0.343,0.0,0.0,0.0,0.0,0.0,0.343,0.343,0.151,18.29,0
2026-01-10 00:30:00,0,Saturday,0.265,0.0,0.0,0.0,0.0,0.0,0.265,0.265,0.155,18.61,0
2026-01-10 00:45:00,0,Saturday,0.245,0.0,0.0,0.0,0.0,0.0,0.245,0.245,0.147,17.76,0
2026-01-10 01:00:00,1,Saturday,0.208,0.0,0.0,0.0,0.0,0.0,0.208,0.208,0.167,18.13,0
2026-01-10 01:15:00,1,Saturday,0.288,0.0,0.0,0.0,0.0,0.0,0.288,0.288,0.143,17.81,0
2026-01-10 01:30:00,1,Saturday,0.272,0.0,0.0,0.0,0.0,0.0,0.272,0.272,0.157,17.92,0
2026-01-10 01:45:00,1,Saturday,0.25,0.0,0.0,0.0,0.0,0.0,0.25,0.25,0.155,17.14,0
2026-01-10 02:00:00,2,Saturday,0.29,0.0,0.0,0.0,0.0,0.0,0.29,0.29,0.149,16.96,0
2026-01-10 02:15:00,2,Saturday,0.255,0.0,0.0,0.0,0.0,0.0,0.255,0.255,0.16,17.77,0
2026-01-10 02:30:00,2,Saturday,0.298,0.0,0.0,0.0,0.0,0.0,0.298,0.298,0.146,17.24,0
2026-01-10 02:45:00,2,Saturday,0.246,0.0,0.0,0.0,0.0,0.0,0.246,0.246,0.147,18.19,0
2026-01-10 03:00:00,3,Saturday,0.235,0.0,0.0,0.0,0.0,0.0,0.235,0.235,0.153,16.83,0
2026-01-10 03:15:00,3,Saturday,0.257,0.0,0.0,0.0,0.0,0.0,0.257,0.257,0.156,17.26,0
2026-01-10 03:30:00,3,Saturday,0.263,0.0,0.0,0.0,0.0,0.0,0.263,0.263,0.14,17.53,0
2026-01-10 03:45:00,3,Saturday,0.237,0.0,0.0,0.0,0.0,0.0,0.237,0.237,0.143,17.74,0
2026-01-10 04:00:00,4,Saturday,0.308,0.0,0.0,0.0,0.0,0.0,0.308,0.308,0.131,17.3,0
2026-01-10 04:15:00,4,Saturday,0.26,0.0,0.0,0.0,0.0,0.0,0.26,0.26,0.147,17.43,0
2026-01-10 04:30:00,4,Saturday,0.323,0.0,0.0,0.0,0.0,0.0,0.323,0.323,0.146,18.34,0
2026-01-10 04:45:00,4,Saturday,0.267,0.0,0.0,0.0,0.0,0.0,0.267,0.267,0.148,17.78,0
2026-01-10 05:00:00,5,Saturday,0.301,0.0,0.0,0.0,0.0,0.0,0.301,0.301,0.143,18.59,0
2026-01-10 05:15:00,5,Saturday,0.271,0.0,0.0,0.0,0.0,0.0,0.271,0.271,0.138,19.14,0
2026-01-10 05:30:00,5,Saturday,0.251,0.0,0.0,0.0,0.0,0.0,0.251,0.251,0.153,18.52,0
2026-01-10 05:45:00,5,Saturday,0.261,0.0,0.0,0.0,0.0,0.0,0.261,0.261,0.151,18.87,0
2026-01-10 06:00:00,6,Saturday,0.337,0.0,0.0,0.0,0.0,0.0,0.337,0.337,0.151,18.4,0
2026-01-10 06:15:00,6,Saturday,0.317,0.0,0.0,0.0,0.0,0.0,0.317,0.317,0.146,19.04,0
2026-01-10 06:30:00,6,Saturday,0.35,0.0,0.0,0.0,0.0,0.0,0.35,0.35,0.145,19.75,0
2026-01-10 06:45:00,6,Saturday,0.323,0.0,0.0,0.0,0.0,0.034,0.323,0.288,0.157,19.22,0
2026-01-10 07:00:00,7,Saturday,0.316,0.0,0.0,0.0,0.0,0.09,0.316,0.226,0.239,20.02,0
2026-01-10 07:15:00,7,Saturday,0.364,0.0,0.0,0.0,1.945,0.177,2.309,2.132,0.253,20.16,0
2026-01-10 07:30:00,7,Saturday,0.305,0.0,0.0,0.0,1.945,0.263,2.25,1.987,0.252,20.72,0
2026-01-10 07:45:00,7,Saturday,0.311,0.0,0.0,0.0,1.945,0.348,2.256,1.908,0.255,20.28,0
2026-01-10 08:00:00,8,Saturday,0.35,0.0,0.0,0.0,1.945,0.441,2.295,1.854,0.248,20.34,0
2026-01-10 08:15:00,8,Saturday,0.309,0.0,0.0,0.0,0.0,0.561,0.309,0,0.255,21.44,0
2026-01-10 08:30:00,8,Saturday,0.321,0.0,0.0,0.0,0.0,0.672,0.321,0,0.255,21.81,0
2026-01-10 08:45:00,8,Saturday,0.339,0.0,0.0,0.0,0.0,0.755,0.339,0,0.243,20.69,0
2026-01-10 09:00:00,9,Saturday,0.274,0.0,0.0,0.0,0.0,0.881,0.274,0,0.249,21.84,0
2026-01-10 09:15:00,9,Saturday,0.267,0.0,0.0,0.0,0.0,0.97,0.267,0,0.245,22.18,0
2026-01-10 09:30:00,9,Saturday,0.301,0.0,0.0,0.0,0.0,1.058,0.301,0,0.237,23.01,0
2026-01-10 09:45:00,9,Saturday,0.237,0.0,0.0,0.0,0.0,1.188,0.237,0,0.245,23.73,0
2026-01-10 10:00:00,10,Saturday,0.272,0.0,0.0,0.0,0.0,1.303,0.272,0,0.255,22.67,0
2026-01-10 10:15:00,10,Saturday,0.271,0.0,0.0,0.0,0.0,1.325,0.271,0,0.25,24.66,0
2026-01-10 10:30:00,10,Saturday,0.271,0.0,0.0,0.0,0.0,1.448,0.271,0,0.258,24.5,0
2026-01-10 10:45:00,10,Saturday,0.297,0.0,0.0,0.0,0.0,1.426,0.297,0,0.256,24.74,0
2026-01-10 11:00:00,11,Saturday,0.27,0.0,0.0,0.0,0.0,1.525,0.27,0,0.246,24.62,0
2026-01-10 11:15:00,11,Saturday,0.268,0.0,0.0,0.0,0.0,1.616,0.268,0,0.253,24.14,0
2026-01-10 11:30:00,11,Saturday,0.267,0.0,0.0,0.0,0.0,1.67,0.267,0,0.242,24.8,0
2026-01-10 11:45:00,11,Saturday,0.309,0.0,0.0,0.0,0.0,1.726,0.309,0,0.251,25.37,0
2026-01-10 12:00:00,12,Saturday,0.301,0.0,0.0,0.0,0.0,1.815,0.301,0,0.244,26.44,0
2026-01-10 12:15:00,12,Saturday,0.263,0.0,0.0,0.0,0.0,1.715,0.263,0,0.251,25.48,0
2026-01-10 12:30:00,12,Saturday,0.268,0.0,0.0,0.0,0.0,1.805,0.268,0,0.257,26.2,0
2026-01-10 12:45:00,12,Saturday,0.274,0.0,0.0,0.0,0.0,1.75,0.274,0,0.246,26.33,0
2026-01-10 13:00:00,13,Saturday,0.259,0.0,0.0,0.0,0.0,1.8,0.259,0,0.242,25.92,0
2026-01-10 13:15:00,13,Saturday,0.268,0.0,0.0,0.0,0.0,1.781,0.268,0,0.267,26.43,0
2026-01-10 13:30:00,13,Saturday,0.233,0.0,0.0,0.0,0.0,1.686,0.233,0,0.244,26.86,0
2026-01-10 13:45:00,13,Saturday,0.269,0.0,0.0,0.0,0.0,1.665,0.269,0,0.254,26.35,0
2026-01-10 14:00:00,14,Saturday,0.312,0.0,0.0,0.0,0.0,1.557,0.312,0,0.248,27.07,0
2026-01-10 14:15:00,14,Saturday,0.284,0.0,0.0,0.0,0.0,1.569,0.284,0,0.262,26.78,0
2026-01-10 14:30:00,14,Saturday,0.287,0.0,0.0,0.0,0.0,1.477,0.287,0,0.258,26.5,0
2026-01-10 14:45:00,14,Saturday,0.263,0.0,0.0,0.0,0.0,1.395,0.263,0,0.242,26.92,0
2026-01-10 15:00:00,15,Saturday,0.28,0.0,0.0,0.0,0.0,1.238,0.28,0,0.243,27.19,0
2026-01-10 15:15:00,15,Saturday,0.268,0.0,0.0,0.0,0.0,1.164,0.268,0,0.248,26.22,0
2026-01-10 15:30:00,15,Saturday,0.251,0.0,0.0,0.0,0.0,1.099,0.251,0,0.24,27.17,0
2026-01-10 15:45:00,15,Saturday,0.251,0.0,0.0,0.0,0.0,1.004,0.251,0,0.231,27.09,0
2026-01-10 16:00:00,16,Saturday,0.253,0.0,0.0,0.0,0.0,0.873,0.253,0,0.266,26.68,0
2026-01-10 16:15:00,16,Saturday,0.247,0.0,0.0,0.0,0.0,0.774,0.247,0,0.253,26.74,0
2026-01-10 16:30:00,16,Saturday,0.251,0.0,0.0,0.0,0.0,0.611,0.251,0,0.253,26.63,0
2026-01-10 16:45:00,16,Saturday,0.272,0.0,0.0,0.0,0.0,0.547,0.272,0,0.255,26.7,0
2026-01-10 17:00:00,17,Saturday,0.268,1.945,0.0,0.0,0.0,0.461,2.213,1.752,0.244,26.98,0
2026-01-10 17:15:00,17,Saturday,0.305,1.548,0.0,0.0,0.0,0.355,1.854,1.499,0.257,26.81,0
2026-01-10 17:30:00,17,Saturday,0.304,1.709,0.0,0.0,0.0,0.25,2.013,1.763,0.261,25.64,0
2026-01-10 17:45:00,17,Saturday,0.339,0.0,0.0,0.0,0.0,0.167,0.339,0.173,0.25,26.63,0
2026-01-10 18:00:00,18,Saturday,0.314,0.0,0.0,0.0,0.0,0.098,0.314,0.217,0.397,25.99,1
2026-01-10 18:15:00,18,Saturday,0.341,1.969,0.0,0.0,0.0,0.033,2.309,2.276,0.402,26.07,1
2026-01-10 18:30:00,18,Saturday,0.337,2.081,0.0,0.0,0.0,0.0,2.419,2.419,0.401,25.61,1
2026-01-10 18:45:00,18,Saturday,0.341,2.131,0.0,0.0,2.0,0.0,4.472,4.472,0.409,25.38,1
2026-01-10 19:00:00,19,Saturday,0.337,2.027,0.0,0.0,2.0,0.0,4.364,4.364,0.407,25.27,1
2026-01-10 19:15:00,19,Saturday,0.338,1.744,0.0,0.0,0.0,0.0,2.082,2.082,0.402,24.6,1
2026-01-10 19:30:00,19,Saturday,0.326,0.0,1.453,0.0,0.0,0.0,1.778,1.778,0.407,24.13,1
2026-01-10 19:45:00,19,Saturday,0.323,0.0,1.453,0.0,0.0,0.0,1.775,1.775,0.404,23.51,1
2026-01-10 20:00:00,20,Saturday,0.327,0.0,1.453,0.0,0.0,0.0,1.78,1.78,0.402,23.29,0
2026-01-10 20:15:00,20,Saturday,0.346,1.988,1.453,0.0,0.0,0.0,3.786,3.786,0.404,23.38,0
2026-01-10 20:30:00,20,Saturday,0.324,0.0,0.0,0.0,0.0,0.0,0.324,0.324,0.396,22.2,0
2026-01-10 20:45:00,20,Saturday,0.374,0.0,0.0,0.0,0.0,0.0,0.374,0.374,0.411,21.76,0
2026-01-10 21:00:00,21,Saturday,0.354,0.0,0.0,0.0,0.0,0.0,0.354,0.354,0.244,21.84,0
2026-01-10 21:15:00,21,Saturday,0.305,2.048,0.0,0.0,0.0,0.0,2.353,2.353,0.251,21.98,0
2026-01-10 21:30:00,21,Saturday,0.35,0.0,0.0,0.0,0.0,0.0,0.35,0.35,0.255,21.74,0
2026-01-10 21:45:00,21,Saturday,0.332,1.968,0.0,0.0,0.0,0.0,2.299,2.299,0.249,22.2,0
2026-01-10 22:00:00,22,Saturday,0.328,0.0,0.0,0.0,0.0,0.0,0.328,0.328,0.242,21.51,0
2026-01-10 22:15:00,22,Saturday,0.341,0.0,0.0,0.0,0.0,0.0,0.341,0.341,0.256,18.89,0
2026-01-10 22:30:00,22,Saturday,0.314,0.0,0.0,0.0,0.0,0.0,0.314,0.314,0.261,20.17,0
2026-01-10 22:45:00,22,Saturday,0.409,0.0,0.0,0.0,0.0,0.0,0.409,0.409,0.259,19.16,0
2026-01-10 23:00:00,23,Saturday,0.378,0.0,0.0,0.0,0.0,0.0,0.378,0.378,0.143,19.97,0
2026-01-10 23:15:00,23,Saturday,0.356,0.0,0.0,0.0,0.0,0.0,0.356,0.356,0.161,19.13,0
2026-01-10 23:30:00,23,Saturday,0.36,0.0,0.0,0.0,0.0,0.0,0.36,0.36,0.145,19.55,0
2026-01-10 23:45:00,23,Saturday,0.335,0.0,0.0,0.0,0.0,0.0,0.335,0.335,0.143,18.38,0
2026-01-11 00:00:00,0,Sunday,0.212,0.0,0.0,0.0,0.0,0.0,0.212,0.212,0.152,18.03,0
2026-01-11 00:15:00,0,Sunday,0.298,0.0,0.0,0.0,0.0,0.0,0.298,0.298,0.146,17.92,0
2026-01-11 00:30:00,0,Sunday,0.25,0.0,0.0,0.0,0.0,0.0,0.25,0.25,0.157,18.34,0
2026-01-11 00:45:00,0,Sunday,0.285,0.0,0.0,0.0,0.0,0.0,0.285,0.285,0.157,18.25,0
2026-01-11 01:00:00,1,Sunday,0.3,0.0,0.0,0.0,0.0,0.0,0.3,0.3,0.15,17.71,0
2026-01-11 01:15:00,1,Sunday,0.274,0.0,0.0,0.0,0.0,0.0,0.274,0.274,0.149,17.46,0
2026-01-11 01:30:00,1,Sunday,0.215,0.0,0.0,0.0,0.0,0.0,0.215,0.215,0.143,17.12,0
2026-01-11 01:45:00,1,Sunday,0.303,0.0,0.0,0.0,0.0,0.0,0.303,0.303,0.14,16.88,0
2026-01-11 02:00:00,2,Sunday,0.249,0.0,0.0,0.0,0.0,0.0,0.249,0.249,0.148,17.8,0
2026-01-11 02:15:00,2,Sunday,0.293,0.0,0.0,0.0,0.0,0.0,0.293,0.293,0.151,16.32,0
2026-01-11 02:30:00,2,Sunday,0.261,0.0,0.0,0.0,0.0,0.0,0.261,0.261,0.138,17.42,0
2026-01-11 02:45:00,2,Sunday,0.28,0.0,0.0,0.0,0.0,0.0,0.28,0.28,0.156,17.19,0
2026-01-11 03:00:00,3,Sunday,0.256,0.0,0.0,0.0,0.0,0.0,0.256,0.256,0.161,17.71,0
2026-01-11 03:15:00,3,Sunday,0.3,0.0,0.0,0.0,0.0,0.0,0.3,0.3,0.16,16.81,0
2026-01-11 03:30:00,3,Sunday,0.216,0.0,0.0,0.0,0.0,0.0,0.216,0.216,0.158,16.64,0
2026-01-11 03:45:00,3,Sunday,0.257,0.0,0.0,0.0,0.0,0.0,0.257,0.257,0.145,16.74,0
2026-01-11 04:00:00,4,Sunday,0.306,0.0,0.0,0.0,0.0,0.0,0.306,0.306,0.152,16.88,0
2026-01-11 04:15:00,4,Sunday,0.328,0.0,0.0,0.0,0.0,0.0,0.328,0.328,0.138,17.73,0
2026-01-11 04:30:00,4,Sunday,0.321,0.0,0.0,0.0,0.0,0.0,0.321,0.321,0.162,16.2,0
2026-01-11 04:45:00,4,Sunday,0.225,0.0,0.0,0.0,0.0,0.0,0.225,0.225,0.132,17.43,0
2026-01-11 05:00:00,5,Sunday,0.266,0.0,0.0,0.0,0.0,0.0,0.266,0.266,0.154,17.91,0
2026-01-11 05:15:00,5,Sunday,0.296,0.0,0.0,0.0,0.0,0.0,0.296,0.296,0.153,17.34,0
2026-01-11 05:30:00,5,Sunday,0.341,0.0,0.0,0.0,0.0,0.0,0.341,0.341,0.138,18.05,0
2026-01-11 05:45:00,5,Sunday,0.303,0.0,0.0,0.0,0.0,0.0,0.303,0.303,0.156,18.96,0
2026-01-11 06:00:00,6,Sunday,0.29,0.0,0.0,0.0,0.0,0.0,0.29,0.29,0.152,17.76,0
2026-01-11 06:15:00,6,Sunday,0.33,0.0,0.0,0.0,0.0,0.0,0.33,0.33,0.148,18.71,0
2026-01-11 06:30:00,6,Sunday,0.342,0.0,0.0,0.0,0.0,0.0,0.342,0.342,0.169,18.83,0
2026-01-11 06:45:00,6,Sunday,0.323,0.0,0.0,0.0,0.0,0.035,0.323,0.288,0.151,19.09,0
2026-01-11 07:00:00,7,Sunday,0.311,0.0,0.0,0.0,0.0,0.102,0.311,0.209,0.248,19.75,0
2026-01-11 07:15:00,7,Sunday,0.353,0.0,0.0,0.0,0.0,0.193,0.353,0.16,0.244,20.03,0
2026-01-11 07:30:00,7,Sunday,0.303,0.0,0.0,0.0,0.0,0.282,0.303,0.021,0.239,20.35,0
2026-01-11 07:45:00,7,Sunday,0.373,0.0,0.0,0.0,0.0,0.401,0.373,0,0.249,19.97,0
2026-01-11 08:00:00,8,Sunday,0.351,0.0,0.0,0.0,0.0,0.507,0.351,0,0.256,20.41,0
2026-01-11 08:15:00,8,Sunday,0.342,0.0,0.0,0.0,0.0,0.636,0.342,0,0.244,20.77,0
2026-01-11 08:30:00,8,Sunday,0.299,0.0,0.0,0.0,0.0,0.747,0.299,0,0.248,21.07,0
2026-01-11 08:45:00,8,Sunday,0.301,0.0,0.0,0.0,0.0,0.836,0.301,0,0.251,21.32,0
2026-01-11 09:00:00,9,Sunday,0.271,0.0,0.0,0.0,0.0,1.001,0.271,0,0.256,21.65,0
2026-01-11 09:15:00,9,Sunday,0.281,0.0,0.0,0.0,0.0,1.087,0.281,0,0.243,21.98,0
2026-01-11 09:30:00,9,Sunday,0.28,0.0,0.0,0.0,0.0,1.244,0.28,0,0.26,22.63,0
2026-01-11 09:45:00,9,Sunday,0.263,0.0,0.0,0.0,0.0,1.258,0.263,0,0.253,23.34,0
2026-01-11 10:00:00,10,Sunday,0.29,0.0,0.0,0.0,0.0,1.442,0.29,0,0.244,22.96,0
2026-01-11 10:15:00,10,Sunday,0.227,0.0,0.0,0.0,0.0,1.497,0.227,0,0.256,23.44,0
2026-01-11 10:30:00,10,Sunday,0.289,0.0,0.0,0.0,0.0,1.593,0.289,0,0.244,23.84,0
2026-01-11 10:45:00,10,Sunday,0.252,0.0,0.0,0.0,0.0,1.652,0.252,0,0.238,24.05,0
2026-01-11 11:00:00,11,Sunday,0.275,0.0,0.0,0.0,0.0,1.822,0.275,0,0.256,24.19,0
2026-01-11 11:15:00,11,Sunday,0.312,0.0,0.0,0.0,0.0,1.924,0.312,0,0.251,24.75,0
2026-01-11 11:30:00,11,Sunday,0.293,0.0,0.0,0.0,0.0,1.818,0.293,0,0.248,24.52,0
2026-01-11 11:45:00,11,Sunday,0.296,0.0,0.0,0.0,0.0,2.006,0.296,0,0.258,24.97,0
2026-01-11 12:00:00,12,Sunday,0.318,0.0,0.0,0.0,0.0,1.939,0.318,0,0.244,25.52,0
2026-01-11 12:15:00,12,Sunday,0.268,0.0,0.0,0.0,0.0,2.088,0.268,0,0.252,25.72,0
2026-01-11 12:30:00,12,Sunday,0.29,0.0,0.0,0.0,0.0,2.125,0.29,0,0.254,25.62,0
2026-01-11 12:45:00,12,Sunday,0.265,0.0,0.0,0.0,0.0,1.983,0.265,0,0.251,26.03,0
2026-01-11 13:00:00,13,Sunday,0.296,0.0,0.0,0.0,0.0,2.082,0.296,0,0.249,25.6,0
2026-01-11 13:15:00,13,Sunday,0.225,0.0,0.0,0.0,0.0,1.916,0.225,0,0.24,25.95,0
2026-01-11 13:30:00,13,Sunday,0.246,0.0,0.0,0.0,0.0,1.785,0.246,0,0.246,26.39,0
2026-01-11 13:45:00,13,Sunday,0.219,0.0,0.0,0.0,0.0,1.883,0.219,0,0.253,26.1,0
2026-01-11 14:00:00,14,Sunday,0.272,0.0,0.0,0.0,0.0,1.878,0.272,0,0.246,26.21,0
2026-01-11 14:15:00,14,Sunday,0.216,0.0,0.0,0.0,0.0,1.72,0.216,0,0.249,26.06,0
2026-01-11 14:30:00,14,Sunday,0.234,0.0,0.0,0.0,0.0,1.615,0.234,0,0.256,26.73,0
2026-01-11 14:45:00,14,Sunday,0.271,0.0,0.0,0.0,0.0,1.509,0.271,0,0.257,26.39,0
2026-01-11 15:00:00,15,Sunday,0.263,0.0,0.0,0.0,0.0,1.45,0.263,0,0.256,27.76,0
2026-01-11 15:15:00,15,Sunday,0.204,0.0,0.0,0.0,0.0,1.397,0.204,0,0.245,26.33,0
2026-01-11 15:30:00,15,Sunday,0.304,0.0,0.0,0.0,0.0,1.163,0.304,0,0.239,25.1,0
2026-01-11 15:45:00,15,Sunday,0.267,0.0,0.0,0.0,0.0,1.186,0.267,0,0.253,25.85,0
2026-01-11 16:00:00,16,Sunday,0.265,0.0,0.0,0.0,0.0,0.955,0.265,0,0.265,26.54,0
2026-01-11 16:15:00,16,Sunday,0.261,0.0,0.0,0.0,0.0,0.881,0.261,0,0.242,26.6,0
2026-01-11 16:30:00,16,Sunday,0.283,0.0,0.0,0.0,0.0,0.746,0.283,0,0.264,25.31,0
2026-01-11 16:45:00,16,Sunday,0.244,0.0,0.0,0.0,0.0,0.614,0.244,0,0.244,25.45,0
2026-01-11 17:00:00,17,Sunday,0.337,0.0,0.0,0.0,0.0,0.475,0.337,0,0.248,25.7,0
2026-01-11 17:15:00,17,Sunday,0.383,0.0,0.0,0.0,0.0,0.377,0.383,0.006,0.249,25.35,0
2026-01-11 17:30:00,17,Sunday,0.326,0.0,0.0,0.0,0.0,0.281,0.326,0.044,0.249,25.37,0
2026-01-11 17:45:00,17,Sunday,0.316,0.0,0.0,0.0,0.0,0.194,0.316,0.122,0.252,25.91,0
2026-01-11 18:00:00,18,Sunday,0.349,0.0,0.0,0.0,0.0,0.104,0.349,0.245,0.39,24.77,1
2026-01-11 18:15:00,18,Sunday,0.328,0.0,0.0,0.0,1.979,0.039,2.306,2.267,0.392,24.84,1
2026-01-11 18:30:00,18,Sunday,0.306,2.022,1.509,0.0,1.979,0.0,5.815,5.815,0.401,24.14,1
2026-01-11 18:45:00,18,Sunday,0.321,1.988,1.509,0.0,1.979,0.0,5.796,5.796,0.397,24.65,1
2026-01-11 19:00:00,19,Sunday,0.274,0.0,1.509,0.0,0.0,0.0,1.782,1.782,0.387,24.13,1
2026-01-11 19:15:00,19,Sunday,0.339,0.0,1.509,0.0,0.0,0.0,1.847,1.847,0.399,23.83,1
2026-01-11 19:30:00,19,Sunday,0.359,1.647,0.0,0.0,0.0,0.0,2.005,2.005,0.394,23.5,1
2026-01-11 19:45:00,19,Sunday,0.339,1.976,0.0,0.0,0.0,0.0,2.315,2.315,0.41,23.11,1
2026-01-11 20:00:00,20,Sunday,0.326,0.0,0.0,0.0,0.0,0.0,0.326,0.326,0.397,23.48,0
2026-01-11 20:15:00,20,Sunday,0.299,0.0,0.0,0.0,0.0,0.0,0.299,0.299,0.408,22.38,0
2026-01-11 20:30:00,20,Sunday,0.346,0.0,0.0,0.0,0.0,0.0,0.346,0.346,0.405,22.5,0
2026-01-11 20:45:00,20,Sunday,0.333,0.0,0.0,0.0,0.0,0.0,0.333,0.333,0.412,21.41,0
2026-01-11 21:00:00,21,Sunday,0.303,0.0,0.0,0.0,0.0,0.0,0.303,0.303,0.248,21.99,0
2026-01-11 21:15:00,21,Sunday,0.317,0.0,0.0,0.0,0.0,0.0,0.317,0.317,0.237,21.77,0
2026-01-11 21:30:00,21,Sunday,0.289,1.849,0.0,1.236,0.0,0.0,3.374,3.374,0.266,21.68,0
2026-01-11 21:45:00,21,Sunday,0.354,0.0,0.0,1.236,0.0,0.0,1.59,1.59,0.258,20.87,0
2026-01-11 22:00:00,22,Sunday,0.358,0.0,0.0,1.236,0.0,0.0,1.594,1.594,0.264,20.52,0
2026-01-11 22:15:00,22,Sunday,0.323,0.0,0.0,1.236,0.0,0.0,1.559,1.559,0.247,19.87,0
2026-01-11 22:30:00,22,Sunday,0.329,0.0,0.0,1.236,0.0,0.0,1.565,1.565,0.227,19.28,0
2026-01-11 22:45:00,22,Sunday,0.307,0.0,0.0,1.236,0.0,0.0,1.543,1.543,0.239,19.71,0
2026-01-11 23:00:00,23,Sunday,0.375,0.0,0.0,0.0,0.0,0.0,0.375,0.375,0.143,19.76,0
2026-01-11 23:15:00,23,Sunday,0.357,0.0,0.0,0.0,0.0,0.0,0.357,0.357,0.143,18.87,0
2026-01-11 23:30:00,23,Sunday,0.292,0.0,0.0,0.0,0.0,0.0,0.292,0.292,0.153,18.83,0
2026-01-11 23:45:00,23,Sunday,0.347,0.0,0.0,0.0,0.0,0.0,0.347,0.347,0.138,19.03,0
2026-01-12 00:00:00,0,Monday,0.259,0.0,0.0,0.0,0.0,0.0,0.259,0.259,0.16,19.23,0
2026-01-12 00:15:00,0,Monday,0.267,0.0,0.0,0.0,0.0,0.0,0.267,0.267,0.153,17.61,0
2026-01-12 00:30:00,0,Monday,0.275,0.0,0.0,0.0,0.0,0.0,0.275,0.275,0.154,18.73,0
2026-01-12 00:45:00,0,Monday,0.301,0.0,0.0,0.0,0.0,0.0,0.301,0.301,0.168,17.71,0
2026-01-12 01:00:00,1,Monday,0.268,0.0,0.0,0.0,0.0,0.0,0.268,0.268,0.148,17.55,0
2026-01-12 01:15:00,1,Monday,0.248,0.0,0.0,0.0,0.0,0.0,0.248,0.248,0.162,18.27,0
2026-01-12 01:30:00,1,Monday,0.249,0.0,0.0,0.0,0.0,0.0,0.249,0.249,0.154,17.03,0
2026-01-12 01:45:00,1,Monday,0.27,0.0,0.0,0.0,0.0,0.0,0.27,0.27,0.159,17.5,0
2026-01-12 02:00:00,2,Monday,0.228,0.0,0.0,0.0,0.0,0.0,0.228,0.228,0.158,16.75,0
2026-01-12 02:15:00,2,Monday,0.233,0.0,0.0,0.0,0.0,0.0,0.233,0.233,0.152,17.18,0
2026-01-12 02:30:00,2,Monday,0.25,0.0,0.0,0.0,0.0,0.0,0.25,0.25,0.153,17.24,0
2026-01-12 02:45:00,2,Monday,0.266,0.0,0.0,0.0,0.0,0.0,0.266,0.266,0.156,16.48,0
2026-01-12 03:00:00,3,Monday,0.299,0.0,0.0,0.0,0.0,0.0,0.299,0.299,0.155,18.19,0
2026-01-12 03:15:00,3,Monday,0.267,0.0,0.0,0.0,0.0,0.0,0.267,0.267,0.15,16.28,0
2026-01-12 03:30:00,3,Monday,0.257,0.0,0.0,0.0,0.0,0.0,0.257,0.257,0.152,17.29,0
2026-01-12 03:45:00,3,Monday,0.307,0.0,0.0,0.0,0.0,0.0,0.307,0.307,0.139,17.67,0
2026-01-12 04:00:00,4,Monday,0.238,0.0,0.0,0.0,0.0,0.0,0.238,0.238,0.149,17.32,0
2026-01-12 04:15:00,4,Monday,0.263,0.0,0.0,0.0,0.0,0.0,0.263,0.263,0.159,16.64,0
2026-01-12 04:30:00,4,Monday,0.27,0.0,0.0,0.0,0.0,0.0,0.27,0.27,0.153,17.67,0
2026-01-12 04:45:00,4,Monday,0.308,0.0,0.0,0.0,0.0,0.0,0.308,0.308,0.139,17.67,0
2026-01-12 05:00:00,5,Monday,0.263,0.0,0.0,0.0,0.0,0.0,0.263,0.263,0.155,17.34,0
2026-01-12 05:15:00,5,Monday,0.227,0.0,0.0,0.0,0.0,0.0,0.227,0.227,0.153,17.45,0
2026-01-12 05:30:00,5,Monday,0.249,0.0,0.0,0.0,0.0,0.0,0.249,0.249,0.149,18.51,0
2026-01-12 05:45:00,5,Monday,0.298,0.0,0.0,0.0,0.0,0.0,0.298,0.298,0.145,18.11,0
2026-01-12 06:00:00,6,Monday,0.34,0.0,0.0,0.0,0.0,0.0,0.34,0.34,0.14,18.45,0
2026-01-12 06:15:00,6,Monday,0.345,0.0,0.0,0.0,0.0,0.0,0.345,0.345,0.142,18.84,0
2026-01-12 06:30:00,6,Monday,0.364,0.0,0.0,0.0,0.0,0.0,0.364,0.364,0.143,19.11,0
2026-01-12 06:45:00,6,Monday,0.305,0.0,0.0,0.0,0.0,0.048,0.305,0.257,0.144,19.26,0
2026-01-12 07:00:00,7,Monday,0.371,0.0,0.0,0.0,0.0,0.122,0.371,0.249,0.241,19.08,0
2026-01-12 07:15:00,7,Monday,0.317,0.0,0.0,0.0,0.0,0.237,0.317,0.08,0.255,19.94,0
2026-01-12 07:30:00,7,Monday,0.339,0.0,0.0,0.0,0.0,0.31,0.339,0.029,0.241,19.03,0
2026-01-12 07:45:00,7,Monday,0.377,0.0,0.0,0.0,0.0,0.473,0.377,0,0.248,19.67,0
2026-01-12 08:00:00,8,Monday,0.33,0.0,0.0,0.0,0.0,0.578,0.33,0,0.243,19.61,0
2026-01-12 08:15:00,8,Monday,0.376,0.0,0.0,0.0,0.0,0.745,0.376,0,0.247,21.08,0
2026-01-12 08:30:00,8,Monday,0.343,0.0,0.0,0.0,0.0,0.837,0.343,0,0.244,21.33,0
2026-01-12 08:45:00,8,Monday,0.353,0.0,0.0,0.0,0.0,0.992,0.353,0,0.263,21.76,0
2026-01-12 09:00:00,9,Monday,0.306,0.0,0.0,0.0,0.0,1.166,0.306,0,0.259,21.47,0
2026-01-12 09:15:00,9,Monday,0.259,0.0,0.0,0.0,0.0,1.278,0.259,0,0.263,21.56,0
2026-01-12 09:30:00,9,Monday,0.268,0.0,0.0,0.0,0.0,1.425,0.268,0,0.24,22.36,0
2026-01-12 09:45:00,9,Monday,0.291,0.0,0.0,0.0,0.0,1.653,0.291,0,0.25,23.45,0
2026-01-12 10:00:00,10,Monday,0.273,0.0,0.0,0.0,0.0,1.769,0.273,0,0.254,22.24,0
2026-01-12 10:15:00,10,Monday,0.253,0.0,0.0,0.0,0.0,1.771,0.253,0,0.257,23.63,0
2026-01-12 10:30:00,10,Monday,0.265,0.0,0.0,0.0,0.0,1.973,0.265,0,0.24,24.03,0
2026-01-12 10:45:00,10,Monday,0.267,0.0,0.0,0.0,0.0,2.038,0.267,0,0.257,23.95,0
2026-01-12 11:00:00,11,Monday,0.313,0.0,0.0,0.0,0.0,2.16,0.313,0,0.247,23.78,0
2026-01-12 11:15:00,11,Monday,0.257,0.0,0.0,0.0,0.0,2.155,0.257,0,0.249,25.05,0
2026-01-12 11:30:00,11,Monday,0.248,0.0,0.0,0.0,0.0,2.314,0.248,0,0.227,24.54,0
2026-01-12 11:45:00,11,Monday,0.257,0.0,0.0,0.0,0.0,2.285,0.257,0,0.252,25.24,0
2026-01-12 12:00:00,12,Monday,0.251,0.0,0.0,0.0,0.0,2.314,0.251,0,0.262,25.32,0
2026-01-12 12:15:00,12,Monday,0.251,0.0,0.0,0.0,0.0,2.327,0.251,0,0.257,26.07,0
2026-01-12 12:30:00,12,Monday,0.217,0.0,0.0,0.0,0.0,2.278,0.217,0,0.243,26.69,0
2026-01-12 12:45:00,12,Monday,0.26,0.0,0.0,0.0,0.0,2.411,0.26,0,0.249,26.56,0
2026-01-12 13:00:00,13,Monday,0.252,0.0,0.0,0.0,0.0,2.299,0.252,0,0.25,26.87,0
2026-01-12 13:15:00,13,Monday,0.268,0.0,0.0,0.0,0.0,2.268,0.268,0,0.241,26.25,0
2026-01-12 13:30:00,13,Monday,0.237,0.0,0.0,0.0,0.0,2.297,0.237,0,0.245,26.13,0
2026-01-12 13:45:00,13,Monday,0.266,0.0,0.0,0.0,0.0,2.179,0.266,0,0.251,26.68,0
2026-01-12 14:00:00,14,Monday,0.257,0.0,0.0,0.0,0.0,2.096,0.257,0,0.24,26.64,0
2026-01-12 14:15:00,14,Monday,0.307,0.0,0.0,0.0,0.0,2.026,0.307,0,0.244,26.43,0
2026-01-12 14:30:00,14,Monday,0.266,0.0,0.0,0.0,0.0,1.903,0.266,0,0.242,26.47,0
2026-01-12 14:45:00,14,Monday,0.247,0.0,0.0,0.0,0.0,1.873,0.247,0,0.247,26.11,0
2026-01-12 15:00:00,15,Monday,0.272,0.0,0.0,0.0,0.0,1.671,0.272,0,0.251,26.3,0
2026-01-12 15:15:00,15,Monday,0.258,0.0,0.0,0.0,0.0,1.649,0.258,0,0.237,25.95,0
2026-01-12 15:30:00,15,Monday,0.253,0.0,0.0,0.0,0.0,1.416,0.253,0,0.247,26.33,0
2026-01-12 15:45:00,15,Monday,0.276,0.0,0.0,0.0,0.0,1.281,0.276,0,0.263,26.31,0
2026-01-12 16:00:00,16,Monday,0.258,0.0,0.0,0.0,0.0,1.172,0.258,0,0.258,26.35,0
2026-01-12 16:15:00,16,Monday,0.275,0.0,0.0,0.0,0.0,1.036,0.275,0,0.249,26.44,0
2026-01-12 16:30:00,16,Monday,0.3,0.0,0.0,0.0,0.0,0.884,0.3,0,0.242,26.15,0
2026-01-12 16:45:00,16,Monday,0.268,0.0,0.0,0.0,0.0,0.735,0.268,0,0.248,26.73,0
2026-01-12 17:00:00,17,Monday,0.33,0.0,0.0,0.0,0.0,0.607,0.33,0,0.254,25.61,0
2026-01-12 17:15:00,17,Monday,0.367,0.0,0.0,0.0,0.0,0.459,0.367,0,0.249,25.58,0
2026-01-12 17:30:00,17,Monday,0.304,0.0,0.0,0.0,0.0,0.332,0.304,0,0.246,26.28,0
2026-01-12 17:45:00,17,Monday,0.355,0.0,0.0,0.0,0.0,0.227,0.355,0.128,0.253,25.14,0
2026-01-12 18:00:00,18,Monday,0.319,1.561,0.0,0.0,0.0,0.124,1.88,1.756,0.405,25.12,1
2026-01-12 18:15:00,18,Monday,0.351,0.0,0.0,0.0,0.0,0.045,0.351,0.305,0.404,25.25,1
2026-01-12 18:30:00,18,Monday,0.333,1.511,0.0,0.0,0.0,0.0,1.844,1.844,0.409,24.48,1
2026-01-12 18:45:00,18,Monday,0.319,0.0,1.502,0.0,0.0,0.0,1.82,1.82,0.39,24.54,1
2026-01-12 19:00:00,19,Monday,0.368,2.025,1.502,0.0,0.0,0.0,3.894,3.894,0.422,23.87,1
2026-01-12 19:15:00,19,Monday,0.377,0.0,1.502,0.0,1.852,0.0,3.731,3.731,0.398,24.31,1
2026-01-12 19:30:00,19,Monday,0.317,0.0,1.502,0.0,1.852,0.0,3.671,3.671,0.393,23.45,1
2026-01-12 19:45:00,19,Monday,0.293,0.0,0.0,0.0,1.852,0.0,2.145,2.145,0.398,23.68,1
2026-01-12 20:00:00,20,Monday,0.355,0.0,0.0,0.0,0.0,0.0,0.355,0.355,0.403,23.69,0
2026-01-12 20:15:00,20,Monday,0.349,0.0,0.0,0.0,0.0,0.0,0.349,0.349,0.417,23.11,0
2026-01-12 20:30:00,20,Monday,0.362,0.0,0.0,0.0,0.0,0.0,0.362,0.362,0.398,21.72,0
2026-01-12 20:45:00,20,Monday,0.334,0.0,0.0,0.0,0.0,0.0,0.334,0.334,0.414,21.45,0
2026-01-12 21:00:00,21,Monday,0.322,0.0,0.0,0.0,0.0,0.0,0.322,0.322,0.242,21.71,0
2026-01-12 21:15:00,21,Monday,0.301,0.0,0.0,0.0,0.0,0.0,0.301,0.301,0.241,21.35,0
2026-01-12 21:30:00,21,Monday,0.294,0.0,0.0,1.161,0.0,0.0,1.456,1.456,0.246,21.35,0
2026-01-12 21:45:00,21,Monday,0.326,2.099,0.0,1.161,0.0,0.0,3.587,3.587,0.24,21.22,0
2026-01-12 22:00:00,22,Monday,0.286,0.0,0.0,1.161,0.0,0.0,1.448,1.448,0.244,20.17,0
2026-01-12 22:15:00,22,Monday,0.341,0.0,0.0,1.161,0.0,0.0,1.502,1.502,0.243,20.18,0
2026-01-12 22:30:00,22,Monday,0.334,0.0,0.0,1.161,0.0,0.0,1.496,1.496,0.244,19.8,0
2026-01-12 22:45:00,22,Monday,0.319,0.0,0.0,0.0,0.0,0.0,0.319,0.319,0.249,20.02,0
2026-01-12 23:00:00,23,Monday,0.297,0.0,0.0,0.0,0.0,0.0,0.297,0.297,0.139,19.42,0
2026-01-12 23:15:00,23,Monday,0.319,0.0,0.0,0.0,0.0,0.0,0.319,0.319,0.158,18.6,0
2026-01-12 23:30:00,23,Monday,0.324,0.0,0.0,0.0,0.0,0.0,0.324,0.324,0.146,18.14,0
2026-01-12 23:45:00,23,Monday,0.33,0.0,0.0,0.0,0.0,0.0,0.33,0.33,0.168,18.97,0
2026-01-13 00:00:00,0,Tuesday,0.248,0.0,0.0,0.0,0.0,0.0,0.248,0.248,0.159,18.61,0
2026-01-13 00:15:00,0,Tuesday,0.278,0.0,0.0,0.0,0.0,0.0,0.278,0.278,0.164,18.11,0
2026-01-13 00:30:00,0,Tuesday,0.259,0.0,0.0,0.0,0.0,0.0,0.259,0.259,0.149,18.23,0
2026-01-13 00:45:00,0,Tuesday,0.277,0.0,0.0,0.0,0.0,0.0,0.277,0.277,0.15,17.5,0
2026-01-13 01:00:00,1,Tuesday,0.271,0.0,0.0,0.0,0.0,0.0,0.271,0.271,0.157,17.71,0
2026-01-13 01:15:00,1,Tuesday,0.276,0.0,0.0,0.0,0.0,0.0,0.276,0.276,0.138,17.87,0
2026-01-13 01:30:00,1,Tuesday,0.28,0.0,0.0,0.0,0.0,0.0,0.28,0.28,0.143,17.5,0
2026-01-13 01:45:00,1,Tuesday,0.223,0.0,0.0,0.0,0.0,0.0,0.223,0.223,0.14,17.86,0
2026-01-13 02:00:00,2,Tuesday,0.274,0.0,0.0,0.0,0.0,0.0,0.274,0.274,0.159,17.35,0
2026-01-13 02:15:00,2,Tuesday,0.291,0.0,0.0,0.0,0.0,0.0,0.291,0.291,0.156,17.5,0
2026-01-13 02:30:00,2,Tuesday,0.27,0.0,0.0,0.0,0.0,0.0,0.27,0.27,0.143,17.44,0
2026-01-13 02:45:00,2,Tuesday,0.254,0.0,0.0,0.0,0.0,0.0,0.254,0.254,0.154,17.74,0
2026-01-13 03:00:00,3,Tuesday,0.269,0.0,0.0,0.0,0.0,0.0,0.269,0.269,0.151,17.1,0
2026-01-13 03:15:00,3,Tuesday,0.265,0.0,0.0,0.0,0.0,0.0,0.265,0.265,0.152,16.44,0
2026-01-13 03:30:00,3,Tuesday,0.297,0.0,0.0,0.0,0.0,0.0,0.297,0.297,0.152,17.53,0
2026-01-13 03:45:00,3,Tuesday,0.234,0.0,0.0,0.0,0.0,0.0,0.234,0.234,0.161,17.26,0
2026-01-13 04:00:00,4,Tuesday,0.258,0.0,0.0,0.0,0.0,0.0,0.258,0.258,0.147,17.52,0
2026-01-13 04:15:00,4,Tuesday,0.244,0.0,0.0,0.0,0.0,0.0,0.244,0.244,0.15,17.34,0
2026-01-13 04:30:00,4,Tuesday,0.265,0.0,0.0,0.0,0.0,0.0,0.265,0.265,0.143,18.13,0
2026-01-13 04:45:00,4,Tuesday,0.284,0.0,0.0,0.0,0.0,0.0,0.284,0.284,0.146,17.8,0
2026-01-13 05:00:00,5,Tuesday,0.301,0.0,0.0,0.0,0.0,0.0,0.301,0.301,0.161,18.5,0
2026-01-13 05:15:00,5,Tuesday,0.258,0.0,0.0,0.0,0.0,0.0,0.258,0.258,0.152,18.0,0
2026-01-13 05:30:00,5,Tuesday,0.259,0.0,0.0,0.0,0.0,0.0,0.259,0.259,0.156,18.8,0
2026-01-13 05:45:00,5,Tuesday,0.268,0.0,0.0,0.0,0.0,0.0,0.268,0.268,0.16,18.8,0
2026-01-13 06:00:00,6,Tuesday,0.359,0.0,0.0,0.0,0.0,0.0,0.359,0.359,0.142,17.92,0
2026-01-13 06:15:00,6,Tuesday,0.334,0.0,0.0,0.0,1.886,0.0,2.219,2.219,0.132,18.53,0
2026-01-13 06:30:00,6,Tuesday,0.278,0.0,0.0,0.0,1.886,0.0,2.163,2.163,0.161,18.67,0
2026-01-13 06:45:00,6,Tuesday,0.322,0.0,0.0,0.0,1.886,0.034,2.208,2.174,0.152,19.93,0
2026-01-13 07:00:00,7,Tuesday,0.311,0.0,0.0,0.0,1.886,0.089,2.197,2.108,0.252,20.59,0
2026-01-13 07:15:00,7,Tuesday,0.344,0.0,0.0,0.0,0.0,0.164,0.344,0.18,0.242,20.14,0
2026-01-13 07:30:00,7,Tuesday,0.311,0.0,0.0,0.0,0.0,0.256,0.311,0.055,0.245,19.72,0
2026-01-13 07:45:00,7,Tuesday,0.288,0.0,0.0,0.0,0.0,0.327,0.288,0,0.25,20.98,0
2026-01-13 08:00:00,8,Tuesday,0.329,0.0,0.0,0.0,0.0,0.475,0.329,0,0.258,20.52,0
2026-01-13 08:15:00,8,Tuesday,0.332,0.0,0.0,0.0,0.0,0.528,0.332,0,0.245,21.14,0
2026-01-13 08:30:00,8,Tuesday,0.315,0.0,0.0,0.0,0.0,0.637,0.315,0,0.249,22.74,0
2026-01-13 08:45:00,8,Tuesday,0.297,0.0,0.0,0.0,0.0,0.778,0.297,0,0.244,21.96,0
2026-01-13 09:00:00,9,Tuesday,0.249,0.0,0.0,0.0,0.0,0.845,0.249,0,0.238,22.2,0
2026-01-13 09:15:00,9,Tuesday,0.256,0.0,0.0,0.0,0.0,0.892,0.256,0,0.252,21.66,0
2026-01-13 09:30:00,9,Tuesday,0.258,0.0,0.0,0.0,0.0,1.051,0.258,0,0.251,22.63,0
2026-01-13 09:45:00,9,Tuesday,0.249,0.0,0.0,0.0,0.0,1.223,0.249,0,0.254,22.88,0
2026-01-13 10:00:00,10,Tuesday,0.266,0.0,0.0,0.0,0.0,1.319,0.266,0,0.252,24.09,0
2026-01-13 10:15:00,10,Tuesday,0.262,0.0,0.0,0.0,0.0,1.318,0.262,0,0.251,23.61,0
2026-01-13 10:30:00,10,Tuesday,0.285,0.0,0.0,0.0,0.0,1.375,0.285,0,0.242,24.35,0
2026-01-13 10:45:00,10,Tuesday,0.257,0.0,0.0,0.0,0.0,1.467,0.257,0,0.246,24.4,0
2026-01-13 11:00:00,11,Tuesday,0.222,0.0,0.0,0.0,0.0,1.557,0.222,0,0.246,24.59,0
2026-01-13 11:15:00,11,Tuesday,0.281,0.0,0.0,0.0,0.0,1.573,0.281,0,0.242,25.72,0
2026-01-13 11:30:00,11,Tuesday,0.272,0.0,0.0,0.0,0.0,1.668,0.272,0,0.25,25.37,0
2026-01-13 11:45:00,11,Tuesday,0.27,0.0,0.0,0.0,0.0,1.688,0.27,0,0.255,25.1,0
2026-01-13 12:00:00,12,Tuesday,0.288,0.0,0.0,0.0,0.0,1.801,0.288,0,0.239,25.52,0
2026-01-13 12:15:00,12,Tuesday,0.258,0.0,0.0,0.0,0.0,1.867,0.258,0,0.253,25.23,0
2026-01-13 12:30:00,12,Tuesday,0.279,0.0,0.0,0.0,0.0,1.873,0.279,0,0.255,26.82,0
2026-01-13 12:45:00,12,Tuesday,0.267,0.0,0.0,0.0,0.0,1.644,0.267,0,0.236,26.74,0
2026-01-13 13:00:00,13,Tuesday,0.238,0.0,0.0,0.0,0.0,1.76,0.238,0,0.262,26.33,0
2026-01-13 13:15:00,13,Tuesday,0.276,0.0,0.0,0.0,0.0,1.677,0.276,0,0.237,27.29,0
2026-01-13 13:30:00,13,Tuesday,0.221,0.0,0.0,0.0,0.0,1.574,0.221,0,0.25,26.11,0
2026-01-13 13:45:00,13,Tuesday,0.291,0.0,0.0,0.0,0.0,1.631,0.291,0,0.263,27.48,0
2026-01-13 14:00:00,14,Tuesday,0.269,0.0,0.0,0.0,0.0,1.58,0.269,0,0.262,26.77,0
2026-01-13 14:15:00,14,Tuesday,0.28,0.0,0.0,0.0,0.0,1.409,0.28,0,0.256,27.54,0
2026-01-13 14:30:00,14,Tuesday,0.222,0.0,0.0,0.0,0.0,1.419,0.222,0,0.247,27.44,0
2026-01-13 14:45:00,14,Tuesday,0.271,0.0,0.0,0.0,0.0,1.297,0.271,0,0.243,26.37,0
2026-01-13 15:00:00,15,Tuesday,0.244,0.0,0.0,0.0,0.0,1.304,0.244,0,0.241,26.38,0
2026-01-13 15:15:00,15,Tuesday,0.287,0.0,0.0,0.0,0.0,1.229,0.287,0,0.249,26.91,0
2026-01-13 15:30:00,15,Tuesday,0.284,0.0,0.0,0.0,0.0,1.037,0.284,0,0.239,27.07,0
2026-01-13 15:45:00,15,Tuesday,0.241,0.0,0.0,0.0,0.0,0.988,0.241,0,0.259,26.87,0
2026-01-13 16:00:00,16,Tuesday,0.294,0.0,0.0,0.0,0.0,0.863,0.294,0,0.266,27.25,0
2026-01-13 16:15:00,16,Tuesday,0.266,0.0,0.0,0.0,0.0,0.741,0.266,0,0.246,27.15,0
2026-01-13 16:30:00,16,Tuesday,0.288,0.0,0.0,0.0,0.0,0.699,0.288,0,0.238,26.86,0
2026-01-13 16:45:00,16,Tuesday,0.242,0.0,0.0,0.0,0.0,0.525,0.242,0,0.247,26.83,0
2026-01-13 17:00:00,17,Tuesday,0.332,0.0,0.0,0.0,0.0,0.424,0.332,0,0.231,25.77,0
2026-01-13 17:15:00,17,Tuesday,0.323,0.0,0.0,0.0,0.0,0.35,0.323,0,0.235,26.81,0
2026-01-13 17:30:00,17,Tuesday,0.339,0.0,0.0,0.0,0.0,0.241,0.339,0.098,0.248,26.08,0
2026-01-13 17:45:00,17,Tuesday,0.319,2.136,0.0,0.0,0.0,0.165,2.456,2.29,0.242,25.8,0
2026-01-13 18:00:00,18,Tuesday,0.347,1.518,0.0,0.0,0.0,0.091,1.865,1.774,0.401,25.65,1
2026-01-13 18:15:00,18,Tuesday,0.338,0.0,0.0,0.0,0.0,0.036,0.338,0.302,0.398,25.74,1
2026-01-13 18:30:00,18,Tuesday,0.314,0.0,0.0,0.0,0.0,0.0,0.314,0.314,0.406,23.63,1
2026-01-13 18:45:00,18,Tuesday,0.367,0.0,0.0,0.0,2.125,0.0,2.492,2.492,0.386,23.73,1
2026-01-13 19:00:00,19,Tuesday,0.348,0.0,0.0,0.0,2.125,0.0,2.473,2.473,0.4,23.68,1
2026-01-13 19:15:00,19,Tuesday,0.367,1.619,0.0,0.0,2.125,0.0,4.111,4.111,0.398,23.91,1
2026-01-13 19:30:00,19,Tuesday,0.38,0.0,0.0,0.0,2.125,0.0,2.505,2.505,0.385,23.61,1
2026-01-13 19:45:00,19,Tuesday,0.31,0.0,0.0,0.0,0.0,0.0,0.31,0.31,0.411,23.59,1
2026-01-13 20:00:00,20,Tuesday,0.305,0.0,0.0,0.0,0.0,0.0,0.305,0.305,0.394,24.15,0
2026-01-13 20:15:00,20,Tuesday,0.323,0.0,0.0,1.119,0.0,0.0,1.442,1.442,0.394,23.71,0
2026-01-13 20:30:00,20,Tuesday,0.32,0.0,0.0,1.119,0.0,0.0,1.439,1.439,0.401,23.06,0
2026-01-13 20:45:00,20,Tuesday,0.361,0.0,0.0,1.119,0.0,0.0,1.48,1.48,0.396,22.42,0
2026-01-13 21:00:00,21,Tuesday,0.329,2.152,0.0,1.119,0.0,0.0,3.6,3.6,0.258,22.15,0
2026-01-13 21:15:00,21,Tuesday,0.337,0.0,0.0,0.0,0.0,0.0,0.337,0.337,0.239,22.16,0
2026-01-13 21:30:00,21,Tuesday,0.335,0.0,0.0,0.0,0.0,0.0,0.335,0.335,0.238,21.39,0
2026-01-13 21:45:00,21,Tuesday,0.373,0.0,0.0,0.0,0.0,0.0,0.373,0.373,0.243,21.1,0
2026-01-13 22:00:00,22,Tuesday,0.283,0.0,0.0,0.0,0.0,0.0,0.283,0.283,0.249,20.31,0
2026-01-13 22:15:00,22,Tuesday,0.308,0.0,0.0,0.0,0.0,0.0,0.308,0.308,0.242,20.4,0
2026-01-13 22:30:00,22,Tuesday,0.334,0.0,0.0,0.0,0.0,0.0,0.334,0.334,0.248,20.49,0
2026-01-13 22:45:00,22,Tuesday,0.314,1.662,0.0,0.0,0.0,0.0,1.976,1.976,0.246,19.53,0
2026-01-13 23:00:00,23,Tuesday,0.355,0.0,0.0,0.0,0.0,0.0,0.355,0.355,0.15,19.78,0
2026-01-13 23:15:00,23,Tuesday,0.367,0.0,0.0,0.0,0.0,0.0,0.367,0.367,0.159,19.19,0
2026-01-13 23:30:00,23,Tuesday,0.322,0.0,0.0,0.0,0.0,0.0,0.322,0.322,0.149,18.65,0
2026-01-13 23:45:00,23,Tuesday,0.297,0.0,0.0,0.0,0.0,0.0,0.297,0.297,0.157,18.53,0
2026-01-14 00:00:00,0,Wednesday,0.295,0.0,0.0,0.0,0.0,0.0,0.295,0.295,0.147,20.53,0
2026-01-14 00:15:00,0,Wednesday,0.267,0.0,0.0,0.0,0.0,0.0,0.267,0.267,0.142,19.88,0
2026-01-14 00:30:00,0,Wednesday,0.243,0.0,0.0,0.0,0.0,0.0,0.243,0.243,0.147,19.24,0
2026-01-14 00:45:00,0,Wednesday,0.24,0.0,0.0,0.0,0.0,0.0,0.24,0.24,0.137,19.42,0
2026-01-14 01:00:00,1,Wednesday,0.289,0.0,0.0,0.0,0.0,0.0,0.289,0.289,0.15,19.14,0
2026-01-14 01:15:00,1,Wednesday,0.284,0.0,0.0,0.0,0.0,0.0,0.284,0.284,0.143,18.16,0
2026-01-14 01:30:00,1,Wednesday,0.22,0.0,0.0,0.0,0.0,0.0,0.22,0.22,0.147,18.13,0
2026-01-14 01:45:00,1,Wednesday,0.227,0.0,0.0,0.0,0.0,0.0,0.227,0.227,0.143,17.76,0
2026-01-14 02:00:00,2,Wednesday,0.26,0.0,0.0,0.0,0.0,0.0,0.26,0.26,0.144,17.83,0
2026-01-14 02:15:00,2,Wednesday,0.245,0.0,0.0,0.0,0.0,0.0,0.245,0.245,0.152,18.33,0
2026-01-14 02:30:00,2,Wednesday,0.263,0.0,0.0,0.0,0.0,0.0,0.263,0.263,0.15,18.61,0
2026-01-14 02:45:00,2,Wednesday,0.256,0.0,0.0,0.0,0.0,0.0,0.256,0.256,0.152,17.24,0
2026-01-14 03:00:00,3,Wednesday,0.246,0.0,0.0,0.0,0.0,0.0,0.246,0.246,0.156,17.87,0
2026-01-14 03:15:00,3,Wednesday,0.278,0.0,0.0,0.0,0.0,0.0,0.278,0.278,0.157,18.48,0
2026-01-14 03:30:00,3,Wednesday,0.311,0.0,0.0,0.0,0.0,0.0,0.311,0.311,0.166,18.58,0
2026-01-14 03:45:00,3,Wednesday,0.343,0.0,0.0,0.0,0.0,0.0,0.343,0.343,0.153,17.59,0
2026-01-14 04:00:00,4,Wednesday,0.278,0.0,0.0,0.0,0.0,0.0,0.278,0.278,0.138,17.81,0
2026-01-14 04:15:00,4,Wednesday,0.303,0.0,0.0,0.0,0.0,0.0,0.303,0.303,0.145,18.62,0
2026-01-14 04:30:00,4,Wednesday,0.272,0.0,0.0,0.0,0.0,0.0,0.272,0.272,0.146,18.17,0
2026-01-14 04:45:00,4,Wednesday,0.298,0.0,0.0,0.0,0.0,0.0,0.298,0.298,0.162,19.17,0
2026-01-14 05:00:00,5,Wednesday,0.257,0.0,0.0,0.0,0.0,0.0,0.257,0.257,0.144,19.16,0
2026-01-14 05:15:00,5,Wednesday,0.259,0.0,0.0,0.0,0.0,0.0,0.259,0.259,0.147,19.2,0
2026-01-14 05:30:00,5,Wednesday,0.26,0.0,0.0,0.0,0.0,0.0,0.26,0.26,0.147,18.8,0
2026-01-14 05:45:00,5,Wednesday,0.289,0.0,0.0,0.0,0.0,0.0,0.289,0.289,0.138,19.83,0
2026-01-14 06:00:00,6,Wednesday,0.37,0.0,0.0,0.0,0.0,0.0,0.37,0.37,0.158,19.74,0
2026-01-14 06:15:00,6,Wednesday,0.357,0.0,0.0,0.0,0.0,0.0,0.357,0.357,0.162,20.17,0
2026-01-14 06:30:00,6,Wednesday,0.311,0.0,0.0,0.0,0.0,0.0,0.311,0.311,0.158,20.44,0
2026-01-14 06:45:00,6,Wednesday,0.315,0.0,0.0,0.0,0.0,0.038,0.315,0.277,0.158,20.63,0
2026-01-14 07:00:00,7,Wednesday,0.3,0.0,0.0,0.0,0.0,0.105,0.3,0.195,0.254,19.92,0
2026-01-14 07:15:00,7,Wednesday,0.311,0.0,0.0,0.0,0.0,0.185,0.311,0.126,0.245,20.69,0
2026-01-14 07:30:00,7,Wednesday,0.323,0.0,0.0,0.0,0.0,0.282,0.323,0.041,0.252,21.3,0
2026-01-14 07:45:00,7,Wednesday,0.324,0.0,0.0,0.0,0.0,0.384,0.324,0,0.265,21.5,0
2026-01-14 08:00:00,8,Wednesday,0.317,0.0,0.0,0.0,0.0,0.463,0.317,0,0.246,21.36,0
2026-01-14 08:15:00,8,Wednesday,0.3,0.0,0.0,0.0,0.0,0.601,0.3,0,0.248,21.54,0
2026-01-14 08:30:00,8,Wednesday,0.33,0.0,0.0,0.0,0.0,0.732,0.33,0,0.258,22.88,0
2026-01-14 08:45:00,8,Wednesday,0.337,0.0,0.0,0.0,0.0,0.899,0.337,0,0.251,22.26,0
2026-01-14 09:00:00,9,Wednesday,0.249,0.0,0.0,0.0,0.0,0.93,0.249,0,0.234,22.96,0
2026-01-14 09:15:00,9,Wednesday,0.246,0.0,0.0,0.0,0.0,1.115,0.246,0,0.249,23.43,0
2026-01-14 09:30:00,9,Wednesday,0.229,0.0,0.0,0.0,0.0,1.224,0.229,0,0.241,23.17,0
2026-01-14 09:45:00,9,Wednesday,0.285,0.0,0.0,0.0,0.0,1.364,0.285,0,0.249,23.36,0
2026-01-14 10:00:00,10,Wednesday,0.275,0.0,0.0,0.0,0.0,1.492,0.275,0,0.267,23.98,0
2026-01-14 10:15:00,10,Wednesday,0.31,0.0,0.0,0.0,0.0,1.506,0.31,0,0.237,24.34,0
2026-01-14 10:30:00,10,Wednesday,0.272,0.0,0.0,0.0,0.0,1.629,0.272,0,0.243,24.42,0
2026-01-14 10:45:00,10,Wednesday,0.292,0.0,0.0,0.0,0.0,1.722,0.292,0,0.242,25.64,0
2026-01-14 11:00:00,11,Wednesday,0.275,0.0,0.0,0.0,0.0,1.824,0.275,0,0.24,25.7,0
2026-01-14 11:15:00,11,Wednesday,0.243,0.0,0.0,0.0,0.0,1.853,0.243,0,0.25,25.44,0
2026-01-14 11:30:00,11,Wednesday,0.29,0.0,0.0,0.0,0.0,1.847,0.29,0,0.237,27.13,0
2026-01-14 11:45:00,11,Wednesday,0.223,0.0,0.0,0.0,0.0,1.918,0.223,0,0.263,26.79,0
2026-01-14 12:00:00,12,Wednesday,0.253,0.0,0.0,0.0,0.0,1.925,0.253,0,0.24,26.58,0
2026-01-14 12:15:00,12,Wednesday,0.256,0.0,0.0,0.0,0.0,1.93,0.256,0,0.237,26.53,0
2026-01-14 12:30:00,12,Wednesday,0.231,0.0,0.0,0.0,0.0,1.923,0.231,0,0.241,26.32,0
2026-01-14 12:45:00,12,Wednesday,0.295,0.0,0.0,0.0,0.0,1.938,0.295,0,0.251,26.95,0
2026-01-14 13:00:00,13,Wednesday,0.31,0.0,0.0,0.0,0.0,1.887,0.31,0,0.241,26.61,0
2026-01-14 13:15:00,13,Wednesday,0.247,0.0,0.0,0.0,0.0,1.887,0.247,0,0.258,27.35,0
2026-01-14 13:30:00,13,Wednesday,0.282,0.0,0.0,0.0,0.0,1.977,0.282,0,0.255,27.61,0
2026-01-14 13:45:00,13,Wednesday,0.274,0.0,0.0,0.0,0.0,1.879,0.274,0,0.252,27.85,0
2026-01-14 14:00:00,14,Wednesday,0.3,0.0,0.0,0.0,0.0,1.808,0.3,0,0.251,27.17,0
2026-01-14 14:15:00,14,Wednesday,0.285,0.0,0.0,0.0,0.0,1.612,0.285,0,0.254,27.93,0
2026-01-14 14:30:00,14,Wednesday,0.273,0.0,0.0,0.0,0.0,1.624,0.273,0,0.24,27.25,0
2026-01-14 14:45:00,14,Wednesday,0.273,0.0,0.0,0.0,0.0,1.513,0.273,0,0.242,28.05,0
2026-01-14 15:00:00,15,Wednesday,0.279,0.0,0.0,0.0,0.0,1.46,0.279,0,0.254,28.37,0
2026-01-14 15:15:00,15,Wednesday,0.302,0.0,0.0,0.0,0.0,1.331,0.302,0,0.254,28.33,0
2026-01-14 15:30:00,15,Wednesday,0.277,0.0,0.0,0.0,0.0,1.249,0.277,0,0.24,28.09,0
2026-01-14 15:45:00,15,Wednesday,0.244,0.0,0.0,0.0,0.0,1.059,0.244,0,0.25,28.74,0
2026-01-14 16:00:00,16,Wednesday,0.275,0.0,0.0,0.0,0.0,0.955,0.275,0,0.249,28.35,0
2026-01-14 16:15:00,16,Wednesday,0.293,0.0,0.0,0.0,0.0,0.866,0.293,0,0.249,27.23,0
2026-01-14 16:30:00,16,Wednesday,0.268,0.0,0.0,0.0,0.0,0.752,0.268,0,0.25,28.34,0
2026-01-14 16:45:00,16,Wednesday,0.234,0.0,0.0,0.0,0.0,0.587,0.234,0,0.235,28.05,0
2026-01-14 17:00:00,17,Wednesday,0.316,1.508,0.0,0.0,0.0,0.487,1.824,1.337,0.254,27.28,0
2026-01-14 17:15:00,17,Wednesday,0.326,0.0,0.0,0.0,0.0,0.372,0.326,0,0.233,26.7,0
2026-01-14 17:30:00,17,Wednesday,0.34,1.933,0.0,0.0,0.0,0.282,2.272,1.991,0.25,26.23,0
2026-01-14 17:45:00,17,Wednesday,0.343,2.181,0.0,0.0,0.0,0.189,2.524,2.335,0.242,27.05,0
2026-01-14 18:00:00,18,Wednesday,0.307,1.518,0.0,0.0,2.089,0.102,3.913,3.811,0.411,26.73,1
2026-01-14 18:15:00,18,Wednesday,0.353,0.0,0.0,0.0,2.089,0.039,2.442,2.403,0.402,26.29,1
2026-01-14 18:30:00,18,Wednesday,0.325,0.0,0.0,0.0,2.089,0.0,2.414,2.414,0.409,25.83,1
2026-01-14 18:45:00,18,Wednesday,0.351,0.0,0.0,0.0,0.0,0.0,0.351,0.351,0.397,25.15,1
2026-01-14 19:00:00,19,Wednesday,0.355,0.0,0.0,0.0,0.0,0.0,0.355,0.355,0.397,25.82,1
2026-01-14 19:15:00,19,Wednesday,0.336,1.957,0.0,0.0,0.0,0.0,2.292,2.292,0.42,24.28,1
2026-01-14 19:30:00,19,Wednesday,0.327,1.636,0.0,0.0,0.0,0.0,1.962,1.962,0.406,24.41,1
2026-01-14 19:45:00,19,Wednesday,0.336,0.0,1.592,0.0,0.0,0.0,1.928,1.928,0.392,24.69,1
2026-01-14 20:00:00,20,Wednesday,0.306,0.0,1.592,0.0,0.0,0.0,1.898,1.898,0.413,24.35,0
2026-01-14 20:15:00,20,Wednesday,0.333,0.0,1.592,0.0,0.0,0.0,1.925,1.925,0.407,23.55,0
2026-01-14 20:30:00,20,Wednesday,0.338,0.0,1.592,0.0,0.0,0.0,1.93,1.93,0.391,23.83,0
2026-01-14 20:45:00,20,Wednesday,0.343,1.536,0.0,0.0,0.0,0.0,1.879,1.879,0.403,23.36,0
2026-01-14 21:00:00,21,Wednesday,0.312,1.601,0.0,0.0,0.0,0.0,1.913,1.913,0.25,23.33,0
2026-01-14 21:15:00,21,Wednesday,0.338,2.189,0.0,0.0,0.0,0.0,2.527,2.527,0.264,23.34,0
2026-01-14 21:30:00,21,Wednesday,0.332,0.0,0.0,1.175,0.0,0.0,1.507,1.507,0.258,22.42,0
2026-01-14 21:45:00,21,Wednesday,0.32,2.149,0.0,1.175,0.0,0.0,3.645,3.645,0.267,21.5,0
2026-01-14 22:00:00,22,Wednesday,0.36,1.599,0.0,1.175,0.0,0.0,3.134,3.134,0.254,22.13,0
2026-01-14 22:15:00,22,Wednesday,0.309,0.0,0.0,1.175,0.0,0.0,1.484,1.484,0.246,22.34,0
2026-01-14 22:30:00,22,Wednesday,0.367,0.0,0.0,1.175,0.0,0.0,1.542,1.542,0.249,21.06,0
2026-01-14 22:45:00,22,Wednesday,0.336,2.091,0.0,0.0,0.0,0.0,2.427,2.427,0.245,20.41,0
2026-01-14 23:00:00,23,Wednesday,0.353,0.0,0.0,0.0,0.0,0.0,0.353,0.353,0.156,20.21,0
2026-01-14 23:15:00,23,Wednesday,0.308,0.0,0.0,0.0,0.0,0.0,0.308,0.308,0.149,20.72,0
2026-01-14 23:30:00,23,Wednesday,0.281,0.0,0.0,0.0,0.0,0.0,0.281,0.281,0.148,20.0,0
2026-01-14 23:45:00,23,Wednesday,0.293,0.0,0.0,0.0,0.0,0.0,0.293,0.293,0.163,19.21,0
2026-01-15 00:00:00,0,Thursday,0.285,0.0,0.0,0.0,0.0,0.0,0.285,0.285,0.148,20.77,0
2026-01-15 00:15:00,0,Thursday,0.233,0.0,0.0,0.0,0.0,0.0,0.233,0.233,0.132,20.63,0
2026-01-15 00:30:00,0,Thursday,0.256,0.0,0.0,0.0,0.0,0.0,0.256,0.256,0.154,20.12,0
2026-01-15 00:45:00,0,Thursday,0.282,0.0,0.0,0.0,0.0,0.0,0.282,0.282,0.148,20.0,0
2026-01-15 01:00:00,1,Thursday,0.258,0.0,0.0,0.0,0.0,0.0,0.258,0.258,0.148,20.27,0
2026-01-15 01:15:00,1,Thursday,0.276,0.0,0.0,0.0,0.0,0.0,0.276,0.276,0.155,19.82,0
2026-01-15 01:30:00,1,Thursday,0.318,0.0,0.0,0.0,0.0,0.0,0.318,0.318,0.151,18.59,0
2026-01-15 01:45:00,1,Thursday,0.262,0.0,0.0,0.0,0.0,0.0,0.262,0.262,0.164,19.1,0
2026-01-15 02:00:00,2,Thursday,0.255,0.0,0.0,0.0,0.0,0.0,0.255,0.255,0.146,20.15,0
2026-01-15 02:15:00,2,Thursday,0.281,0.0,0.0,0.0,0.0,0.0,0.281,0.281,0.151,18.92,0
2026-01-15 02:30:00,2,Thursday,0.251,0.0,0.0,0.0,0.0,0.0,0.251,0.251,0.152,19.36,0
2026-01-15 02:45:00,2,Thursday,0.252,0.0,0.0,0.0,0.0,0.0,0.252,0.252,0.148,19.34,0
2026-01-15 03:00:00,3,Thursday,0.276,0.0,0.0,0.0,0.0,0.0,0.276,0.276,0.151,19.26,0
2026-01-15 03:15:00,3,Thursday,0.317,0.0,0.0,0.0,0.0,0.0,0.317,0.317,0.147,19.22,0
2026-01-15 03:30:00,3,Thursday,0.247,0.0,0.0,0.0,0.0,0.0,0.247,0.247,0.141,19.32,0
2026-01-15 03:45:00,3,Thursday,0.229,0.0,0.0,0.0,0.0,0.0,0.229,0.229,0.151,19.66,0
2026-01-15 04:00:00,4,Thursday,0.275,0.0,0.0,0.0,0.0,0.0,0.275,0.275,0.146,19.54,0
2026-01-15 04:15:00,4,Thursday,0.29,0.0,0.0,0.0,0.0,0.0,0.29,0.29,0.151,20.28,0
2026-01-15 04:30:00,4,Thursday,0.265,0.0,0.0,0.0,0.0,0.0,0.265,0.265,0.141,19.92,0
2026-01-15 04:45:00,4,Thursday,0.3,0.0,0.0,0.0,0.0,0.0,0.3,0.3,0.144,19.51,0
2026-01-15 05:00:00,5,Thursday,0.296,0.0,0.0,0.0,0.0,0.0,0.296,0.296,0.15,19.81,0
2026-01-15 05:15:00,5,Thursday,0.253,0.0,0.0,0.0,0.0,0.0,0.253,0.253,0.151,20.12,0
2026-01-15 05:30:00,5,Thursday,0.211,0.0,0.0,0.0,0.0,0.0,0.211,0.211,0.134,20.56,0
2026-01-15 05:45:00,5,Thursday,0.236,0.0,0.0,0.0,0.0,0.0,0.236,0.236,0.157,19.81,0
2026-01-15 06:00:00,6,Thursday,0.323,0.0,0.0,0.0,0.0,0.0,0.323,0.323,0.148,21.17,0
2026-01-15 06:15:00,6,Thursday,0.357,0.0,0.0,0.0,0.0,0.0,0.357,0.357,0.142,20.08,0
2026-01-15 06:30:00,6,Thursday,0.338,0.0,0.0,0.0,0.0,0.0,0.338,0.338,0.143,20.5,0
2026-01-15 06:45:00,6,Thursday,0.362,0.0,0.0,0.0,0.0,0.05,0.362,0.312,0.142,21.37,0
2026-01-15 07:00:00,7,Thursday,0.329,0.0,0.0,0.0,2.127,0.134,2.455,2.321,0.241,22.28,0
2026-01-15 07:15:00,7,Thursday,0.359,0.0,0.0,0.0,2.127,0.236,2.486,2.249,0.24,22.27,0
2026-01-15 07:30:00,7,Thursday,0.333,0.0,0.0,0.0,2.127,0.361,2.46,2.099,0.256,23.01,0
2026-01-15 07:45:00,7,Thursday,0.309,0.0,0.0,0.0,0.0,0.465,0.309,0,0.25,22.66,0
2026-01-15 08:00:00,8,Thursday,0.357,0.0,0.0,0.0,0.0,0.615,0.357,0,0.245,23.68,0
2026-01-15 08:15:00,8,Thursday,0.346,0.0,0.0,0.0,0.0,0.771,0.346,0,0.254,23.13,0
2026-01-15 08:30:00,8,Thursday,0.318,0.0,0.0,0.0,0.0,0.969,0.318,0,0.245,24.02,0
2026-01-15 08:45:00,8,Thursday,0.343,0.0,0.0,0.0,0.0,1.15,0.343,0,0.245,23.4,0
2026-01-15 09:00:00,9,Thursday,0.258,0.0,0.0,0.0,0.0,1.256,0.258,0,0.244,24.21,0
2026-01-15 09:15:00,9,Thursday,0.259,0.0,0.0,0.0,0.0,1.379,0.259,0,0.251,24.64,0
2026-01-15 09:30:00,9,Thursday,0.305,0.0,0.0,0.0,0.0,1.512,0.305,0,0.246,25.42,0
2026-01-15 09:45:00,9,Thursday,0.238,0.0,0.0,0.0,0.0,1.626,0.238,0,0.245,24.34,0
2026-01-15 10:00:00,10,Thursday,0.268,0.0,0.0,0.0,0.0,1.741,0.268,0,0.243,25.11,0
2026-01-15 10:15:00,10,Thursday,0.2,0.0,0.0,0.0,0.0,1.968,0.2,0,0.249,25.61,0
2026-01-15 10:30:00,10,Thursday,0.24,0.0,0.0,0.0,0.0,1.868,0.24,0,0.246,26.56,0
2026-01-15 10:45:00,10,Thursday,0.288,0.0,0.0,0.0,0.0,2.154,0.288,0,0.241,26.2,0
2026-01-15 11:00:00,11,Thursday,0.302,0.0,0.0,0.0,0.0,2.416,0.302,0,0.247,26.5,0
2026-01-15 11:15:00,11,Thursday,0.239,0.0,0.0,0.0,0.0,2.378,0.239,0,0.247,26.94,0
2026-01-15 11:30:00,11,Thursday,0.27,0.0,0.0,0.0,0.0,2.413,0.27,0,0.25,26.47,0
2026-01-15 11:45:00,11,Thursday,0.308,0.0,0.0,0.0,0.0,2.468,0.308,0,0.245,26.91,0
2026-01-15 12:00:00,12,Thursday,0.279,0.0,0.0,0.0,0.0,2.588,0.279,0,0.267,26.73,0
2026-01-15 12:15:00,12,Thursday,0.251,0.0,0.0,0.0,0.0,2.512,0.251,0,0.251,27.63,0
2026-01-15 12:30:00,12,Thursday,0.257,0.0,0.0,0.0,0.0,2.496,0.257,0,0.241,27.54,0
2026-01-15 12:45:00,12,Thursday,0.236,0.0,0.0,0.0,0.0,2.573,0.236,0,0.249,27.89,0
2026-01-15 13:00:00,13,Thursday,0.292,0.0,0.0,0.0,0.0,2.561,0.292,0,0.256,27.8,0
2026-01-15 13:15:00,13,Thursday,0.236,0.0,0.0,0.0,0.0,2.611,0.236,0,0.262,28.98,0
2026-01-15 13:30:00,13,Thursday,0.285,0.0,0.0,0.0,0.0,2.509,0.285,0,0.248,28.38,0
2026-01-15 13:45:00,13,Thursday,0.272,0.0,0.0,0.0,0.0,2.402,0.272,0,0.247,28.98,0
2026-01-15 14:00:00,14,Thursday,0.288,0.0,0.0,0.0,0.0,2.21,0.288,0,0.255,28.6,0
2026-01-15 14:15:00,14,Thursday,0.308,0.0,0.0,0.0,0.0,2.339,0.308,0,0.244,28.89,0
2026-01-15 14:30:00,14,Thursday,0.307,0.0,0.0,0.0,0.0,2.115,0.307,0,0.244,29.24,0
2026-01-15 14:45:00,14,Thursday,0.319,0.0,0.0,0.0,0.0,1.954,0.319,0,0.236,29.26,0
2026-01-15 15:00:00,15,Thursday,0.266,0.0,0.0,0.0,0.0,1.841,0.266,0,0.251,28.09,0
2026-01-15 15:15:00,15,Thursday,0.24,0.0,0.0,0.0,0.0,1.663,0.24,0,0.254,28.42,0
2026-01-15 15:30:00,15,Thursday,0.293,0.0,0.0,0.0,0.0,1.64,0.293,0,0.251,28.21,0
2026-01-15 15:45:00,15,Thursday,0.235,0.0,0.0,0.0,0.0,1.409,0.235,0,0.257,29.01,0
2026-01-15 16:00:00,16,Thursday,0.277,0.0,0.0,0.0,0.0,1.21,0.277,0,0.245,28.25,0
2026-01-15 16:15:00,16,Thursday,0.288,0.0,0.0,0.0,0.0,1.079,0.288,0,0.263,28.99,0
2026-01-15 16:30:00,16,Thursday,0.272,0.0,0.0,0.0,0.0,0.993,0.272,0,0.238,28.66,0
2026-01-15 16:45:00,16,Thursday,0.28,0.0,0.0,0.0,0.0,0.818,0.28,0,0.252,27.45,0
2026-01-15 17:00:00,17,Thursday,0.318,2.136,0.0,0.0,0.0,0.64,2.453,1.814,0.255,27.99,0
2026-01-15 17:15:00,17,Thursday,0.317,0.0,0.0,0.0,0.0,0.476,0.317,0,0.248,27.58,0
2026-01-15 17:30:00,17,Thursday,0.278,1.507,0.0,0.0,0.0,0.353,1.785,1.432,0.247,27.73,0
2026-01-15 17:45:00,17,Thursday,0.321,1.897,0.0,0.0,0.0,0.236,2.218,1.982,0.244,27.86,0
2026-01-15 18:00:00,18,Thursday,0.369,1.522,0.0,0.0,0.0,0.13,1.891,1.761,0.403,27.8,1
2026-01-15 18:15:00,18,Thursday,0.286,0.0,0.0,0.0,2.104,0.048,2.39,2.342,0.408,27.71,1
2026-01-15 18:30:00,18,Thursday,0.336,0.0,0.0,0.0,2.104,0.0,2.44,2.44,0.402,27.16,1
2026-01-15 18:45:00,18,Thursday,0.325,1.93,0.0,0.0,2.104,0.0,4.359,4.359,0.404,27.06,1
2026-01-15 19:00:00,19,Thursday,0.314,1.611,0.0,0.0,2.104,0.0,4.029,4.029,0.396,26.18,1
2026-01-15 19:15:00,19,Thursday,0.308,0.0,0.0,0.0,0.0,0.0,0.308,0.308,0.394,26.43,1
2026-01-15 19:30:00,19,Thursday,0.324,0.0,0.0,0.0,0.0,0.0,0.324,0.324,0.391,26.29,1
2026-01-15 19:45:00,19,Thursday,0.325,1.521,0.0,0.0,0.0,0.0,1.846,1.846,0.399,25.63,1
2026-01-15 20:00:00,20,Thursday,0.316,1.858,0.0,0.0,0.0,0.0,2.174,2.174,0.393,25.89,0
2026-01-15 20:15:00,20,Thursday,0.337,2.107,0.0,0.0,0.0,0.0,2.444,2.444,0.395,25.07,0
2026-01-15 20:30:00,20,Thursday,0.308,1.652,0.0,0.0,0.0,0.0,1.96,1.96,0.399,25.04,0
2026-01-15 20:45:00,20,Thursday,0.331,1.654,0.0,0.0,0.0,0.0,1.985,1.985,0.394,24.39,0
2026-01-15 21:00:00,21,Thursday,0.344,0.0,0.0,0.0,0.0,0.0,0.344,0.344,0.248,23.98,0
2026-01-15 21:15:00,21,Thursday,0.323,0.0,0.0,0.0,0.0,0.0,0.323,0.323,0.269,22.91,0
2026-01-15 21:30:00,21,Thursday,0.364,1.837,0.0,0.0,0.0,0.0,2.201,2.201,0.254,23.24,0
2026-01-15 21:45:00,21,Thursday,0.366,0.0,0.0,0.0,0.0,0.0,0.366,0.366,0.243,23.69,0
2026-01-15 22:00:00,22,Thursday,0.313,0.0,0.0,0.0,0.0,0.0,0.313,0.313,0.246,23.01,0
2026-01-15 22:15:00,22,Thursday,0.311,0.0,0.0,0.0,0.0,0.0,0.311,0.311,0.262,22.64,0
2026-01-15 22:30:00,22,Thursday,0.352,0.0,0.0,0.0,0.0,0.0,0.352,0.352,0.253,21.04,0
2026-01-15 22:45:00,22,Thursday,0.301,0.0,0.0,0.0,0.0,0.0,0.301,0.301,0.244,21.61,0
2026-01-15 23:00:00,23,Thursday,0.306,0.0,0.0,0.0,0.0,0.0,0.306,0.306,0.146,21.22,0
2026-01-15 23:15:00,23,Thursday,0.322,0.0,0.0,0.0,0.0,0.0,0.322,0.322,0.16,21.24,0
2026-01-15 23:30:00,23,Thursday,0.319,0.0,0.0,0.0,0.0,0.0,0.319,0.319,0.15,20.29,0
2026-01-15 23:45:00,23,Thursday,0.329,0.0,0.0,0.0,0.0,0.0,0.329,0.329,0.149,20.99,0
2026-01-16 00:00:00,0,Friday,0.27,0.0,0.0,0.0,0.0,0.0,0.27,0.27,0.153,22.43,0
2026-01-16 00:15:00,0,Friday,0.267,0.0,0.0,0.0,0.0,0.0,0.267,0.267,0.149,21.05,0
2026-01-16 00:30:00,0,Friday,0.242,0.0,0.0,0.0,0.0,0.0,0.242,0.242,0.14,22.15,0
2026-01-16 00:45:00,0,Friday,0.251,0.0,0.0,0.0,0.0,0.0,0.251,0.251,0.156,21.02,0
2026-01-16 01:00:00,1,Friday,0.273,0.0,0.0,0.0,0.0,0.0,0.273,0.273,0.156,20.85,0
2026-01-16 01:15:00,1,Friday,0.247,0.0,0.0,0.0,0.0,0.0,0.247,0.247,0.157,21.02,0
2026-01-16 01:30:00,1,Friday,0.305,0.0,0.0,0.0,0.0,0.0,0.305,0.305,0.148,20.94,0
2026-01-16 01:45:00,1,Friday,0.268,0.0,0.0,0.0,0.0,0.0,0.268,0.268,0.165,20.73,0
2026-01-16 02:00:00,2,Friday,0.312,0.0,0.0,0.0,0.0,0.0,0.312,0.312,0.153,20.41,0
2026-01-16 02:15:00,2,Friday,0.262,0.0,0.0,0.0,0.0,0.0,0.262,0.262,0.161,19.85,0
2026-01-16 02:30:00,2,Friday,0.225,0.0,0.0,0.0,0.0,0.0,0.225,0.225,0.149,20.2,0
2026-01-16 02:45:00,2,Friday,0.279,0.0,0.0,0.0,0.0,0.0,0.279,0.279,0.165,20.67,0
2026-01-16 03:00:00,3,Friday,0.244,0.0,0.0,0.0,0.0,0.0,0.244,0.244,0.158,19.79,0
2026-01-16 03:15:00,3,Friday,0.272,0.0,0.0,0.0,0.0,0.0,0.272,0.272,0.151,20.83,0
2026-01-16 03:30:00,3,Friday,0.279,0.0,0.0,0.0,0.0,0.0,0.279,0.279,0.142,20.77,0
2026-01-16 03:45:00,3,Friday,0.265,0.0,0.0,0.0,0.0,0.0,0.265,0.265,0.157,20.48,0
2026-01-16 04:00:00,4,Friday,0.252,0.0,0.0,0.0,0.0,0.0,0.252,0.252,0.149,20.31,0
2026-01-16 04:15:00,4,Friday,0.258,0.0,0.0,0.0,0.0,0.0,0.258,0.258,0.136,20.88,0
2026-01-16 04:30:00,4,Friday,0.2,0.0,0.0,0.0,0.0,0.0,0.2,0.2,0.144,21.05,0
2026-01-16 04:45:00,4,Friday,0.247,0.0,0.0,0.0,0.0,0.0,0.247,0.247,0.144,20.87,0
2026-01-16 05:00:00,5,Friday,0.267,0.0,0.0,0.0,0.0,0.0,0.267,0.267,0.15,20.99,0
2026-01-16 05:15:00,5,Friday,0.254,0.0,0.0,0.0,0.0,0.0,0.254,0.254,0.153,20.84,0
2026-01-16 05:30:00,5,Friday,0.231,0.0,0.0,0.0,0.0,0.0,0.231,0.231,0.157,21.64,0
2026-01-16 05:45:00,5,Friday,0.272,0.0,0.0,0.0,0.0,0.0,0.272,0.272,0.161,21.19,0
2026-01-16 06:00:00,6,Friday,0.303,0.0,0.0,0.0,0.0,0.0,0.303,0.303,0.16,21.67,0
2026-01-16 06:15:00,6,Friday,0.288,0.0,0.0,0.0,0.0,0.0,0.288,0.288,0.146,21.72,0
2026-01-16 06:30:00,6,Friday,0.321,0.0,0.0,0.0,0.0,0.0,0.321,0.321,0.168,20.81,0
2026-01-16 06:45:00,6,Friday,0.322,0.0,0.0,0.0,0.0,0.048,0.322,0.274,0.144,22.45,0
2026-01-16 07:00:00,7,Friday,0.325,0.0,0.0,0.0,2.12,0.132,2.444,2.313,0.252,22.51,0
2026-01-16 07:15:00,7,Friday,0.329,0.0,0.0,0.0,2.12,0.238,2.449,2.211,0.242,22.67,0
2026-01-16 07:30:00,7,Friday,0.38,0.0,0.0,0.0,2.12,0.347,2.499,2.152,0.262,23.46,0
2026-01-16 07:45:00,7,Friday,0.357,0.0,0.0,0.0,0.0,0.483,0.357,0,0.247,23.22,0
2026-01-16 08:00:00,8,Friday,0.344,0.0,0.0,0.0,0.0,0.601,0.344,0,0.25,23.63,0
2026-01-16 08:15:00,8,Friday,0.331,0.0,0.0,0.0,0.0,0.74,0.331,0,0.274,24.29,0
2026-01-16 08:30:00,8,Friday,0.341,0.0,0.0,0.0,0.0,0.847,0.341,0,0.248,25.13,0
2026-01-16 08:45:00,8,Friday,0.323,0.0,0.0,0.0,0.0,1.046,0.323,0,0.249,24.78,0
2026-01-16 09:00:00,9,Friday,0.279,0.0,0.0,0.0,0.0,1.111,0.279,0,0.257,25.11,0
2026-01-16 09:15:00,9,Friday,0.305,0.0,0.0,0.0,0.0,1.325,0.305,0,0.253,24.61,0
2026-01-16 09:30:00,9,Friday,0.283,0.0,0.0,0.0,0.0,1.441,0.283,0,0.242,26.23,0
2026-01-16 09:45:00,9,Friday,0.283,0.0,0.0,0.0,0.0,1.634,0.283,0,0.248,25.17,0
2026-01-16 10:00:00,10,Friday,0.265,0.0,0.0,0.0,0.0,1.739,0.265,0,0.248,27.03,0
2026-01-16 10:15:00,10,Friday,0.255,0.0,0.0,0.0,0.0,1.873,0.255,0,0.259,25.73,0
2026-01-16 10:30:00,10,Friday,0.248,0.0,0.0,0.0,0.0,2.068,0.248,0,0.252,26.68,0
2026-01-16 10:45:00,10,Friday,0.243,0.0,0.0,0.0,0.0,2.08,0.243,0,0.248,27.84,0
2026-01-16 11:00:00,11,Friday,0.307,0.0,0.0,0.0,0.0,2.181,0.307,0,0.263,27.21,0
2026-01-16 11:15:00,11,Friday,0.247,0.0,0.0,0.0,0.0,2.346,0.247,0,0.248,27.93,0
2026-01-16 11:30:00,11,Friday,0.317,0.0,0.0,0.0,0.0,2.396,0.317,0,0.257,27.79,0
2026-01-16 11:45:00,11,Friday,0.283,0.0,0.0,0.0,0.0,2.379,0.283,0,0.235,27.87,0
2026-01-16 12:00:00,12,Friday,0.289,0.0,0.0,0.0,0.0,2.394,0.289,0,0.241,28.29,0
2026-01-16 12:15:00,12,Friday,0.254,0.0,0.0,0.0,0.0,2.356,0.254,0,0.244,28.62,0
2026-01-16 12:30:00,12,Friday,0.274,0.0,0.0,0.0,0.0,2.518,0.274,0,0.242,28.84,0
2026-01-16 12:45:00,12,Friday,0.273,0.0,0.0,0.0,0.0,2.554,0.273,0,0.247,28.38,0
2026-01-16 13:00:00,13,Friday,0.244,0.0,0.0,0.0,0.0,2.319,0.244,0,0.245,28.85,0
2026-01-16 13:15:00,13,Friday,0.238,0.0,0.0,0.0,0.0,2.361,0.238,0,0.259,29.66,0
2026-01-16 13:30:00,13,Friday,0.256,0.0,0.0,0.0,0.0,2.283,0.256,0,0.245,29.13,0
2026-01-16 13:45:00,13,Friday,0.261,0.0,0.0,0.0,0.0,2.238,0.261,0,0.241,29.37,0
2026-01-16 14:00:00,14,Friday,0.259,0.0,0.0,0.0,0.0,2.199,0.259,0,0.255,29.76,0
2026-01-16 14:15:00,14,Friday,0.259,0.0,0.0,0.0,0.0,2.075,0.259,0,0.239,29.49,0
2026-01-16 14:30:00,14,Friday,0.249,0.0,0.0,0.0,0.0,1.924,0.249,0,0.259,28.98,0
2026-01-16 14:45:00,14,Friday,0.264,0.0,0.0,0.0,0.0,1.809,0.264,0,0.261,29.33,0
2026-01-16 15:00:00,15,Friday,0.295,0.0,0.0,0.0,0.0,1.861,0.295,0,0.259,29.39,0
2026-01-16 15:15:00,15,Friday,0.277,0.0,0.0,0.0,0.0,1.668,0.277,0,0.241,30.23,0
2026-01-16 15:30:00,15,Friday,0.263,0.0,0.0,0.0,0.0,1.474,0.263,0,0.249,29.9,0
2026-01-16 15:45:00,15,Friday,0.215,0.0,0.0,0.0,0.0,1.287,0.215,0,0.23,29.55,0
2026-01-16 16:00:00,16,Friday,0.282,0.0,0.0,0.0,0.0,1.162,0.282,0,0.241,29.26,0
2026-01-16 16:15:00,16,Friday,0.269,0.0,0.0,0.0,0.0,1.045,0.269,0,0.261,28.73,0
2026-01-16 16:30:00,16,Friday,0.279,0.0,0.0,0.0,0.0,0.959,0.279,0,0.25,29.78,0
2026-01-16 16:45:00,16,Friday,0.303,0.0,0.0,0.0,0.0,0.767,0.303,0,0.244,28.91,0
2026-01-16 17:00:00,17,Friday,0.327,2.055,0.0,0.0,0.0,0.587,2.382,1.795,0.248,28.87,0
2026-01-16 17:15:00,17,Friday,0.319,1.616,0.0,0.0,0.0,0.461,1.935,1.474,0.255,28.93,0
2026-01-16 17:30:00,17,Friday,0.304,2.005,0.0,0.0,0.0,0.355,2.31,1.954,0.247,28.8,0
2026-01-16 17:45:00,17,Friday,0.313,1.812,0.0,0.0,0.0,0.234,2.125,1.891,0.254,29.0,0
2026-01-16 18:00:00,18,Friday,0.285,1.69,0.0,0.0,0.0,0.128,1.976,1.847,0.406,27.92,1
2026-01-16 18:15:00,18,Friday,0.312,1.575,0.0,0.0,0.0,0.047,1.887,1.839,0.399,28.41,1
2026-01-16 18:30:00,18,Friday,0.405,1.64,0.0,0.0,0.0,0.0,2.045,2.045,0.385,28.8,1
2026-01-16 18:45:00,18,Friday,0.299,2.129,0.0,0.0,2.031,0.0,4.458,4.458,0.389,27.81,1
2026-01-16 19:00:00,19,Friday,0.351,0.0,0.0,0.0,2.031,0.0,2.382,2.382,0.407,27.2,1
2026-01-16 19:15:00,19,Friday,0.325,2.123,0.0,0.0,2.031,0.0,4.478,4.478,0.409,26.65,1
2026-01-16 19:30:00,19,Friday,0.323,0.0,0.0,0.0,0.0,0.0,0.323,0.323,0.387,26.55,1
2026-01-16 19:45:00,19,Friday,0.328,1.787,0.0,0.0,0.0,0.0,2.115,2.115,0.406,25.52,1
2026-01-16 20:00:00,20,Friday,0.338,0.0,0.0,1.222,0.0,0.0,1.56,1.56,0.404,25.81,0
2026-01-16 20:15:00,20,Friday,0.305,0.0,0.0,1.222,0.0,0.0,1.527,1.527,0.386,24.66,0
2026-01-16 20:30:00,20,Friday,0.329,0.0,0.0,1.222,0.0,0.0,1.551,1.551,0.422,26.01,0
2026-01-16 20:45:00,20,Friday,0.333,0.0,0.0,1.222,0.0,0.0,1.555,1.555,0.409,25.61,0
2026-01-16 21:00:00,21,Friday,0.296,1.58,0.0,1.222,0.0,0.0,3.097,3.097,0.243,25.3,0
2026-01-16 21:15:00,21,Friday,0.276,0.0,0.0,1.222,0.0,0.0,1.498,1.498,0.257,25.25,0
2026-01-16 21:30:00,21,Friday,0.336,0.0,0.0,0.0,0.0,0.0,0.336,0.336,0.27,24.44,0
2026-01-16 21:45:00,21,Friday,0.308,1.672,0.0,0.0,0.0,0.0,1.98,1.98,0.249,24.25,0
2026-01-16 22:00:00,22,Friday,0.375,1.76,0.0,0.0,0.0,0.0,2.136,2.136,0.255,23.84,0
2026-01-16 22:15:00,22,Friday,0.365,1.72,0.0,0.0,0.0,0.0,2.086,2.086,0.245,23.7,0
2026-01-16 22:30:00,22,Friday,0.286,1.982,0.0,0.0,0.0,0.0,2.268,2.268,0.244,23.03,0
2026-01-16 22:45:00,22,Friday,0.318,0.0,0.0,0.0,0.0,0.0,0.318,0.318,0.248,23.62,0
2026-01-16 23:00:00,23,Friday,0.312,0.0,0.0,0.0,0.0,0.0,0.312,0.312,0.149,23.1,0
2026-01-16 23:15:00,23,Friday,0.321,0.0,0.0,0.0,0.0,0.0,0.321,0.321,0.153,23.02,0
2026-01-16 23:30:00,23,Friday,0.345,0.0,0.0,0.0,0.0,0.0,0.345,0.345,0.153,22.8,0
2026-01-16 23:45:00,23,Friday,0.286,0.0,0.0,0.0,0.0,0.0,0.286,0.286,0.152,22.51,0
2026-01-17 00:00:00,0,Saturday,0.257,0.0,0.0,0.0,0.0,0.0,0.257,0.257,0.146,22.62,0
2026-01-17 00:15:00,0,Saturday,0.313,0.0,0.0,0.0,0.0,0.0,0.313,0.313,0.149,21.69,0
2026-01-17 00:30:00,0,Saturday,0.284,0.0,0.0,0.0,0.0,0.0,0.284,0.284,0.155,21.71,0
2026-01-17 00:45:00,0,Saturday,0.287,0.0,0.0,0.0,0.0,0.0,0.287,0.287,0.158,21.95,0
2026-01-17 01:00:00,1,Saturday,0.278,0.0,0.0,0.0,0.0,0.0,0.278,0.278,0.156,21.67,0
2026-01-17 01:15:00,1,Saturday,0.238,0.0,0.0,0.0,0.0,0.0,0.238,0.238,0.142,21.05,0
2026-01-17 01:30:00,1,Saturday,0.269,0.0,0.0,0.0,0.0,0.0,0.269,0.269,0.139,21.04,0
2026-01-17 01:45:00,1,Saturday,0.277,0.0,0.0,0.0,0.0,0.0,0.277,0.277,0.152,21.69,0
2026-01-17 02:00:00,2,Saturday,0.267,0.0,0.0,0.0,0.0,0.0,0.267,0.267,0.151,21.03,0
2026-01-17 02:15:00,2,Saturday,0.227,0.0,0.0,0.0,0.0,0.0,0.227,0.227,0.153,21.2,0
2026-01-17 02:30:00,2,Saturday,0.28,0.0,0.0,0.0,0.0,0.0,0.28,0.28,0.144,21.2,0
2026-01-17 02:45:00,2,Saturday,0.26,0.0,0.0,0.0,0.0,0.0,0.26,0.26,0.136,20.82,0
2026-01-17 03:00:00,3,Saturday,0.243,0.0,0.0,0.0,0.0,0.0,0.243,0.243,0.134,20.45,0
2026-01-17 03:15:00,3,Saturday,0.274,0.0,0.0,0.0,0.0,0.0,0.274,0.274,0.154,21.18,0
2026-01-17 03:30:00,3,Saturday,0.265,0.0,0.0,0.0,0.0,0.0,0.265,0.265,0.155,21.21,0
2026-01-17 03:45:00,3,Saturday,0.257,0.0,0.0,0.0,0.0,0.0,0.257,0.257,0.15,20.67,0
2026-01-17 04:00:00,4,Saturday,0.267,0.0,0.0,0.0,0.0,0.0,0.267,0.267,0.148,21.08,0
2026-01-17 04:15:00,4,Saturday,0.213,0.0,0.0,0.0,0.0,0.0,0.213,0.213,0.154,22.51,0
2026-01-17 04:30:00,4,Saturday,0.275,0.0,0.0,0.0,0.0,0.0,0.275,0.275,0.142,21.13,0
2026-01-17 04:45:00,4,Saturday,0.278,0.0,0.0,0.0,0.0,0.0,0.278,0.278,0.146,21.72,0
2026-01-17 05:00:00,5,Saturday,0.221,0.0,0.0,0.0,0.0,0.0,0.221,0.221,0.153,21.68,0
2026-01-17 05:15:00,5,Saturday,0.324,0.0,0.0,0.0,0.0,0.0,0.324,0.324,0.137,21.9,0
2026-01-17 05:30:00,5,Saturday,0.236,0.0,0.0,0.0,0.0,0.0,0.236,0.236,0.166,22.56,0
2026-01-17 05:45:00,5,Saturday,0.291,0.0,0.0,0.0,0.0,0.0,0.291,0.291,0.145,22.25,0
2026-01-17 06:00:00,6,Saturday,0.332,0.0,0.0,0.0,0.0,0.0,0.332,0.332,0.145,22.71,0
2026-01-17 06:15:00,6,Saturday,0.311,0.0,0.0,0.0,0.0,0.0,0.311,0.311,0.154,22.56,0
2026-01-17 06:30:00,6,Saturday,0.334,0.0,0.0,0.0,0.0,0.0,0.334,0.334,0.144,22.15,0
2026-01-17 06:45:00,6,Saturday,0.363,0.0,0.0,0.0,0.0,0.039,0.363,0.324,0.144,23.67,0
2026-01-17 07:00:00,7,Saturday,0.324,0.0,0.0,0.0,0.0,0.107,0.324,0.217,0.257,23.33,0
2026-01-17 07:15:00,7,Saturday,0.338,0.0,0.0,0.0,1.998,0.18,2.336,2.157,0.25,24.0,0
2026-01-17 07:30:00,7,Saturday,0.342,0.0,0.0,0.0,1.998,0.294,2.34,2.046,0.259,24.58,0
2026-01-17 07:45:00,7,Saturday,0.323,0.0,0.0,0.0,1.998,0.416,2.321,1.906,0.263,24.28,0
2026-01-17 08:00:00,8,Saturday,0.288,0.0,0.0,0.0,0.0,0.536,0.288,0,0.238,24.07,0
2026-01-17 08:15:00,8,Saturday,0.319,0.0,0.0,0.0,0.0,0.606,0.319,0,0.243,24.97,0
2026-01-17 08:30:00,8,Saturday,0.377,0.0,0.0,0.0,0.0,0.757,0.377,0,0.239,24.27,0
2026-01-17 08:45:00,8,Saturday,0.351,0.0,0.0,0.0,0.0,0.833,0.351,0,0.248,25.71,0
2026-01-17 09:00:00,9,Saturday,0.297,0.0,0.0,0.0,0.0,0.907,0.297,0,0.255,26.0,0
2026-01-17 09:15:00,9,Saturday,0.289,0.0,0.0,0.0,0.0,1.107,0.289,0,0.264,26.38,0
2026-01-17 09:30:00,9,Saturday,0.266,0.0,0.0,0.0,0.0,1.201,0.266,0,0.265,26.03,0
2026-01-17 09:45:00,9,Saturday,0.257,0.0,0.0,0.0,0.0,1.37,0.257,0,0.242,26.9,0
2026-01-17 10:00:00,10,Saturday,0.257,0.0,0.0,0.0,0.0,1.501,0.257,0,0.248,26.81,0
2026-01-17 10:15:00,10,Saturday,0.283,0.0,0.0,0.0,0.0,1.474,0.283,0,0.24,27.27,0
2026-01-17 10:30:00,10,Saturday,0.234,0.0,0.0,0.0,0.0,1.643,0.234,0,0.252,28.32,0
2026-01-17 10:45:00,10,Saturday,0.251,0.0,0.0,0.0,0.0,1.707,0.251,0,0.254,27.82,0
2026-01-17 11:00:00,11,Saturday,0.313,0.0,0.0,0.0,0.0,1.784,0.313,0,0.249,28.75,0
2026-01-17 11:15:00,11,Saturday,0.223,0.0,0.0,0.0,0.0,1.976,0.223,0,0.253,28.3,0
2026-01-17 11:30:00,11,Saturday,0.247,0.0,0.0,0.0,0.0,1.926,0.247,0,0.231,28.24,0
2026-01-17 11:45:00,11,Saturday,0.308,0.0,0.0,0.0,0.0,2.111,0.308,0,0.246,29.29,0
2026-01-17 12:00:00,12,Saturday,0.258,0.0,0.0,0.0,0.0,1.947,0.258,0,0.254,29.53,0
2026-01-17 12:15:00,12,Saturday,0.29,0.0,0.0,0.0,0.0,2.079,0.29,0,0.251,29.33,0
2026-01-17 12:30:00,12,Saturday,0.223,0.0,0.0,0.0,0.0,1.978,0.223,0,0.248,29.88,0
2026-01-17 12:45:00,12,Saturday,0.257,0.0,0.0,0.0,0.0,2.006,0.257,0,0.252,30.44,0
2026-01-17 13:00:00,13,Saturday,0.268,0.0,0.0,0.0,0.0,2.092,0.268,0,0.263,31.18,0
2026-01-17 13:15:00,13,Saturday,0.289,0.0,0.0,0.0,0.0,1.932,0.289,0,0.237,30.93,0
2026-01-17 13:30:00,13,Saturday,0.249,0.0,0.0,0.0,0.0,1.962,0.249,0,0.247,29.21,0
2026-01-17 13:45:00,13,Saturday,0.299,0.0,0.0,0.0,0.0,1.792,0.299,0,0.245,30.61,0
2026-01-17 14:00:00,14,Saturday,0.219,0.0,0.0,0.0,0.0,1.743,0.219,0,0.263,30.52,0
2026-01-17 14:15:00,14,Saturday,0.215,0.0,0.0,0.0,0.0,1.772,0.215,0,0.271,30.74,0
2026-01-17 14:30:00,14,Saturday,0.234,0.0,0.0,0.0,0.0,1.623,0.234,0,0.252,31.38,0
2026-01-17 14:45:00,14,Saturday,0.283,0.0,0.0,0.0,0.0,1.565,0.283,0,0.268,31.36,0
2026-01-17 15:00:00,15,Saturday,0.236,0.0,0.0,0.0,0.0,1.436,0.236,0,0.25,30.65,0
2026-01-17 15:15:00,15,Saturday,0.272,0.0,0.0,0.0,0.0,1.368,0.272,0,0.248,31.17,0
2026-01-17 15:30:00,15,Saturday,0.248,0.0,0.0,0.0,0.0,1.202,0.248,0,0.264,30.39,0
2026-01-17 15:45:00,15,Saturday,0.236,0.0,0.0,0.0,0.0,1.102,0.236,0,0.237,30.03,0
2026-01-17 16:00:00,16,Saturday,0.246,0.0,0.0,0.0,0.0,1.006,0.246,0,0.264,30.33,0
2026-01-17 16:15:00,16,Saturday,0.281,0.0,0.0,0.0,0.0,0.875,0.281,0,0.264,29.92,0
2026-01-17 16:30:00,16,Saturday,0.279,0.0,0.0,0.0,0.0,0.759,0.279,0,0.266,30.98,0
2026-01-17 16:45:00,16,Saturday,0.235,0.0,0.0,0.0,0.0,0.637,0.235,0,0.253,30.14,0
2026-01-17 17:00:00,17,Saturday,0.327,2.102,0.0,0.0,0.0,0.538,2.429,1.891,0.253,30.71,0
2026-01-17 17:15:00,17,Saturday,0.38,2.125,0.0,0.0,0.0,0.387,2.505,2.118,0.246,30.21,0
2026-01-17 17:30:00,17,Saturday,0.331,2.029,0.0,0.0,0.0,0.277,2.361,2.084,0.258,29.21,0
2026-01-17 17:45:00,17,Saturday,0.324,1.724,0.0,0.0,0.0,0.19,2.048,1.858,0.253,29.5,0
2026-01-17 18:00:00,18,Saturday,0.306,2.062,0.0,0.0,2.131,0.103,4.499,4.395,0.404,29.15,1
2026-01-17 18:15:00,18,Saturday,0.328,2.193,0.0,0.0,2.131,0.037,4.653,4.616,0.413,29.53,1
2026-01-17 18:30:00,18,Saturday,0.322,1.587,0.0,0.0,2.131,0.0,4.04,4.04,0.397,27.81,1
2026-01-17 18:45:00,18,Saturday,0.285,1.729,1.41,0.0,0.0,0.0,3.424,3.424,0.398,27.93,1
2026-01-17 19:00:00,19,Saturday,0.352,1.903,1.41,0.0,0.0,0.0,3.665,3.665,0.409,29.64,1
2026-01-17 19:15:00,19,Saturday,0.327,1.951,1.41,1.272,0.0,0.0,4.959,4.959,0.398,27.87,1
2026-01-17 19:30:00,19,Saturday,0.326,0.0,1.41,1.272,0.0,0.0,3.008,3.008,0.391,27.0,1
2026-01-17 19:45:00,19,Saturday,0.313,0.0,0.0,1.272,0.0,0.0,1.585,1.585,0.395,27.45,1
2026-01-17 20:00:00,20,Saturday,0.305,0.0,0.0,1.272,0.0,0.0,1.578,1.578,0.403,27.28,0
2026-01-17 20:15:00,20,Saturday,0.358,2.089,0.0,1.272,0.0,0.0,3.72,3.72,0.405,27.02,0
2026-01-17 20:30:00,20,Saturday,0.367,2.127,0.0,0.0,0.0,0.0,2.494,2.494,0.412,26.96,0
2026-01-17 20:45:00,20,Saturday,0.363,0.0,0.0,0.0,0.0,0.0,0.363,0.363,0.395,26.33,0
2026-01-17 21:00:00,21,Saturday,0.315,1.951,0.0,0.0,0.0,0.0,2.267,2.267,0.233,26.44,0
2026-01-17 21:15:00,21,Saturday,0.315,1.567,0.0,0.0,0.0,0.0,1.882,1.882,0.27,25.83,0
2026-01-17 21:30:00,21,Saturday,0.309,0.0,0.0,0.0,0.0,0.0,0.309,0.309,0.245,24.57,0
2026-01-17 21:45:00,21,Saturday,0.33,0.0,0.0,0.0,0.0,0.0,0.33,0.33,0.253,25.33,0
2026-01-17 22:00:00,22,Saturday,0.305,2.028,0.0,0.0,0.0,0.0,2.333,2.333,0.258,25.23,0
2026-01-17 22:15:00,22,Saturday,0.351,0.0,0.0,0.0,0.0,0.0,0.351,0.351,0.255,24.03,0
2026-01-17 22:30:00,22,Saturday,0.353,0.0,0.0,0.0,0.0,0.0,0.353,0.353,0.241,23.6,0
2026-01-17 22:45:00,22,Saturday,0.269,1.929,0.0,0.0,0.0,0.0,2.198,2.198,0.251,24.21,0
2026-01-17 23:00:00,23,Saturday,0.347,0.0,0.0,0.0,0.0,0.0,0.347,0.347,0.151,23.08,0
2026-01-17 23:15:00,23,Saturday,0.296,0.0,0.0,0.0,0.0,0.0,0.296,0.296,0.15,22.15,0
2026-01-17 23:30:00,23,Saturday,0.371,0.0,0.0,0.0,0.0,0.0,0.371,0.371,0.144,23.41,0
2026-01-17 23:45:00,23,Saturday,0.311,0.0,0.0,0.0,0.0,0.0,0.311,0.311,0.156,23.27,0
2026-01-18 00:00:00,0,Sunday,0.243,0.0,0.0,0.0,0.0,0.0,0.243,0.243,0.154,22.91,0
2026-01-18 00:15:00,0,Sunday,0.281,0.0,0.0,0.0,0.0,0.0,0.281,0.281,0.149,22.47,0
2026-01-18 00:30:00,0,Sunday,0.257,0.0,0.0,0.0,0.0,0.0,0.257,0.257,0.146,22.19,0
2026-01-18 00:45:00,0,Sunday,0.267,0.0,0.0,0.0,0.0,0.0,0.267,0.267,0.155,22.48,0
2026-01-18 01:00:00,1,Sunday,0.258,0.0,0.0,0.0,0.0,0.0,0.258,0.258,0.168,22.33,0
2026-01-18 01:15:00,1,Sunday,0.261,0.0,0.0,0.0,0.0,0.0,0.261,0.261,0.158,21.67,0
2026-01-18 01:30:00,1,Sunday,0.259,0.0,0.0,0.0,0.0,0.0,0.259,0.259,0.147,21.54,0
2026-01-18 01:45:00,1,Sunday,0.226,0.0,0.0,0.0,0.0,0.0,0.226,0.226,0.145,21.51,0
2026-01-18 02:00:00,2,Sunday,0.274,0.0,0.0,0.0,0.0,0.0,0.274,0.274,0.146,21.85,0
2026-01-18 02:15:00,2,Sunday,0.293,0.0,0.0,0.0,0.0,0.0,0.293,0.293,0.139,21.43,0
2026-01-18 02:30:00,2,Sunday,0.252,0.0,0.0,0.0,0.0,0.0,0.252,0.252,0.156,21.68,0
2026-01-18 02:45:00,2,Sunday,0.256,0.0,0.0,0.0,0.0,0.0,0.256,0.256,0.135,21.38,0
2026-01-18 03:00:00,3,Sunday,0.24,0.0,0.0,0.0,0.0,0.0,0.24,0.24,0.171,21.15,0
2026-01-18 03:15:00,3,Sunday,0.274,0.0,0.0,0.0,0.0,0.0,0.274,0.274,0.152,20.89,0
2026-01-18 03:30:00,3,Sunday,0.279,0.0,0.0,0.0,0.0,0.0,0.279,0.279,0.148,20.91,0
2026-01-18 03:45:00,3,Sunday,0.263,0.0,0.0,0.0,0.0,0.0,0.263,0.263,0.133,21.45,0
2026-01-18 04:00:00,4,Sunday,0.276,0.0,0.0,0.0,0.0,0.0,0.276,0.276,0.165,21.48,0
2026-01-18 04:15:00,4,Sunday,0.266,0.0,0.0,0.0,0.0,0.0,0.266,0.266,0.154,21.95,0
2026-01-18 04:30:00,4,Sunday,0.251,0.0,0.0,0.0,0.0,0.0,0.251,0.251,0.15,21.68,0
2026-01-18 04:45:00,4,Sunday,0.259,0.0,0.0,0.0,0.0,0.0,0.259,0.259,0.151,21.84,0
2026-01-18 05:00:00,5,Sunday,0.296,0.0,0.0,0.0,0.0,0.0,0.296,0.296,0.146,22.65,0
2026-01-18 05:15:00,5,Sunday,0.232,0.0,0.0,0.0,0.0,0.0,0.232,0.232,0.149,21.29,0
2026-01-18 05:30:00,5,Sunday,0.24,0.0,0.0,0.0,0.0,0.0,0.24,0.24,0.148,23.64,0
2026-01-18 05:45:00,5,Sunday,0.258,0.0,0.0,0.0,0.0,0.0,0.258,0.258,0.15,23.23,0
2026-01-18 06:00:00,6,Sunday,0.329,0.0,0.0,0.0,0.0,0.0,0.329,0.329,0.145,23.27,0
2026-01-18 06:15:00,6,Sunday,0.295,0.0,0.0,0.0,2.044,0.0,2.339,2.339,0.147,23.5,0
2026-01-18 06:30:00,6,Sunday,0.331,0.0,0.0,0.0,2.044,0.0,2.375,2.375,0.15,23.04,0
2026-01-18 06:45:00,6,Sunday,0.331,0.0,0.0,0.0,2.044,0.048,2.376,2.328,0.143,23.13,0
2026-01-18 07:00:00,7,Sunday,0.335,0.0,0.0,0.0,2.044,0.136,2.379,2.243,0.239,24.47,0
2026-01-18 07:15:00,7,Sunday,0.358,0.0,0.0,0.0,0.0,0.203,0.358,0.155,0.24,24.71,0
2026-01-18 07:30:00,7,Sunday,0.342,0.0,0.0,0.0,0.0,0.334,0.342,0.008,0.246,24.06,0
2026-01-18 07:45:00,7,Sunday,0.347,0.0,0.0,0.0,0.0,0.48,0.347,0,0.252,24.46,0
2026-01-18 08:00:00,8,Sunday,0.373,0.0,0.0,0.0,0.0,0.607,0.373,0,0.245,24.84,0
2026-01-18 08:15:00,8,Sunday,0.329,0.0,0.0,0.0,0.0,0.763,0.329,0,0.249,25.81,0
2026-01-18 08:30:00,8,Sunday,0.309,0.0,0.0,0.0,0.0,0.902,0.309,0,0.254,25.45,0
2026-01-18 08:45:00,8,Sunday,0.345,0.0,0.0,0.0,0.0,1.063,0.345,0,0.239,25.31,0
2026-01-18 09:00:00,9,Sunday,0.29,0.0,0.0,0.0,0.0,1.165,0.29,0,0.238,26.04,0
2026-01-18 09:15:00,9,Sunday,0.281,0.0,0.0,0.0,0.0,1.292,0.281,0,0.264,25.67,0
2026-01-18 09:30:00,9,Sunday,0.274,0.0,0.0,0.0,0.0,1.553,0.274,0,0.25,26.24,0
2026-01-18 09:45:00,9,Sunday,0.248,0.0,0.0,0.0,0.0,1.728,0.248,0,0.248,26.83,0
2026-01-18 10:00:00,10,Sunday,0.291,0.0,0.0,0.0,0.0,1.801,0.291,0,0.252,26.85,0
2026-01-18 10:15:00,10,Sunday,0.267,0.0,0.0,0.0,0.0,1.842,0.267,0,0.258,27.46,0
2026-01-18 10:30:00,10,Sunday,0.266,0.0,0.0,0.0,0.0,1.965,0.266,0,0.239,27.78,0
2026-01-18 10:45:00,10,Sunday,0.288,0.0,0.0,0.0,0.0,2.075,0.288,0,0.261,27.62,0
2026-01-18 11:00:00,11,Sunday,0.266,0.0,0.0,0.0,0.0,2.39,0.266,0,0.249,29.0,0
2026-01-18 11:15:00,11,Sunday,0.236,0.0,0.0,0.0,0.0,2.184,0.236,0,0.249,29.16,0
2026-01-18 11:30:00,11,Sunday,0.259,0.0,0.0,0.0,0.0,2.224,0.259,0,0.252,28.76,0
2026-01-18 11:45:00,11,Sunday,0.27,0.0,0.0,0.0,0.0,2.282,0.27,0,0.25,28.9,0
2026-01-18 12:00:00,12,Sunday,0.276,0.0,0.0,0.0,0.0,2.366,0.276,0,0.237,29.59,0
2026-01-18 12:15:00,12,Sunday,0.272,0.0,0.0,0.0,0.0,2.569,0.272,0,0.252,30.12,0
2026-01-18 12:30:00,12,Sunday,0.265,0.0,0.0,0.0,0.0,2.469,0.265,0,0.255,30.35,0
2026-01-18 12:45:00,12,Sunday,0.279,0.0,0.0,0.0,0.0,2.328,0.279,0,0.256,30.44,0
2026-01-18 13:00:00,13,Sunday,0.256,0.0,0.0,0.0,0.0,2.549,0.256,0,0.237,30.82,0
2026-01-18 13:15:00,13,Sunday,0.254,0.0,0.0,0.0,0.0,2.414,0.254,0,0.247,30.63,0
2026-01-18 13:30:00,13,Sunday,0.251,0.0,0.0,0.0,0.0,2.22,0.251,0,0.249,31.33,0
2026-01-18 13:45:00,13,Sunday,0.301,0.0,0.0,0.0,0.0,2.421,0.301,0,0.245,30.67,0
2026-01-18 14:00:00,14,Sunday,0.217,0.0,0.0,0.0,0.0,2.195,0.217,0,0.256,31.34,0
2026-01-18 14:15:00,14,Sunday,0.266,0.0,0.0,0.0,0.0,2.039,0.266,0,0.254,30.73,0
2026-01-18 14:30:00,14,Sunday,0.24,0.0,0.0,0.0,0.0,2.176,0.24,0,0.251,30.88,0
2026-01-18 14:45:00,14,Sunday,0.257,0.0,0.0,0.0,0.0,1.817,0.257,0,0.258,31.06,0
2026-01-18 15:00:00,15,Sunday,0.285,0.0,0.0,0.0,0.0,1.847,0.285,0,0.269,31.47,0
2026-01-18 15:15:00,15,Sunday,0.258,0.0,0.0,0.0,0.0,1.6,0.258,0,0.259,31.19,0
2026-01-18 15:30:00,15,Sunday,0.26,0.0,0.0,0.0,0.0,1.538,0.26,0,0.242,30.66,0
2026-01-18 15:45:00,15,Sunday,0.277,0.0,0.0,0.0,0.0,1.393,0.277,0,0.252,30.7,0
2026-01-18 16:00:00,16,Sunday,0.294,0.0,0.0,0.0,0.0,1.227,0.294,0,0.257,30.67,0
2026-01-18 16:15:00,16,Sunday,0.269,0.0,0.0,0.0,0.0,1.065,0.269,0,0.245,30.96,0
2026-01-18 16:30:00,16,Sunday,0.249,0.0,0.0,0.0,0.0,0.917,0.249,0,0.259,30.29,0
2026-01-18 16:45:00,16,Sunday,0.264,0.0,0.0,0.0,0.0,0.774,0.264,0,0.239,30.95,0
2026-01-18 17:00:00,17,Sunday,0.31,1.658,0.0,0.0,0.0,0.617,1.969,1.352,0.259,30.3,0
2026-01-18 17:15:00,17,Sunday,0.313,2.007,0.0,0.0,0.0,0.469,2.32,1.851,0.25,30.41,0
2026-01-18 17:30:00,17,Sunday,0.335,2.071,0.0,0.0,0.0,0.332,2.406,2.074,0.255,29.83,0
2026-01-18 17:45:00,17,Sunday,0.337,1.503,0.0,0.0,0.0,0.234,1.84,1.606,0.246,29.97,0
2026-01-18 18:00:00,18,Sunday,0.337,1.537,0.0,0.0,0.0,0.125,1.874,1.749,0.396,29.38,1
2026-01-18 18:15:00,18,Sunday,0.35,0.0,0.0,0.0,0.0,0.045,0.35,0.305,0.409,29.06,1
2026-01-18 18:30:00,18,Sunday,0.316,1.534,0.0,0.0,0.0,0.0,1.849,1.849,0.411,28.87,1
2026-01-18 18:45:00,18,Sunday,0.315,1.685,0.0,0.0,0.0,0.0,2.0,2.0,0.397,28.26,1
2026-01-18 19:00:00,19,Sunday,0.323,2.054,0.0,0.0,0.0,0.0,2.377,2.377,0.408,29.39,1
2026-01-18 19:15:00,19,Sunday,0.352,1.989,0.0,0.0,0.0,0.0,2.341,2.341,0.405,28.42,1
2026-01-18 19:30:00,19,Sunday,0.335,0.0,0.0,0.0,0.0,0.0,0.335,0.335,0.405,27.59,1
2026-01-18 19:45:00,19,Sunday,0.312,1.584,0.0,0.0,0.0,0.0,1.896,1.896,0.391,27.14,1
2026-01-18 20:00:00,20,Sunday,0.379,1.604,0.0,0.0,0.0,0.0,1.983,1.983,0.407,27.63,0
2026-01-18 20:15:00,20,Sunday,0.3,2.095,0.0,0.0,0.0,0.0,2.395,2.395,0.407,26.51,0
2026-01-18 20:30:00,20,Sunday,0.292,0.0,0.0,0.0,0.0,0.0,0.292,0.292,0.402,26.47,0
2026-01-18 20:45:00,20,Sunday,0.358,0.0,0.0,1.142,0.0,0.0,1.5,1.5,0.396,26.22,0
2026-01-18 21:00:00,21,Sunday,0.352,0.0,0.0,1.142,0.0,0.0,1.495,1.495,0.243,25.94,0
2026-01-18 21:15:00,21,Sunday,0.32,1.668,0.0,1.142,0.0,0.0,3.131,3.131,0.239,26.6,0
2026-01-18 21:30:00,21,Sunday,0.358,1.843,0.0,1.142,0.0,0.0,3.343,3.343,0.249,26.28,0
2026-01-18 21:45:00,21,Sunday,0.304,2.041,0.0,0.0,0.0,0.0,2.345,2.345,0.244,24.92,0
2026-01-18 22:00:00,22,Sunday,0.325,0.0,0.0,0.0,0.0,0.0,0.325,0.325,0.245,24.55,0
2026-01-18 22:15:00,22,Sunday,0.266,2.036,0.0,0.0,0.0,0.0,2.302,2.302,0.246,25.02,0
2026-01-18 22:30:00,22,Sunday,0.345,0.0,0.0,0.0,0.0,0.0,0.345,0.345,0.25,24.1,0
2026-01-18 22:45:00,22,Sunday,0.336,0.0,0.0,0.0,0.0,0.0,0.336,0.336,0.263,23.57,0
2026-01-18 23:00:00,23,Sunday,0.3,0.0,0.0,0.0,0.0,0.0,0.3,0.3,0.146,23.97,0
2026-01-18 23:15:00,23,Sunday,0.381,0.0,0.0,0.0,0.0,0.0,0.381,0.381,0.162,24.24,0
2026-01-18 23:30:00,23,Sunday,0.317,0.0,0.0,0.0,0.0,0.0,0.317,0.317,0.14,22.86,0
2026-01-18 23:45:00,23,Sunday,0.286,0.0,0.0,0.0,0.0,0.0,0.286,0.286,0.153,22.8,0
2026-01-19 00:00:00,0,Monday,0.326,0.0,0.0,0.0,0.0,0.0,0.326,0.326,0.126,23.35,0
2026-01-19 00:15:00,0,Monday,0.287,0.0,0.0,0.0,0.0,0.0,0.287,0.287,0.147,22.72,0
2026-01-19 00:30:00,0,Monday,0.29,0.0,0.0,0.0,0.0,0.0,0.29,0.29,0.148,22.05,0
2026-01-19 00:45:00,0,Monday,0.291,0.0,0.0,0.0,0.0,0.0,0.291,0.291,0.167,22.09,0
2026-01-19 01:00:00,1,Monday,0.25,0.0,0.0,0.0,0.0,0.0,0.25,0.25,0.146,22.61,0
2026-01-19 01:15:00,1,Monday,0.288,0.0,0.0,0.0,0.0,0.0,0.288,0.288,0.157,21.94,0
2026-01-19 01:30:00,1,Monday,0.291,0.0,0.0,0.0,0.0,0.0,0.291,0.291,0.158,21.35,0
2026-01-19 01:45:00,1,Monday,0.257,0.0,0.0,0.0,0.0,0.0,0.257,0.257,0.16,22.34,0
2026-01-19 02:00:00,2,Monday,0.259,0.0,0.0,0.0,0.0,0.0,0.259,0.259,0.158,21.93,0
2026-01-19 02:15:00,2,Monday,0.293,0.0,0.0,0.0,0.0,0.0,0.293,0.293,0.139,21.37,0
2026-01-19 02:30:00,2,Monday,0.272,0.0,0.0,0.0,0.0,0.0,0.272,0.272,0.153,21.53,0
2026-01-19 02:45:00,2,Monday,0.285,0.0,0.0,0.0,0.0,0.0,0.285,0.285,0.139,21.41,0
2026-01-19 03:00:00,3,Monday,0.293,0.0,0.0,0.0,0.0,0.0,0.293,0.293,0.156,21.06,0
2026-01-19 03:15:00,3,Monday,0.28,0.0,0.0,0.0,0.0,0.0,0.28,0.28,0.129,21.68,0
2026-01-19 03:30:00,3,Monday,0.232,0.0,0.0,0.0,0.0,0.0,0.232,0.232,0.161,22.06,0
2026-01-19 03:45:00,3,Monday,0.253,0.0,0.0,0.0,0.0,0.0,0.253,0.253,0.151,22.23,0
2026-01-19 04:00:00,4,Monday,0.286,0.0,0.0,0.0,0.0,0.0,0.286,0.286,0.153,21.28,0
2026-01-19 04:15:00,4,Monday,0.254,0.0,0.0,0.0,0.0,0.0,0.254,0.254,0.145,21.51,0
2026-01-19 04:30:00,4,Monday,0.308,0.0,0.0,0.0,0.0,0.0,0.308,0.308,0.149,21.04,0
2026-01-19 04:45:00,4,Monday,0.307,0.0,0.0,0.0,0.0,0.0,0.307,0.307,0.151,21.72,0
2026-01-19 05:00:00,5,Monday,0.277,0.0,0.0,0.0,0.0,0.0,0.277,0.277,0.134,22.2,0
2026-01-19 05:15:00,5,Monday,0.243,0.0,0.0,0.0,0.0,0.0,0.243,0.243,0.152,22.32,0
2026-01-19 05:30:00,5,Monday,0.269,0.0,0.0,0.0,0.0,0.0,0.269,0.269,0.156,22.62,0
2026-01-19 05:45:00,5,Monday,0.228,0.0,0.0,0.0,0.0,0.0,0.228,0.228,0.165,22.27,0
2026-01-19 06:00:00,6,Monday,0.314,0.0,0.0,0.0,0.0,0.0,0.314,0.314,0.158,22.47,0
2026-01-19 06:15:00,6,Monday,0.304,0.0,0.0,0.0,0.0,0.0,0.304,0.304,0.149,23.56,0
2026-01-19 06:30:00,6,Monday,0.343,0.0,0.0,0.0,0.0,0.0,0.343,0.343,0.159,23.14,0
2026-01-19 06:45:00,6,Monday,0.341,0.0,0.0,0.0,2.128,0.052,2.469,2.417,0.15,23.21,0
2026-01-19 07:00:00,7,Monday,0.33,0.0,0.0,0.0,2.128,0.139,2.458,2.319,0.249,23.38,0
2026-01-19 07:15:00,7,Monday,0.362,0.0,0.0,0.0,2.128,0.256,2.491,2.234,0.259,24.0,0
2026-01-19 07:30:00,7,Monday,0.318,0.0,0.0,0.0,2.128,0.368,2.447,2.079,0.25,24.34,0
2026-01-19 07:45:00,7,Monday,0.355,0.0,0.0,0.0,0.0,0.556,0.355,0,0.238,24.78,0
2026-01-19 08:00:00,8,Monday,0.323,0.0,0.0,0.0,0.0,0.69,0.323,0,0.243,26.28,0
2026-01-19 08:15:00,8,Monday,0.376,0.0,0.0,0.0,0.0,0.875,0.376,0,0.249,24.81,0
2026-01-19 08:30:00,8,Monday,0.345,0.0,0.0,0.0,0.0,1.005,0.345,0,0.255,26.05,0
2026-01-19 08:45:00,8,Monday,0.361,0.0,0.0,0.0,0.0,1.204,0.361,0,0.25,24.79,0
2026-01-19 09:00:00,9,Monday,0.249,0.0,0.0,0.0,0.0,1.385,0.249,0,0.241,26.36,0
2026-01-19 09:15:00,9,Monday,0.275,0.0,0.0,0.0,0.0,1.45,0.275,0,0.264,26.69,0
2026-01-19 09:30:00,9,Monday,0.268,0.0,0.0,0.0,0.0,1.664,0.268,0,0.251,26.36,0
2026-01-19 09:45:00,9,Monday,0.313,0.0,0.0,0.0,0.0,1.797,0.313,0,0.241,26.71,0
2026-01-19 10:00:00,10,Monday,0.277,0.0,0.0,0.0,0.0,2.075,0.277,0,0.263,27.46,0
2026-01-19 10:15:00,10,Monday,0.265,0.0,0.0,0.0,0.0,2.018,0.265,0,0.259,27.44,0
2026-01-19 10:30:00,10,Monday,0.281,0.0,0.0,0.0,0.0,2.253,0.281,0,0.251,28.55,0
2026-01-19 10:45:00,10,Monday,0.315,0.0,0.0,0.0,0.0,2.348,0.315,0,0.244,28.49,0
2026-01-19 11:00:00,11,Monday,0.256,0.0,0.0,0.0,0.0,2.549,0.256,0,0.252,28.38,0
2026-01-19 11:15:00,11,Monday,0.282,0.0,0.0,0.0,0.0,2.492,0.282,0,0.242,29.17,0
2026-01-19 11:30:00,11,Monday,0.285,0.0,0.0,0.0,0.0,2.634,0.285,0,0.26,29.41,0
2026-01-19 11:45:00,11,Monday,0.282,0.0,0.0,0.0,0.0,2.721,0.282,0,0.252,29.35,0
2026-01-19 12:00:00,12,Monday,0.262,0.0,0.0,0.0,0.0,2.562,0.262,0,0.268,29.42,0
2026-01-19 12:15:00,12,Monday,0.267,0.0,0.0,0.0,0.0,2.901,0.267,0,0.262,30.12,0
2026-01-19 12:30:00,12,Monday,0.274,0.0,0.0,0.0,0.0,2.817,0.274,0,0.252,29.25,0
2026-01-19 12:45:00,12,Monday,0.282,0.0,0.0,0.0,0.0,2.779,0.282,0,0.246,29.92,0
2026-01-19 13:00:00,13,Monday,0.264,0.0,0.0,0.0,0.0,2.423,0.264,0,0.249,30.64,0
2026-01-19 13:15:00,13,Monday,0.272,0.0,0.0,0.0,0.0,2.615,0.272,0,0.246,30.58,0
2026-01-19 13:30:00,13,Monday,0.283,0.0,0.0,0.0,0.0,2.661,0.283,0,0.245,30.08,0
2026-01-19 13:45:00,13,Monday,0.25,0.0,0.0,0.0,0.0,2.656,0.25,0,0.257,31.5,0
2026-01-19 14:00:00,14,Monday,0.258,0.0,0.0,0.0,0.0,2.504,0.258,0,0.232,30.89,0
2026-01-19 14:15:00,14,Monday,0.257,0.0,0.0,0.0,0.0,2.486,0.257,0,0.244,31.34,0
2026-01-19 14:30:00,14,Monday,0.239,0.0,0.0,0.0,0.0,2.151,0.239,0,0.271,31.01,0
2026-01-19 14:45:00,14,Monday,0.256,0.0,0.0,0.0,0.0,2.118,0.256,0,0.246,31.51,0
2026-01-19 15:00:00,15,Monday,0.267,0.0,0.0,0.0,0.0,2.041,0.267,0,0.256,31.09,0
2026-01-19 15:15:00,15,Monday,0.242,0.0,0.0,0.0,0.0,1.678,0.242,0,0.264,30.82,0
2026-01-19 15:30:00,15,Monday,0.263,0.0,0.0,0.0,0.0,1.742,0.263,0,0.257,30.95,0
2026-01-19 15:45:00,15,Monday,0.296,0.0,0.0,0.0,0.0,1.493,0.296,0,0.244,30.63,0
2026-01-19 16:00:00,16,Monday,0.246,0.0,0.0,0.0,0.0,1.325,0.246,0,0.258,31.65,0
2026-01-19 16:15:00,16,Monday,0.3,0.0,0.0,0.0,0.0,1.212,0.3,0,0.259,31.09,0
2026-01-19 16:30:00,16,Monday,0.297,0.0,0.0,0.0,0.0,1.01,0.297,0,0.251,30.08,0
2026-01-19 16:45:00,16,Monday,0.256,0.0,0.0,0.0,0.0,0.835,0.256,0,0.245,29.81,0
2026-01-19 17:00:00,17,Monday,0.363,1.828,0.0,0.0,0.0,0.698,2.19,1.492,0.25,30.04,0
2026-01-19 17:15:00,17,Monday,0.308,1.841,0.0,0.0,0.0,0.501,2.149,1.648,0.24,30.75,0
2026-01-19 17:30:00,17,Monday,0.331,2.07,0.0,0.0,0.0,0.401,2.401,2.0,0.252,30.25,0
2026-01-19 17:45:00,17,Monday,0.334,1.86,0.0,0.0,0.0,0.265,2.194,1.928,0.24,30.15,0
2026-01-19 18:00:00,18,Monday,0.335,2.161,0.0,0.0,0.0,0.154,2.496,2.342,0.398,29.67,1
2026-01-19 18:15:00,18,Monday,0.304,1.959,0.0,0.0,1.903,0.05,4.165,4.115,0.4,29.99,1
2026-01-19 18:30:00,18,Monday,0.319,1.574,0.0,0.0,1.903,0.0,3.796,3.796,0.39,29.78,1
2026-01-19 18:45:00,18,Monday,0.338,2.142,0.0,0.0,1.903,0.0,4.383,4.383,0.398,28.69,1
2026-01-19 19:00:00,19,Monday,0.285,1.817,0.0,1.15,0.0,0.0,3.252,3.252,0.391,28.11,1
2026-01-19 19:15:00,19,Monday,0.361,1.642,0.0,1.15,0.0,0.0,3.153,3.153,0.374,27.89,1
2026-01-19 19:30:00,19,Monday,0.358,1.548,0.0,1.15,0.0,0.0,3.056,3.056,0.402,28.07,1
2026-01-19 19:45:00,19,Monday,0.348,1.98,1.504,1.15,0.0,0.0,4.982,4.982,0.404,27.53,1
2026-01-19 20:00:00,20,Monday,0.354,0.0,1.504,1.15,0.0,0.0,3.007,3.007,0.395,26.61,0
2026-01-19 20:15:00,20,Monday,0.335,1.571,1.504,1.15,0.0,0.0,4.56,4.56,0.39,26.78,0
2026-01-19 20:30:00,20,Monday,0.306,1.575,1.504,0.0,0.0,0.0,3.385,3.385,0.404,26.94,0
2026-01-19 20:45:00,20,Monday,0.349,1.512,0.0,0.0,0.0,0.0,1.86,1.86,0.396,26.69,0
2026-01-19 21:00:00,21,Monday,0.341,1.687,0.0,0.0,0.0,0.0,2.027,2.027,0.262,25.75,0
2026-01-19 21:15:00,21,Monday,0.343,1.872,0.0,0.0,0.0,0.0,2.214,2.214,0.245,25.66,0
2026-01-19 21:30:00,21,Monday,0.364,1.583,0.0,0.0,0.0,0.0,1.946,1.946,0.231,26.09,0
2026-01-19 21:45:00,21,Monday,0.364,0.0,0.0,0.0,0.0,0.0,0.364,0.364,0.245,25.94,0
2026-01-19 22:00:00,22,Monday,0.336,1.648,0.0,0.0,0.0,0.0,1.984,1.984,0.245,25.14,0
2026-01-19 22:15:00,22,Monday,0.28,1.802,0.0,0.0,0.0,0.0,2.081,2.081,0.252,24.55,0
2026-01-19 22:30:00,22,Monday,0.359,1.809,0.0,0.0,0.0,0.0,2.168,2.168,0.27,24.79,0
2026-01-19 22:45:00,22,Monday,0.326,0.0,0.0,0.0,0.0,0.0,0.326,0.326,0.256,23.85,0
2026-01-19 23:00:00,23,Monday,0.312,0.0,0.0,0.0,0.0,0.0,0.312,0.312,0.144,24.33,0
2026-01-19 23:15:00,23,Monday,0.303,0.0,0.0,0.0,0.0,0.0,0.303,0.303,0.155,23.47,0
2026-01-19 23:30:00,23,Monday,0.294,0.0,0.0,0.0,0.0,0.0,0.294,0.294,0.142,23.76,0
2026-01-19 23:45:00,23,Monday,0.392,0.0,0.0,0.0,0.0,0.0,0.392,0.392,0.149,22.53,0
2026-01-20 00:00:00,0,Tuesday,0.244,0.0,0.0,0.0,0.0,0.0,0.244,0.244,0.143,22.62,0
2026-01-20 00:15:00,0,Tuesday,0.246,0.0,0.0,0.0,0.0,0.0,0.246,0.246,0.151,21.76,0
2026-01-20 00:30:00,0,Tuesday,0.291,0.0,0.0,0.0,0.0,0.0,0.291,0.291,0.149,21.47,0
2026-01-20 00:45:00,0,Tuesday,0.208,0.0,0.0,0.0,0.0,0.0,0.208,0.208,0.143,21.76,0
2026-01-20 01:00:00,1,Tuesday,0.283,0.0,0.0,0.0,0.0,0.0,0.283,0.283,0.161,22.08,0
2026-01-20 01:15:00,1,Tuesday,0.273,0.0,0.0,0.0,0.0,0.0,0.273,0.273,0.156,20.85,0
2026-01-20 01:30:00,1,Tuesday,0.281,0.0,0.0,0.0,0.0,0.0,0.281,0.281,0.147,21.14,0
2026-01-20 01:45:00,1,Tuesday,0.254,0.0,0.0,0.0,0.0,0.0,0.254,0.254,0.145,20.35,0
2026-01-20 02:00:00,2,Tuesday,0.288,0.0,0.0,0.0,0.0,0.0,0.288,0.288,0.149,21.71,0
2026-01-20 02:15:00,2,Tuesday,0.284,0.0,0.0,0.0,0.0,0.0,0.284,0.284,0.139,20.84,0
2026-01-20 02:30:00,2,Tuesday,0.254,0.0,0.0,0.0,0.0,0.0,0.254,0.254,0.162,20.6,0
2026-01-20 02:45:00,2,Tuesday,0.259,0.0,0.0,0.0,0.0,0.0,0.259,0.259,0.155,21.22,0
2026-01-20 03:00:00,3,Tuesday,0.246,0.0,0.0,0.0,0.0,0.0,0.246,0.246,0.156,21.25,0
2026-01-20 03:15:00,3,Tuesday,0.311,0.0,0.0,0.0,0.0,0.0,0.311,0.311,0.157,21.01,0
2026-01-20 03:30:00,3,Tuesday,0.273,0.0,0.0,0.0,0.0,0.0,0.273,0.273,0.161,21.26,0
2026-01-20 03:45:00,3,Tuesday,0.234,0.0,0.0,0.0,0.0,0.0,0.234,0.234,0.168,20.47,0
2026-01-20 04:00:00,4,Tuesday,0.26,0.0,0.0,0.0,0.0,0.0,0.26,0.26,0.172,21.34,0
2026-01-20 04:15:00,4,Tuesday,0.283,0.0,0.0,0.0,0.0,0.0,0.283,0.283,0.147,20.76,0
2026-01-20 04:30:00,4,Tuesday,0.247,0.0,0.0,0.0,0.0,0.0,0.247,0.247,0.146,21.07,0
2026-01-20 04:45:00,4,Tuesday,0.266,0.0,0.0,0.0,0.0,0.0,0.266,0.266,0.153,21.43,0
2026-01-20 05:00:00,5,Tuesday,0.277,0.0,0.0,0.0,0.0,0.0,0.277,0.277,0.141,21.71,0
2026-01-20 05:15:00,5,Tuesday,0.255,0.0,0.0,0.0,0.0,0.0,0.255,0.255,0.155,22.56,0
2026-01-20 05:30:00,5,Tuesday,0.245,0.0,0.0,0.0,0.0,0.0,0.245,0.245,0.15,21.29,0
2026-01-20 05:45:00,5,Tuesday,0.275,0.0,0.0,0.0,0.0,0.0,0.275,0.275,0.157,22.52,0
2026-01-20 06:00:00,6,Tuesday,0.305,0.0,0.0,0.0,2.112,0.0,2.417,2.417,0.153,22.56,0
2026-01-20 06:15:00,6,Tuesday,0.32,0.0,0.0,0.0,2.112,0.0,2.432,2.432,0.169,21.45,0
2026-01-20 06:30:00,6,Tuesday,0.325,0.0,0.0,0.0,2.112,0.0,2.437,2.437,0.155,23.46,0
2026-01-20 06:45:00,6,Tuesday,0.341,0.0,0.0,0.0,0.0,0.032,0.341,0.31,0.156,23.78,0
2026-01-20 07:00:00,7,Tuesday,0.318,0.0,0.0,0.0,0.0,0.093,0.318,0.225,0.248,23.06,0
2026-01-20 07:15:00,7,Tuesday,0.297,0.0,0.0,0.0,0.0,0.168,0.297,0.129,0.239,23.85,0
2026-01-20 07:30:00,7,Tuesday,0.321,0.0,0.0,0.0,0.0,0.249,0.321,0.073,0.247,23.5,0
2026-01-20 07:45:00,7,Tuesday,0.369,0.0,0.0,0.0,0.0,0.351,0.369,0.019,0.245,24.2,0
2026-01-20 08:00:00,8,Tuesday,0.302,0.0,0.0,0.0,0.0,0.452,0.302,0,0.254,23.96,0
2026-01-20 08:15:00,8,Tuesday,0.346,0.0,0.0,0.0,0.0,0.536,0.346,0,0.255,24.91,0
2026-01-20 08:30:00,8,Tuesday,0.349,0.0,0.0,0.0,0.0,0.657,0.349,0,0.245,25.73,0
2026-01-20 08:45:00,8,Tuesday,0.345,0.0,0.0,0.0,0.0,0.704,0.345,0,0.26,25.18,0
2026-01-20 09:00:00,9,Tuesday,0.254,0.0,0.0,0.0,0.0,0.828,0.254,0,0.24,25.69,0
2026-01-20 09:15:00,9,Tuesday,0.22,0.0,0.0,0.0,0.0,0.997,0.22,0,0.249,25.69,0
2026-01-20 09:30:00,9,Tuesday,0.266,0.0,0.0,0.0,0.0,1.076,0.266,0,0.251,26.33,0
2026-01-20 09:45:00,9,Tuesday,0.303,0.0,0.0,0.0,0.0,1.139,0.303,0,0.239,27.21,0
2026-01-20 10:00:00,10,Tuesday,0.247,0.0,0.0,0.0,0.0,1.282,0.247,0,0.251,27.13,0
2026-01-20 10:15:00,10,Tuesday,0.293,0.0,0.0,0.0,0.0,1.376,0.293,0,0.259,27.35,0
2026-01-20 10:30:00,10,Tuesday,0.283,0.0,0.0,0.0,0.0,1.423,0.283,0,0.254,27.99,0
2026-01-20 10:45:00,10,Tuesday,0.278,0.0,0.0,0.0,0.0,1.581,0.278,0,0.241,27.36,0
2026-01-20 11:00:00,11,Tuesday,0.253,0.0,0.0,0.0,0.0,1.592,0.253,0,0.246,28.0,0
2026-01-20 11:15:00,11,Tuesday,0.244,0.0,0.0,0.0,0.0,1.479,0.244,0,0.247,29.22,0
2026-01-20 11:30:00,11,Tuesday,0.272,0.0,0.0,0.0,0.0,1.654,0.272,0,0.26,28.44,0
2026-01-20 11:45:00,11,Tuesday,0.257,0.0,0.0,0.0,0.0,1.661,0.257,0,0.241,28.85,0
2026-01-20 12:00:00,12,Tuesday,0.279,0.0,0.0,0.0,0.0,1.761,0.279,0,0.247,28.82,0
2026-01-20 12:15:00,12,Tuesday,0.31,0.0,0.0,0.0,0.0,1.77,0.31,0,0.234,28.69,0
2026-01-20 12:30:00,12,Tuesday,0.263,0.0,0.0,0.0,0.0,1.764,0.263,0,0.252,29.86,0
2026-01-20 12:45:00,12,Tuesday,0.31,0.0,0.0,0.0,0.0,1.829,0.31,0,0.249,29.28,0
2026-01-20 13:00:00,13,Tuesday,0.237,0.0,0.0,0.0,0.0,1.708,0.237,0,0.253,29.85,0
2026-01-20 13:15:00,13,Tuesday,0.26,0.0,0.0,0.0,0.0,1.652,0.26,0,0.245,30.37,0
2026-01-20 13:30:00,13,Tuesday,0.248,0.0,0.0,0.0,0.0,1.74,0.248,0,0.244,30.31,0
2026-01-20 13:45:00,13,Tuesday,0.287,0.0,0.0,0.0,0.0,1.575,0.287,0,0.244,30.77,0
2026-01-20 14:00:00,14,Tuesday,0.298,0.0,0.0,0.0,0.0,1.444,0.298,0,0.256,30.53,0
2026-01-20 14:15:00,14,Tuesday,0.305,0.0,0.0,0.0,0.0,1.588,0.305,0,0.261,30.6,0
2026-01-20 14:30:00,14,Tuesday,0.277,0.0,0.0,0.0,0.0,1.471,0.277,0,0.256,30.13,0
2026-01-20 14:45:00,14,Tuesday,0.224,0.0,0.0,0.0,0.0,1.244,0.224,0,0.243,31.13,0
2026-01-20 15:00:00,15,Tuesday,0.282,0.0,0.0,0.0,0.0,1.244,0.282,0,0.248,30.67,0
2026-01-20 15:15:00,15,Tuesday,0.302,0.0,0.0,0.0,0.0,1.216,0.302,0,0.259,30.44,0
2026-01-20 15:30:00,15,Tuesday,0.274,0.0,0.0,0.0,0.0,1.015,0.274,0,0.261,30.29,0
2026-01-20 15:45:00,15,Tuesday,0.235,0.0,0.0,0.0,0.0,0.92,0.235,0,0.257,31.29,0
2026-01-20 16:00:00,16,Tuesday,0.244,0.0,0.0,0.0,0.0,0.889,0.244,0,0.266,30.03,0
2026-01-20 16:15:00,16,Tuesday,0.277,0.0,0.0,0.0,0.0,0.737,0.277,0,0.246,31.39,0
2026-01-20 16:30:00,16,Tuesday,0.247,0.0,0.0,0.0,0.0,0.67,0.247,0,0.251,30.56,0
2026-01-20 16:45:00,16,Tuesday,0.281,0.0,0.0,0.0,0.0,0.523,0.281,0,0.266,30.09,0
2026-01-20 17:00:00,17,Tuesday,0.29,1.581,0.0,0.0,0.0,0.435,1.87,1.436,0.238,29.86,0
2026-01-20 17:15:00,17,Tuesday,0.284,1.903,0.0,0.0,0.0,0.325,2.186,1.861,0.25,30.19,0
2026-01-20 17:30:00,17,Tuesday,0.322,1.872,0.0,0.0,0.0,0.246,2.195,1.949,0.248,29.39,0
2026-01-20 17:45:00,17,Tuesday,0.337,2.118,0.0,0.0,0.0,0.163,2.455,2.292,0.251,29.39,0
2026-01-20 18:00:00,18,Tuesday,0.338,1.783,0.0,0.0,2.02,0.095,4.141,4.046,0.411,28.44,1
2026-01-20 18:15:00,18,Tuesday,0.286,1.654,0.0,0.0,2.02,0.034,3.96,3.926,0.408,29.08,1
2026-01-20 18:30:00,18,Tuesday,0.305,0.0,0.0,0.0,0.0,0.0,0.305,0.305,0.407,28.93,1
2026-01-20 18:45:00,18,Tuesday,0.37,1.847,0.0,0.0,0.0,0.0,2.217,2.217,0.389,29.04,1
2026-01-20 19:00:00,19,Tuesday,0.326,1.643,0.0,0.0,0.0,0.0,1.968,1.968,0.409,28.43,1
2026-01-20 19:15:00,19,Tuesday,0.354,1.994,0.0,0.0,0.0,0.0,2.348,2.348,0.394,28.54,1
2026-01-20 19:30:00,19,Tuesday,0.367,1.502,0.0,0.0,0.0,0.0,1.869,1.869,0.394,27.4,1
2026-01-20 19:45:00,19,Tuesday,0.357,2.135,0.0,0.0,0.0,0.0,2.493,2.493,0.41,26.76,1
2026-01-20 20:00:00,20,Tuesday,0.28,2.017,0.0,0.0,0.0,0.0,2.297,2.297,0.4,27.17,0
2026-01-20 20:15:00,20,Tuesday,0.311,0.0,0.0,0.0,0.0,0.0,0.311,0.311,0.408,27.18,0
2026-01-20 20:30:00,20,Tuesday,0.293,0.0,0.0,0.0,0.0,0.0,0.293,0.293,0.413,25.83,0
2026-01-20 20:45:00,20,Tuesday,0.327,1.977,0.0,0.0,0.0,0.0,2.304,2.304,0.401,26.52,0
2026-01-20 21:00:00,21,Tuesday,0.339,1.733,0.0,0.0,0.0,0.0,2.071,2.071,0.239,25.48,0
2026-01-20 21:15:00,21,Tuesday,0.342,2.174,0.0,0.0,0.0,0.0,2.516,2.516,0.251,25.3,0
2026-01-20 21:30:00,21,Tuesday,0.355,0.0,0.0,0.0,0.0,0.0,0.355,0.355,0.252,25.98,0
2026-01-20 21:45:00,21,Tuesday,0.365,0.0,0.0,0.0,0.0,0.0,0.365,0.365,0.258,24.71,0
2026-01-20 22:00:00,22,Tuesday,0.322,2.182,0.0,0.0,0.0,0.0,2.504,2.504,0.247,24.72,0
2026-01-20 22:15:00,22,Tuesday,0.32,0.0,0.0,0.0,0.0,0.0,0.32,0.32,0.277,24.72,0
2026-01-20 22:30:00,22,Tuesday,0.327,2.032,0.0,0.0,0.0,0.0,2.359,2.359,0.254,23.81,0
2026-01-20 22:45:00,22,Tuesday,0.348,1.747,0.0,0.0,0.0,0.0,2.095,2.095,0.242,23.38,0
2026-01-20 23:00:00,23,Tuesday,0.349,0.0,0.0,0.0,0.0,0.0,0.349,0.349,0.142,23.79,0
2026-01-20 23:15:00,23,Tuesday,0.347,0.0,0.0,0.0,0.0,0.0,0.347,0.347,0.144,22.91,0
2026-01-20 23:30:00,23,Tuesday,0.312,0.0,0.0,0.0,0.0,0.0,0.312,0.312,0.137,22.87,0
2026-01-20 23:45:00,23,Tuesday,0.321,0.0,0.0,0.0,0.0,0.0,0.321,0.321,0.14,22.92,0
2026-01-21 00:00:00,0,Wednesday,0.279,0.0,0.0,0.0,0.0,0.0,0.279,0.279,0.149,21.99,0
2026-01-21 00:15:00,0,Wednesday,0.298,0.0,0.0,0.0,0.0,0.0,0.298,0.298,0.148,21.44,0
2026-01-21 00:30:00,0,Wednesday,0.242,0.0,0.0,0.0,0.0,0.0,0.242,0.242,0.162,20.95,0
2026-01-21 00:45:00,0,Wednesday,0.289,0.0,0.0,0.0,0.0,0.0,0.289,0.289,0.16,21.61,0
2026-01-21 01:00:00,1,Wednesday,0.215,0.0,0.0,0.0,0.0,0.0,0.215,0.215,0.148,21.23,0
2026-01-21 01:15:00,1,Wednesday,0.26,0.0,0.0,0.0,0.0,0.0,0.26,0.26,0.147,21.07,0
2026-01-21 01:30:00,1,Wednesday,0.258,0.0,0.0,0.0,0.0,0.0,0.258,0.258,0.167,20.86,0
2026-01-21 01:45:00,1,Wednesday,0.264,0.0,0.0,0.0,0.0,0.0,0.264,0.264,0.162,20.39,0
2026-01-21 02:00:00,2,Wednesday,0.271,0.0,0.0,0.0,0.0,0.0,0.271,0.271,0.151,19.44,0
2026-01-21 02:15:00,2,Wednesday,0.252,0.0,0.0,0.0,0.0,0.0,0.252,0.252,0.161,20.21,0
2026-01-21 02:30:00,2,Wednesday,0.267,0.0,0.0,0.0,0.0,0.0,0.267,0.267,0.147,20.01,0
2026-01-21 02:45:00,2,Wednesday,0.257,0.0,0.0,0.0,0.0,0.0,0.257,0.257,0.139,20.61,0
2026-01-21 03:00:00,3,Wednesday,0.29,0.0,0.0,0.0,0.0,0.0,0.29,0.29,0.155,21.04,0
2026-01-21 03:15:00,3,Wednesday,0.254,0.0,0.0,0.0,0.0,0.0,0.254,0.254,0.138,21.29,0
2026-01-21 03:30:00,3,Wednesday,0.3,0.0,0.0,0.0,0.0,0.0,0.3,0.3,0.161,19.88,0
2026-01-21 03:45:00,3,Wednesday,0.254,0.0,0.0,0.0,0.0,0.0,0.254,0.254,0.153,20.83,0
2026-01-21 04:00:00,4,Wednesday,0.277,0.0,0.0,0.0,0.0,0.0,0.277,0.277,0.142,20.0,0
2026-01-21 04:15:00,4,Wednesday,0.279,0.0,0.0,0.0,0.0,0.0,0.279,0.279,0.153,21.04,0
2026-01-21 04:30:00,4,Wednesday,0.277,0.0,0.0,0.0,0.0,0.0,0.277,0.277,0.151,19.37,0
2026-01-21 04:45:00,4,Wednesday,0.253,0.0,0.0,0.0,0.0,0.0,0.253,0.253,0.148,20.55,0
2026-01-21 05:00:00,5,Wednesday,0.319,0.0,0.0,0.0,0.0,0.0,0.319,0.319,0.138,21.35,0
2026-01-21 05:15:00,5,Wednesday,0.317,0.0,0.0,0.0,0.0,0.0,0.317,0.317,0.159,20.65,0
2026-01-21 05:30:00,5,Wednesday,0.235,0.0,0.0,0.0,0.0,0.0,0.235,0.235,0.15,20.96,0
2026-01-21 05:45:00,5,Wednesday,0.291,0.0,0.0,0.0,0.0,0.0,0.291,0.291,0.141,21.66,0
2026-01-21 06:00:00,6,Wednesday,0.344,0.0,0.0,0.0,0.0,0.0,0.344,0.344,0.155,21.85,0
2026-01-21 06:15:00,6,Wednesday,0.351,0.0,0.0,0.0,0.0,0.0,0.351,0.351,0.147,22.36,0
2026-01-21 06:30:00,6,Wednesday,0.35,0.0,0.0,0.0,2.054,0.0,2.404,2.404,0.155,21.83,0
2026-01-21 06:45:00,6,Wednesday,0.312,0.0,0.0,0.0,2.054,0.057,2.366,2.309,0.16,22.26,0
2026-01-21 07:00:00,7,Wednesday,0.347,0.0,0.0,0.0,2.054,0.147,2.4,2.253,0.247,22.16,0
2026-01-21 07:15:00,7,Wednesday,0.329,0.0,0.0,0.0,2.054,0.258,2.383,2.124,0.256,23.27,0
2026-01-21 07:30:00,7,Wednesday,0.262,0.0,0.0,0.0,0.0,0.378,0.262,0,0.248,23.07,0
2026-01-21 07:45:00,7,Wednesday,0.31,0.0,0.0,0.0,0.0,0.534,0.31,0,0.251,24.07,0
2026-01-21 08:00:00,8,Wednesday,0.306,0.0,0.0,0.0,0.0,0.672,0.306,0,0.234,24.94,0
2026-01-21 08:15:00,8,Wednesday,0.28,0.0,0.0,0.0,0.0,0.819,0.28,0,0.255,23.95,0
2026-01-21 08:30:00,8,Wednesday,0.344,0.0,0.0,0.0,0.0,1.0,0.344,0,0.242,23.73,0
2026-01-21 08:45:00,8,Wednesday,0.35,0.0,0.0,0.0,0.0,1.215,0.35,0,0.259,23.72,0
2026-01-21 09:00:00,9,Wednesday,0.294,0.0,0.0,0.0,0.0,1.369,0.294,0,0.238,24.84,0
2026-01-21 09:15:00,9,Wednesday,0.277,0.0,0.0,0.0,0.0,1.516,0.277,0,0.267,24.9,0
2026-01-21 09:30:00,9,Wednesday,0.244,0.0,0.0,0.0,0.0,1.691,0.244,0,0.248,25.25,0
2026-01-21 09:45:00,9,Wednesday,0.269,0.0,0.0,0.0,0.0,1.835,0.269,0,0.264,26.97,0
2026-01-21 10:00:00,10,Wednesday,0.264,0.0,0.0,0.0,0.0,1.956,0.264,0,0.244,25.77,0
2026-01-21 10:15:00,10,Wednesday,0.254,0.0,0.0,0.0,0.0,2.105,0.254,0,0.261,26.37,0
2026-01-21 10:30:00,10,Wednesday,0.301,0.0,0.0,0.0,0.0,2.397,0.301,0,0.241,26.58,0
2026-01-21 10:45:00,10,Wednesday,0.261,0.0,0.0,0.0,0.0,2.389,0.261,0,0.24,26.78,0
2026-01-21 11:00:00,11,Wednesday,0.251,0.0,0.0,0.0,0.0,2.407,0.251,0,0.255,27.66,0
2026-01-21 11:15:00,11,Wednesday,0.229,0.0,0.0,0.0,0.0,2.743,0.229,0,0.259,27.93,0
2026-01-21 11:30:00,11,Wednesday,0.262,0.0,0.0,0.0,0.0,2.606,0.262,0,0.258,28.06,0
2026-01-21 11:45:00,11,Wednesday,0.315,0.0,0.0,0.0,0.0,2.671,0.315,0,0.241,27.68,0
2026-01-21 12:00:00,12,Wednesday,0.314,0.0,0.0,0.0,0.0,2.82,0.314,0,0.249,28.2,0
2026-01-21 12:15:00,12,Wednesday,0.281,0.0,0.0,0.0,0.0,2.715,0.281,0,0.237,28.52,0
2026-01-21 12:30:00,12,Wednesday,0.264,0.0,0.0,0.0,0.0,2.784,0.264,0,0.251,28.64,0
2026-01-21 12:45:00,12,Wednesday,0.319,0.0,0.0,0.0,0.0,2.538,0.319,0,0.245,29.48,0
2026-01-21 13:00:00,13,Wednesday,0.296,0.0,0.0,0.0,0.0,2.723,0.296,0,0.247,30.2,0
2026-01-21 13:15:00,13,Wednesday,0.223,0.0,0.0,0.0,0.0,2.791,0.223,0,0.25,29.11,0
2026-01-21 13:30:00,13,Wednesday,0.286,0.0,0.0,0.0,0.0,2.582,0.286,0,0.244,28.94,0
2026-01-21 13:45:00,13,Wednesday,0.28,0.0,0.0,0.0,0.0,2.589,0.28,0,0.258,28.81,0
2026-01-21 14:00:00,14,Wednesday,0.291,0.0,0.0,0.0,0.0,2.612,0.291,0,0.257,29.21,0
2026-01-21 14:15:00,14,Wednesday,0.281,0.0,0.0,0.0,0.0,2.293,0.281,0,0.23,29.93,0
2026-01-21 14:30:00,14,Wednesday,0.26,0.0,0.0,0.0,0.0,2.242,0.26,0,0.247,29.29,0
2026-01-21 14:45:00,14,Wednesday,0.265,0.0,0.0,0.0,0.0,2.277,0.265,0,0.256,29.79,0
2026-01-21 15:00:00,15,Wednesday,0.246,0.0,0.0,0.0,0.0,1.887,0.246,0,0.253,30.05,0
2026-01-21 15:15:00,15,Wednesday,0.245,0.0,0.0,0.0,0.0,1.859,0.245,0,0.248,29.01,0
2026-01-21 15:30:00,15,Wednesday,0.253,0.0,0.0,0.0,0.0,1.701,0.253,0,0.241,29.63,0
2026-01-21 15:45:00,15,Wednesday,0.279,0.0,0.0,0.0,0.0,1.506,0.279,0,0.256,29.95,0
2026-01-21 16:00:00,16,Wednesday,0.237,0.0,0.0,0.0,0.0,1.255,0.237,0,0.241,29.62,0
2026-01-21 16:15:00,16,Wednesday,0.25,0.0,0.0,0.0,0.0,1.141,0.25,0,0.24,29.18,0
2026-01-21 16:30:00,16,Wednesday,0.258,0.0,0.0,0.0,0.0,0.962,0.258,0,0.255,29.35,0
2026-01-21 16:45:00,16,Wednesday,0.278,0.0,0.0,0.0,0.0,0.83,0.278,0,0.265,29.26,0
2026-01-21 17:00:00,17,Wednesday,0.338,1.617,0.0,0.0,0.0,0.694,1.955,1.261,0.243,29.52,0
2026-01-21 17:15:00,17,Wednesday,0.34,1.566,0.0,0.0,0.0,0.544,1.906,1.362,0.251,28.82,0
2026-01-21 17:30:00,17,Wednesday,0.357,2.015,0.0,0.0,0.0,0.381,2.372,1.991,0.243,27.94,0
2026-01-21 17:45:00,17,Wednesday,0.272,2.014,0.0,0.0,0.0,0.254,2.287,2.033,0.253,28.9,0
2026-01-21 18:00:00,18,Wednesday,0.326,0.0,0.0,0.0,0.0,0.145,0.326,0.182,0.403,27.63,1
2026-01-21 18:15:00,18,Wednesday,0.331,1.841,0.0,0.0,0.0,0.051,2.171,2.121,0.404,28.35,1
2026-01-21 18:30:00,18,Wednesday,0.296,1.509,0.0,0.0,0.0,0.0,1.806,1.806,0.405,28.51,1
2026-01-21 18:45:00,18,Wednesday,0.315,1.997,0.0,0.0,0.0,0.0,2.312,2.312,0.401,27.32,1
2026-01-21 19:00:00,19,Wednesday,0.349,0.0,0.0,0.0,0.0,0.0,0.349,0.349,0.396,27.89,1
2026-01-21 19:15:00,19,Wednesday,0.306,0.0,0.0,0.0,0.0,0.0,0.306,0.306,0.409,27.06,1
2026-01-21 19:30:00,19,Wednesday,0.332,0.0,0.0,0.0,0.0,0.0,0.332,0.332,0.396,26.43,1
2026-01-21 19:45:00,19,Wednesday,0.34,0.0,0.0,0.0,0.0,0.0,0.34,0.34,0.395,26.43,1
2026-01-21 20:00:00,20,Wednesday,0.379,0.0,1.435,0.0,0.0,0.0,1.814,1.814,0.395,26.6,0
2026-01-21 20:15:00,20,Wednesday,0.3,1.98,1.435,0.0,0.0,0.0,3.715,3.715,0.398,25.38,0
2026-01-21 20:30:00,20,Wednesday,0.317,0.0,1.435,0.0,0.0,0.0,1.752,1.752,0.398,24.91,0
2026-01-21 20:45:00,20,Wednesday,0.371,2.185,1.435,0.0,0.0,0.0,3.991,3.991,0.398,25.64,0
2026-01-21 21:00:00,21,Wednesday,0.317,0.0,0.0,0.0,0.0,0.0,0.317,0.317,0.261,25.45,0
2026-01-21 21:15:00,21,Wednesday,0.351,0.0,0.0,0.0,0.0,0.0,0.351,0.351,0.257,25.08,0
2026-01-21 21:30:00,21,Wednesday,0.306,1.848,0.0,0.0,0.0,0.0,2.154,2.154,0.26,23.75,0
2026-01-21 21:45:00,21,Wednesday,0.375,2.019,0.0,0.0,0.0,0.0,2.394,2.394,0.244,24.65,0
2026-01-21 22:00:00,22,Wednesday,0.379,0.0,0.0,0.0,0.0,0.0,0.379,0.379,0.253,23.91,0
2026-01-21 22:15:00,22,Wednesday,0.339,0.0,0.0,0.0,0.0,0.0,0.339,0.339,0.246,23.71,0
2026-01-21 22:30:00,22,Wednesday,0.348,0.0,0.0,0.0,0.0,0.0,0.348,0.348,0.246,23.77,0
2026-01-21 22:45:00,22,Wednesday,0.337,2.168,0.0,0.0,0.0,0.0,2.505,2.505,0.256,22.7,0
2026-01-21 23:00:00,23,Wednesday,0.333,0.0,0.0,0.0,0.0,0.0,0.333,0.333,0.155,22.81,0
2026-01-21 23:15:00,23,Wednesday,0.342,0.0,0.0,0.0,0.0,0.0,0.342,0.342,0.156,21.81,0
2026-01-21 23:30:00,23,Wednesday,0.339,0.0,0.0,0.0,0.0,0.0,0.339,0.339,0.157,22.07,0
2026-01-21 23:45:00,23,Wednesday,0.341,0.0,0.0,0.0,0.0,0.0,0.341,0.341,0.139,21.18,0
2026-01-22 00:00:00,0,Thursday,0.322,0.0,0.0,0.0,0.0,0.0,0.322,0.322,0.16,20.87,0
2026-01-22 00:15:00,0,Thursday,0.311,0.0,0.0,0.0,0.0,0.0,0.311,0.311,0.14,20.78,0
2026-01-22 00:30:00,0,Thursday,0.248,0.0,0.0,0.0,0.0,0.0,0.248,0.248,0.134,21.22,0
2026-01-22 00:45:00,0,Thursday,0.23,0.0,0.0,0.0,0.0,0.0,0.23,0.23,0.136,20.23,0
2026-01-22 01:00:00,1,Thursday,0.302,0.0,0.0,0.0,0.0,0.0,0.302,0.302,0.147,19.87,0
2026-01-22 01:15:00,1,Thursday,0.287,0.0,0.0,0.0,0.0,0.0,0.287,0.287,0.155,20.04,0
2026-01-22 01:30:00,1,Thursday,0.289,0.0,0.0,0.0,0.0,0.0,0.289,0.289,0.153,19.7,0
2026-01-22 01:45:00,1,Thursday,0.281,0.0,0.0,0.0,0.0,0.0,0.281,0.281,0.145,19.13,0
2026-01-22 02:00:00,2,Thursday,0.299,0.0,0.0,0.0,0.0,0.0,0.299,0.299,0.164,19.48,0
2026-01-22 02:15:00,2,Thursday,0.247,0.0,0.0,0.0,0.0,0.0,0.247,0.247,0.171,18.88,0
2026-01-22 02:30:00,2,Thursday,0.266,0.0,0.0,0.0,0.0,0.0,0.266,0.266,0.156,19.52,0
2026-01-22 02:45:00,2,Thursday,0.274,0.0,0.0,0.0,0.0,0.0,0.274,0.274,0.151,19.56,0
2026-01-22 03:00:00,3,Thursday,0.317,0.0,0.0,0.0,0.0,0.0,0.317,0.317,0.148,20.19,0
2026-01-22 03:15:00,3,Thursday,0.298,0.0,0.0,0.0,0.0,0.0,0.298,0.298,0.145,19.36,0
2026-01-22 03:30:00,3,Thursday,0.239,0.0,0.0,0.0,0.0,0.0,0.239,0.239,0.156,19.08,0
2026-01-22 03:45:00,3,Thursday,0.285,0.0,0.0,0.0,0.0,0.0,0.285,0.285,0.144,19.39,0
2026-01-22 04:00:00,4,Thursday,0.257,0.0,0.0,0.0,0.0,0.0,0.257,0.257,0.152,19.05,0
2026-01-22 04:15:00,4,Thursday,0.25,0.0,0.0,0.0,0.0,0.0,0.25,0.25,0.146,19.38,0
2026-01-22 04:30:00,4,Thursday,0.257,0.0,0.0,0.0,0.0,0.0,0.257,0.257,0.144,19.74,0
2026-01-22 04:45:00,4,Thursday,0.233,0.0,0.0,0.0,0.0,0.0,0.233,0.233,0.17,20.06,0
2026-01-22 05:00:00,5,Thursday,0.352,0.0,0.0,0.0,0.0,0.0,0.352,0.352,0.156,20.55,0
2026-01-22 05:15:00,5,Thursday,0.236,0.0,0.0,0.0,0.0,0.0,0.236,0.236,0.143,20.02,0
2026-01-22 05:30:00,5,Thursday,0.277,0.0,0.0,0.0,0.0,0.0,0.277,0.277,0.141,20.41,0
2026-01-22 05:45:00,5,Thursday,0.316,0.0,0.0,0.0,0.0,0.0,0.316,0.316,0.154,20.74,0
2026-01-22 06:00:00,6,Thursday,0.329,0.0,0.0,0.0,1.931,0.0,2.26,2.26,0.155,20.77,0
2026-01-22 06:15:00,6,Thursday,0.267,0.0,0.0,0.0,1.931,0.0,2.198,2.198,0.15,20.77,0
2026-01-22 06:30:00,6,Thursday,0.363,0.0,0.0,0.0,1.931,0.0,2.294,2.294,0.154,21.69,0
2026-01-22 06:45:00,6,Thursday,0.322,0.0,0.0,0.0,1.931,0.048,2.254,2.206,0.159,20.97,0
2026-01-22 07:00:00,7,Thursday,0.374,0.0,0.0,0.0,0.0,0.134,0.374,0.24,0.242,21.49,0
2026-01-22 07:15:00,7,Thursday,0.296,0.0,0.0,0.0,0.0,0.247,0.296,0.05,0.256,21.52,0
2026-01-22 07:30:00,7,Thursday,0.346,0.0,0.0,0.0,0.0,0.365,0.346,0,0.256,21.74,0
2026-01-22 07:45:00,7,Thursday,0.345,0.0,0.0,0.0,0.0,0.514,0.345,0,0.245,23.21,0
2026-01-22 08:00:00,8,Thursday,0.331,0.0,0.0,0.0,0.0,0.658,0.331,0,0.249,22.12,0
2026-01-22 08:15:00,8,Thursday,0.339,0.0,0.0,0.0,0.0,0.806,0.339,0,0.264,23.22,0
2026-01-22 08:30:00,8,Thursday,0.27,0.0,0.0,0.0,0.0,0.921,0.27,0,0.241,22.85,0
2026-01-22 08:45:00,8,Thursday,0.35,0.0,0.0,0.0,0.0,1.162,0.35,0,0.261,24.14,0
2026-01-22 09:00:00,9,Thursday,0.276,0.0,0.0,0.0,0.0,1.276,0.276,0,0.243,24.15,0
2026-01-22 09:15:00,9,Thursday,0.274,0.0,0.0,0.0,0.0,1.4,0.274,0,0.253,23.55,0
2026-01-22 09:30:00,9,Thursday,0.245,0.0,0.0,0.0,0.0,1.581,0.245,0,0.255,24.35,0
2026-01-22 09:45:00,9,Thursday,0.29,0.0,0.0,0.0,0.0,1.673,0.29,0,0.247,25.35,0
2026-01-22 10:00:00,10,Thursday,0.268,0.0,0.0,0.0,0.0,1.741,0.268,0,0.247,25.35,0
2026-01-22 10:15:00,10,Thursday,0.254,0.0,0.0,0.0,0.0,2.045,0.254,0,0.249,25.97,0
2026-01-22 10:30:00,10,Thursday,0.289,0.0,0.0,0.0,0.0,2.219,0.289,0,0.248,25.48,0
2026-01-22 10:45:00,10,Thursday,0.284,0.0,0.0,0.0,0.0,2.186,0.284,0,0.243,26.24,0
2026-01-22 11:00:00,11,Thursday,0.242,0.0,0.0,0.0,0.0,2.422,0.242,0,0.256,26.26,0
2026-01-22 11:15:00,11,Thursday,0.258,0.0,0.0,0.0,0.0,2.424,0.258,0,0.239,27.2,0
2026-01-22 11:30:00,11,Thursday,0.237,0.0,0.0,0.0,0.0,2.446,0.237,0,0.253,26.62,0
2026-01-22 11:45:00,11,Thursday,0.221,0.0,0.0,0.0,0.0,2.573,0.221,0,0.24,26.63,0
2026-01-22 12:00:00,12,Thursday,0.269,0.0,0.0,0.0,0.0,2.347,0.269,0,0.265,26.95,0
2026-01-22 12:15:00,12,Thursday,0.253,0.0,0.0,0.0,0.0,2.554,0.253,0,0.26,27.65,0
2026-01-22 12:30:00,12,Thursday,0.267,0.0,0.0,0.0,0.0,2.647,0.267,0,0.263,28.2,0
2026-01-22 12:45:00,12,Thursday,0.282,0.0,0.0,0.0,0.0,2.539,0.282,0,0.249,28.02,0
2026-01-22 13:00:00,13,Thursday,0.264,0.0,0.0,0.0,0.0,2.651,0.264,0,0.246,28.15,0
2026-01-22 13:15:00,13,Thursday,0.289,0.0,0.0,0.0,0.0,2.594,0.289,0,0.249,28.05,0
2026-01-22 13:30:00,13,Thursday,0.288,0.0,0.0,0.0,0.0,2.456,0.288,0,0.253,28.17,0
2026-01-22 13:45:00,13,Thursday,0.25,0.0,0.0,0.0,0.0,2.329,0.25,0,0.245,28.26,0
2026-01-22 14:00:00,14,Thursday,0.265,0.0,0.0,0.0,0.0,2.31,0.265,0,0.243,28.78,0
2026-01-22 14:15:00,14,Thursday,0.292,0.0,0.0,0.0,0.0,2.246,0.292,0,0.26,29.09,0
2026-01-22 14:30:00,14,Thursday,0.282,0.0,0.0,0.0,0.0,1.981,0.282,0,0.265,27.89,0
2026-01-22 14:45:00,14,Thursday,0.266,0.0,0.0,0.0,0.0,2.112,0.266,0,0.248,28.39,0
2026-01-22 15:00:00,15,Thursday,0.232,0.0,0.0,0.0,0.0,1.826,0.232,0,0.251,27.68,0
2026-01-22 15:15:00,15,Thursday,0.229,0.0,0.0,0.0,0.0,1.684,0.229,0,0.256,29.1,0
2026-01-22 15:30:00,15,Thursday,0.292,0.0,0.0,0.0,0.0,1.551,0.292,0,0.255,29.3,0
2026-01-22 15:45:00,15,Thursday,0.272,0.0,0.0,0.0,0.0,1.387,0.272,0,0.242,29.16,0
2026-01-22 16:00:00,16,Thursday,0.254,0.0,0.0,0.0,0.0,1.227,0.254,0,0.24,28.32,0
2026-01-22 16:15:00,16,Thursday,0.295,0.0,0.0,0.0,0.0,1.061,0.295,0,0.254,28.75,0
2026-01-22 16:30:00,16,Thursday,0.244,0.0,0.0,0.0,0.0,0.956,0.244,0,0.274,28.73,0
2026-01-22 16:45:00,16,Thursday,0.295,0.0,0.0,0.0,0.0,0.802,0.295,0,0.26,28.44,0
2026-01-22 17:00:00,17,Thursday,0.371,1.732,0.0,0.0,0.0,0.687,2.103,1.415,0.259,28.27,0
2026-01-22 17:15:00,17,Thursday,0.349,2.162,0.0,0.0,0.0,0.514,2.51,1.996,0.251,28.46,0
2026-01-22 17:30:00,17,Thursday,0.348,1.633,0.0,0.0,0.0,0.36,1.982,1.622,0.24,28.55,0
2026-01-22 17:45:00,17,Thursday,0.34,1.991,0.0,0.0,0.0,0.233,2.332,2.099,0.236,27.66,0
2026-01-22 18:00:00,18,Thursday,0.373,0.0,0.0,0.0,0.0,0.131,0.373,0.241,0.388,27.13,1
2026-01-22 18:15:00,18,Thursday,0.338,2.057,1.458,0.0,0.0,0.052,3.853,3.801,0.402,27.39,1
2026-01-22 18:30:00,18,Thursday,0.311,2.055,1.458,0.0,0.0,0.0,3.824,3.824,0.407,26.57,1
2026-01-22 18:45:00,18,Thursday,0.369,1.577,1.458,0.0,0.0,0.0,3.404,3.404,0.403,26.38,1
2026-01-22 19:00:00,19,Thursday,0.305,2.149,1.458,0.0,0.0,0.0,3.912,3.912,0.406,26.78,1
2026-01-22 19:15:00,19,Thursday,0.329,1.977,0.0,0.0,0.0,0.0,2.305,2.305,0.398,27.24,1
2026-01-22 19:30:00,19,Thursday,0.318,1.703,0.0,0.0,0.0,0.0,2.021,2.021,0.4,26.35,1
2026-01-22 19:45:00,19,Thursday,0.3,0.0,0.0,0.0,0.0,0.0,0.3,0.3,0.417,25.04,1
2026-01-22 20:00:00,20,Thursday,0.308,1.841,0.0,0.0,0.0,0.0,2.149,2.149,0.411,24.86,0
2026-01-22 20:15:00,20,Thursday,0.352,1.706,0.0,1.262,0.0,0.0,3.321,3.321,0.402,25.13,0
2026-01-22 20:30:00,20,Thursday,0.355,0.0,0.0,1.262,0.0,0.0,1.618,1.618,0.388,24.48,0
2026-01-22 20:45:00,20,Thursday,0.346,2.078,0.0,1.262,0.0,0.0,3.686,3.686,0.406,25.08,0
2026-01-22 21:00:00,21,Thursday,0.354,1.842,0.0,1.262,0.0,0.0,3.459,3.459,0.255,23.29,0
2026-01-22 21:15:00,21,Thursday,0.309,1.747,0.0,0.0,0.0,0.0,2.056,2.056,0.256,23.41,0
2026-01-22 21:30:00,21,Thursday,0.341,0.0,0.0,0.0,0.0,0.0,0.341,0.341,0.246,23.6,0
2026-01-22 21:45:00,21,Thursday,0.299,1.596,0.0,0.0,0.0,0.0,1.895,1.895,0.244,23.91,0
2026-01-22 22:00:00,22,Thursday,0.344,0.0,0.0,0.0,0.0,0.0,0.344,0.344,0.248,22.16,0
2026-01-22 22:15:00,22,Thursday,0.343,0.0,0.0,0.0,0.0,0.0,0.343,0.343,0.244,22.52,0
2026-01-22 22:30:00,22,Thursday,0.295,0.0,0.0,0.0,0.0,0.0,0.295,0.295,0.252,22.38,0
2026-01-22 22:45:00,22,Thursday,0.358,0.0,0.0,0.0,0.0,0.0,0.358,0.358,0.264,22.66,0
2026-01-22 23:00:00,23,Thursday,0.336,0.0,0.0,0.0,0.0,0.0,0.336,0.336,0.142,22.48,0
2026-01-22 23:15:00,23,Thursday,0.366,0.0,0.0,0.0,0.0,0.0,0.366,0.366,0.15,21.64,0
2026-01-22 23:30:00,23,Thursday,0.343,0.0,0.0,0.0,0.0,0.0,0.343,0.343,0.152,20.72,0
2026-01-22 23:45:00,23,Thursday,0.368,0.0,0.0,0.0,0.0,0.0,0.368,0.368,0.128,20.67,0
2026-01-23 00:00:00,0,Friday,0.279,0.0,0.0,0.0,0.0,0.0,0.279,0.279,0.136,19.75,0
2026-01-23 00:15:00,0,Friday,0.223,0.0,0.0,0.0,0.0,0.0,0.223,0.223,0.142,18.35,0
2026-01-23 00:30:00,0,Friday,0.252,0.0,0.0,0.0,0.0,0.0,0.252,0.252,0.153,20.18,0
2026-01-23 00:45:00,0,Friday,0.271,0.0,0.0,0.0,0.0,0.0,0.271,0.271,0.15,19.95,0
2026-01-23 01:00:00,1,Friday,0.249,0.0,0.0,0.0,0.0,0.0,0.249,0.249,0.15,18.99,0
2026-01-23 01:15:00,1,Friday,0.27,0.0,0.0,0.0,0.0,0.0,0.27,0.27,0.139,18.47,0
2026-01-23 01:30:00,1,Friday,0.277,0.0,0.0,0.0,0.0,0.0,0.277,0.277,0.15,18.35,0
2026-01-23 01:45:00,1,Friday,0.252,0.0,0.0,0.0,0.0,0.0,0.252,0.252,0.147,19.52,0
2026-01-23 02:00:00,2,Friday,0.255,0.0,0.0,0.0,0.0,0.0,0.255,0.255,0.158,17.92,0
2026-01-23 02:15:00,2,Friday,0.259,0.0,0.0,0.0,0.0,0.0,0.259,0.259,0.153,19.07,0
2026-01-23 02:30:00,2,Friday,0.211,0.0,0.0,0.0,0.0,0.0,0.211,0.211,0.153,17.77,0
2026-01-23 02:45:00,2,Friday,0.244,0.0,0.0,0.0,0.0,0.0,0.244,0.244,0.154,17.49,0
2026-01-23 03:00:00,3,Friday,0.265,0.0,0.0,0.0,0.0,0.0,0.265,0.265,0.164,18.24,0
2026-01-23 03:15:00,3,Friday,0.29,0.0,0.0,0.0,0.0,0.0,0.29,0.29,0.148,18.09,0
2026-01-23 03:30:00,3,Friday,0.256,0.0,0.0,0.0,0.0,0.0,0.256,0.256,0.165,18.89,0
2026-01-23 03:45:00,3,Friday,0.25,0.0,0.0,0.0,0.0,0.0,0.25,0.25,0.149,17.97,0
2026-01-23 04:00:00,4,Friday,0.264,0.0,0.0,0.0,0.0,0.0,0.264,0.264,0.168,18.78,0
2026-01-23 04:15:00,4,Friday,0.303,0.0,0.0,0.0,0.0,0.0,0.303,0.303,0.153,18.24,0
2026-01-23 04:30:00,4,Friday,0.305,0.0,0.0,0.0,0.0,0.0,0.305,0.305,0.149,17.81,0
2026-01-23 04:45:00,4,Friday,0.27,0.0,0.0,0.0,0.0,0.0,0.27,0.27,0.143,19.47,0
2026-01-23 05:00:00,5,Friday,0.254,0.0,0.0,0.0,0.0,0.0,0.254,0.254,0.157,18.99,0
2026-01-23 05:15:00,5,Friday,0.301,0.0,0.0,0.0,0.0,0.0,0.301,0.301,0.155,19.93,0
2026-01-23 05:30:00,5,Friday,0.241,0.0,0.0,0.0,0.0,0.0,0.241,0.241,0.146,19.75,0
2026-01-23 05:45:00,5,Friday,0.301,0.0,0.0,0.0,0.0,0.0,0.301,0.301,0.138,19.46,0
2026-01-23 06:00:00,6,Friday,0.32,0.0,0.0,0.0,0.0,0.0,0.32,0.32,0.153,20.08,0
2026-01-23 06:15:00,6,Friday,0.32,0.0,0.0,0.0,0.0,0.0,0.32,0.32,0.143,20.29,0
2026-01-23 06:30:00,6,Friday,0.288,0.0,0.0,0.0,0.0,0.0,0.288,0.288,0.135,20.44,0
2026-01-23 06:45:00,6,Friday,0.31,0.0,0.0,0.0,0.0,0.043,0.31,0.267,0.152,19.83,0
2026-01-23 07:00:00,7,Friday,0.292,0.0,0.0,0.0,0.0,0.112,0.292,0.18,0.253,20.89,0
2026-01-23 07:15:00,7,Friday,0.364,0.0,0.0,0.0,0.0,0.206,0.364,0.158,0.256,20.91,0
2026-01-23 07:30:00,7,Friday,0.298,0.0,0.0,0.0,0.0,0.313,0.298,0,0.254,20.62,0
2026-01-23 07:45:00,7,Friday,0.315,0.0,0.0,0.0,0.0,0.409,0.315,0,0.258,21.8,0
2026-01-23 08:00:00,8,Friday,0.337,0.0,0.0,0.0,0.0,0.489,0.337,0,0.25,21.99,0
2026-01-23 08:15:00,8,Friday,0.351,0.0,0.0,0.0,0.0,0.63,0.351,0,0.253,21.94,0
2026-01-23 08:30:00,8,Friday,0.299,0.0,0.0,0.0,0.0,0.8,0.299,0,0.25,22.77,0
2026-01-23 08:45:00,8,Friday,0.29,0.0,0.0,0.0,0.0,0.932,0.29,0,0.255,22.31,0
2026-01-23 09:00:00,9,Friday,0.308,0.0,0.0,0.0,0.0,1.087,0.308,0,0.243,22.96,0
2026-01-23 09:15:00,9,Friday,0.278,0.0,0.0,0.0,0.0,1.226,0.278,0,0.259,22.6,0
2026-01-23 09:30:00,9,Friday,0.317,0.0,0.0,0.0,0.0,1.402,0.317,0,0.258,24.01,0
2026-01-23 09:45:00,9,Friday,0.28,0.0,0.0,0.0,0.0,1.549,0.28,0,0.254,23.62,0
2026-01-23 10:00:00,10,Friday,0.253,0.0,0.0,0.0,0.0,1.468,0.253,0,0.255,24.82,0
2026-01-23 10:15:00,10,Friday,0.286,0.0,0.0,0.0,0.0,1.653,0.286,0,0.253,23.84,0
2026-01-23 10:30:00,10,Friday,0.256,0.0,0.0,0.0,0.0,1.707,0.256,0,0.252,24.76,0
2026-01-23 10:45:00,10,Friday,0.269,0.0,0.0,0.0,0.0,1.88,0.269,0,0.248,25.4,0
2026-01-23 11:00:00,11,Friday,0.315,0.0,0.0,0.0,0.0,2.013,0.315,0,0.239,24.67,0
2026-01-23 11:15:00,11,Friday,0.218,0.0,0.0,0.0,0.0,2.066,0.218,0,0.246,26.15,0
2026-01-23 11:30:00,11,Friday,0.281,0.0,0.0,0.0,0.0,2.146,0.281,0,0.25,25.28,0
2026-01-23 11:45:00,11,Friday,0.288,0.0,0.0,0.0,0.0,2.245,0.288,0,0.25,26.65,0
2026-01-23 12:00:00,12,Friday,0.25,0.0,0.0,0.0,0.0,2.102,0.25,0,0.251,26.47,0
2026-01-23 12:15:00,12,Friday,0.291,0.0,0.0,0.0,0.0,2.082,0.291,0,0.25,26.62,0
2026-01-23 12:30:00,12,Friday,0.269,0.0,0.0,0.0,0.0,2.134,0.269,0,0.247,27.18,0
2026-01-23 12:45:00,12,Friday,0.258,0.0,0.0,0.0,0.0,2.185,0.258,0,0.256,26.57,0
2026-01-23 13:00:00,13,Friday,0.289,0.0,0.0,0.0,0.0,2.021,0.289,0,0.253,27.07,0
2026-01-23 13:15:00,13,Friday,0.244,0.0,0.0,0.0,0.0,2.19,0.244,0,0.24,26.65,0
2026-01-23 13:30:00,13,Friday,0.271,0.0,0.0,0.0,0.0,2.105,0.271,0,0.248,27.37,0
2026-01-23 13:45:00,13,Friday,0.257,0.0,0.0,0.0,0.0,1.904,0.257,0,0.252,27.84,0
2026-01-23 14:00:00,14,Friday,0.232,0.0,0.0,0.0,0.0,1.929,0.232,0,0.255,27.48,0
2026-01-23 14:15:00,14,Friday,0.277,0.0,0.0,0.0,0.0,1.865,0.277,0,0.26,27.36,0
2026-01-23 14:30:00,14,Friday,0.286,0.0,0.0,0.0,0.0,1.901,0.286,0,0.24,27.6,0
2026-01-23 14:45:00,14,Friday,0.331,0.0,0.0,0.0,0.0,1.603,0.331,0,0.25,26.96,0
2026-01-23 15:00:00,15,Friday,0.246,0.0,0.0,0.0,0.0,1.59,0.246,0,0.254,27.19,0
2026-01-23 15:15:00,15,Friday,0.254,0.0,0.0,0.0,0.0,1.405,0.254,0,0.249,27.89,0
2026-01-23 15:30:00,15,Friday,0.285,0.0,0.0,0.0,0.0,1.37,0.285,0,0.248,27.42,0
2026-01-23 15:45:00,15,Friday,0.253,0.0,0.0,0.0,0.0,1.17,0.253,0,0.246,27.59,0
2026-01-23 16:00:00,16,Friday,0.269,0.0,0.0,0.0,0.0,1.07,0.269,0,0.246,26.6,0
2026-01-23 16:15:00,16,Friday,0.257,0.0,0.0,0.0,0.0,0.961,0.257,0,0.254,27.38,0
2026-01-23 16:30:00,16,Friday,0.28,0.0,0.0,0.0,0.0,0.808,0.28,0,0.236,27.58,0
2026-01-23 16:45:00,16,Friday,0.303,0.0,0.0,0.0,0.0,0.633,0.303,0,0.256,27.37,0
2026-01-23 17:00:00,17,Friday,0.273,1.796,0.0,0.0,0.0,0.531,2.069,1.538,0.251,27.14,0
2026-01-23 17:15:00,17,Friday,0.298,0.0,0.0,0.0,0.0,0.402,0.298,0,0.241,27.89,0
2026-01-23 17:30:00,17,Friday,0.352,1.683,0.0,0.0,0.0,0.313,2.034,1.722,0.253,26.78,0
2026-01-23 17:45:00,17,Friday,0.372,1.718,0.0,0.0,0.0,0.202,2.09,1.888,0.242,26.37,0
2026-01-23 18:00:00,18,Friday,0.37,1.975,0.0,0.0,0.0,0.109,2.345,2.236,0.387,26.91,1
2026-01-23 18:15:00,18,Friday,0.343,1.905,0.0,0.0,2.122,0.042,4.37,4.328,0.387,25.49,1
2026-01-23 18:30:00,18,Friday,0.337,0.0,0.0,0.0,2.122,0.0,2.459,2.459,0.411,25.94,1
2026-01-23 18:45:00,18,Friday,0.255,1.595,0.0,0.0,2.122,0.0,3.972,3.972,0.391,26.37,1
2026-01-23 19:00:00,19,Friday,0.327,0.0,0.0,0.0,2.122,0.0,2.449,2.449,0.414,25.52,1
2026-01-23 19:15:00,19,Friday,0.301,1.56,0.0,0.0,0.0,0.0,1.861,1.861,0.413,25.68,1
2026-01-23 19:30:00,19,Friday,0.289,0.0,0.0,0.0,0.0,0.0,0.289,0.289,0.404,25.35,1
2026-01-23 19:45:00,19,Friday,0.341,0.0,0.0,0.0,0.0,0.0,0.341,0.341,0.398,24.68,1
2026-01-23 20:00:00,20,Friday,0.356,0.0,0.0,0.0,0.0,0.0,0.356,0.356,0.396,24.51,0
2026-01-23 20:15:00,20,Friday,0.302,2.113,0.0,1.224,0.0,0.0,3.639,3.639,0.39,24.88,0
2026-01-23 20:30:00,20,Friday,0.325,0.0,0.0,1.224,0.0,0.0,1.549,1.549,0.402,24.17,0
2026-01-23 20:45:00,20,Friday,0.368,1.809,0.0,1.224,0.0,0.0,3.401,3.401,0.403,23.12,0
2026-01-23 21:00:00,21,Friday,0.283,0.0,0.0,1.224,0.0,0.0,1.507,1.507,0.252,22.59,0
2026-01-23 21:15:00,21,Friday,0.319,0.0,0.0,0.0,0.0,0.0,0.319,0.319,0.254,22.8,0
2026-01-23 21:30:00,21,Friday,0.297,0.0,0.0,0.0,0.0,0.0,0.297,0.297,0.245,21.44,0
2026-01-23 21:45:00,21,Friday,0.371,0.0,0.0,0.0,0.0,0.0,0.371,0.371,0.245,21.84,0
2026-01-23 22:00:00,22,Friday,0.307,0.0,0.0,0.0,0.0,0.0,0.307,0.307,0.239,21.49,0
2026-01-23 22:15:00,22,Friday,0.396,0.0,0.0,0.0,0.0,0.0,0.396,0.396,0.253,21.29,0
2026-01-23 22:30:00,22,Friday,0.279,0.0,0.0,0.0,0.0,0.0,0.279,0.279,0.257,20.55,0
2026-01-23 22:45:00,22,Friday,0.324,1.891,0.0,0.0,0.0,0.0,2.215,2.215,0.238,21.53,0
2026-01-23 23:00:00,23,Friday,0.323,0.0,0.0,0.0,0.0,0.0,0.323,0.323,0.161,20.32,0
2026-01-23 23:15:00,23,Friday,0.326,0.0,0.0,0.0,0.0,0.0,0.326,0.326,0.146,20.53,0
2026-01-23 23:30:00,23,Friday,0.356,0.0,0.0,0.0,0.0,0.0,0.356,0.356,0.156,21.08,0
2026-01-23 23:45:00,23,Friday,0.358,0.0,0.0,0.0,0.0,0.0,0.358,0.358,0.152,20.15,0
2026-01-24 00:00:00,0,Saturday,0.262,0.0,0.0,0.0,0.0,0.0,0.262,0.262,0.163,18.94,0
2026-01-24 00:15:00,0,Saturday,0.274,0.0,0.0,0.0,0.0,0.0,0.274,0.274,0.166,18.38,0
2026-01-24 00:30:00,0,Saturday,0.234,0.0,0.0,0.0,0.0,0.0,0.234,0.234,0.136,18.4,0
2026-01-24 00:45:00,0,Saturday,0.229,0.0,0.0,0.0,0.0,0.0,0.229,0.229,0.151,18.57,0
2026-01-24 01:00:00,1,Saturday,0.305,0.0,0.0,0.0,0.0,0.0,0.305,0.305,0.153,17.79,0
2026-01-24 01:15:00,1,Saturday,0.285,0.0,0.0,0.0,0.0,0.0,0.285,0.285,0.151,18.39,0
2026-01-24 01:30:00,1,Saturday,0.273,0.0,0.0,0.0,0.0,0.0,0.273,0.273,0.159,16.83,0
2026-01-24 01:45:00,1,Saturday,0.233,0.0,0.0,0.0,0.0,0.0,0.233,0.233,0.149,17.74,0
2026-01-24 02:00:00,2,Saturday,0.238,0.0,0.0,0.0,0.0,0.0,0.238,0.238,0.157,17.8,0
2026-01-24 02:15:00,2,Saturday,0.292,0.0,0.0,0.0,0.0,0.0,0.292,0.292,0.14,17.68,0
2026-01-24 02:30:00,2,Saturday,0.274,0.0,0.0,0.0,0.0,0.0,0.274,0.274,0.15,17.13,0
2026-01-24 02:45:00,2,Saturday,0.235,0.0,0.0,0.0,0.0,0.0,0.235,0.235,0.139,17.17,0
2026-01-24 03:00:00,3,Saturday,0.267,0.0,0.0,0.0,0.0,0.0,0.267,0.267,0.152,17.03,0
2026-01-24 03:15:00,3,Saturday,0.256,0.0,0.0,0.0,0.0,0.0,0.256,0.256,0.147,17.79,0
2026-01-24 03:30:00,3,Saturday,0.309,0.0,0.0,0.0,0.0,0.0,0.309,0.309,0.14,18.12,0
2026-01-24 03:45:00,3,Saturday,0.268,0.0,0.0,0.0,0.0,0.0,0.268,0.268,0.135,17.03,0
2026-01-24 04:00:00,4,Saturday,0.274,0.0,0.0,0.0,0.0,0.0,0.274,0.274,0.139,17.69,0
2026-01-24 04:15:00,4,Saturday,0.3,0.0,0.0,0.0,0.0,0.0,0.3,0.3,0.145,17.95,0
2026-01-24 04:30:00,4,Saturday,0.262,0.0,0.0,0.0,0.0,0.0,0.262,0.262,0.137,17.45,0
2026-01-24 04:45:00,4,Saturday,0.258,0.0,0.0,0.0,0.0,0.0,0.258,0.258,0.148,18.08,0
2026-01-24 05:00:00,5,Saturday,0.257,0.0,0.0,0.0,0.0,0.0,0.257,0.257,0.146,17.9,0
2026-01-24 05:15:00,5,Saturday,0.314,0.0,0.0,0.0,0.0,0.0,0.314,0.314,0.145,18.62,0
2026-01-24 05:30:00,5,Saturday,0.302,0.0,0.0,0.0,0.0,0.0,0.302,0.302,0.159,18.22,0
2026-01-24 05:45:00,5,Saturday,0.256,0.0,0.0,0.0,0.0,0.0,0.256,0.256,0.16,18.78,0
2026-01-24 06:00:00,6,Saturday,0.319,0.0,0.0,0.0,0.0,0.0,0.319,0.319,0.147,19.7,0
2026-01-24 06:15:00,6,Saturday,0.329,0.0,0.0,0.0,0.0,0.0,0.329,0.329,0.161,19.3,0
2026-01-24 06:30:00,6,Saturday,0.321,0.0,0.0,0.0,0.0,0.0,0.321,0.321,0.144,19.43,0
2026-01-24 06:45:00,6,Saturday,0.341,0.0,0.0,0.0,0.0,0.038,0.341,0.304,0.154,19.52,0
2026-01-24 07:00:00,7,Saturday,0.335,0.0,0.0,0.0,0.0,0.107,0.335,0.228,0.241,19.12,0
2026-01-24 07:15:00,7,Saturday,0.307,0.0,0.0,0.0,2.066,0.177,2.373,2.196,0.251,19.22,0
2026-01-24 07:30:00,7,Saturday,0.284,0.0,0.0,0.0,2.066,0.264,2.35,2.086,0.246,19.47,0
2026-01-24 07:45:00,7,Saturday,0.321,0.0,0.0,0.0,2.066,0.361,2.387,2.025,0.258,21.18,0
2026-01-24 08:00:00,8,Saturday,0.342,0.0,0.0,0.0,0.0,0.489,0.342,0,0.243,20.88,0
2026-01-24 08:15:00,8,Saturday,0.396,0.0,0.0,0.0,0.0,0.599,0.396,0,0.256,21.28,0
2026-01-24 08:30:00,8,Saturday,0.317,0.0,0.0,0.0,0.0,0.687,0.317,0,0.251,21.77,0
2026-01-24 08:45:00,8,Saturday,0.298,0.0,0.0,0.0,0.0,0.841,0.298,0,0.244,21.36,0
2026-01-24 09:00:00,9,Saturday,0.254,0.0,0.0,0.0,0.0,0.931,0.254,0,0.249,22.27,0
2026-01-24 09:15:00,9,Saturday,0.265,0.0,0.0,0.0,0.0,1.06,0.265,0,0.248,22.99,0
2026-01-24 09:30:00,9,Saturday,0.282,0.0,0.0,0.0,0.0,1.14,0.282,0,0.253,22.96,0
2026-01-24 09:45:00,9,Saturday,0.221,0.0,0.0,0.0,0.0,1.296,0.221,0,0.245,22.03,0
2026-01-24 10:00:00,10,Saturday,0.261,0.0,0.0,0.0,0.0,1.301,0.261,0,0.264,23.18,0
2026-01-24 10:15:00,10,Saturday,0.273,0.0,0.0,0.0,0.0,1.483,0.273,0,0.259,23.38,0
2026-01-24 10:30:00,10,Saturday,0.241,0.0,0.0,0.0,0.0,1.677,0.241,0,0.25,23.55,0
2026-01-24 10:45:00,10,Saturday,0.267,0.0,0.0,0.0,0.0,1.576,0.267,0,0.24,24.21,0
2026-01-24 11:00:00,11,Saturday,0.263,0.0,0.0,0.0,0.0,1.656,0.263,0,0.253,24.25,0
2026-01-24 11:15:00,11,Saturday,0.241,0.0,0.0,0.0,0.0,1.742,0.241,0,0.256,24.91,0
2026-01-24 11:30:00,11,Saturday,0.228,0.0,0.0,0.0,0.0,1.739,0.228,0,0.252,24.76,0
2026-01-24 11:45:00,11,Saturday,0.244,0.0,0.0,0.0,0.0,1.87,0.244,0,0.251,25.42,0
2026-01-24 12:00:00,12,Saturday,0.278,0.0,0.0,0.0,0.0,1.966,0.278,0,0.258,25.53,0
2026-01-24 12:15:00,12,Saturday,0.241,0.0,0.0,0.0,0.0,1.943,0.241,0,0.248,25.52,0
2026-01-24 12:30:00,12,Saturday,0.261,0.0,0.0,0.0,0.0,1.931,0.261,0,0.244,26.39,0
2026-01-24 12:45:00,12,Saturday,0.266,0.0,0.0,0.0,0.0,1.973,0.266,0,0.258,26.11,0
2026-01-24 13:00:00,13,Saturday,0.285,0.0,0.0,0.0,0.0,1.94,0.285,0,0.255,26.18,0
2026-01-24 13:15:00,13,Saturday,0.252,0.0,0.0,0.0,0.0,1.958,0.252,0,0.239,27.47,0
2026-01-24 13:30:00,13,Saturday,0.239,0.0,0.0,0.0,0.0,1.877,0.239,0,0.241,27.0,0
2026-01-24 13:45:00,13,Saturday,0.255,0.0,0.0,0.0,0.0,1.635,0.255,0,0.254,27.02,0
2026-01-24 14:00:00,14,Saturday,0.238,0.0,0.0,0.0,0.0,1.716,0.238,0,0.256,27.17,0
2026-01-24 14:15:00,14,Saturday,0.285,0.0,0.0,0.0,0.0,1.547,0.285,0,0.242,26.11,0
2026-01-24 14:30:00,14,Saturday,0.256,0.0,0.0,0.0,0.0,1.571,0.256,0,0.249,26.7,0
2026-01-24 14:45:00,14,Saturday,0.281,0.0,0.0,0.0,0.0,1.506,0.281,0,0.248,26.32,0
2026-01-24 15:00:00,15,Saturday,0.263,0.0,0.0,0.0,0.0,1.251,0.263,0,0.252,26.84,0
2026-01-24 15:15:00,15,Saturday,0.264,0.0,0.0,0.0,0.0,1.309,0.264,0,0.259,27.71,0
2026-01-24 15:30:00,15,Saturday,0.271,0.0,0.0,0.0,0.0,1.199,0.271,0,0.252,27.04,0
2026-01-24 15:45:00,15,Saturday,0.295,0.0,0.0,0.0,0.0,1.117,0.295,0,0.255,26.62,0
2026-01-24 16:00:00,16,Saturday,0.266,0.0,0.0,0.0,0.0,0.975,0.266,0,0.245,26.93,0
2026-01-24 16:15:00,16,Saturday,0.261,0.0,0.0,0.0,0.0,0.816,0.261,0,0.261,26.93,0
2026-01-24 16:30:00,16,Saturday,0.289,0.0,0.0,0.0,0.0,0.696,0.289,0,0.24,26.69,0
2026-01-24 16:45:00,16,Saturday,0.319,0.0,0.0,0.0,0.0,0.605,0.319,0,0.25,26.86,0
2026-01-24 17:00:00,17,Saturday,0.344,0.0,0.0,0.0,0.0,0.473,0.344,0,0.248,26.33,0
2026-01-24 17:15:00,17,Saturday,0.311,0.0,0.0,0.0,0.0,0.356,0.311,0,0.248,25.69,0
2026-01-24 17:30:00,17,Saturday,0.318,2.092,0.0,0.0,0.0,0.255,2.41,2.155,0.237,26.44,0
2026-01-24 17:45:00,17,Saturday,0.339,1.969,0.0,0.0,0.0,0.183,2.308,2.125,0.262,26.04,0
2026-01-24 18:00:00,18,Saturday,0.302,0.0,0.0,0.0,0.0,0.107,0.302,0.195,0.405,24.99,1
2026-01-24 18:15:00,18,Saturday,0.341,0.0,0.0,0.0,0.0,0.037,0.341,0.304,0.404,25.09,1
2026-01-24 18:30:00,18,Saturday,0.293,0.0,0.0,0.0,0.0,0.0,0.293,0.293,0.41,24.5,1
2026-01-24 18:45:00,18,Saturday,0.323,0.0,0.0,0.0,0.0,0.0,0.323,0.323,0.393,24.73,1
2026-01-24 19:00:00,19,Saturday,0.328,1.689,0.0,0.0,0.0,0.0,2.018,2.018,0.406,23.87,1
2026-01-24 19:15:00,19,Saturday,0.323,0.0,0.0,0.0,0.0,0.0,0.323,0.323,0.396,24.7,1
2026-01-24 19:30:00,19,Saturday,0.308,1.916,0.0,0.0,0.0,0.0,2.224,2.224,0.404,24.32,1
2026-01-24 19:45:00,19,Saturday,0.331,0.0,0.0,1.113,0.0,0.0,1.445,1.445,0.407,24.13,1
2026-01-24 20:00:00,20,Saturday,0.355,0.0,0.0,1.113,0.0,0.0,1.468,1.468,0.402,23.15,0
2026-01-24 20:15:00,20,Saturday,0.331,0.0,0.0,1.113,0.0,0.0,1.444,1.444,0.418,23.36,0
2026-01-24 20:30:00,20,Saturday,0.318,0.0,0.0,1.113,0.0,0.0,1.431,1.431,0.396,22.7,0
2026-01-24 20:45:00,20,Saturday,0.336,1.909,0.0,0.0,0.0,0.0,2.245,2.245,0.403,22.04,0
2026-01-24 21:00:00,21,Saturday,0.343,0.0,0.0,0.0,0.0,0.0,0.343,0.343,0.241,21.81,0
2026-01-24 21:15:00,21,Saturday,0.337,0.0,0.0,0.0,0.0,0.0,0.337,0.337,0.244,22.11,0
2026-01-24 21:30:00,21,Saturday,0.333,0.0,0.0,0.0,0.0,0.0,0.333,0.333,0.249,21.82,0
2026-01-24 21:45:00,21,Saturday,0.34,0.0,0.0,0.0,0.0,0.0,0.34,0.34,0.268,21.32,0
2026-01-24 22:00:00,22,Saturday,0.395,0.0,0.0,0.0,0.0,0.0,0.395,0.395,0.245,20.45,0
2026-01-24 22:15:00,22,Saturday,0.332,0.0,0.0,0.0,0.0,0.0,0.332,0.332,0.239,20.8,0
2026-01-24 22:30:00,22,Saturday,0.288,2.127,0.0,0.0,0.0,0.0,2.415,2.415,0.256,19.75,0
2026-01-24 22:45:00,22,Saturday,0.322,0.0,0.0,0.0,0.0,0.0,0.322,0.322,0.246,20.3,0
2026-01-24 23:00:00,23,Saturday,0.327,0.0,0.0,0.0,0.0,0.0,0.327,0.327,0.161,19.43,0
2026-01-24 23:15:00,23,Saturday,0.31,0.0,0.0,0.0,0.0,0.0,0.31,0.31,0.146,19.93,0
2026-01-24 23:30:00,23,Saturday,0.275,0.0,0.0,0.0,0.0,0.0,0.275,0.275,0.157,19.23,0
2026-01-24 23:45:00,23,Saturday,0.275,0.0,0.0,0.0,0.0,0.0,0.275,0.275,0.146,19.06,0
2026-01-25 00:00:00,0,Sunday,0.244,0.0,0.0,0.0,0.0,0.0,0.244,0.244,0.165,18.21,0
2026-01-25 00:15:00,0,Sunday,0.279,0.0,0.0,0.0,0.0,0.0,0.279,0.279,0.151,18.69,0
2026-01-25 00:30:00,0,Sunday,0.221,0.0,0.0,0.0,0.0,0.0,0.221,0.221,0.139,17.64,0
2026-01-25 00:45:00,0,Sunday,0.277,0.0,0.0,0.0,0.0,0.0,0.277,0.277,0.161,17.32,0
2026-01-25 01:00:00,1,Sunday,0.275,0.0,0.0,0.0,0.0,0.0,0.275,0.275,0.155,18.0,0
2026-01-25 01:15:00,1,Sunday,0.325,0.0,0.0,0.0,0.0,0.0,0.325,0.325,0.163,16.72,0
2026-01-25 01:30:00,1,Sunday,0.281,0.0,0.0,0.0,0.0,0.0,0.281,0.281,0.15,17.28,0
2026-01-25 01:45:00,1,Sunday,0.271,0.0,0.0,0.0,0.0,0.0,0.271,0.271,0.151,17.04,0
2026-01-25 02:00:00,2,Sunday,0.278,0.0,0.0,0.0,0.0,0.0,0.278,0.278,0.149,17.91,0
2026-01-25 02:15:00,2,Sunday,0.276,0.0,0.0,0.0,0.0,0.0,0.276,0.276,0.148,16.87,0
2026-01-25 02:30:00,2,Sunday,0.269,0.0,0.0,0.0,0.0,0.0,0.269,0.269,0.15,17.22,0
2026-01-25 02:45:00,2,Sunday,0.254,0.0,0.0,0.0,0.0,0.0,0.254,0.254,0.146,17.13,0
2026-01-25 03:00:00,3,Sunday,0.281,0.0,0.0,0.0,0.0,0.0,0.281,0.281,0.149,17.58,0
2026-01-25 03:15:00,3,Sunday,0.268,0.0,0.0,0.0,0.0,0.0,0.268,0.268,0.147,17.24,0
2026-01-25 03:30:00,3,Sunday,0.265,0.0,0.0,0.0,0.0,0.0,0.265,0.265,0.154,17.81,0
2026-01-25 03:45:00,3,Sunday,0.298,0.0,0.0,0.0,0.0,0.0,0.298,0.298,0.153,17.01,0
2026-01-25 04:00:00,4,Sunday,0.263,0.0,0.0,0.0,0.0,0.0,0.263,0.263,0.151,16.53,0
2026-01-25 04:15:00,4,Sunday,0.279,0.0,0.0,0.0,0.0,0.0,0.279,0.279,0.147,17.51,0
2026-01-25 04:30:00,4,Sunday,0.235,0.0,0.0,0.0,0.0,0.0,0.235,0.235,0.145,16.99,0
2026-01-25 04:45:00,4,Sunday,0.254,0.0,0.0,0.0,0.0,0.0,0.254,0.254,0.149,17.41,0
2026-01-25 05:00:00,5,Sunday,0.249,0.0,0.0,0.0,0.0,0.0,0.249,0.249,0.149,17.79,0
2026-01-25 05:15:00,5,Sunday,0.275,0.0,0.0,0.0,0.0,0.0,0.275,0.275,0.13,18.18,0
2026-01-25 05:30:00,5,Sunday,0.29,0.0,0.0,0.0,0.0,0.0,0.29,0.29,0.147,18.82,0
2026-01-25 05:45:00,5,Sunday,0.249,0.0,0.0,0.0,0.0,0.0,0.249,0.249,0.138,18.22,0
2026-01-25 06:00:00,6,Sunday,0.314,0.0,0.0,0.0,0.0,0.0,0.314,0.314,0.149,17.9,0
2026-01-25 06:15:00,6,Sunday,0.304,0.0,0.0,0.0,0.0,0.0,0.304,0.304,0.156,18.81,0
2026-01-25 06:30:00,6,Sunday,0.351,0.0,0.0,0.0,0.0,0.0,0.351,0.351,0.154,17.87,0
2026-01-25 06:45:00,6,Sunday,0.336,0.0,0.0,0.0,2.094,0.055,2.43,2.375,0.145,19.17,0
2026-01-25 07:00:00,7,Sunday,0.358,0.0,0.0,0.0,2.094,0.16,2.452,2.293,0.251,19.85,0
2026-01-25 07:15:00,7,Sunday,0.338,0.0,0.0,0.0,2.094,0.272,2.432,2.16,0.242,20.15,0
2026-01-25 07:30:00,7,Sunday,0.358,0.0,0.0,0.0,0.0,0.414,0.358,0,0.254,20.04,0
2026-01-25 07:45:00,7,Sunday,0.288,0.0,0.0,0.0,0.0,0.604,0.288,0,0.246,19.13,0
2026-01-25 08:00:00,8,Sunday,0.315,0.0,0.0,0.0,0.0,0.756,0.315,0,0.263,20.14,0
2026-01-25 08:15:00,8,Sunday,0.344,0.0,0.0,0.0,0.0,0.907,0.344,0,0.258,21.22,0
2026-01-25 08:30:00,8,Sunday,0.385,0.0,0.0,0.0,0.0,1.064,0.385,0,0.253,20.18,0
2026-01-25 08:45:00,8,Sunday,0.334,0.0,0.0,0.0,0.0,1.233,0.334,0,0.259,21.93,0
2026-01-25 09:00:00,9,Sunday,0.266,0.0,0.0,0.0,0.0,1.517,0.266,0,0.259,21.64,0
2026-01-25 09:15:00,9,Sunday,0.28,0.0,0.0,0.0,0.0,1.712,0.28,0,0.252,21.49,0
2026-01-25 09:30:00,9,Sunday,0.271,0.0,0.0,0.0,0.0,1.709,0.271,0,0.252,22.15,0
2026-01-25 09:45:00,9,Sunday,0.242,0.0,0.0,0.0,0.0,1.992,0.242,0,0.251,23.43,0
2026-01-25 10:00:00,10,Sunday,0.248,0.0,0.0,0.0,0.0,2.122,0.248,0,0.247,22.12,0
2026-01-25 10:15:00,10,Sunday,0.264,0.0,0.0,0.0,0.0,2.149,0.264,0,0.252,22.8,0
2026-01-25 10:30:00,10,Sunday,0.24,0.0,0.0,0.0,0.0,2.303,0.24,0,0.249,23.63,0
2026-01-25 10:45:00,10,Sunday,0.222,0.0,0.0,0.0,0.0,2.572,0.222,0,0.247,24.0,0
2026-01-25 11:00:00,11,Sunday,0.31,0.0,0.0,0.0,0.0,2.578,0.31,0,0.243,23.79,0
2026-01-25 11:15:00,11,Sunday,0.273,0.0,0.0,0.0,0.0,2.817,0.273,0,0.253,24.03,0
2026-01-25 11:30:00,11,Sunday,0.254,0.0,0.0,0.0,0.0,2.925,0.254,0,0.249,23.58,0
2026-01-25 11:45:00,11,Sunday,0.24,0.0,0.0,0.0,0.0,2.705,0.24,0,0.241,24.45,0
2026-01-25 12:00:00,12,Sunday,0.239,0.0,0.0,0.0,0.0,2.955,0.239,0,0.251,25.0,0
2026-01-25 12:15:00,12,Sunday,0.258,0.0,0.0,0.0,0.0,2.917,0.258,0,0.238,24.69,0
2026-01-25 12:30:00,12,Sunday,0.264,0.0,0.0,0.0,0.0,2.847,0.264,0,0.228,25.29,0
2026-01-25 12:45:00,12,Sunday,0.301,0.0,0.0,0.0,0.0,2.981,0.301,0,0.25,25.35,0
2026-01-25 13:00:00,13,Sunday,0.296,0.0,0.0,0.0,0.0,2.951,0.296,0,0.251,26.1,0
2026-01-25 13:15:00,13,Sunday,0.284,0.0,0.0,0.0,0.0,2.84,0.284,0,0.237,25.93,0
2026-01-25 13:30:00,13,Sunday,0.275,0.0,0.0,0.0,0.0,2.806,0.275,0,0.251,26.98,0
2026-01-25 13:45:00,13,Sunday,0.291,0.0,0.0,0.0,0.0,2.655,0.291,0,0.25,27.01,0
2026-01-25 14:00:00,14,Sunday,0.238,0.0,0.0,0.0,0.0,2.604,0.238,0,0.259,26.61,0
2026-01-25 14:15:00,14,Sunday,0.274,0.0,0.0,0.0,0.0,2.501,0.274,0,0.263,26.54,0
2026-01-25 14:30:00,14,Sunday,0.28,0.0,0.0,0.0,0.0,2.438,0.28,0,0.25,26.09,0
2026-01-25 14:45:00,14,Sunday,0.269,0.0,0.0,0.0,0.0,2.293,0.269,0,0.255,26.24,0
2026-01-25 15:00:00,15,Sunday,0.279,0.0,0.0,0.0,0.0,2.141,0.279,0,0.233,26.78,0
2026-01-25 15:15:00,15,Sunday,0.288,0.0,0.0,0.0,0.0,1.979,0.288,0,0.254,26.82,0
2026-01-25 15:30:00,15,Sunday,0.278,0.0,0.0,0.0,0.0,1.741,0.278,0,0.257,26.29,0
2026-01-25 15:45:00,15,Sunday,0.279,0.0,0.0,0.0,0.0,1.614,0.279,0,0.253,26.2,0
2026-01-25 16:00:00,16,Sunday,0.284,0.0,0.0,0.0,0.0,1.397,0.284,0,0.259,26.09,0
2026-01-25 16:15:00,16,Sunday,0.237,0.0,0.0,0.0,0.0,1.314,0.237,0,0.247,26.51,0
2026-01-25 16:30:00,16,Sunday,0.282,0.0,0.0,0.0,0.0,1.079,0.282,0,0.252,26.41,0
2026-01-25 16:45:00,16,Sunday,0.228,0.0,0.0,0.0,0.0,0.905,0.228,0,0.261,25.47,0
2026-01-25 17:00:00,17,Sunday,0.338,2.116,0.0,0.0,0.0,0.758,2.454,1.696,0.243,25.75,0
2026-01-25 17:15:00,17,Sunday,0.306,1.673,0.0,0.0,0.0,0.581,1.979,1.398,0.261,25.94,0
2026-01-25 17:30:00,17,Sunday,0.34,1.517,0.0,0.0,0.0,0.424,1.857,1.434,0.259,25.29,0
2026-01-25 17:45:00,17,Sunday,0.367,0.0,0.0,0.0,0.0,0.272,0.367,0.094,0.251,25.13,0
2026-01-25 18:00:00,18,Sunday,0.362,2.148,0.0,0.0,0.0,0.155,2.51,2.355,0.406,25.17,1
2026-01-25 18:15:00,18,Sunday,0.321,1.839,0.0,0.0,0.0,0.057,2.16,2.103,0.391,24.55,1
2026-01-25 18:30:00,18,Sunday,0.317,1.664,0.0,0.0,1.886,0.0,3.868,3.868,0.399,24.48,1
2026-01-25 18:45:00,18,Sunday,0.373,0.0,0.0,0.0,1.886,0.0,2.259,2.259,0.405,24.34,1
2026-01-25 19:00:00,19,Sunday,0.324,1.929,1.407,0.0,1.886,0.0,5.546,5.546,0.393,23.7,1
2026-01-25 19:15:00,19,Sunday,0.358,0.0,1.407,0.0,0.0,0.0,1.765,1.765,0.398,23.62,1
2026-01-25 19:30:00,19,Sunday,0.312,0.0,1.407,0.0,0.0,0.0,1.719,1.719,0.402,23.77,1
2026-01-25 19:45:00,19,Sunday,0.356,1.602,1.407,0.0,0.0,0.0,3.365,3.365,0.402,23.3,1
2026-01-25 20:00:00,20,Sunday,0.302,1.599,0.0,0.0,0.0,0.0,1.902,1.902,0.399,22.3,0
2026-01-25 20:15:00,20,Sunday,0.308,0.0,0.0,0.0,0.0,0.0,0.308,0.308,0.4,22.98,0
2026-01-25 20:30:00,20,Sunday,0.33,0.0,0.0,0.0,0.0,0.0,0.33,0.33,0.398,22.25,0
2026-01-25 20:45:00,20,Sunday,0.322,0.0,0.0,0.0,0.0,0.0,0.322,0.322,0.387,21.49,0
2026-01-25 21:00:00,21,Sunday,0.34,0.0,0.0,0.0,0.0,0.0,0.34,0.34,0.249,21.93,0
2026-01-25 21:15:00,21,Sunday,0.299,0.0,0.0,0.0,0.0,0.0,0.299,0.299,0.252,21.32,0
2026-01-25 21:30:00,21,Sunday,0.324,0.0,0.0,1.189,0.0,0.0,1.513,1.513,0.26,21.51,0
2026-01-25 21:45:00,21,Sunday,0.327,0.0,0.0,1.189,0.0,0.0,1.516,1.516,0.243,20.45,0
2026-01-25 22:00:00,22,Sunday,0.335,1.912,0.0,1.189,0.0,0.0,3.437,3.437,0.251,20.19,0
2026-01-25 22:15:00,22,Sunday,0.297,0.0,0.0,1.189,0.0,0.0,1.486,1.486,0.25,20.17,0
2026-01-25 22:30:00,22,Sunday,0.334,0.0,0.0,1.189,0.0,0.0,1.523,1.523,0.257,20.61,0
2026-01-25 22:45:00,22,Sunday,0.277,0.0,0.0,1.189,0.0,0.0,1.466,1.466,0.253,19.61,0
2026-01-25 23:00:00,23,Sunday,0.307,0.0,0.0,0.0,0.0,0.0,0.307,0.307,0.136,19.14,0
2026-01-25 23:15:00,23,Sunday,0.332,0.0,0.0,0.0,0.0,0.0,0.332,0.332,0.144,18.66,0
2026-01-25 23:30:00,23,Sunday,0.295,0.0,0.0,0.0,0.0,0.0,0.295,0.295,0.15,18.99,0
2026-01-25 23:45:00,23,Sunday,0.348,0.0,0.0,0.0,0.0,0.0,0.348,0.348,0.148,18.65,0
2026-01-26 00:00:00,0,Monday,0.249,0.0,0.0,0.0,0.0,0.0,0.249,0.249,0.148,18.17,0
2026-01-26 00:15:00,0,Monday,0.26,0.0,0.0,0.0,0.0,0.0,0.26,0.26,0.15,17.37,0
2026-01-26 00:30:00,0,Monday,0.232,0.0,0.0,0.0,0.0,0.0,0.232,0.232,0.154,18.03,0
2026-01-26 00:45:00,0,Monday,0.295,0.0,0.0,0.0,0.0,0.0,0.295,0.295,0.142,17.79,0
2026-01-26 01:00:00,1,Monday,0.275,0.0,0.0,0.0,0.0,0.0,0.275,0.275,0.143,17.62,0
2026-01-26 01:15:00,1,Monday,0.263,0.0,0.0,0.0,0.0,0.0,0.263,0.263,0.147,18.45,0
2026-01-26 01:30:00,1,Monday,0.256,0.0,0.0,0.0,0.0,0.0,0.256,0.256,0.147,17.03,0
2026-01-26 01:45:00,1,Monday,0.246,0.0,0.0,0.0,0.0,0.0,0.246,0.246,0.143,16.89,0
2026-01-26 02:00:00,2,Monday,0.323,0.0,0.0,0.0,0.0,0.0,0.323,0.323,0.155,16.93,0
2026-01-26 02:15:00,2,Monday,0.285,0.0,0.0,0.0,0.0,0.0,0.285,0.285,0.147,16.75,0
2026-01-26 02:30:00,2,Monday,0.301,0.0,0.0,0.0,0.0,0.0,0.301,0.301,0.144,16.28,0
2026-01-26 02:45:00,2,Monday,0.235,0.0,0.0,0.0,0.0,0.0,0.235,0.235,0.15,16.75,0
2026-01-26 03:00:00,3,Monday,0.255,0.0,0.0,0.0,0.0,0.0,0.255,0.255,0.161,16.33,0
2026-01-26 03:15:00,3,Monday,0.276,0.0,0.0,0.0,0.0,0.0,0.276,0.276,0.149,16.9,0
2026-01-26 03:30:00,3,Monday,0.302,0.0,0.0,0.0,0.0,0.0,0.302,0.302,0.133,16.96,0
2026-01-26 03:45:00,3,Monday,0.273,0.0,0.0,0.0,0.0,0.0,0.273,0.273,0.152,17.59,0
2026-01-26 04:00:00,4,Monday,0.2,0.0,0.0,0.0,0.0,0.0,0.2,0.2,0.134,16.51,0
2026-01-26 04:15:00,4,Monday,0.269,0.0,0.0,0.0,0.0,0.0,0.269,0.269,0.155,16.69,0
2026-01-26 04:30:00,4,Monday,0.287,0.0,0.0,0.0,0.0,0.0,0.287,0.287,0.151,16.31,0
2026-01-26 04:45:00,4,Monday,0.326,0.0,0.0,0.0,0.0,0.0,0.326,0.326,0.156,16.62,0
2026-01-26 05:00:00,5,Monday,0.304,0.0,0.0,0.0,0.0,0.0,0.304,0.304,0.148,16.26,0
2026-01-26 05:15:00,5,Monday,0.247,0.0,0.0,0.0,0.0,0.0,0.247,0.247,0.13,18.44,0
2026-01-26 05:30:00,5,Monday,0.218,0.0,0.0,0.0,0.0,0.0,0.218,0.218,0.145,18.0,0
2026-01-26 05:45:00,5,Monday,0.246,0.0,0.0,0.0,0.0,0.0,0.246,0.246,0.154,18.51,0
2026-01-26 06:00:00,6,Monday,0.331,0.0,0.0,0.0,0.0,0.0,0.331,0.331,0.157,18.66,0
2026-01-26 06:15:00,6,Monday,0.37,0.0,0.0,0.0,0.0,0.0,0.37,0.37,0.161,18.88,0
2026-01-26 06:30:00,6,Monday,0.326,0.0,0.0,0.0,0.0,0.0,0.326,0.326,0.144,19.3,0
2026-01-26 06:45:00,6,Monday,0.341,0.0,0.0,0.0,0.0,0.043,0.341,0.298,0.153,19.24,0
2026-01-26 07:00:00,7,Monday,0.322,0.0,0.0,0.0,0.0,0.106,0.322,0.216,0.258,19.22,0
2026-01-26 07:15:00,7,Monday,0.301,0.0,0.0,0.0,1.928,0.197,2.228,2.032,0.252,19.74,0
2026-01-26 07:30:00,7,Monday,0.346,0.0,0.0,0.0,1.928,0.311,2.274,1.963,0.261,19.75,0
2026-01-26 07:45:00,7,Monday,0.325,0.0,0.0,0.0,1.928,0.422,2.253,1.832,0.239,20.42,0
2026-01-26 08:00:00,8,Monday,0.368,0.0,0.0,0.0,1.928,0.568,2.296,1.728,0.254,20.11,0
2026-01-26 08:15:00,8,Monday,0.299,0.0,0.0,0.0,0.0,0.636,0.299,0,0.25,20.55,0
2026-01-26 08:30:00,8,Monday,0.307,0.0,0.0,0.0,0.0,0.801,0.307,0,0.246,20.71,0
2026-01-26 08:45:00,8,Monday,0.351,0.0,0.0,0.0,0.0,0.929,0.351,0,0.246,21.53,0
2026-01-26 09:00:00,9,Monday,0.263,0.0,0.0,0.0,0.0,1.111,0.263,0,0.236,21.85,0
2026-01-26 09:15:00,9,Monday,0.25,0.0,0.0,0.0,0.0,1.196,0.25,0,0.259,22.8,0
2026-01-26 09:30:00,9,Monday,0.263,0.0,0.0,0.0,0.0,1.283,0.263,0,0.241,22.27,0
2026-01-26 09:45:00,9,Monday,0.263,0.0,0.0,0.0,0.0,1.478,0.263,0,0.252,22.18,0
2026-01-26 10:00:00,10,Monday,0.294,0.0,0.0,0.0,0.0,1.555,0.294,0,0.259,23.62,0
2026-01-26 10:15:00,10,Monday,0.268,0.0,0.0,0.0,0.0,1.649,0.268,0,0.247,23.91,0
2026-01-26 10:30:00,10,Monday,0.3,0.0,0.0,0.0,0.0,1.819,0.3,0,0.244,23.0,0
2026-01-26 10:45:00,10,Monday,0.239,0.0,0.0,0.0,0.0,1.977,0.239,0,0.26,23.45,0
2026-01-26 11:00:00,11,Monday,0.243,0.0,0.0,0.0,0.0,1.909,0.243,0,0.257,24.26,0
2026-01-26 11:15:00,11,Monday,0.297,0.0,0.0,0.0,0.0,2.056,0.297,0,0.257,24.68,0
2026-01-26 11:30:00,11,Monday,0.288,0.0,0.0,0.0,0.0,2.091,0.288,0,0.25,25.4,0
2026-01-26 11:45:00,11,Monday,0.257,0.0,0.0,0.0,0.0,2.061,0.257,0,0.263,25.47,0
2026-01-26 12:00:00,12,Monday,0.289,0.0,0.0,0.0,0.0,2.085,0.289,0,0.232,24.52,0
2026-01-26 12:15:00,12,Monday,0.273,0.0,0.0,0.0,0.0,2.132,0.273,0,0.242,25.48,0
2026-01-26 12:30:00,12,Monday,0.295,0.0,0.0,0.0,0.0,2.287,0.295,0,0.248,25.38,0
2026-01-26 12:45:00,12,Monday,0.25,0.0,0.0,0.0,0.0,2.303,0.25,0,0.236,25.56,0
2026-01-26 13:00:00,13,Monday,0.256,0.0,0.0,0.0,0.0,2.113,0.256,0,0.244,25.96,0
2026-01-26 13:15:00,13,Monday,0.268,0.0,0.0,0.0,0.0,2.111,0.268,0,0.257,26.45,0
2026-01-26 13:30:00,13,Monday,0.251,0.0,0.0,0.0,0.0,2.138,0.251,0,0.259,25.61,0
2026-01-26 13:45:00,13,Monday,0.295,0.0,0.0,0.0,0.0,1.88,0.295,0,0.239,26.49,0
2026-01-26 14:00:00,14,Monday,0.278,0.0,0.0,0.0,0.0,1.975,0.278,0,0.245,26.13,0
2026-01-26 14:15:00,14,Monday,0.275,0.0,0.0,0.0,0.0,1.79,0.275,0,0.255,27.4,0
2026-01-26 14:30:00,14,Monday,0.237,0.0,0.0,0.0,0.0,1.839,0.237,0,0.243,26.17,0
2026-01-26 14:45:00,14,Monday,0.254,0.0,0.0,0.0,0.0,1.722,0.254,0,0.256,26.48,0
2026-01-26 15:00:00,15,Monday,0.262,0.0,0.0,0.0,0.0,1.519,0.262,0,0.242,27.16,0
2026-01-26 15:15:00,15,Monday,0.228,0.0,0.0,0.0,0.0,1.456,0.228,0,0.248,26.68,0
2026-01-26 15:30:00,15,Monday,0.275,0.0,0.0,0.0,0.0,1.342,0.275,0,0.266,26.82,0
2026-01-26 15:45:00,15,Monday,0.274,0.0,0.0,0.0,0.0,1.24,0.274,0,0.239,26.47,0
2026-01-26 16:00:00,16,Monday,0.311,0.0,0.0,0.0,0.0,1.085,0.311,0,0.256,26.44,0
2026-01-26 16:15:00,16,Monday,0.269,0.0,0.0,0.0,0.0,0.901,0.269,0,0.244,26.18,0
2026-01-26 16:30:00,16,Monday,0.339,0.0,0.0,0.0,0.0,0.785,0.339,0,0.252,26.74,0
2026-01-26 16:45:00,16,Monday,0.282,0.0,0.0,0.0,0.0,0.665,0.282,0,0.257,26.2,0
2026-01-26 17:00:00,17,Monday,0.346,0.0,0.0,0.0,0.0,0.51,0.346,0,0.259,25.84,0
2026-01-26 17:15:00,17,Monday,0.336,1.598,0.0,0.0,0.0,0.418,1.933,1.515,0.243,25.36,0
2026-01-26 17:30:00,17,Monday,0.345,0.0,0.0,0.0,0.0,0.318,0.345,0.027,0.258,25.66,0
2026-01-26 17:45:00,17,Monday,0.313,0.0,0.0,0.0,0.0,0.21,0.313,0.103,0.247,24.89,0
2026-01-26 18:00:00,18,Monday,0.335,1.611,0.0,0.0,0.0,0.118,1.946,1.828,0.402,25.19,1
2026-01-26 18:15:00,18,Monday,0.367,0.0,0.0,0.0,0.0,0.042,0.367,0.326,0.399,24.1,1
2026-01-26 18:30:00,18,Monday,0.36,0.0,0.0,0.0,0.0,0.0,0.36,0.36,0.403,24.11,1
2026-01-26 18:45:00,18,Monday,0.324,2.132,0.0,0.0,0.0,0.0,2.456,2.456,0.41,25.1,1
2026-01-26 19:00:00,19,Monday,0.296,0.0,0.0,1.27,1.954,0.0,3.521,3.521,0.411,24.4,1
2026-01-26 19:15:00,19,Monday,0.382,0.0,0.0,1.27,1.954,0.0,3.606,3.606,0.42,23.43,1
2026-01-26 19:30:00,19,Monday,0.324,1.606,0.0,1.27,1.954,0.0,5.154,5.154,0.394,23.71,1
2026-01-26 19:45:00,19,Monday,0.335,0.0,0.0,1.27,1.954,0.0,3.559,3.559,0.388,24.11,1
2026-01-26 20:00:00,20,Monday,0.347,0.0,0.0,0.0,0.0,0.0,0.347,0.347,0.393,22.69,0
2026-01-26 20:15:00,20,Monday,0.33,0.0,0.0,0.0,0.0,0.0,0.33,0.33,0.392,21.97,0
2026-01-26 20:30:00,20,Monday,0.319,0.0,0.0,0.0,0.0,0.0,0.319,0.319,0.401,22.17,0
2026-01-26 20:45:00,20,Monday,0.326,2.049,0.0,0.0,0.0,0.0,2.376,2.376,0.396,21.9,0
2026-01-26 21:00:00,21,Monday,0.281,0.0,0.0,0.0,0.0,0.0,0.281,0.281,0.248,22.02,0
2026-01-26 21:15:00,21,Monday,0.343,0.0,0.0,0.0,0.0,0.0,0.343,0.343,0.255,20.49,0
2026-01-26 21:30:00,21,Monday,0.344,2.088,0.0,0.0,0.0,0.0,2.431,2.431,0.249,21.57,0
2026-01-26 21:45:00,21,Monday,0.288,0.0,0.0,0.0,0.0,0.0,0.288,0.288,0.236,20.68,0
2026-01-26 22:00:00,22,Monday,0.306,0.0,0.0,0.0,0.0,0.0,0.306,0.306,0.239,20.19,0
2026-01-26 22:15:00,22,Monday,0.319,0.0,0.0,0.0,0.0,0.0,0.319,0.319,0.251,20.22,0
2026-01-26 22:30:00,22,Monday,0.293,0.0,0.0,0.0,0.0,0.0,0.293,0.293,0.251,19.68,0
2026-01-26 22:45:00,22,Monday,0.284,0.0,0.0,0.0,0.0,0.0,0.284,0.284,0.24,19.65,0
2026-01-26 23:00:00,23,Monday,0.327,0.0,0.0,0.0,0.0,0.0,0.327,0.327,0.149,19.25,0
2026-01-26 23:15:00,23,Monday,0.346,0.0,0.0,0.0,0.0,0.0,0.346,0.346,0.148,19.39,0
2026-01-26 23:30:00,23,Monday,0.379,0.0,0.0,0.0,0.0,0.0,0.379,0.379,0.152,18.51,0
2026-01-26 23:45:00,23,Monday,0.308,0.0,0.0,0.0,0.0,0.0,0.308,0.308,0.152,18.14,0
2026-01-27 00:00:00,0,Tuesday,0.278,0.0,0.0,0.0,0.0,0.0,0.278,0.278,0.168,18.93,0
2026-01-27 00:15:00,0,Tuesday,0.246,0.0,0.0,0.0,0.0,0.0,0.246,0.246,0.152,18.74,0
2026-01-27 00:30:00,0,Tuesday,0.252,0.0,0.0,0.0,0.0,0.0,0.252,0.252,0.155,18.05,0
2026-01-27 00:45:00,0,Tuesday,0.277,0.0,0.0,0.0,0.0,0.0,0.277,0.277,0.145,18.3,0
2026-01-27 01:00:00,1,Tuesday,0.281,0.0,0.0,0.0,0.0,0.0,0.281,0.281,0.166,17.84,0
2026-01-27 01:15:00,1,Tuesday,0.263,0.0,0.0,0.0,0.0,0.0,0.263,0.263,0.16,18.54,0
2026-01-27 01:30:00,1,Tuesday,0.245,0.0,0.0,0.0,0.0,0.0,0.245,0.245,0.142,18.06,0
2026-01-27 01:45:00,1,Tuesday,0.28,0.0,0.0,0.0,0.0,0.0,0.28,0.28,0.16,17.04,0
2026-01-27 02:00:00,2,Tuesday,0.273,0.0,0.0,0.0,0.0,0.0,0.273,0.273,0.157,17.68,0
2026-01-27 02:15:00,2,Tuesday,0.26,0.0,0.0,0.0,0.0,0.0,0.26,0.26,0.148,17.78,0
2026-01-27 02:30:00,2,Tuesday,0.235,0.0,0.0,0.0,0.0,0.0,0.235,0.235,0.16,17.72,0
2026-01-27 02:45:00,2,Tuesday,0.36,0.0,0.0,0.0,0.0,0.0,0.36,0.36,0.155,18.11,0
2026-01-27 03:00:00,3,Tuesday,0.229,0.0,0.0,0.0,0.0,0.0,0.229,0.229,0.143,17.41,0
2026-01-27 03:15:00,3,Tuesday,0.256,0.0,0.0,0.0,0.0,0.0,0.256,0.256,0.166,17.38,0
2026-01-27 03:30:00,3,Tuesday,0.245,0.0,0.0,0.0,0.0,0.0,0.245,0.245,0.143,17.54,0
2026-01-27 03:45:00,3,Tuesday,0.254,0.0,0.0,0.0,0.0,0.0,0.254,0.254,0.152,17.82,0
2026-01-27 04:00:00,4,Tuesday,0.267,0.0,0.0,0.0,0.0,0.0,0.267,0.267,0.153,16.81,0
2026-01-27 04:15:00,4,Tuesday,0.276,0.0,0.0,0.0,0.0,0.0,0.276,0.276,0.156,18.02,0
2026-01-27 04:30:00,4,Tuesday,0.275,0.0,0.0,0.0,0.0,0.0,0.275,0.275,0.152,17.23,0
2026-01-27 04:45:00,4,Tuesday,0.265,0.0,0.0,0.0,0.0,0.0,0.265,0.265,0.146,17.16,0
2026-01-27 05:00:00,5,Tuesday,0.249,0.0,0.0,0.0,0.0,0.0,0.249,0.249,0.153,18.15,0
2026-01-27 05:15:00,5,Tuesday,0.264,0.0,0.0,0.0,0.0,0.0,0.264,0.264,0.147,18.92,0
2026-01-27 05:30:00,5,Tuesday,0.28,0.0,0.0,0.0,0.0,0.0,0.28,0.28,0.163,17.85,0
2026-01-27 05:45:00,5,Tuesday,0.311,0.0,0.0,0.0,0.0,0.0,0.311,0.311,0.162,19.01,0
2026-01-27 06:00:00,6,Tuesday,0.333,0.0,0.0,0.0,0.0,0.0,0.333,0.333,0.141,19.63,0
2026-01-27 06:15:00,6,Tuesday,0.297,0.0,0.0,0.0,1.899,0.0,2.195,2.195,0.156,18.68,0
2026-01-27 06:30:00,6,Tuesday,0.355,0.0,0.0,0.0,1.899,0.0,2.253,2.253,0.141,18.64,0
2026-01-27 06:45:00,6,Tuesday,0.373,0.0,0.0,0.0,1.899,0.036,2.272,2.236,0.141,19.44,0
2026-01-27 07:00:00,7,Tuesday,0.323,0.0,0.0,0.0,1.899,0.1,2.222,2.122,0.247,20.03,0
2026-01-27 07:15:00,7,Tuesday,0.307,0.0,0.0,0.0,0.0,0.168,0.307,0.139,0.265,19.96,0
2026-01-27 07:30:00,7,Tuesday,0.299,0.0,0.0,0.0,0.0,0.268,0.299,0.031,0.25,19.66,0
2026-01-27 07:45:00,7,Tuesday,0.306,0.0,0.0,0.0,0.0,0.368,0.306,0,0.254,20.62,0
2026-01-27 08:00:00,8,Tuesday,0.341,0.0,0.0,0.0,0.0,0.445,0.341,0,0.267,21.04,0
2026-01-27 08:15:00,8,Tuesday,0.339,0.0,0.0,0.0,0.0,0.564,0.339,0,0.244,21.06,0
2026-01-27 08:30:00,8,Tuesday,0.349,0.0,0.0,0.0,0.0,0.715,0.349,0,0.252,22.03,0
2026-01-27 08:45:00,8,Tuesday,0.314,0.0,0.0,0.0,0.0,0.793,0.314,0,0.251,22.03,0
2026-01-27 09:00:00,9,Tuesday,0.297,0.0,0.0,0.0,0.0,0.899,0.297,0,0.257,23.25,0
2026-01-27 09:15:00,9,Tuesday,0.265,0.0,0.0,0.0,0.0,1.004,0.265,0,0.244,22.84,0
2026-01-27 09:30:00,9,Tuesday,0.281,0.0,0.0,0.0,0.0,1.16,0.281,0,0.236,23.34,0
2026-01-27 09:45:00,9,Tuesday,0.258,0.0,0.0,0.0,0.0,1.241,0.258,0,0.252,23.92,0
2026-01-27 10:00:00,10,Tuesday,0.29,0.0,0.0,0.0,0.0,1.31,0.29,0,0.23,23.87,0
2026-01-27 10:15:00,10,Tuesday,0.318,0.0,0.0,0.0,0.0,1.393,0.318,0,0.238,23.77,0
2026-01-27 10:30:00,10,Tuesday,0.282,0.0,0.0,0.0,0.0,1.432,0.282,0,0.244,24.25,0
2026-01-27 10:45:00,10,Tuesday,0.236,0.0,0.0,0.0,0.0,1.598,0.236,0,0.257,24.62,0
2026-01-27 11:00:00,11,Tuesday,0.258,0.0,0.0,0.0,0.0,1.567,0.258,0,0.242,25.16,0
2026-01-27 11:15:00,11,Tuesday,0.27,0.0,0.0,0.0,0.0,1.723,0.27,0,0.246,24.86,0
2026-01-27 11:30:00,11,Tuesday,0.277,0.0,0.0,0.0,0.0,1.675,0.277,0,0.259,25.23,0
2026-01-27 11:45:00,11,Tuesday,0.216,0.0,0.0,0.0,0.0,1.783,0.216,0,0.251,25.85,0
2026-01-27 12:00:00,12,Tuesday,0.251,0.0,0.0,0.0,0.0,1.741,0.251,0,0.247,25.96,0
2026-01-27 12:15:00,12,Tuesday,0.258,0.0,0.0,0.0,0.0,1.981,0.258,0,0.244,25.47,0
2026-01-27 12:30:00,12,Tuesday,0.281,0.0,0.0,0.0,0.0,1.844,0.281,0,0.248,25.34,0
2026-01-27 12:45:00,12,Tuesday,0.235,0.0,0.0,0.0,0.0,1.774,0.235,0,0.253,25.83,0
2026-01-27 13:00:00,13,Tuesday,0.287,0.0,0.0,0.0,0.0,1.918,0.287,0,0.247,26.51,0
2026-01-27 13:15:00,13,Tuesday,0.217,0.0,0.0,0.0,0.0,1.842,0.217,0,0.254,26.08,0
2026-01-27 13:30:00,13,Tuesday,0.3,0.0,0.0,0.0,0.0,1.649,0.3,0,0.241,26.87,0
2026-01-27 13:45:00,13,Tuesday,0.273,0.0,0.0,0.0,0.0,1.837,0.273,0,0.242,27.42,0
2026-01-27 14:00:00,14,Tuesday,0.305,0.0,0.0,0.0,0.0,1.622,0.305,0,0.253,26.74,0
2026-01-27 14:15:00,14,Tuesday,0.257,0.0,0.0,0.0,0.0,1.502,0.257,0,0.248,27.88,0
2026-01-27 14:30:00,14,Tuesday,0.299,0.0,0.0,0.0,0.0,1.574,0.299,0,0.269,27.07,0
2026-01-27 14:45:00,14,Tuesday,0.28,0.0,0.0,0.0,0.0,1.42,0.28,0,0.242,26.96,0
2026-01-27 15:00:00,15,Tuesday,0.296,0.0,0.0,0.0,0.0,1.304,0.296,0,0.254,27.61,0
2026-01-27 15:15:00,15,Tuesday,0.269,0.0,0.0,0.0,0.0,1.279,0.269,0,0.261,27.43,0
2026-01-27 15:30:00,15,Tuesday,0.272,0.0,0.0,0.0,0.0,1.101,0.272,0,0.246,26.79,0
2026-01-27 15:45:00,15,Tuesday,0.24,0.0,0.0,0.0,0.0,1.055,0.24,0,0.264,26.21,0
2026-01-27 16:00:00,16,Tuesday,0.25,0.0,0.0,0.0,0.0,0.92,0.25,0,0.252,27.12,0
2026-01-27 16:15:00,16,Tuesday,0.289,0.0,0.0,0.0,0.0,0.78,0.289,0,0.243,26.76,0
2026-01-27 16:30:00,16,Tuesday,0.241,0.0,0.0,0.0,0.0,0.707,0.241,0,0.259,26.63,0
2026-01-27 16:45:00,16,Tuesday,0.273,0.0,0.0,0.0,0.0,0.614,0.273,0,0.249,26.74,0
2026-01-27 17:00:00,17,Tuesday,0.366,1.568,0.0,0.0,0.0,0.467,1.933,1.467,0.242,26.89,0
2026-01-27 17:15:00,17,Tuesday,0.341,2.154,0.0,0.0,0.0,0.359,2.495,2.137,0.243,25.96,0
2026-01-27 17:30:00,17,Tuesday,0.36,2.032,0.0,0.0,0.0,0.259,2.392,2.133,0.258,25.86,0
2026-01-27 17:45:00,17,Tuesday,0.333,0.0,0.0,0.0,0.0,0.165,0.333,0.169,0.25,25.93,0
2026-01-27 18:00:00,18,Tuesday,0.349,0.0,0.0,0.0,0.0,0.097,0.349,0.252,0.4,25.84,1
2026-01-27 18:15:00,18,Tuesday,0.322,0.0,0.0,0.0,0.0,0.035,0.322,0.287,0.41,25.48,1
2026-01-27 18:30:00,18,Tuesday,0.285,2.13,0.0,0.0,0.0,0.0,2.415,2.415,0.417,24.84,1
2026-01-27 18:45:00,18,Tuesday,0.319,2.125,0.0,0.0,0.0,0.0,2.444,2.444,0.398,24.27,1
2026-01-27 19:00:00,19,Tuesday,0.344,0.0,0.0,0.0,0.0,0.0,0.344,0.344,0.407,24.3,1
2026-01-27 19:15:00,19,Tuesday,0.336,0.0,0.0,0.0,0.0,0.0,0.336,0.336,0.401,24.34,1
2026-01-27 19:30:00,19,Tuesday,0.32,1.928,0.0,0.0,0.0,0.0,2.248,2.248,0.406,24.43,1
2026-01-27 19:45:00,19,Tuesday,0.264,2.093,0.0,0.0,0.0,0.0,2.356,2.356,0.41,23.94,1
2026-01-27 20:00:00,20,Tuesday,0.344,2.034,0.0,0.0,0.0,0.0,2.378,2.378,0.398,23.29,0
2026-01-27 20:15:00,20,Tuesday,0.363,0.0,0.0,0.0,0.0,0.0,0.363,0.363,0.394,22.86,0
2026-01-27 20:30:00,20,Tuesday,0.317,0.0,0.0,0.0,0.0,0.0,0.317,0.317,0.407,22.96,0
2026-01-27 20:45:00,20,Tuesday,0.347,0.0,0.0,0.0,0.0,0.0,0.347,0.347,0.4,22.92,0
2026-01-27 21:00:00,21,Tuesday,0.324,0.0,0.0,0.0,0.0,0.0,0.324,0.324,0.246,21.93,0
2026-01-27 21:15:00,21,Tuesday,0.342,0.0,0.0,1.226,0.0,0.0,1.568,1.568,0.276,22.43,0
2026-01-27 21:30:00,21,Tuesday,0.353,0.0,0.0,1.226,0.0,0.0,1.579,1.579,0.244,21.67,0
2026-01-27 21:45:00,21,Tuesday,0.32,0.0,0.0,1.226,0.0,0.0,1.546,1.546,0.24,21.67,0
2026-01-27 22:00:00,22,Tuesday,0.332,0.0,0.0,1.226,0.0,0.0,1.558,1.558,0.249,20.8,0
2026-01-27 22:15:00,22,Tuesday,0.324,0.0,0.0,0.0,0.0,0.0,0.324,0.324,0.252,20.06,0
2026-01-27 22:30:00,22,Tuesday,0.351,0.0,0.0,0.0,0.0,0.0,0.351,0.351,0.263,20.44,0
2026-01-27 22:45:00,22,Tuesday,0.355,0.0,0.0,0.0,0.0,0.0,0.355,0.355,0.237,19.33,0
2026-01-27 23:00:00,23,Tuesday,0.327,0.0,0.0,0.0,0.0,0.0,0.327,0.327,0.16,20.68,0
2026-01-27 23:15:00,23,Tuesday,0.273,0.0,0.0,0.0,0.0,0.0,0.273,0.273,0.151,20.54,0
2026-01-27 23:30:00,23,Tuesday,0.294,0.0,0.0,0.0,0.0,0.0,0.294,0.294,0.148,19.06,0
2026-01-27 23:45:00,23,Tuesday,0.312,0.0,0.0,0.0,0.0,0.0,0.312,0.312,0.155,18.92,0
2026-01-28 00:00:00,0,Wednesday,0.255,0.0,0.0,0.0,0.0,0.0,0.255,0.255,0.142,19.9,0
2026-01-28 00:15:00,0,Wednesday,0.253,0.0,0.0,0.0,0.0,0.0,0.253,0.253,0.151,18.98,0
2026-01-28 00:30:00,0,Wednesday,0.258,0.0,0.0,0.0,0.0,0.0,0.258,0.258,0.148,18.81,0
2026-01-28 00:45:00,0,Wednesday,0.206,0.0,0.0,0.0,0.0,0.0,0.206,0.206,0.144,18.76,0
2026-01-28 01:00:00,1,Wednesday,0.304,0.0,0.0,0.0,0.0,0.0,0.304,0.304,0.145,18.91,0
2026-01-28 01:15:00,1,Wednesday,0.267,0.0,0.0,0.0,0.0,0.0,0.267,0.267,0.155,18.46,0
2026-01-28 01:30:00,1,Wednesday,0.264,0.0,0.0,0.0,0.0,0.0,0.264,0.264,0.125,18.45,0
2026-01-28 01:45:00,1,Wednesday,0.28,0.0,0.0,0.0,0.0,0.0,0.28,0.28,0.148,18.72,0
2026-01-28 02:00:00,2,Wednesday,0.283,0.0,0.0,0.0,0.0,0.0,0.283,0.283,0.139,19.36,0
2026-01-28 02:15:00,2,Wednesday,0.268,0.0,0.0,0.0,0.0,0.0,0.268,0.268,0.156,17.67,0
2026-01-28 02:30:00,2,Wednesday,0.305,0.0,0.0,0.0,0.0,0.0,0.305,0.305,0.155,18.13,0
2026-01-28 02:45:00,2,Wednesday,0.306,0.0,0.0,0.0,0.0,0.0,0.306,0.306,0.155,17.67,0
2026-01-28 03:00:00,3,Wednesday,0.275,0.0,0.0,0.0,0.0,0.0,0.275,0.275,0.15,18.18,0
2026-01-28 03:15:00,3,Wednesday,0.272,0.0,0.0,0.0,0.0,0.0,0.272,0.272,0.155,17.88,0
2026-01-28 03:30:00,3,Wednesday,0.25,0.0,0.0,0.0,0.0,0.0,0.25,0.25,0.149,18.8,0
2026-01-28 03:45:00,3,Wednesday,0.263,0.0,0.0,0.0,0.0,0.0,0.263,0.263,0.153,18.98,0
2026-01-28 04:00:00,4,Wednesday,0.285,0.0,0.0,0.0,0.0,0.0,0.285,0.285,0.139,18.07,0
2026-01-28 04:15:00,4,Wednesday,0.277,0.0,0.0,0.0,0.0,0.0,0.277,0.277,0.154,18.47,0
2026-01-28 04:30:00,4,Wednesday,0.303,0.0,0.0,0.0,0.0,0.0,0.303,0.303,0.156,18.79,0
2026-01-28 04:45:00,4,Wednesday,0.298,0.0,0.0,0.0,0.0,0.0,0.298,0.298,0.133,18.93,0
2026-01-28 05:00:00,5,Wednesday,0.219,0.0,0.0,0.0,0.0,0.0,0.219,0.219,0.161,19.35,0
2026-01-28 05:15:00,5,Wednesday,0.267,0.0,0.0,0.0,0.0,0.0,0.267,0.267,0.137,19.19,0
2026-01-28 05:30:00,5,Wednesday,0.252,0.0,0.0,0.0,0.0,0.0,0.252,0.252,0.154,19.13,0
2026-01-28 05:45:00,5,Wednesday,0.264,0.0,0.0,0.0,0.0,0.0,0.264,0.264,0.151,19.7,0
2026-01-28 06:00:00,6,Wednesday,0.315,0.0,0.0,0.0,0.0,0.0,0.315,0.315,0.15,19.37,0
2026-01-28 06:15:00,6,Wednesday,0.355,0.0,0.0,0.0,0.0,0.0,0.355,0.355,0.144,19.66,0
2026-01-28 06:30:00,6,Wednesday,0.353,0.0,0.0,0.0,0.0,0.0,0.353,0.353,0.151,20.32,0
2026-01-28 06:45:00,6,Wednesday,0.333,0.0,0.0,0.0,0.0,0.033,0.333,0.3,0.153,20.31,0
2026-01-28 07:00:00,7,Wednesday,0.325,0.0,0.0,0.0,0.0,0.092,0.325,0.233,0.245,20.63,0
2026-01-28 07:15:00,7,Wednesday,0.333,0.0,0.0,0.0,0.0,0.16,0.333,0.173,0.247,21.48,0
2026-01-28 07:30:00,7,Wednesday,0.322,0.0,0.0,0.0,0.0,0.261,0.322,0.061,0.253,20.95,0
2026-01-28 07:45:00,7,Wednesday,0.303,0.0,0.0,0.0,0.0,0.362,0.303,0,0.252,21.12,0
2026-01-28 08:00:00,8,Wednesday,0.354,0.0,0.0,0.0,0.0,0.47,0.354,0,0.248,21.33,0
2026-01-28 08:15:00,8,Wednesday,0.316,0.0,0.0,0.0,0.0,0.573,0.316,0,0.237,22.17,0
2026-01-28 08:30:00,8,Wednesday,0.334,0.0,0.0,0.0,0.0,0.643,0.334,0,0.241,22.4,0
2026-01-28 08:45:00,8,Wednesday,0.273,0.0,0.0,0.0,0.0,0.797,0.273,0,0.265,22.68,0
2026-01-28 09:00:00,9,Wednesday,0.246,0.0,0.0,0.0,0.0,0.881,0.246,0,0.26,24.11,0
2026-01-28 09:15:00,9,Wednesday,0.249,0.0,0.0,0.0,0.0,0.981,0.249,0,0.255,23.69,0
2026-01-28 09:30:00,9,Wednesday,0.274,0.0,0.0,0.0,0.0,1.161,0.274,0,0.271,23.52,0
2026-01-28 09:45:00,9,Wednesday,0.255,0.0,0.0,0.0,0.0,1.22,0.255,0,0.245,23.73,0
2026-01-28 10:00:00,10,Wednesday,0.277,0.0,0.0,0.0,0.0,1.395,0.277,0,0.245,23.93,0
2026-01-28 10:15:00,10,Wednesday,0.241,0.0,0.0,0.0,0.0,1.421,0.241,0,0.245,24.17,0
2026-01-28 10:30:00,10,Wednesday,0.234,0.0,0.0,0.0,0.0,1.441,0.234,0,0.244,24.58,0
2026-01-28 10:45:00,10,Wednesday,0.268,0.0,0.0,0.0,0.0,1.549,0.268,0,0.241,24.29,0
2026-01-28 11:00:00,11,Wednesday,0.28,0.0,0.0,0.0,0.0,1.601,0.28,0,0.254,26.21,0
2026-01-28 11:15:00,11,Wednesday,0.258,0.0,0.0,0.0,0.0,1.638,0.258,0,0.252,25.17,0
2026-01-28 11:30:00,11,Wednesday,0.297,0.0,0.0,0.0,0.0,1.751,0.297,0,0.266,25.89,0
2026-01-28 11:45:00,11,Wednesday,0.221,0.0,0.0,0.0,0.0,1.717,0.221,0,0.241,25.85,0
2026-01-28 12:00:00,12,Wednesday,0.267,0.0,0.0,0.0,0.0,1.851,0.267,0,0.255,26.43,0
2026-01-28 12:15:00,12,Wednesday,0.292,0.0,0.0,0.0,0.0,1.823,0.292,0,0.262,25.97,0
2026-01-28 12:30:00,12,Wednesday,0.242,0.0,0.0,0.0,0.0,1.82,0.242,0,0.257,25.98,0
2026-01-28 12:45:00,12,Wednesday,0.228,0.0,0.0,0.0,0.0,1.913,0.228,0,0.255,26.96,0
2026-01-28 13:00:00,13,Wednesday,0.291,0.0,0.0,0.0,0.0,1.931,0.291,0,0.248,27.15,0
2026-01-28 13:15:00,13,Wednesday,0.254,0.0,0.0,0.0,0.0,1.847,0.254,0,0.245,27.17,0
2026-01-28 13:30:00,13,Wednesday,0.297,0.0,0.0,0.0,0.0,1.767,0.297,0,0.248,26.65,0
2026-01-28 13:45:00,13,Wednesday,0.242,0.0,0.0,0.0,0.0,1.642,0.242,0,0.242,27.36,0
2026-01-28 14:00:00,14,Wednesday,0.282,0.0,0.0,0.0,0.0,1.659,0.282,0,0.246,27.5,0
2026-01-28 14:15:00,14,Wednesday,0.253,0.0,0.0,0.0,0.0,1.619,0.253,0,0.246,26.67,0
2026-01-28 14:30:00,14,Wednesday,0.266,0.0,0.0,0.0,0.0,1.531,0.266,0,0.255,28.59,0
2026-01-28 14:45:00,14,Wednesday,0.26,0.0,0.0,0.0,0.0,1.367,0.26,0,0.239,27.79,0
2026-01-28 15:00:00,15,Wednesday,0.236,0.0,0.0,0.0,0.0,1.353,0.236,0,0.237,27.39,0
2026-01-28 15:15:00,15,Wednesday,0.265,0.0,0.0,0.0,0.0,1.204,0.265,0,0.25,28.17,0
2026-01-28 15:30:00,15,Wednesday,0.325,0.0,0.0,0.0,0.0,1.058,0.325,0,0.237,28.22,0
2026-01-28 15:45:00,15,Wednesday,0.273,0.0,0.0,0.0,0.0,1.029,0.273,0,0.252,27.96,0
2026-01-28 16:00:00,16,Wednesday,0.308,0.0,0.0,0.0,0.0,0.903,0.308,0,0.237,27.95,0
2026-01-28 16:15:00,16,Wednesday,0.241,0.0,0.0,0.0,0.0,0.815,0.241,0,0.241,28.52,0
2026-01-28 16:30:00,16,Wednesday,0.235,0.0,0.0,0.0,0.0,0.691,0.235,0,0.241,26.79,0
2026-01-28 16:45:00,16,Wednesday,0.256,0.0,0.0,0.0,0.0,0.582,0.256,0,0.253,27.63,0
2026-01-28 17:00:00,17,Wednesday,0.358,0.0,0.0,0.0,0.0,0.438,0.358,0,0.269,26.83,0
2026-01-28 17:15:00,17,Wednesday,0.337,2.067,0.0,0.0,0.0,0.362,2.404,2.042,0.26,27.09,0
2026-01-28 17:30:00,17,Wednesday,0.327,0.0,0.0,0.0,0.0,0.239,0.327,0.088,0.249,26.81,0
2026-01-28 17:45:00,17,Wednesday,0.355,1.786,0.0,0.0,0.0,0.178,2.141,1.962,0.266,25.95,0
2026-01-28 18:00:00,18,Wednesday,0.332,1.55,0.0,0.0,0.0,0.103,1.882,1.779,0.395,27.01,1
2026-01-28 18:15:00,18,Wednesday,0.356,2.011,0.0,0.0,0.0,0.035,2.367,2.332,0.398,26.1,1
2026-01-28 18:30:00,18,Wednesday,0.353,0.0,0.0,0.0,0.0,0.0,0.353,0.353,0.41,25.68,1
2026-01-28 18:45:00,18,Wednesday,0.376,0.0,0.0,0.0,0.0,0.0,0.376,0.376,0.41,26.36,1
2026-01-28 19:00:00,19,Wednesday,0.317,2.083,0.0,0.0,0.0,0.0,2.399,2.399,0.406,26.02,1
2026-01-28 19:15:00,19,Wednesday,0.316,0.0,1.414,0.0,0.0,0.0,1.73,1.73,0.414,25.23,1
2026-01-28 19:30:00,19,Wednesday,0.346,0.0,1.414,0.0,0.0,0.0,1.76,1.76,0.4,25.24,1
2026-01-28 19:45:00,19,Wednesday,0.34,0.0,1.414,0.0,0.0,0.0,1.754,1.754,0.394,23.86,1
2026-01-28 20:00:00,20,Wednesday,0.3,0.0,1.414,0.0,0.0,0.0,1.713,1.713,0.388,23.52,0
2026-01-28 20:15:00,20,Wednesday,0.34,0.0,0.0,0.0,0.0,0.0,0.34,0.34,0.409,24.62,0
2026-01-28 20:30:00,20,Wednesday,0.305,1.547,0.0,0.0,0.0,0.0,1.852,1.852,0.398,23.14,0
2026-01-28 20:45:00,20,Wednesday,0.358,0.0,0.0,0.0,0.0,0.0,0.358,0.358,0.408,23.39,0
2026-01-28 21:00:00,21,Wednesday,0.318,0.0,0.0,0.0,0.0,0.0,0.318,0.318,0.246,23.8,0
2026-01-28 21:15:00,21,Wednesday,0.374,1.555,0.0,0.0,0.0,0.0,1.928,1.928,0.246,22.73,0
2026-01-28 21:30:00,21,Wednesday,0.354,0.0,0.0,0.0,0.0,0.0,0.354,0.354,0.25,22.15,0
2026-01-28 21:45:00,21,Wednesday,0.322,0.0,0.0,0.0,0.0,0.0,0.322,0.322,0.257,21.78,0
2026-01-28 22:00:00,22,Wednesday,0.355,1.661,0.0,0.0,0.0,0.0,2.017,2.017,0.25,20.82,0
2026-01-28 22:15:00,22,Wednesday,0.364,0.0,0.0,0.0,0.0,0.0,0.364,0.364,0.251,20.9,0
2026-01-28 22:30:00,22,Wednesday,0.309,0.0,0.0,0.0,0.0,0.0,0.309,0.309,0.259,21.13,0
2026-01-28 22:45:00,22,Wednesday,0.298,0.0,0.0,0.0,0.0,0.0,0.298,0.298,0.242,21.11,0
2026-01-28 23:00:00,23,Wednesday,0.307,0.0,0.0,0.0,0.0,0.0,0.307,0.307,0.149,20.93,0
2026-01-28 23:15:00,23,Wednesday,0.318,0.0,0.0,0.0,0.0,0.0,0.318,0.318,0.155,20.91,0
2026-01-28 23:30:00,23,Wednesday,0.315,0.0,0.0,0.0,0.0,0.0,0.315,0.315,0.159,19.21,0
2026-01-28 23:45:00,23,Wednesday,0.358,0.0,0.0,0.0,0.0,0.0,0.358,0.358,0.154,20.26,0
2026-01-29 00:00:00,0,Thursday,0.287,0.0,0.0,0.0,0.0,0.0,0.287,0.287,0.152,20.62,0
2026-01-29 00:15:00,0,Thursday,0.293,0.0,0.0,0.0,0.0,0.0,0.293,0.293,0.148,19.73,0
2026-01-29 00:30:00,0,Thursday,0.256,0.0,0.0,0.0,0.0,0.0,0.256,0.256,0.15,20.14,0
2026-01-29 00:45:00,0,Thursday,0.272,0.0,0.0,0.0,0.0,0.0,0.272,0.272,0.142,19.59,0
2026-01-29 01:00:00,1,Thursday,0.298,0.0,0.0,0.0,0.0,0.0,0.298,0.298,0.142,19.82,0
2026-01-29 01:15:00,1,Thursday,0.29,0.0,0.0,0.0,0.0,0.0,0.29,0.29,0.135,19.56,0
2026-01-29 01:30:00,1,Thursday,0.259,0.0,0.0,0.0,0.0,0.0,0.259,0.259,0.129,19.54,0
2026-01-29 01:45:00,1,Thursday,0.309,0.0,0.0,0.0,0.0,0.0,0.309,0.309,0.157,18.6,0
2026-01-29 02:00:00,2,Thursday,0.249,0.0,0.0,0.0,0.0,0.0,0.249,0.249,0.147,18.84,0
2026-01-29 02:15:00,2,Thursday,0.268,0.0,0.0,0.0,0.0,0.0,0.268,0.268,0.144,19.79,0
2026-01-29 02:30:00,2,Thursday,0.245,0.0,0.0,0.0,0.0,0.0,0.245,0.245,0.152,18.88,0
2026-01-29 02:45:00,2,Thursday,0.272,0.0,0.0,0.0,0.0,0.0,0.272,0.272,0.132,18.57,0
2026-01-29 03:00:00,3,Thursday,0.276,0.0,0.0,0.0,0.0,0.0,0.276,0.276,0.147,19.37,0
2026-01-29 03:15:00,3,Thursday,0.27,0.0,0.0,0.0,0.0,0.0,0.27,0.27,0.14,18.15,0
2026-01-29 03:30:00,3,Thursday,0.306,0.0,0.0,0.0,0.0,0.0,0.306,0.306,0.16,18.65,0
2026-01-29 03:45:00,3,Thursday,0.279,0.0,0.0,0.0,0.0,0.0,0.279,0.279,0.147,19.12,0
2026-01-29 04:00:00,4,Thursday,0.259,0.0,0.0,0.0,0.0,0.0,0.259,0.259,0.149,18.51,0
2026-01-29 04:15:00,4,Thursday,0.245,0.0,0.0,0.0,0.0,0.0,0.245,0.245,0.143,19.4,0
2026-01-29 04:30:00,4,Thursday,0.241,0.0,0.0,0.0,0.0,0.0,0.241,0.241,0.141,19.72,0
2026-01-29 04:45:00,4,Thursday,0.245,0.0,0.0,0.0,0.0,0.0,0.245,0.245,0.161,19.5,0
2026-01-29 05:00:00,5,Thursday,0.273,0.0,0.0,0.0,0.0,0.0,0.273,0.273,0.145,19.6,0
2026-01-29 05:15:00,5,Thursday,0.242,0.0,0.0,0.0,0.0,0.0,0.242,0.242,0.155,19.71,0
2026-01-29 05:30:00,5,Thursday,0.262,0.0,0.0,0.0,0.0,0.0,0.262,0.262,0.14,19.99,0
2026-01-29 05:45:00,5,Thursday,0.26,0.0,0.0,0.0,0.0,0.0,0.26,0.26,0.151,19.69,0
2026-01-29 06:00:00,6,Thursday,0.401,0.0,0.0,0.0,1.994,0.0,2.395,2.395,0.15,20.11,0
2026-01-29 06:15:00,6,Thursday,0.322,0.0,0.0,0.0,1.994,0.0,2.316,2.316,0.144,21.9,0
2026-01-29 06:30:00,6,Thursday,0.304,0.0,0.0,0.0,1.994,0.0,2.298,2.298,0.156,21.33,0
2026-01-29 06:45:00,6,Thursday,0.352,0.0,0.0,0.0,1.994,0.054,2.346,2.292,0.161,20.91,0
2026-01-29 07:00:00,7,Thursday,0.315,0.0,0.0,0.0,0.0,0.146,0.315,0.169,0.236,21.75,0
2026-01-29 07:15:00,7,Thursday,0.327,0.0,0.0,0.0,0.0,0.26,0.327,0.068,0.259,21.06,0
2026-01-29 07:30:00,7,Thursday,0.318,0.0,0.0,0.0,0.0,0.382,0.318,0,0.244,22.35,0
2026-01-29 07:45:00,7,Thursday,0.367,0.0,0.0,0.0,0.0,0.539,0.367,0,0.263,22.49,0
2026-01-29 08:00:00,8,Thursday,0.267,0.0,0.0,0.0,0.0,0.676,0.267,0,0.258,23.56,0
2026-01-29 08:15:00,8,Thursday,0.297,0.0,0.0,0.0,0.0,0.778,0.297,0,0.247,22.94,0
2026-01-29 08:30:00,8,Thursday,0.305,0.0,0.0,0.0,0.0,0.999,0.305,0,0.256,23.4,0
2026-01-29 08:45:00,8,Thursday,0.325,0.0,0.0,0.0,0.0,1.171,0.325,0,0.243,23.62,0
2026-01-29 09:00:00,9,Thursday,0.25,0.0,0.0,0.0,0.0,1.422,0.25,0,0.258,24.28,0
2026-01-29 09:15:00,9,Thursday,0.23,0.0,0.0,0.0,0.0,1.488,0.23,0,0.261,24.86,0
2026-01-29 09:30:00,9,Thursday,0.238,0.0,0.0,0.0,0.0,1.664,0.238,0,0.235,25.04,0
2026-01-29 09:45:00,9,Thursday,0.295,0.0,0.0,0.0,0.0,1.933,0.295,0,0.263,25.01,0
2026-01-29 10:00:00,10,Thursday,0.284,0.0,0.0,0.0,0.0,2.03,0.284,0,0.26,25.18,0
2026-01-29 10:15:00,10,Thursday,0.27,0.0,0.0,0.0,0.0,2.138,0.27,0,0.24,26.28,0
2026-01-29 10:30:00,10,Thursday,0.238,0.0,0.0,0.0,0.0,2.175,0.238,0,0.238,25.75,0
2026-01-29 10:45:00,10,Thursday,0.307,0.0,0.0,0.0,0.0,2.562,0.307,0,0.261,24.91,0
2026-01-29 11:00:00,11,Thursday,0.291,0.0,0.0,0.0,0.0,2.539,0.291,0,0.255,25.63,0
2026-01-29 11:15:00,11,Thursday,0.286,0.0,0.0,0.0,0.0,2.585,0.286,0,0.256,26.58,0
2026-01-29 11:30:00,11,Thursday,0.293,0.0,0.0,0.0,0.0,2.597,0.293,0,0.236,28.12,0
2026-01-29 11:45:00,11,Thursday,0.304,0.0,0.0,0.0,0.0,2.705,0.304,0,0.256,26.68,0
2026-01-29 12:00:00,12,Thursday,0.274,0.0,0.0,0.0,0.0,2.78,0.274,0,0.254,27.3,0
2026-01-29 12:15:00,12,Thursday,0.246,0.0,0.0,0.0,0.0,2.574,0.246,0,0.247,28.13,0
2026-01-29 12:30:00,12,Thursday,0.25,0.0,0.0,0.0,0.0,2.745,0.25,0,0.255,27.56,0
2026-01-29 12:45:00,12,Thursday,0.246,0.0,0.0,0.0,0.0,2.657,0.246,0,0.248,27.24,0
2026-01-29 13:00:00,13,Thursday,0.243,0.0,0.0,0.0,0.0,2.751,0.243,0,0.259,28.59,0
2026-01-29 13:15:00,13,Thursday,0.262,0.0,0.0,0.0,0.0,2.766,0.262,0,0.251,28.95,0
2026-01-29 13:30:00,13,Thursday,0.284,0.0,0.0,0.0,0.0,2.616,0.284,0,0.249,28.89,0
2026-01-29 13:45:00,13,Thursday,0.302,0.0,0.0,0.0,0.0,2.611,0.302,0,0.255,28.08,0
2026-01-29 14:00:00,14,Thursday,0.261,0.0,0.0,0.0,0.0,2.499,0.261,0,0.245,28.31,0
2026-01-29 14:15:00,14,Thursday,0.282,0.0,0.0,0.0,0.0,2.486,0.282,0,0.25,27.91,0
2026-01-29 14:30:00,14,Thursday,0.249,0.0,0.0,0.0,0.0,2.246,0.249,0,0.258,28.46,0
2026-01-29 14:45:00,14,Thursday,0.32,0.0,0.0,0.0,0.0,2.213,0.32,0,0.236,28.7,0
2026-01-29 15:00:00,15,Thursday,0.255,0.0,0.0,0.0,0.0,2.013,0.255,0,0.249,28.88,0
2026-01-29 15:15:00,15,Thursday,0.241,0.0,0.0,0.0,0.0,1.829,0.241,0,0.255,28.71,0
2026-01-29 15:30:00,15,Thursday,0.243,0.0,0.0,0.0,0.0,1.62,0.243,0,0.243,28.96,0
2026-01-29 15:45:00,15,Thursday,0.26,0.0,0.0,0.0,0.0,1.442,0.26,0,0.244,28.64,0
2026-01-29 16:00:00,16,Thursday,0.299,0.0,0.0,0.0,0.0,1.467,0.299,0,0.236,29.17,0
2026-01-29 16:15:00,16,Thursday,0.284,0.0,0.0,0.0,0.0,1.249,0.284,0,0.256,28.34,0
2026-01-29 16:30:00,16,Thursday,0.299,0.0,0.0,0.0,0.0,1.033,0.299,0,0.238,28.68,0
2026-01-29 16:45:00,16,Thursday,0.282,0.0,0.0,0.0,0.0,0.875,0.282,0,0.251,28.09,0
2026-01-29 17:00:00,17,Thursday,0.357,0.0,0.0,0.0,0.0,0.701,0.357,0,0.248,28.46,0
2026-01-29 17:15:00,17,Thursday,0.359,1.903,0.0,0.0,0.0,0.539,2.262,1.723,0.253,27.89,0
2026-01-29 17:30:00,17,Thursday,0.354,0.0,0.0,0.0,0.0,0.366,0.354,0,0.262,27.44,0
2026-01-29 17:45:00,17,Thursday,0.351,0.0,0.0,0.0,0.0,0.263,0.351,0.089,0.246,28.11,0
2026-01-29 18:00:00,18,Thursday,0.32,1.779,0.0,0.0,0.0,0.148,2.099,1.951,0.397,27.91,1
2026-01-29 18:15:00,18,Thursday,0.299,1.988,0.0,0.0,0.0,0.055,2.287,2.233,0.397,26.52,1
2026-01-29 18:30:00,18,Thursday,0.301,1.83,0.0,0.0,0.0,0.0,2.131,2.131,0.391,26.74,1
2026-01-29 18:45:00,18,Thursday,0.313,0.0,0.0,0.0,0.0,0.0,0.313,0.313,0.399,26.63,1
2026-01-29 19:00:00,19,Thursday,0.357,1.521,0.0,0.0,0.0,0.0,1.878,1.878,0.402,27.08,1
2026-01-29 19:15:00,19,Thursday,0.315,1.683,0.0,0.0,1.881,0.0,3.879,3.879,0.409,26.41,1
2026-01-29 19:30:00,19,Thursday,0.321,2.035,0.0,0.0,1.881,0.0,4.238,4.238,0.411,26.43,1
2026-01-29 19:45:00,19,Thursday,0.354,1.883,0.0,0.0,0.0,0.0,2.237,2.237,0.397,25.96,1
2026-01-29 20:00:00,20,Thursday,0.339,0.0,0.0,0.0,0.0,0.0,0.339,0.339,0.396,25.55,0
2026-01-29 20:15:00,20,Thursday,0.322,0.0,0.0,1.196,0.0,0.0,1.517,1.517,0.406,25.59,0
2026-01-29 20:30:00,20,Thursday,0.356,0.0,0.0,1.196,0.0,0.0,1.552,1.552,0.392,24.61,0
2026-01-29 20:45:00,20,Thursday,0.367,0.0,0.0,1.196,0.0,0.0,1.562,1.562,0.393,23.79,0
2026-01-29 21:00:00,21,Thursday,0.329,1.551,0.0,1.196,0.0,0.0,3.075,3.075,0.242,24.69,0
2026-01-29 21:15:00,21,Thursday,0.305,0.0,0.0,1.196,0.0,0.0,1.5,1.5,0.244,24.09,0
2026-01-29 21:30:00,21,Thursday,0.314,0.0,0.0,0.0,0.0,0.0,0.314,0.314,0.246,23.0,0
2026-01-29 21:45:00,21,Thursday,0.325,0.0,0.0,0.0,0.0,0.0,0.325,0.325,0.257,24.22,0
2026-01-29 22:00:00,22,Thursday,0.324,0.0,0.0,0.0,0.0,0.0,0.324,0.324,0.248,22.61,0
2026-01-29 22:15:00,22,Thursday,0.321,2.187,0.0,0.0,0.0,0.0,2.508,2.508,0.246,22.61,0
2026-01-29 22:30:00,22,Thursday,0.312,0.0,0.0,0.0,0.0,0.0,0.312,0.312,0.242,21.89,0
2026-01-29 22:45:00,22,Thursday,0.342,0.0,0.0,0.0,0.0,0.0,0.342,0.342,0.246,22.19,0
2026-01-29 23:00:00,23,Thursday,0.332,0.0,0.0,0.0,0.0,0.0,0.332,0.332,0.158,22.04,0
2026-01-29 23:15:00,23,Thursday,0.375,0.0,0.0,0.0,0.0,0.0,0.375,0.375,0.151,21.25,0
2026-01-29 23:30:00,23,Thursday,0.366,0.0,0.0,0.0,0.0,0.0,0.366,0.366,0.15,21.4,0
2026-01-29 23:45:00,23,Thursday,0.299,0.0,0.0,0.0,0.0,0.0,0.299,0.299,0.169,21.62,0
2026-01-30 00:00:00,0,Friday,0.222,0.0,0.0,0.0,0.0,0.0,0.222,0.222,0.143,21.33,0
2026-01-30 00:15:00,0,Friday,0.282,0.0,0.0,0.0,0.0,0.0,0.282,0.282,0.134,21.19,0
2026-01-30 00:30:00,0,Friday,0.262,0.0,0.0,0.0,0.0,0.0,0.262,0.262,0.159,21.61,0
2026-01-30 00:45:00,0,Friday,0.3,0.0,0.0,0.0,0.0,0.0,0.3,0.3,0.143,21.62,0
2026-01-30 01:00:00,1,Friday,0.243,0.0,0.0,0.0,0.0,0.0,0.243,0.243,0.157,20.12,0
2026-01-30 01:15:00,1,Friday,0.3,0.0,0.0,0.0,0.0,0.0,0.3,0.3,0.145,20.73,0
2026-01-30 01:30:00,1,Friday,0.281,0.0,0.0,0.0,0.0,0.0,0.281,0.281,0.149,20.69,0
2026-01-30 01:45:00,1,Friday,0.308,0.0,0.0,0.0,0.0,0.0,0.308,0.308,0.157,20.96,0
2026-01-30 02:00:00,2,Friday,0.264,0.0,0.0,0.0,0.0,0.0,0.264,0.264,0.153,21.06,0
2026-01-30 02:15:00,2,Friday,0.266,0.0,0.0,0.0,0.0,0.0,0.266,0.266,0.138,20.91,0
2026-01-30 02:30:00,2,Friday,0.266,0.0,0.0,0.0,0.0,0.0,0.266,0.266,0.167,21.04,0
2026-01-30 02:45:00,2,Friday,0.216,0.0,0.0,0.0,0.0,0.0,0.216,0.216,0.138,20.2,0
2026-01-30 03:00:00,3,Friday,0.239,0.0,0.0,0.0,0.0,0.0,0.239,0.239,0.152,20.8,0
2026-01-30 03:15:00,3,Friday,0.294,0.0,0.0,0.0,0.0,0.0,0.294,0.294,0.14,21.04,0
2026-01-30 03:30:00,3,Friday,0.28,0.0,0.0,0.0,0.0,0.0,0.28,0.28,0.161,20.16,0
2026-01-30 03:45:00,3,Friday,0.284,0.0,0.0,0.0,0.0,0.0,0.284,0.284,0.143,20.64,0
2026-01-30 04:00:00,4,Friday,0.285,0.0,0.0,0.0,0.0,0.0,0.285,0.285,0.139,21.06,0
2026-01-30 04:15:00,4,Friday,0.315,0.0,0.0,0.0,0.0,0.0,0.315,0.315,0.141,20.28,0
2026-01-30 04:30:00,4,Friday,0.284,0.0,0.0,0.0,0.0,0.0,0.284,0.284,0.15,20.09,0
2026-01-30 04:45:00,4,Friday,0.2,0.0,0.0,0.0,0.0,0.0,0.2,0.2,0.16,20.18,0
2026-01-30 05:00:00,5,Friday,0.245,0.0,0.0,0.0,0.0,0.0,0.245,0.245,0.155,21.37,0
2026-01-30 05:15:00,5,Friday,0.305,0.0,0.0,0.0,0.0,0.0,0.305,0.305,0.146,21.36,0
2026-01-30 05:30:00,5,Friday,0.232,0.0,0.0,0.0,0.0,0.0,0.232,0.232,0.156,21.03,0
2026-01-30 05:45:00,5,Friday,0.266,0.0,0.0,0.0,0.0,0.0,0.266,0.266,0.145,21.05,0
2026-01-30 06:00:00,6,Friday,0.284,0.0,0.0,0.0,0.0,0.0,0.284,0.284,0.154,22.02,0
2026-01-30 06:15:00,6,Friday,0.28,0.0,0.0,0.0,1.889,0.0,2.168,2.168,0.156,21.72,0
2026-01-30 06:30:00,6,Friday,0.284,0.0,0.0,0.0,1.889,0.0,2.173,2.173,0.141,21.65,0
2026-01-30 06:45:00,6,Friday,0.373,0.0,0.0,0.0,1.889,0.049,2.262,2.212,0.148,22.28,0
2026-01-30 07:00:00,7,Friday,0.325,0.0,0.0,0.0,0.0,0.127,0.325,0.198,0.266,21.49,0
2026-01-30 07:15:00,7,Friday,0.321,0.0,0.0,0.0,0.0,0.237,0.321,0.085,0.239,23.08,0
2026-01-30 07:30:00,7,Friday,0.32,0.0,0.0,0.0,0.0,0.332,0.32,0,0.25,23.45,0
2026-01-30 07:45:00,7,Friday,0.346,0.0,0.0,0.0,0.0,0.492,0.346,0,0.247,23.27,0
2026-01-30 08:00:00,8,Friday,0.347,0.0,0.0,0.0,0.0,0.619,0.347,0,0.246,23.67,0
2026-01-30 08:15:00,8,Friday,0.334,0.0,0.0,0.0,0.0,0.789,0.334,0,0.253,23.48,0
2026-01-30 08:30:00,8,Friday,0.315,0.0,0.0,0.0,0.0,0.919,0.315,0,0.252,24.96,0
2026-01-30 08:45:00,8,Friday,0.296,0.0,0.0,0.0,0.0,1.078,0.296,0,0.237,24.58,0
2026-01-30 09:00:00,9,Friday,0.272,0.0,0.0,0.0,0.0,1.189,0.272,0,0.241,24.58,0
2026-01-30 09:15:00,9,Friday,0.268,0.0,0.0,0.0,0.0,1.371,0.268,0,0.26,25.05,0
2026-01-30 09:30:00,9,Friday,0.26,0.0,0.0,0.0,0.0,1.498,0.26,0,0.244,25.85,0
2026-01-30 09:45:00,9,Friday,0.259,0.0,0.0,0.0,0.0,1.655,0.259,0,0.251,26.1,0
2026-01-30 10:00:00,10,Friday,0.269,0.0,0.0,0.0,0.0,1.839,0.269,0,0.258,25.98,0
2026-01-30 10:15:00,10,Friday,0.29,0.0,0.0,0.0,0.0,1.995,0.29,0,0.25,26.91,0
2026-01-30 10:30:00,10,Friday,0.295,0.0,0.0,0.0,0.0,2.007,0.295,0,0.243,26.9,0
2026-01-30 10:45:00,10,Friday,0.289,0.0,0.0,0.0,0.0,2.26,0.289,0,0.243,27.57,0
2026-01-30 11:00:00,11,Friday,0.287,0.0,0.0,0.0,0.0,2.254,0.287,0,0.254,27.77,0
2026-01-30 11:15:00,11,Friday,0.254,0.0,0.0,0.0,0.0,2.379,0.254,0,0.23,27.44,0
2026-01-30 11:30:00,11,Friday,0.309,0.0,0.0,0.0,0.0,2.395,0.309,0,0.243,27.34,0
2026-01-30 11:45:00,11,Friday,0.294,0.0,0.0,0.0,0.0,2.453,0.294,0,0.251,28.44,0
2026-01-30 12:00:00,12,Friday,0.216,0.0,0.0,0.0,0.0,2.5,0.216,0,0.254,28.36,0
2026-01-30 12:15:00,12,Friday,0.233,0.0,0.0,0.0,0.0,2.51,0.233,0,0.246,28.86,0
2026-01-30 12:30:00,12,Friday,0.296,0.0,0.0,0.0,0.0,2.351,0.296,0,0.252,28.76,0
2026-01-30 12:45:00,12,Friday,0.265,0.0,0.0,0.0,0.0,2.418,0.265,0,0.245,28.74,0
2026-01-30 13:00:00,13,Friday,0.219,0.0,0.0,0.0,0.0,2.274,0.219,0,0.26,29.24,0
2026-01-30 13:15:00,13,Friday,0.284,0.0,0.0,0.0,0.0,2.361,0.284,0,0.245,29.29,0
2026-01-30 13:30:00,13,Friday,0.278,0.0,0.0,0.0,0.0,2.426,0.278,0,0.249,29.6,0
2026-01-30 13:45:00,13,Friday,0.227,0.0,0.0,0.0,0.0,2.311,0.227,0,0.253,29.58,0
2026-01-30 14:00:00,14,Friday,0.308,0.0,0.0,0.0,0.0,2.113,0.308,0,0.257,29.69,0
2026-01-30 14:15:00,14,Friday,0.268,0.0,0.0,0.0,0.0,2.056,0.268,0,0.244,30.74,0
2026-01-30 14:30:00,14,Friday,0.298,0.0,0.0,0.0,0.0,2.034,0.298,0,0.244,29.63,0
2026-01-30 14:45:00,14,Friday,0.287,0.0,0.0,0.0,0.0,1.979,0.287,0,0.25,29.45,0
2026-01-30 15:00:00,15,Friday,0.313,0.0,0.0,0.0,0.0,1.92,0.313,0,0.241,29.8,0
2026-01-30 15:15:00,15,Friday,0.271,0.0,0.0,0.0,0.0,1.761,0.271,0,0.259,28.7,0
2026-01-30 15:30:00,15,Friday,0.307,0.0,0.0,0.0,0.0,1.543,0.307,0,0.254,29.98,0
2026-01-30 15:45:00,15,Friday,0.254,0.0,0.0,0.0,0.0,1.367,0.254,0,0.245,29.06,0
2026-01-30 16:00:00,16,Friday,0.268,0.0,0.0,0.0,0.0,1.197,0.268,0,0.252,30.24,0
2026-01-30 16:15:00,16,Friday,0.275,0.0,0.0,0.0,0.0,1.074,0.275,0,0.256,29.3,0
2026-01-30 16:30:00,16,Friday,0.267,0.0,0.0,0.0,0.0,0.876,0.267,0,0.261,30.47,0
2026-01-30 16:45:00,16,Friday,0.277,0.0,0.0,0.0,0.0,0.771,0.277,0,0.252,29.58,0
2026-01-30 17:00:00,17,Friday,0.342,2.114,0.0,0.0,0.0,0.611,2.455,1.845,0.243,28.83,0
2026-01-30 17:15:00,17,Friday,0.315,2.152,0.0,0.0,0.0,0.499,2.467,1.968,0.254,28.75,0
2026-01-30 17:30:00,17,Friday,0.328,2.047,0.0,0.0,0.0,0.349,2.375,2.026,0.254,28.16,0
2026-01-30 17:45:00,17,Friday,0.326,1.926,0.0,0.0,0.0,0.241,2.251,2.01,0.225,28.94,0
2026-01-30 18:00:00,18,Friday,0.341,1.979,0.0,0.0,0.0,0.132,2.319,2.187,0.393,28.05,1
2026-01-30 18:15:00,18,Friday,0.369,1.838,0.0,0.0,0.0,0.049,2.207,2.158,0.403,28.2,1
2026-01-30 18:30:00,18,Friday,0.357,1.764,0.0,0.0,0.0,0.0,2.122,2.122,0.405,28.04,1
2026-01-30 18:45:00,18,Friday,0.354,1.991,0.0,0.0,0.0,0.0,2.345,2.345,0.407,27.55,1
2026-01-30 19:00:00,19,Friday,0.346,1.581,0.0,0.0,0.0,0.0,1.927,1.927,0.393,27.15,1
2026-01-30 19:15:00,19,Friday,0.283,1.931,0.0,0.0,2.047,0.0,4.261,4.261,0.417,27.16,1
2026-01-30 19:30:00,19,Friday,0.366,0.0,0.0,0.0,2.047,0.0,2.413,2.413,0.395,26.47,1
2026-01-30 19:45:00,19,Friday,0.306,1.74,0.0,0.0,0.0,0.0,2.046,2.046,0.401,27.14,1
2026-01-30 20:00:00,20,Friday,0.316,0.0,1.441,0.0,0.0,0.0,1.757,1.757,0.395,26.06,0
2026-01-30 20:15:00,20,Friday,0.358,1.564,1.441,0.0,0.0,0.0,3.364,3.364,0.396,26.56,0
2026-01-30 20:30:00,20,Friday,0.353,1.789,1.441,0.0,0.0,0.0,3.583,3.583,0.394,26.06,0
2026-01-30 20:45:00,20,Friday,0.344,0.0,1.441,0.0,0.0,0.0,1.785,1.785,0.396,24.97,0
2026-01-30 21:00:00,21,Friday,0.326,0.0,0.0,0.0,0.0,0.0,0.326,0.326,0.253,25.16,0
2026-01-30 21:15:00,21,Friday,0.318,0.0,0.0,0.0,0.0,0.0,0.318,0.318,0.25,24.57,0
2026-01-30 21:30:00,21,Friday,0.368,2.061,0.0,0.0,0.0,0.0,2.429,2.429,0.246,24.58,0
2026-01-30 21:45:00,21,Friday,0.312,0.0,0.0,0.0,0.0,0.0,0.312,0.312,0.258,24.14,0
2026-01-30 22:00:00,22,Friday,0.296,1.54,0.0,0.0,0.0,0.0,1.836,1.836,0.259,24.39,0
2026-01-30 22:15:00,22,Friday,0.352,1.807,0.0,0.0,0.0,0.0,2.159,2.159,0.262,22.78,0
2026-01-30 22:30:00,22,Friday,0.276,0.0,0.0,0.0,0.0,0.0,0.276,0.276,0.249,22.96,0
2026-01-30 22:45:00,22,Friday,0.357,0.0,0.0,0.0,0.0,0.0,0.357,0.357,0.251,23.07,0
2026-01-30 23:00:00,23,Friday,0.335,0.0,0.0,0.0,0.0,0.0,0.335,0.335,0.144,23.2,0
2026-01-30 23:15:00,23,Friday,0.361,0.0,0.0,0.0,0.0,0.0,0.361,0.361,0.153,22.11,0
2026-01-30 23:30:00,23,Friday,0.293,0.0,0.0,0.0,0.0,0.0,0.293,0.293,0.155,22.27,0
2026-01-30 23:45:00,23,Friday,0.31,0.0,0.0,0.0,0.0,0.0,0.31,0.31,0.16,21.38,0
