timestamp,dr_candidate,actual_dr_event,dr_risk_score,predicted_supply_demand_gap_mw
2025-01-08 00:00:00,0,0,1,465.7336539713542
2025-01-08 01:00:00,0,0,1,482.03280924479157
2025-01-08 02:00:00,0,0,1,487.7187866210937
2025-01-08 03:00:00,0,0,1,482.764150390625
2025-01-08 04:00:00,0,0,1,472.39642252604176
2025-01-08 05:00:00,0,0,1,451.3122306315105
2025-01-08 06:00:00,0,0,1,411.27813151041664
2025-01-08 07:00:00,0,0,1,361.98503417968755
2025-01-08 08:00:00,0,0,1,327.2678491210937
2025-01-08 09:00:00,0,0,1,319.7987068684895
2025-01-08 10:00:00,0,0,1,324.1446370442709
2025-01-08 11:00:00,0,0,1,335.1405908203126
2025-01-08 12:00:00,0,0,1,349.25737711588545
2025-01-08 13:00:00,0,0,1,369.8336254882813
2025-01-08 14:00:00,0,0,1,392.6880786132813
2025-01-08 15:00:00,0,0,1,380.4372094726564
2025-01-08 16:00:00,0,0,1,337.64630615234387
2025-01-08 17:00:00,0,0,1,281.2182739257812
2025-01-08 18:00:00,0,0,2,258.2935807291667
2025-01-08 19:00:00,0,0,1,285.8200292968751
2025-01-08 20:00:00,0,0,1,358.4466284179688
2025-01-08 21:00:00,0,0,1,400.5644677734375
2025-01-08 22:00:00,0,0,1,418.87982666015625
2025-01-08 23:00:00,0,0,1,446.26897867838534
2025-01-09 00:00:00,0,0,1,451.9268815104167
2025-01-09 01:00:00,0,0,1,468.3298559570313
2025-01-09 02:00:00,0,0,1,471.50372558593745
2025-01-09 03:00:00,0,0,1,467.8885709635416
2025-01-09 04:00:00,0,0,1,457.09431315104166
2025-01-09 05:00:00,0,0,1,430.30160807291657
2025-01-09 06:00:00,0,0,1,385.06758544921877
2025-01-09 07:00:00,0,0,1,333.6755517578125
2025-01-09 08:00:00,0,0,1,293.95526204427074
2025-01-09 09:00:00,0,0,1,278.5272403971353
2025-01-09 10:00:00,0,0,1,277.28078548452936
2025-01-09 11:00:00,0,0,1,285.58040364583326
2025-01-09 12:00:00,0,0,1,296.9887483723958
2025-01-09 13:00:00,0,0,1,324.9668831380209
2025-01-09 14:00:00,0,0,1,348.32623128255204
2025-01-09 15:00:00,0,0,1,333.135733235677
2025-01-09 16:00:00,0,0,1,276.7522957356772
2025-01-09 17:00:00,0,0,2,208.20767578125003
2025-01-09 18:00:00,1,0,4,187.06100748697907
2025-01-09 19:00:00,0,0,2,226.38913330078128
2025-01-09 20:00:00,0,0,1,319.0711433919271
2025-01-09 21:00:00,0,0,1,375.85954833984374
2025-01-09 22:00:00,0,0,1,401.26860107421874
2025-01-09 23:00:00,0,0,1,427.8714461263021
2025-01-10 00:00:00,0,0,1,448.30522949218744
2025-01-10 01:00:00,0,0,1,463.7857511393229
2025-01-10 02:00:00,0,0,1,468.60868652343754
2025-01-10 03:00:00,0,0,1,466.06903808593756
2025-01-10 04:00:00,0,0,1,455.2059440104167
2025-01-10 05:00:00,0,0,1,428.0866788736979
2025-01-10 06:00:00,0,0,1,381.9025944010416
2025-01-10 07:00:00,0,0,1,318.8597517903646
2025-01-10 08:00:00,0,0,1,277.4323811848958
2025-01-10 09:00:00,0,0,1,271.3562019856772
2025-01-10 10:00:00,0,0,1,272.0897599283853
2025-01-10 11:00:00,0,0,1,277.5834806315104
2025-01-10 12:00:00,0,0,1,293.6199739583333
2025-01-10 13:00:00,0,0,1,323.4018701171876
2025-01-10 14:00:00,0,0,1,351.26604248046874
2025-01-10 15:00:00,0,0,1,333.4444498697917
2025-01-10 16:00:00,0,0,1,274.8865673828125
2025-01-10 17:00:00,0,0,2,205.5953377278646
2025-01-10 18:00:00,1,0,4,183.04349609374992
2025-01-10 19:00:00,0,0,2,219.91146809895838
2025-01-10 20:00:00,0,0,1,308.3721826171875
2025-01-10 21:00:00,0,0,1,369.74507324218746
2025-01-10 22:00:00,0,0,1,399.7024251302083
2025-01-10 23:00:00,0,0,1,430.1124308268229
2025-01-11 00:00:00,0,0,1,468.7828678385416
2025-01-11 01:00:00,0,0,1,483.87968587239584
2025-01-11 02:00:00,0,0,1,484.6827473958333
2025-01-11 03:00:00,0,0,1,478.1661051432292
2025-01-11 04:00:00,0,0,1,466.7841723632812
2025-01-11 05:00:00,0,0,1,439.76458251953125
2025-01-11 06:00:00,0,0,1,389.26739257812505
2025-01-11 07:00:00,0,0,1,327.8910970052084
2025-01-11 08:00:00,0,0,1,302.4069685872396
2025-01-11 09:00:00,0,0,1,307.85787841796855
2025-01-11 10:00:00,0,0,1,327.71624674479153
2025-01-11 11:00:00,0,0,1,340.62603597005227
2025-01-11 12:00:00,0,0,1,346.74386555989577
2025-01-11 13:00:00,0,0,1,355.6725146484375
2025-01-11 14:00:00,0,0,1,369.4516845703124
2025-01-11 15:00:00,0,0,1,347.2521695963542
2025-01-11 16:00:00,0,0,1,291.42001790364577
2025-01-11 17:00:00,0,0,2,222.43110270182285
2025-01-11 18:00:00,0,0,2,200.14308919270832
2025-01-11 19:00:00,0,1,2,233.16732503255218
2025-01-11 20:00:00,0,1,1,314.6932641601562
2025-01-11 21:00:00,0,0,1,369.61917805989583
2025-01-11 22:00:00,0,0,1,396.4339363606771
2025-01-11 23:00:00,0,0,1,430.75446858723956
2025-01-12 00:00:00,0,0,0,485.2329288736979
2025-01-12 01:00:00,0,0,0,495.6034887695313
2025-01-12 02:00:00,0,0,0,494.3103141276042
2025-01-12 03:00:00,0,0,0,486.84028808593746
2025-01-12 04:00:00,0,0,0,477.09541341145837
2025-01-12 05:00:00,0,0,0,449.31612467447917
2025-01-12 06:00:00,0,0,0,396.2220222981771
2025-01-12 07:00:00,0,0,0,338.12930501302094
2025-01-12 08:00:00,0,0,0,306.24185302734384
2025-01-12 09:00:00,0,0,0,299.73513590494804
2025-01-12 10:00:00,0,0,0,307.9141634114583
2025-01-12 11:00:00,0,0,0,326.16144531249984
2025-01-12 12:00:00,0,0,0,338.49970621744774
2025-01-12 13:00:00,0,0,0,357.84039632161466
2025-01-12 14:00:00,0,0,0,371.82808186848956
2025-01-12 15:00:00,0,0,0,356.8390128580729
2025-01-12 16:00:00,0,0,0,260.3515844726563
2025-01-12 17:00:00,0,0,1,146.89316975911447
2025-01-12 18:00:00,0,0,1,122.80710449218748
2025-01-12 19:00:00,0,0,2,155.1276806640625
2025-01-12 20:00:00,0,0,2,233.72017659505207
2025-01-12 21:00:00,0,0,0,287.9435831705729
2025-01-12 22:00:00,0,0,0,316.67498209635414
2025-01-12 23:00:00,0,0,0,347.7142252604167
2025-01-13 00:00:00,0,0,0,373.57551920572917
2025-01-13 01:00:00,0,0,0,385.464375
2025-01-13 02:00:00,0,0,0,387.9743945312499
2025-01-13 03:00:00,0,0,0,383.53776204427083
2025-01-13 04:00:00,0,0,0,368.9476399739583
2025-01-13 05:00:00,0,0,0,335.5682763671874
2025-01-13 06:00:00,0,0,0,279.43232096354166
2025-01-13 07:00:00,0,0,0,216.84183186848963
2025-01-13 08:00:00,0,0,1,182.5908219401042
2025-01-13 09:00:00,0,0,1,184.4804630533855
2025-01-13 10:00:00,0,0,1,193.25065999348953
2025-01-13 11:00:00,0,0,1,207.16403238932287
2025-01-13 12:00:00,0,0,0,217.53848795572912
2025-01-13 13:00:00,0,0,0,236.48284179687494
2025-01-13 14:00:00,0,0,0,254.01849934895836
2025-01-13 15:00:00,0,0,0,233.89023844401038
2025-01-13 16:00:00,0,0,1,170.1236555989583
2025-01-13 17:00:00,0,0,1,94.74624755859384
2025-01-13 18:00:00,1,0,3,70.38697428385422
2025-01-13 19:00:00,0,0,2,108.09874430338539
2025-01-13 20:00:00,0,0,2,202.26362141927086
2025-01-13 21:00:00,0,0,0,266.4163598632812
2025-01-13 22:00:00,0,0,0,301.9711897786458
2025-01-13 23:00:00,0,0,0,339.31404947916667
2025-01-14 00:00:00,0,0,0,335.3557413736979
2025-01-14 01:00:00,0,0,0,355.2424641927083
2025-01-14 02:00:00,0,0,0,359.88507731119785
2025-01-14 03:00:00,0,0,0,357.6790763346355
2025-01-14 04:00:00,0,0,0,348.38152506510414
2025-01-14 05:00:00,0,0,0,320.8494637044271
2025-01-14 06:00:00,0,0,0,270.21100260416665
2025-01-14 07:00:00,0,0,0,212.02130696614586
2025-01-14 08:00:00,0,0,1,173.20839680989593
2025-01-14 09:00:00,0,0,1,162.62761230468743
2025-01-14 10:00:00,0,0,0,251.61528889973954
2025-01-14 11:00:00,0,0,0,273.3839257812501
2025-01-14 12:00:00,0,0,0,283.8326765950519
2025-01-14 13:00:00,0,0,0,310.37176269531255
2025-01-14 14:00:00,0,0,0,333.14090494791685
2025-01-14 15:00:00,0,0,0,314.0938338216147
2025-01-14 16:00:00,0,0,0,255.94851481119792
2025-01-14 17:00:00,1,0,3,182.14432454427083
2025-01-14 18:00:00,1,0,3,156.63843912760422
2025-01-14 19:00:00,0,0,2,193.7552408854167
2025-01-14 20:00:00,0,0,1,284.5695662434896
2025-01-14 21:00:00,0,0,0,348.66376139322915
2025-01-14 22:00:00,0,0,0,382.48590901692705
2025-01-14 23:00:00,0,0,0,418.72407226562495
2025-01-15 00:00:00,0,0,0,434.32698567708337
2025-01-15 01:00:00,0,0,0,453.1707747395833
2025-01-15 02:00:00,0,0,0,456.6964965820313
2025-01-15 03:00:00,0,0,0,451.91925862630205
2025-01-15 04:00:00,0,0,0,439.47257649739583
2025-01-15 05:00:00,0,0,0,408.3826782226563
2025-01-15 06:00:00,0,0,0,352.3447485351563
2025-01-15 07:00:00,0,0,0,295.45790445963553
2025-01-15 08:00:00,0,0,0,266.56315917968755
2025-01-15 09:00:00,0,0,0,270.59481201171866
2025-01-15 10:00:00,0,0,0,300.7363500976562
2025-01-15 11:00:00,0,0,0,320.64714843749994
2025-01-15 12:00:00,0,0,0,324.8200699869792
2025-01-15 13:00:00,0,0,0,342.4211352539062
2025-01-15 14:00:00,0,0,0,356.95013346354176
2025-01-15 15:00:00,0,0,0,316.4818473307291
2025-01-15 16:00:00,0,0,0,249.43049479166666
2025-01-15 17:00:00,1,0,3,172.28157389322917
2025-01-15 18:00:00,1,0,3,147.45305908203125
2025-01-15 19:00:00,0,0,2,187.32099690755206
2025-01-15 20:00:00,0,0,1,281.800634765625
2025-01-15 21:00:00,0,0,0,351.88264241536456
2025-01-15 22:00:00,0,0,0,388.36654378255196
2025-01-15 23:00:00,0,0,0,420.4709806315103
2025-01-16 00:00:00,0,0,0,437.63617024739574
2025-01-16 01:00:00,0,0,0,455.4742325846354
2025-01-16 02:00:00,0,0,0,455.93295166015616
2025-01-16 03:00:00,0,0,0,452.6500187174479
2025-01-16 04:00:00,0,0,0,438.4703198242188
2025-01-16 05:00:00,0,0,0,406.9906005859375
2025-01-16 06:00:00,0,0,0,352.4589884440104
2025-01-16 07:00:00,0,0,0,291.9925528971354
2025-01-16 08:00:00,0,0,0,278.927763671875
2025-01-16 09:00:00,0,0,0,304.8447208658854
2025-01-16 10:00:00,0,0,0,333.23052734375005
2025-01-16 11:00:00,0,0,0,355.5368693033854
2025-01-16 12:00:00,0,0,0,368.33026285807296
2025-01-16 13:00:00,0,0,0,385.48076334635425
2025-01-16 14:00:00,0,0,0,392.7367260742187
2025-01-16 15:00:00,0,0,0,353.19406087239577
2025-01-16 16:00:00,0,0,0,272.4081022135417
2025-01-16 17:00:00,0,0,1,185.2173909505209
2025-01-16 18:00:00,1,0,3,155.48561442057292
2025-01-16 19:00:00,0,0,2,188.06171874999995
2025-01-16 20:00:00,0,0,1,280.32452067057284
2025-01-16 21:00:00,0,0,0,344.26632324218747
2025-01-16 22:00:00,0,0,0,379.0260074869791
2025-01-16 23:00:00,0,0,0,410.91037027994787
2025-01-17 00:00:00,0,0,0,450.0073421223958
2025-01-17 01:00:00,0,0,0,464.2557161458334
2025-01-17 02:00:00,0,0,0,466.2195760091146
2025-01-17 03:00:00,0,0,0,461.17598307291667
2025-01-17 04:00:00,0,0,0,449.57539957682286
2025-01-17 05:00:00,0,0,0,417.66801106770833
2025-01-17 06:00:00,0,0,0,363.3074780273438
2025-01-17 07:00:00,0,0,0,302.0658235677083
2025-01-17 08:00:00,0,0,0,288.43841552734375
2025-01-17 09:00:00,0,0,0,309.4775447591146
2025-01-17 10:00:00,0,0,0,336.19832112630206
2025-01-17 11:00:00,0,0,0,358.79646158854166
2025-01-17 12:00:00,0,0,0,369.2969978841147
2025-01-17 13:00:00,0,0,0,382.4283251953125
2025-01-17 14:00:00,0,0,0,389.77522623697905
2025-01-17 15:00:00,0,0,0,355.8016487630207
2025-01-17 16:00:00,0,0,0,278.2801131184897
2025-01-17 17:00:00,0,0,1,194.64604899088533
2025-01-17 18:00:00,1,0,3,168.41025227864577
2025-01-17 19:00:00,0,0,2,197.72860432942718
2025-01-17 20:00:00,0,0,1,289.20905192057285
2025-01-17 21:00:00,0,0,0,356.59269694010413
2025-01-17 22:00:00,0,0,0,390.79085530598957
2025-01-17 23:00:00,0,0,0,424.5781103515625
2025-01-18 00:00:00,0,0,0,459.78490234375
2025-01-18 01:00:00,0,0,0,471.2549112955729
2025-01-18 02:00:00,0,0,0,470.1800577799479
2025-01-18 03:00:00,0,0,0,464.81808756510407
2025-01-18 04:00:00,0,0,0,453.1129239908854
2025-01-18 05:00:00,0,0,0,419.7628401692708
2025-01-18 06:00:00,0,0,0,364.42537109374996
2025-01-18 07:00:00,0,0,0,308.1950732421875
2025-01-18 08:00:00,0,0,0,300.6125162760418
2025-01-18 09:00:00,0,0,0,324.70380126953114
2025-01-18 10:00:00,0,0,0,349.3694189453124
2025-01-18 11:00:00,0,0,0,371.28509928385415
2025-01-18 12:00:00,0,0,0,386.9346858723959
2025-01-18 13:00:00,0,0,0,402.31425862630203
2025-01-18 14:00:00,0,0,0,406.93355305989576
2025-01-18 15:00:00,0,0,0,373.7335009765627
2025-01-18 16:00:00,0,0,0,300.8041634114584
2025-01-18 17:00:00,0,0,0,220.50201253255216
2025-01-18 18:00:00,0,0,1,192.67105875651043
2025-01-18 19:00:00,0,0,1,223.32172363281256
2025-01-18 20:00:00,0,0,1,304.32049967447915
2025-01-18 21:00:00,0,0,0,361.0230647786459
2025-01-18 22:00:00,0,0,0,391.80673502604157
2025-01-18 23:00:00,0,0,0,428.88870605468753
2025-01-19 00:00:00,0,0,0,489.2684464518229
2025-01-19 01:00:00,0,0,0,499.1190152994791
2025-01-19 02:00:00,0,0,0,497.7514721679688
2025-01-19 03:00:00,0,0,0,491.1153776041666
2025-01-19 04:00:00,0,0,0,479.46523600260423
2025-01-19 05:00:00,0,0,0,448.94975341796874
2025-01-19 06:00:00,0,0,0,394.4051188151042
2025-01-19 07:00:00,0,0,0,338.80404215494787
2025-01-19 08:00:00,0,0,0,324.014190266927
2025-01-19 09:00:00,0,0,0,340.86517008463557
2025-01-19 10:00:00,0,0,0,363.98554361979154
2025-01-19 11:00:00,0,0,0,388.47199625651047
2025-01-19 12:00:00,0,0,0,402.97137044270835
2025-01-19 13:00:00,0,0,0,413.9356429036459
2025-01-19 14:00:00,0,0,0,418.7418522135415
2025-01-19 15:00:00,0,0,0,385.76973632812496
2025-01-19 16:00:00,0,0,0,317.48759928385425
2025-01-19 17:00:00,0,0,0,235.93258463541667
2025-01-19 18:00:00,0,0,0,206.80165445963542
2025-01-19 19:00:00,0,0,1,234.05122884114587
2025-01-19 20:00:00,0,0,1,316.8928548177083
2025-01-19 21:00:00,0,0,0,374.4389689127604
2025-01-19 22:00:00,0,0,0,401.2608780924479
2025-01-19 23:00:00,0,0,0,434.63373128255216
2025-01-20 00:00:00,0,0,0,476.81258463541667
2025-01-20 01:00:00,0,0,0,489.0084228515625
2025-01-20 02:00:00,0,0,0,489.6145052083334
2025-01-20 03:00:00,0,0,0,482.53375651041665
2025-01-20 04:00:00,0,0,0,469.43087646484366
2025-01-20 05:00:00,0,0,0,440.90458496093754
2025-01-20 06:00:00,0,0,0,384.67890218098955
2025-01-20 07:00:00,0,0,0,326.04742431640625
2025-01-20 08:00:00,0,0,0,310.0125512695313
2025-01-20 09:00:00,0,0,0,324.91632486979165
2025-01-20 10:00:00,0,0,0,348.11513916015633
2025-01-20 11:00:00,0,0,0,371.0483186848958
2025-01-20 12:00:00,0,0,0,383.9684847005208
2025-01-20 13:00:00,0,0,0,401.86920410156245
2025-01-20 14:00:00,0,0,0,410.4140543619792
2025-01-20 15:00:00,0,0,0,377.00677571614574
2025-01-20 16:00:00,0,0,0,302.41719156901036
2025-01-20 17:00:00,0,0,0,214.467753092448
2025-01-20 18:00:00,0,0,1,182.5252661132813
2025-01-20 19:00:00,0,0,1,215.9058919270833
2025-01-20 20:00:00,0,0,1,306.35135823567714
2025-01-20 21:00:00,0,0,0,365.3843888346354
2025-01-20 22:00:00,0,0,0,396.2805362955729
2025-01-20 23:00:00,0,0,0,429.77102213541673
2025-01-21 00:00:00,0,0,0,455.57330485026046
2025-01-21 01:00:00,0,0,0,466.820673828125
2025-01-21 02:00:00,0,0,0,465.8235953776042
2025-01-21 03:00:00,0,0,0,461.65144938151036
2025-01-21 04:00:00,0,0,0,449.57271565755207
2025-01-21 05:00:00,0,0,0,422.4037174479166
2025-01-21 06:00:00,0,0,0,362.9796272786458
2025-01-21 07:00:00,0,0,0,300.6037475585937
2025-01-21 08:00:00,0,0,0,287.2087190755208
2025-01-21 09:00:00,0,0,0,306.9714575195312
2025-01-21 10:00:00,0,0,0,333.1869197591145
2025-01-21 11:00:00,0,0,0,358.73295084635424
2025-01-21 12:00:00,0,0,0,375.984354654948
2025-01-21 13:00:00,0,0,0,395.38200358072913
2025-01-21 14:00:00,0,0,0,404.86600992838544
2025-01-21 15:00:00,0,0,0,371.9896069335937
2025-01-21 16:00:00,0,0,0,298.73945882161456
2025-01-21 17:00:00,0,0,0,211.58066243489577
2025-01-21 18:00:00,1,0,3,177.19537841796875
2025-01-21 19:00:00,0,0,2,208.14481526692714
2025-01-21 20:00:00,0,0,1,298.00715494791666
2025-01-21 21:00:00,0,0,0,363.966572265625
2025-01-21 22:00:00,0,0,0,395.87581705729167
2025-01-21 23:00:00,0,0,0,427.1508878580729
2025-01-22 00:00:00,0,0,0,463.7236100260417
2025-01-22 01:00:00,0,0,0,476.8074959309895
2025-01-22 02:00:00,0,0,0,479.6568733723958
2025-01-22 03:00:00,0,0,0,473.5675016276041
2025-01-22 04:00:00,0,0,0,460.3928385416667
2025-01-22 05:00:00,0,0,0,430.6341569010417
2025-01-22 06:00:00,0,0,0,376.3838037109375
2025-01-22 07:00:00,0,0,0,315.95208740234364
2025-01-22 08:00:00,0,0,0,297.5184326171875
2025-01-22 09:00:00,0,0,0,304.2090820312501
2025-01-22 10:00:00,0,0,0,315.3434806315104
2025-01-22 11:00:00,0,0,0,336.2797672526042
2025-01-22 12:00:00,0,0,0,352.6619628906251
2025-01-22 13:00:00,0,0,0,370.19170817057284
2025-01-22 14:00:00,0,0,0,388.73520914713527
2025-01-22 15:00:00,0,0,0,366.1957999674478
2025-01-22 16:00:00,0,0,0,303.8819238281251
2025-01-22 17:00:00,0,0,0,219.8641259765625
2025-01-22 18:00:00,0,0,1,186.7752652994791
2025-01-22 19:00:00,0,0,1,214.16888346354176
2025-01-22 20:00:00,0,0,1,301.43264485677093
2025-01-22 21:00:00,0,0,0,364.2692578125001
2025-01-22 22:00:00,0,0,0,394.2940616861979
2025-01-22 23:00:00,0,0,0,426.7226326497396
2025-01-23 00:00:00,0,0,0,442.4147916666666
2025-01-23 01:00:00,0,0,0,459.7237337239584
2025-01-23 02:00:00,0,0,0,462.35225504557286
2025-01-23 03:00:00,0,0,0,459.73784016927084
2025-01-23 04:00:00,0,0,0,446.22995442708327
2025-01-23 05:00:00,0,0,0,413.4785180664062
2025-01-23 06:00:00,0,0,0,360.8667114257812
2025-01-23 07:00:00,0,0,0,301.68864176432294
2025-01-23 08:00:00,0,0,0,282.866475423177
2025-01-23 09:00:00,0,0,0,296.83723470052087
2025-01-23 10:00:00,0,0,0,299.1361279296875
2025-01-23 11:00:00,0,0,0,343.2997705078126
2025-01-23 12:00:00,0,0,0,341.20672607421875
2025-01-23 13:00:00,0,0,0,371.9985530598958
2025-01-23 14:00:00,0,0,0,382.4663094075522
2025-01-23 15:00:00,0,0,0,346.6804337565104
2025-01-23 16:00:00,0,0,0,289.8241748046876
2025-01-23 17:00:00,0,0,1,209.87266601562487
2025-01-23 18:00:00,0,0,1,177.749024251302
2025-01-23 19:00:00,0,0,2,201.92278320312494
2025-01-23 20:00:00,0,0,1,290.1240372721354
2025-01-23 21:00:00,0,0,0,357.70024332682294
2025-01-23 22:00:00,0,0,0,390.0601871744791
2025-01-23 23:00:00,0,0,0,420.92228841145834
2025-01-24 00:00:00,0,0,0,438.00590169270833
2025-01-24 01:00:00,0,0,0,457.520029296875
2025-01-24 02:00:00,0,0,0,460.0427091471354
2025-01-24 03:00:00,0,0,0,454.92133626302086
2025-01-24 04:00:00,0,0,0,442.2569710286458
2025-01-24 05:00:00,0,0,0,409.8345743815104
2025-01-24 06:00:00,0,0,0,357.3802384440104
2025-01-24 07:00:00,0,0,0,297.37056803385417
2025-01-24 08:00:00,0,0,0,276.64082194010416
2025-01-24 09:00:00,0,0,0,284.39554850260424
2025-01-24 10:00:00,0,0,0,308.8040958658853
2025-01-24 11:00:00,0,0,0,314.02201171875004
2025-01-24 12:00:00,0,0,0,353.7952872721355
2025-01-24 13:00:00,0,0,0,378.08856445312495
2025-01-24 14:00:00,0,0,0,384.1282812500001
2025-01-24 15:00:00,0,0,0,363.888213704427
2025-01-24 16:00:00,0,0,0,293.13566569010413
2025-01-24 17:00:00,0,0,0,212.26155517578127
2025-01-24 18:00:00,0,0,1,178.67057047526043
2025-01-24 19:00:00,0,0,2,202.2908870442709
2025-01-24 20:00:00,0,0,1,289.0188004557292
2025-01-24 21:00:00,0,0,0,357.8487483723959
2025-01-24 22:00:00,0,0,0,392.65594807942716
2025-01-24 23:00:00,0,0,0,425.8200553385417
2025-01-25 00:00:00,0,0,0,435.140263671875
2025-01-25 01:00:00,0,0,0,453.92082112630203
2025-01-25 02:00:00,0,0,0,456.85125406901034
2025-01-25 03:00:00,0,0,0,450.6227815755209
2025-01-25 04:00:00,0,0,0,434.21333007812495
2025-01-25 05:00:00,0,0,0,401.59197591145835
2025-01-25 06:00:00,0,0,0,349.87835042317715
2025-01-25 07:00:00,0,0,0,296.26974609375
2025-01-25 08:00:00,0,0,0,288.6233268229166
2025-01-25 09:00:00,0,0,0,306.9238427734376
2025-01-25 10:00:00,0,0,0,305.41337972005203
2025-01-25 11:00:00,0,0,0,328.35284830729165
2025-01-25 12:00:00,0,0,0,356.2627294921874
2025-01-25 13:00:00,0,0,0,377.51890462239567
2025-01-25 14:00:00,0,0,0,364.57656656901054
2025-01-25 15:00:00,0,0,0,357.94228352864593
2025-01-25 16:00:00,0,0,0,296.5099869791668
2025-01-25 17:00:00,0,0,0,222.59697184244794
2025-01-25 18:00:00,0,0,1,188.50974690755208
2025-01-25 19:00:00,0,0,2,205.80902262369796
2025-01-25 20:00:00,0,0,1,285.8286018880208
2025-01-25 21:00:00,0,0,0,350.2993204752604
2025-01-25 22:00:00,0,0,0,381.1930037434896
2025-01-25 23:00:00,0,0,0,415.88786458333334
2025-01-26 00:00:00,0,0,0,464.529784342448
2025-01-26 01:00:00,0,0,0,476.7020589192708
2025-01-26 02:00:00,0,0,0,478.7913663736979
2025-01-26 03:00:00,0,0,0,473.6603751627605
2025-01-26 04:00:00,0,0,0,461.12442545572924
2025-01-26 05:00:00,0,0,0,428.1758138020833
2025-01-26 06:00:00,0,0,0,375.0951782226563
2025-01-26 07:00:00,0,0,0,318.6298404947918
2025-01-26 08:00:00,0,0,0,297.44233154296876
2025-01-26 09:00:00,0,0,0,312.43718098958334
2025-01-26 10:00:00,0,0,0,322.6165470377605
2025-01-26 11:00:00,0,0,0,365.4515201822917
2025-01-26 12:00:00,0,0,0,377.0799796549479
2025-01-26 13:00:00,0,0,0,367.5869498697916
2025-01-26 14:00:00,0,0,0,392.23773356119796
2025-01-26 15:00:00,0,0,0,378.5521451822917
2025-01-26 16:00:00,0,0,0,314.1626798502605
2025-01-26 17:00:00,0,0,0,235.78886555989584
2025-01-26 18:00:00,0,0,1,199.8993050130208
2025-01-26 19:00:00,0,0,1,221.8797623697917
2025-01-26 20:00:00,0,0,1,303.07891438802085
2025-01-26 21:00:00,0,0,0,364.13215006510416
2025-01-26 22:00:00,0,0,0,396.5980265299479
2025-01-26 23:00:00,0,0,0,432.9571614583333
2025-01-27 00:00:00,0,0,0,489.7350032552083
2025-01-27 01:00:00,0,0,0,497.82108561197913
2025-01-27 02:00:00,0,0,0,497.84341959635424
2025-01-27 03:00:00,0,0,0,489.1296598307291
2025-01-27 04:00:00,0,0,0,477.7369181315104
2025-01-27 05:00:00,0,0,0,446.69009358723963
2025-01-27 06:00:00,0,0,0,389.300145670573
2025-01-27 07:00:00,0,0,0,336.80855631510417
2025-01-27 08:00:00,0,0,0,314.06987141927084
2025-01-27 09:00:00,0,0,0,323.7680704752604
2025-01-27 10:00:00,0,0,0,349.6845719401042
2025-01-27 11:00:00,0,0,0,368.5117968750001
2025-01-27 12:00:00,0,0,0,368.4932128906248
2025-01-27 13:00:00,0,0,0,397.47979329427085
2025-01-27 14:00:00,0,0,0,393.48920817057297
2025-01-27 15:00:00,0,0,0,374.10891357421883
2025-01-27 16:00:00,0,0,0,323.60336018880207
2025-01-27 17:00:00,0,0,0,247.8100602213542
2025-01-27 18:00:00,0,0,1,212.94012288411454
2025-01-27 19:00:00,0,0,1,236.0717797851562
2025-01-27 20:00:00,0,0,1,318.533604329427
2025-01-27 21:00:00,0,0,0,378.3404516601563
2025-01-27 22:00:00,0,0,0,409.97750162760417
2025-01-27 23:00:00,0,0,0,442.87918863932293
2025-01-28 00:00:00,0,0,0,474.9969563802083
2025-01-28 01:00:00,0,0,0,485.83554361979157
2025-01-28 02:00:00,0,0,0,485.1549243164062
2025-01-28 03:00:00,0,0,0,478.9585872395834
2025-01-28 04:00:00,0,0,0,466.5947151692708
2025-01-28 05:00:00,0,0,0,437.67790201822913
2025-01-28 06:00:00,0,0,0,380.9863094075521
2025-01-28 07:00:00,0,0,0,327.4882739257812
2025-01-28 08:00:00,0,0,0,316.59260172526047
2025-01-28 09:00:00,0,0,0,332.2655346679687
2025-01-28 10:00:00,0,0,0,355.9373706054687
2025-01-28 11:00:00,0,0,0,380.0520100911458
2025-01-28 12:00:00,0,0,0,400.34382242838547
2025-01-28 13:00:00,0,0,0,421.5458056640625
2025-01-28 14:00:00,0,0,0,429.1120776367188
2025-01-28 15:00:00,0,0,0,399.66583170572926
2025-01-28 16:00:00,0,0,0,327.37832600911474
2025-01-28 17:00:00,0,0,0,237.05422851562503
2025-01-28 18:00:00,0,0,1,197.0056233723958
2025-01-28 19:00:00,0,0,1,222.78374267578124
2025-01-28 20:00:00,0,0,1,311.56891520182285
2025-01-28 21:00:00,0,0,0,317.8419124348959
2025-01-28 22:00:00,0,0,0,329.0716707356771
2025-01-28 23:00:00,0,0,0,362.6940950520834
2025-01-29 00:00:00,0,0,0,400.16608317057285
2025-01-29 01:00:00,0,0,0,409.5397916666666
2025-01-29 02:00:00,0,0,0,406.74275309244797
2025-01-29 03:00:00,0,0,0,396.55709716796866
2025-01-29 04:00:00,0,0,0,381.5394148763021
2025-01-29 05:00:00,0,0,0,347.850673014323
2025-01-29 06:00:00,0,0,0,285.88215983072917
2025-01-29 07:00:00,0,0,0,228.69144612630203
2025-01-29 08:00:00,0,0,0,226.05366373697916
2025-01-29 09:00:00,0,0,0,247.69830973307296
2025-01-29 10:00:00,0,0,0,270.8441373697917
2025-01-29 11:00:00,0,0,0,297.76997070312495
2025-01-29 12:00:00,0,0,0,311.87700276692703
2025-01-29 13:00:00,0,0,0,328.1861702473959
2025-01-29 14:00:00,0,0,0,339.39754638671866
2025-01-29 15:00:00,0,0,0,310.59061848958333
2025-01-29 16:00:00,0,0,0,240.40766682942706
2025-01-29 17:00:00,0,0,1,151.40081705729165
2025-01-29 18:00:00,0,0,1,112.41317382812497
2025-01-29 19:00:00,0,0,2,133.8901383463542
2025-01-29 20:00:00,0,0,1,219.65066650390634
2025-01-29 21:00:00,0,0,0,286.62848225911466
2025-01-29 22:00:00,0,0,0,321.44049886067705
2025-01-29 23:00:00,0,0,0,356.88565592447924
2025-01-30 00:00:00,0,0,0,388.85614176432296
2025-01-30 01:00:00,0,0,0,400.0860758463542
2025-01-30 02:00:00,0,0,0,398.00483072916666
2025-01-30 03:00:00,0,0,0,391.71627441406247
2025-01-30 04:00:00,0,0,0,379.75276448567706
2025-01-30 05:00:00,0,0,0,352.2802718098958
2025-01-30 06:00:00,0,0,0,299.1659228515624
2025-01-30 07:00:00,0,0,0,245.5141389973959
2025-01-30 08:00:00,0,0,0,241.08867024739573
2025-01-30 09:00:00,0,0,0,260.62283854166674
2025-01-30 10:00:00,0,0,0,285.02505289713554
2025-01-30 11:00:00,0,0,0,305.76224365234384
2025-01-30 12:00:00,0,0,0,319.41020914713545
2025-01-30 13:00:00,0,0,0,333.92098714192707
2025-01-30 14:00:00,0,0,0,350.94670410156255
2025-01-30 15:00:00,0,0,0,392.95734944661444
2025-01-30 16:00:00,0,0,0,324.7661246744792
2025-01-30 17:00:00,0,0,0,238.4383325195313
2025-01-30 18:00:00,0,0,1,199.22281575520833
2025-01-30 19:00:00,0,0,1,218.23221679687492
2025-01-30 20:00:00,0,0,1,298.7472835286459
2025-01-30 21:00:00,0,0,0,363.31976643880216
2025-01-30 22:00:00,0,0,0,397.5513793945313
2025-01-30 23:00:00,0,0,0,430.16484293619794
2025-01-31 00:00:00,0,0,0,449.42303710937495
2025-01-31 01:00:00,0,0,0,466.00923014322916
2025-01-31 02:00:00,0,0,0,469.88995768229165
2025-01-31 03:00:00,0,0,0,464.24053548177085
2025-01-31 04:00:00,0,0,0,449.0414127604166
2025-01-31 05:00:00,0,0,0,416.773350423177
2025-01-31 06:00:00,0,0,0,362.0126985677084
2025-01-31 07:00:00,0,0,0,310.5931266276042
2025-01-31 08:00:00,0,0,0,306.2375569661458
2025-01-31 09:00:00,0,0,0,327.08952473958334
2025-01-31 10:00:00,0,0,0,349.4844653320313
2025-01-31 11:00:00,0,0,0,379.3692732747397
2025-01-31 12:00:00,0,0,0,394.2873111979168
2025-01-31 13:00:00,0,0,0,412.81271077473957
2025-01-31 14:00:00,0,0,0,420.8620556640626
2025-01-31 15:00:00,0,0,0,391.51532145182296
2025-01-31 16:00:00,0,0,0,321.6196362304688
2025-01-31 17:00:00,0,0,0,238.48811686197917
2025-01-31 18:00:00,0,0,1,195.8890380859375
2025-01-31 19:00:00,0,0,2,206.74934244791666
2025-01-31 20:00:00,0,0,1,287.26751139322914
2025-01-31 21:00:00,0,0,0,357.43719401041676
2025-01-31 22:00:00,0,0,0,392.41598144531247
2025-01-31 23:00:00,0,0,0,425.3414510091146
2025-02-01 00:00:00,0,0,0,459.6475675455729
2025-02-01 01:00:00,0,0,0,474.8666870117188
2025-02-01 02:00:00,0,0,0,477.45892659505216
2025-02-01 03:00:00,0,0,0,472.8866048177083
2025-02-01 04:00:00,0,0,0,459.6374121093751
2025-02-01 05:00:00,0,0,0,427.6597534179688
2025-02-01 06:00:00,0,0,0,376.6741845703125
2025-02-01 07:00:00,0,0,0,323.4388338216147
2025-02-01 08:00:00,0,0,0,317.02933105468765
2025-02-01 09:00:00,0,0,0,339.22299153645827
2025-02-01 10:00:00,0,0,0,362.39349527994796
2025-02-01 11:00:00,0,0,0,386.61565592447914
2025-02-01 12:00:00,0,0,0,400.8647591145834
2025-02-01 13:00:00,0,0,0,418.7992032877603
2025-02-01 14:00:00,0,0,0,429.58306803385426
2025-02-01 15:00:00,0,0,0,400.1824869791667
2025-02-01 16:00:00,0,0,0,333.8907275390625
2025-02-01 17:00:00,0,0,0,249.51751627604165
2025-02-01 18:00:00,0,0,1,208.22318684895833
2025-02-01 19:00:00,0,0,1,224.53473632812506
2025-02-01 20:00:00,0,0,1,307.16254638671876
2025-02-01 21:00:00,0,0,0,373.28557047526044
2025-02-01 22:00:00,0,0,0,403.39141357421875
2025-02-01 23:00:00,0,0,0,436.01497639973957
2025-02-02 00:00:00,0,0,0,502.2577034505208
2025-02-02 01:00:00,0,0,0,508.8921020507812
2025-02-02 02:00:00,0,0,0,508.40302164713535
2025-02-02 03:00:00,0,0,0,500.53689127604173
2025-02-02 04:00:00,0,0,0,490.30521647135413
2025-02-02 05:00:00,0,0,0,465.1593009440105
2025-02-02 06:00:00,0,0,0,420.4885196940104
2025-02-02 07:00:00,0,0,0,374.4837467447917
2025-02-02 08:00:00,0,0,0,361.46855468750005
2025-02-02 09:00:00,0,0,0,362.21175944010406
2025-02-02 10:00:00,0,0,0,396.16240966796863
2025-02-02 11:00:00,0,0,0,402.21076660156245
2025-02-02 12:00:00,0,0,0,412.68782552083326
2025-02-02 13:00:00,0,0,0,452.28314860026035
2025-02-02 14:00:00,0,0,0,449.7398958333333
2025-02-02 15:00:00,0,0,0,427.5463500976564
2025-02-02 16:00:00,0,0,0,387.2167716471354
2025-02-02 17:00:00,0,0,0,311.326778157552
2025-02-02 18:00:00,0,0,0,270.6014176432292
2025-02-02 19:00:00,0,0,1,284.8707088216146
2025-02-02 20:00:00,0,0,1,357.5538444010417
2025-02-02 21:00:00,0,0,0,412.7469262695313
2025-02-02 22:00:00,0,0,0,436.5826383463541
2025-02-02 23:00:00,0,0,0,464.1495133463542
2025-02-03 00:00:00,0,0,0,504.97001790364584
2025-02-03 01:00:00,0,0,0,510.9134440104167
2025-02-03 02:00:00,0,0,0,509.6632967122397
2025-02-03 03:00:00,0,0,0,500.99700195312494
2025-02-03 04:00:00,0,0,0,486.05950032552084
2025-02-03 05:00:00,0,0,0,457.7325268554688
2025-02-03 06:00:00,0,0,0,405.856932779948
2025-02-03 07:00:00,0,0,0,353.80472249348963
2025-02-03 08:00:00,0,0,0,337.85931966145836
2025-02-03 09:00:00,0,0,0,329.3789095052082
2025-02-03 10:00:00,0,0,0,344.8176033528646
2025-02-03 11:00:00,0,0,0,358.6506526692708
2025-02-03 12:00:00,0,0,0,396.84207845052083
2025-02-03 13:00:00,0,0,0,423.29426269531245
2025-02-03 14:00:00,0,0,0,429.55733154296877
2025-02-03 15:00:00,0,0,0,411.6364770507812
2025-02-03 16:00:00,0,0,0,360.645750325521
2025-02-03 17:00:00,0,0,0,278.7925960286459
2025-02-03 18:00:00,0,0,0,232.80204345703123
2025-02-03 19:00:00,0,0,1,250.23161621093755
2025-02-03 20:00:00,0,0,1,332.28121826171866
2025-02-03 21:00:00,0,0,0,396.874140625
2025-02-03 22:00:00,0,0,0,427.9340934244792
2025-02-03 23:00:00,0,0,0,460.4880126953125
2025-02-04 00:00:00,0,0,0,483.3098168945312
2025-02-04 01:00:00,0,0,0,496.0057706705728
2025-02-04 02:00:00,0,0,0,497.1150073242187
2025-02-04 03:00:00,0,0,0,490.02338867187495
2025-02-04 04:00:00,0,0,0,478.08746907552086
2025-02-04 05:00:00,0,0,0,450.2623486328125
2025-02-04 06:00:00,0,0,0,399.32961995442713
2025-02-04 07:00:00,0,0,0,346.4949698893229
2025-02-04 08:00:00,0,0,0,339.11151692708336
2025-02-04 09:00:00,0,0,0,349.6207324218751
2025-02-04 10:00:00,0,0,0,366.4039550781249
2025-02-04 11:00:00,0,0,0,392.3084871419271
2025-02-04 12:00:00,0,0,0,410.0579427083335
2025-02-04 13:00:00,0,0,0,431.40890706380196
2025-02-04 14:00:00,0,0,0,445.40167724609387
2025-02-04 15:00:00,0,0,0,419.2492415364584
2025-02-04 16:00:00,0,0,0,355.03437174479177
2025-02-04 17:00:00,0,0,0,269.02144938151037
2025-02-04 18:00:00,0,0,1,222.8448779296874
2025-02-04 19:00:00,0,0,1,239.68794270833337
2025-02-04 20:00:00,0,0,1,325.63007649739586
2025-02-04 21:00:00,0,0,0,393.29853190104166
2025-02-04 22:00:00,0,0,0,423.00532307942706
2025-02-04 23:00:00,0,0,0,453.46505615234366
2025-02-05 00:00:00,0,0,0,472.0924039713541
2025-02-05 01:00:00,0,0,0,486.89884114583333
2025-02-05 02:00:00,0,0,0,487.0042919921875
2025-02-05 03:00:00,0,0,0,482.28901204427086
2025-02-05 04:00:00,0,0,0,471.4219734700521
2025-02-05 05:00:00,0,0,0,446.00288574218746
2025-02-05 06:00:00,0,0,0,396.9283520507813
2025-02-05 07:00:00,0,0,0,347.4403019205729
2025-02-05 08:00:00,0,0,0,341.06131998697924
2025-02-05 09:00:00,0,0,0,351.75045979817696
2025-02-05 10:00:00,0,0,0,368.67448404947913
2025-02-05 11:00:00,0,0,0,391.33572428385423
2025-02-05 12:00:00,0,0,0,409.57711425781235
2025-02-05 13:00:00,0,0,0,428.95549886067715
2025-02-05 14:00:00,0,0,0,442.6068896484376
2025-02-05 15:00:00,0,0,0,421.104766438802
2025-02-05 16:00:00,0,0,0,357.70416585286466
2025-02-05 17:00:00,0,0,0,270.8926993815104
2025-02-05 18:00:00,0,0,1,224.44343261718745
2025-02-05 19:00:00,0,0,1,236.36990804036452
2025-02-05 20:00:00,0,0,1,317.0709244791667
2025-02-05 21:00:00,0,0,0,384.20711751302076
2025-02-05 22:00:00,0,0,0,414.83585286458333
2025-02-05 23:00:00,0,0,0,445.30644124348953
2025-02-06 00:00:00,0,0,0,464.0809456380208
2025-02-06 01:00:00,0,0,0,483.3545963541667
2025-02-06 02:00:00,0,0,0,485.13933756510414
2025-02-06 03:00:00,0,0,0,477.53376627604166
2025-02-06 04:00:00,0,0,0,463.04451253255206
2025-02-06 05:00:00,0,0,0,433.7962361653646
2025-02-06 06:00:00,0,0,0,386.3989436848958
2025-02-06 07:00:00,0,0,0,338.5444205729166
2025-02-06 08:00:00,0,0,0,335.9333707682292
2025-02-06 09:00:00,0,0,0,352.05474283854164
2025-02-06 10:00:00,0,0,0,372.00042236328113
2025-02-06 11:00:00,0,0,0,395.8702246093749
2025-02-06 12:00:00,0,0,0,410.61381022135424
2025-02-06 13:00:00,0,0,0,429.32622233072925
2025-02-06 14:00:00,0,0,0,443.3056705729168
2025-02-06 15:00:00,0,0,0,422.3691365559896
2025-02-06 16:00:00,0,0,0,362.11026692708333
2025-02-06 17:00:00,0,0,0,271.6377937825521
2025-02-06 18:00:00,0,0,1,217.97150065104165
2025-02-06 19:00:00,0,0,2,224.57180175781252
2025-02-06 20:00:00,0,0,1,302.91618652343755
2025-02-06 21:00:00,0,0,0,372.8083561197916
2025-02-06 22:00:00,0,0,0,406.10575927734374
2025-02-06 23:00:00,0,0,0,437.6304825846354
2025-02-07 00:00:00,0,0,0,475.2457047526042
2025-02-07 01:00:00,0,0,0,488.7275512695312
2025-02-07 02:00:00,0,0,0,490.08222330729166
2025-02-07 03:00:00,0,0,0,481.80669189453124
2025-02-07 04:00:00,0,0,0,468.12068033854166
2025-02-07 05:00:00,0,0,0,441.71489501953124
2025-02-07 06:00:00,0,0,0,398.0415201822917
2025-02-07 07:00:00,0,0,0,351.5580192057291
2025-02-07 08:00:00,0,0,0,344.73212402343756
2025-02-07 09:00:00,0,0,0,358.5486930338541
2025-02-07 10:00:00,0,0,0,373.5525618489585
2025-02-07 11:00:00,0,0,0,397.8177832031249
2025-02-07 12:00:00,0,0,0,410.6014314778645
2025-02-07 13:00:00,0,0,0,425.083536783854
2025-02-07 14:00:00,0,0,0,439.00445719401046
2025-02-07 15:00:00,0,0,0,421.9167578125
2025-02-07 16:00:00,0,0,0,365.41777180989584
2025-02-07 17:00:00,0,0,0,279.0050187174478
2025-02-07 18:00:00,0,0,1,227.32256022135414
2025-02-07 19:00:00,0,0,1,235.8789314778645
2025-02-07 20:00:00,0,0,1,314.8334790039063
2025-02-07 21:00:00,0,0,0,383.8847371419271
2025-02-07 22:00:00,0,0,0,418.2202115885416
2025-02-07 23:00:00,0,0,0,447.7910310872396
2025-02-08 00:00:00,0,0,0,481.60052571614574
2025-02-08 01:00:00,0,0,0,495.46891927083334
2025-02-08 02:00:00,0,0,0,498.02616861979163
2025-02-08 03:00:00,0,0,0,494.4138354492187
2025-02-08 04:00:00,0,0,0,484.7730900065104
2025-02-08 05:00:00,0,0,0,460.32548746744794
2025-02-08 06:00:00,0,0,0,416.65082926432297
2025-02-08 07:00:00,0,0,0,370.47421223958327
2025-02-08 08:00:00,0,0,0,365.14787923177073
2025-02-08 09:00:00,0,0,0,376.20151774088527
2025-02-08 10:00:00,0,0,0,389.51968831380213
2025-02-08 11:00:00,0,0,0,409.3747436523438
2025-02-08 12:00:00,0,0,0,425.88445068359374
2025-02-08 13:00:00,0,0,0,444.160390625
2025-02-08 14:00:00,0,0,0,456.41737060546893
2025-02-08 15:00:00,0,0,0,440.75348551432285
2025-02-08 16:00:00,0,0,0,388.1495336914063
2025-02-08 17:00:00,0,0,0,306.67753906249993
2025-02-08 18:00:00,0,0,0,256.85354166666673
2025-02-08 19:00:00,0,0,1,262.5785066731771
2025-02-08 20:00:00,0,0,1,336.1389298502604
2025-02-08 21:00:00,0,0,0,400.55155843098953
2025-02-08 22:00:00,0,0,0,431.1086507161458
2025-02-08 23:00:00,0,0,0,461.3653719075521
2025-02-09 00:00:00,0,0,0,523.4793973795572
2025-02-09 01:00:00,0,0,0,531.163623860677
2025-02-09 02:00:00,0,0,0,525.1116341145832
2025-02-09 03:00:00,0,0,0,515.2589119466145
2025-02-09 04:00:00,0,0,0,506.053379720052
2025-02-09 05:00:00,0,0,0,484.38290852864577
2025-02-09 06:00:00,0,0,0,444.8025236002603
2025-02-09 07:00:00,0,0,0,404.36148356119793
2025-02-09 08:00:00,0,0,0,395.4115974934896
2025-02-09 09:00:00,0,0,0,400.17291341145824
2025-02-09 10:00:00,0,0,0,415.87850748697906
2025-02-09 11:00:00,0,0,0,438.47566487630206
2025-02-09 12:00:00,0,0,0,455.1117016601563
2025-02-09 13:00:00,0,0,0,468.29901692708336
2025-02-09 14:00:00,0,0,0,477.4166007486979
2025-02-09 15:00:00,0,0,0,460.3146614583334
2025-02-09 16:00:00,0,0,0,408.8741048177085
2025-02-09 17:00:00,0,0,0,324.90751383463544
2025-02-09 18:00:00,0,0,0,274.9700642903646
2025-02-09 19:00:00,0,0,1,281.72738525390616
2025-02-09 20:00:00,0,0,1,353.83439290364583
2025-02-09 21:00:00,0,0,0,412.9853841145833
2025-02-09 22:00:00,0,0,0,438.59209472656244
2025-02-09 23:00:00,0,0,0,464.5496736653646
2025-02-10 00:00:00,0,0,0,494.90596272786456
2025-02-10 01:00:00,0,0,0,510.9278234863282
2025-02-10 02:00:00,0,0,0,512.6674186197918
2025-02-10 03:00:00,0,0,0,507.23298177083336
2025-02-10 04:00:00,0,0,0,497.52032877604165
2025-02-10 05:00:00,0,0,0,473.1528157552083
2025-02-10 06:00:00,0,0,0,425.8559423828125
2025-02-10 07:00:00,0,0,0,377.18952799479166
2025-02-10 08:00:00,0,0,0,368.63517985026056
2025-02-10 09:00:00,0,0,0,377.99116943359377
2025-02-10 10:00:00,0,0,0,393.6657291666668
2025-02-10 11:00:00,0,0,0,416.80657877604176
2025-02-10 12:00:00,0,0,0,433.528290201823
2025-02-10 13:00:00,0,0,0,447.9857259114583
2025-02-10 14:00:00,0,0,0,462.5205208333334
2025-02-10 15:00:00,0,0,0,443.7883479817708
2025-02-10 16:00:00,0,0,0,391.3308487955728
2025-02-10 17:00:00,0,0,0,304.63774576822914
2025-02-10 18:00:00,0,0,0,249.4568994140625
2025-02-10 19:00:00,0,0,1,254.26419352213532
2025-02-10 20:00:00,0,0,1,331.80551025390616
2025-02-10 21:00:00,0,0,0,396.78717936197916
2025-02-10 22:00:00,0,0,0,428.525166015625
2025-02-10 23:00:00,0,0,0,461.04352050781245
2025-02-11 00:00:00,0,0,0,477.603251953125
2025-02-11 01:00:00,0,0,0,494.32782389322915
2025-02-11 02:00:00,0,0,0,495.230615234375
2025-02-11 03:00:00,0,0,0,488.679423828125
2025-02-11 04:00:00,0,0,0,476.81108805338545
2025-02-11 05:00:00,0,0,0,455.08383463541657
2025-02-11 06:00:00,0,0,0,411.0129337565104
2025-02-11 07:00:00,0,0,0,364.3430997721355
2025-02-11 08:00:00,0,0,0,359.1280664062501
2025-02-11 09:00:00,0,0,0,372.3144417317708
2025-02-11 10:00:00,0,0,0,388.2929768880208
2025-02-11 11:00:00,0,0,0,412.29610026041655
2025-02-11 12:00:00,0,0,0,429.62717447916657
2025-02-11 13:00:00,0,0,0,444.6289038085938
2025-02-11 14:00:00,0,0,0,458.115448404948
2025-02-11 15:00:00,0,0,0,440.93326660156254
2025-02-11 16:00:00,0,0,0,381.27461181640615
2025-02-11 17:00:00,0,0,0,292.1038916015624
2025-02-11 18:00:00,0,0,0,233.57907552083327
2025-02-11 19:00:00,0,0,1,238.20229410807292
2025-02-11 20:00:00,0,0,1,317.8994124348958
2025-02-11 21:00:00,0,0,0,388.2712630208333
2025-02-11 22:00:00,0,0,0,420.16814941406255
2025-02-11 23:00:00,0,0,0,449.65496582031255
2025-02-12 00:00:00,0,0,0,480.3465511067709
2025-02-12 01:00:00,0,0,0,495.2768391927083
2025-02-12 02:00:00,0,0,0,496.38446695963535
2025-02-12 03:00:00,0,0,0,490.37735514322924
2025-02-12 04:00:00,0,0,0,480.2147387695312
2025-02-12 05:00:00,0,0,0,456.46038818359375
2025-02-12 06:00:00,0,0,0,411.63290852864577
2025-02-12 07:00:00,0,0,0,365.8270100911459
2025-02-12 08:00:00,0,0,0,358.38925484695005
2025-02-12 09:00:00,0,0,0,370.4302661132813
2025-02-12 10:00:00,0,0,0,387.7791935221353
2025-02-12 11:00:00,0,0,0,412.0957373046874
2025-02-12 12:00:00,0,0,0,428.4382161458334
2025-02-12 13:00:00,0,0,0,445.83304443359384
2025-02-12 14:00:00,0,0,0,457.8834440104167
2025-02-12 15:00:00,0,0,0,436.45119140625
2025-02-12 16:00:00,0,0,0,382.81389322916675
2025-02-12 17:00:00,0,0,0,299.2790722656249
2025-02-12 18:00:00,0,0,0,243.61569091796866
2025-02-12 19:00:00,0,0,1,244.1036555989583
2025-02-12 20:00:00,0,0,1,319.20183349609374
2025-02-12 21:00:00,0,0,0,390.92426432291666
2025-02-12 22:00:00,0,0,0,422.98027018229163
2025-02-12 23:00:00,0,0,0,453.24661946614583
2025-02-13 00:00:00,0,0,0,483.8379020182292
2025-02-13 01:00:00,0,0,0,496.6163517252604
2025-02-13 02:00:00,0,0,0,496.66413492838547
2025-02-13 03:00:00,0,0,0,491.66437988281245
2025-02-13 04:00:00,0,0,0,478.71650553385416
2025-02-13 05:00:00,0,0,0,457.81390380859375
2025-02-13 06:00:00,0,0,0,419.9885367838542
2025-02-13 07:00:00,0,0,0,370.71160074869795
2025-02-13 08:00:00,0,0,0,358.81804443359374
2025-02-13 09:00:00,0,0,0,351.8103271484374
2025-02-13 10:00:00,0,0,0,366.1968758138021
2025-02-13 11:00:00,0,0,0,379.1914029947916
2025-02-13 12:00:00,0,0,0,388.90766357421876
2025-02-13 13:00:00,0,0,0,399.7372029622395
2025-02-13 14:00:00,0,0,0,446.323701171875
2025-02-13 15:00:00,0,0,0,429.4392041015626
2025-02-13 16:00:00,0,0,0,375.7912532552082
2025-02-13 17:00:00,0,0,0,299.672089029948
2025-02-13 18:00:00,0,0,0,245.17215820312492
2025-02-13 19:00:00,0,0,1,246.6955639648438
2025-02-13 20:00:00,0,0,1,321.80353515625006
2025-02-13 21:00:00,0,0,0,395.38214355468745
2025-02-13 22:00:00,0,0,0,431.5388037109375
2025-02-13 23:00:00,0,0,0,460.820713704427
2025-02-14 00:00:00,0,0,0,495.3890299479167
2025-02-14 01:00:00,0,0,0,505.1838769531249
2025-02-14 02:00:00,0,0,0,506.6350044759114
2025-02-14 03:00:00,0,0,0,502.213037923177
2025-02-14 04:00:00,0,0,0,491.3092065429687
2025-02-14 05:00:00,0,0,0,471.4178385416667
2025-02-14 06:00:00,0,0,0,433.7858650716146
2025-02-14 07:00:00,0,0,0,387.33014567057285
2025-02-14 08:00:00,0,0,0,378.6981079101563
2025-02-14 09:00:00,0,0,0,365.5271134440104
2025-02-14 10:00:00,0,0,0,371.9056559244791
2025-02-14 11:00:00,0,0,0,393.2860123697917
2025-02-14 12:00:00,0,0,0,398.4659781901041
2025-02-14 13:00:00,0,0,0,416.16484375000005
2025-02-14 14:00:00,0,0,0,434.3039697265626
2025-02-14 15:00:00,0,0,0,420.2037418619791
2025-02-14 16:00:00,0,0,0,376.7995719401042
2025-02-14 17:00:00,0,0,0,301.28266927083337
2025-02-14 18:00:00,0,0,0,243.25193277994788
2025-02-14 19:00:00,0,0,1,244.32856363932297
2025-02-14 20:00:00,0,0,1,317.35664225260416
2025-02-14 21:00:00,0,0,0,389.33012044270833
2025-02-14 22:00:00,0,0,0,425.186436360677
2025-02-14 23:00:00,0,0,0,457.87603678385426
2025-02-15 00:00:00,0,0,0,484.96513590494794
2025-02-15 01:00:00,0,0,0,503.8307857259115
2025-02-15 02:00:00,0,0,0,505.56000651041666
2025-02-15 03:00:00,0,0,0,499.25175048828123
2025-02-15 04:00:00,0,0,0,490.2655314127604
2025-02-15 05:00:00,0,0,0,470.55312662760423
2025-02-15 06:00:00,0,0,0,432.60564860026034
2025-02-15 07:00:00,0,0,0,390.26847981770834
2025-02-15 08:00:00,0,0,0,384.871825358073
2025-02-15 09:00:00,0,0,0,396.8614762369791
2025-02-15 10:00:00,0,0,0,414.5424381510418
2025-02-15 11:00:00,0,0,0,440.27619303385404
2025-02-15 12:00:00,0,0,0,455.66646647135417
2025-02-15 13:00:00,0,0,0,471.9545019531249
2025-02-15 14:00:00,0,0,0,479.455302734375
2025-02-15 15:00:00,0,0,0,457.74150309244806
2025-02-15 16:00:00,0,0,0,401.99079427083325
2025-02-15 17:00:00,0,0,0,319.142831217448
2025-02-15 18:00:00,0,0,0,265.2670955403646
2025-02-15 19:00:00,0,0,1,263.16378011067707
2025-02-15 20:00:00,0,0,1,330.0183024088542
2025-02-15 21:00:00,0,0,0,395.8002954101562
2025-02-15 22:00:00,0,0,0,432.0749487304688
2025-02-15 23:00:00,0,0,0,466.0576424153645
2025-02-16 00:00:00,0,0,0,526.6757096354166
2025-02-16 01:00:00,0,0,0,534.8057588704428
2025-02-16 02:00:00,0,0,0,533.6167032877604
2025-02-16 03:00:00,0,0,0,526.155360514323
2025-02-16 04:00:00,0,0,0,516.8321700032552
2025-02-16 05:00:00,0,0,0,496.31418131510407
2025-02-16 06:00:00,0,0,0,457.5469685872396
2025-02-16 07:00:00,0,0,0,418.6205729166668
2025-02-16 08:00:00,0,0,0,415.0693188476562
2025-02-16 09:00:00,0,0,0,425.75748453776055
2025-02-16 10:00:00,0,0,0,440.9467626953126
2025-02-16 11:00:00,0,0,0,466.3513313802084
2025-02-16 12:00:00,0,0,0,475.2652327473959
2025-02-16 13:00:00,0,0,0,486.8043237304687
2025-02-16 14:00:00,0,0,0,498.8639111328125
2025-02-16 15:00:00,0,0,0,484.30631103515634
2025-02-16 16:00:00,0,0,0,433.87837890624996
2025-02-16 17:00:00,0,0,0,349.7891861979167
2025-02-16 18:00:00,0,0,0,294.90217529296876
2025-02-16 19:00:00,0,0,1,287.00506673177074
2025-02-16 20:00:00,0,0,1,346.34323160807287
2025-02-16 21:00:00,0,0,0,406.79865397135416
2025-02-16 22:00:00,0,0,0,442.3762133789062
2025-02-16 23:00:00,0,0,0,474.09835042317707
2025-02-17 00:00:00,0,0,0,513.3797713216146
2025-02-17 01:00:00,0,0,0,523.0170483398438
2025-02-17 02:00:00,0,0,0,523.3212524414063
2025-02-17 03:00:00,0,0,0,518.1316178385417
2025-02-17 04:00:00,0,0,0,508.5808357747395
2025-02-17 05:00:00,0,0,0,486.6775056966146
2025-02-17 06:00:00,0,0,0,445.82403808593745
2025-02-17 07:00:00,0,0,0,403.25906575520844
2025-02-17 08:00:00,0,0,0,394.4390690104167
2025-02-17 09:00:00,0,0,0,399.39398437499995
2025-02-17 10:00:00,0,0,0,408.9854785156249
2025-02-17 11:00:00,0,0,0,440.35981933593735
2025-02-17 12:00:00,0,0,0,458.25130777994787
2025-02-17 13:00:00,0,0,0,475.40553629557303
2025-02-17 14:00:00,0,0,0,486.12837565104155
2025-02-17 15:00:00,0,0,0,468.8407405598957
2025-02-17 16:00:00,0,0,0,414.62814453125
2025-02-17 17:00:00,0,0,0,326.4728645833334
2025-02-17 18:00:00,0,0,0,265.58773681640616
2025-02-17 19:00:00,0,0,1,264.85526611328123
2025-02-17 20:00:00,0,0,1,336.3805200195312
2025-02-17 21:00:00,0,0,0,404.31818196614586
2025-02-17 22:00:00,0,0,0,442.3313875325522
2025-02-17 23:00:00,0,0,0,477.16452067057287
2025-02-18 00:00:00,0,0,0,485.3083357747396
2025-02-18 01:00:00,0,0,0,505.02836832682294
2025-02-18 02:00:00,0,0,0,506.50850016276047
2025-02-18 03:00:00,0,0,0,502.3368131510416
2025-02-18 04:00:00,0,0,0,492.310459798177
2025-02-18 05:00:00,0,0,0,468.83757324218755
2025-02-18 06:00:00,0,0,0,428.56022379557294
2025-02-18 07:00:00,0,0,0,385.6838256835938
2025-02-18 08:00:00,0,0,0,382.1697029622396
2025-02-18 09:00:00,0,0,0,392.5355110677083
2025-02-18 10:00:00,0,0,0,407.5555159505209
2025-02-18 11:00:00,0,0,0,431.7779402669271
2025-02-18 12:00:00,0,0,0,445.3203002929688
2025-02-18 13:00:00,0,0,0,456.8581567382812
2025-02-18 14:00:00,0,0,0,467.92216634114584
2025-02-18 15:00:00,0,0,0,450.0692179361979
2025-02-18 16:00:00,0,0,0,395.0786083984376
2025-02-18 17:00:00,0,0,0,304.81672607421876
2025-02-18 18:00:00,0,0,0,241.98184814453123
2025-02-18 19:00:00,0,0,2,234.60884765625008
2025-02-18 20:00:00,0,0,1,305.8973404947917
2025-02-18 21:00:00,0,0,0,382.18866373697915
2025-02-18 22:00:00,0,0,0,425.5309822591146
2025-02-18 23:00:00,0,0,0,460.75651936848953
2025-02-19 00:00:00,0,0,0,473.63966796875
2025-02-19 01:00:00,0,0,0,493.37392740885423
2025-02-19 02:00:00,0,0,0,492.7629353841146
2025-02-19 03:00:00,0,0,0,484.2518277994791
2025-02-19 04:00:00,0,0,0,474.3762369791667
2025-02-19 05:00:00,0,0,0,450.95499755859373
2025-02-19 06:00:00,0,0,0,409.1906681315104
2025-02-19 07:00:00,0,0,0,368.6969335937499
2025-02-19 08:00:00,0,0,0,364.87311360677086
2025-02-19 09:00:00,0,0,0,375.9420947265626
2025-02-19 10:00:00,0,0,0,394.0043587239584
2025-02-19 11:00:00,0,0,0,420.366201171875
2025-02-19 12:00:00,0,0,0,435.3336279296875
2025-02-19 13:00:00,0,0,0,455.0131787109376
2025-02-19 14:00:00,0,0,0,465.21930908203126
2025-02-19 15:00:00,0,0,0,446.371806640625
2025-02-19 16:00:00,0,0,0,393.33048746744794
2025-02-19 17:00:00,0,0,0,305.4373706054688
2025-02-19 18:00:00,0,0,0,238.26704101562495
2025-02-19 19:00:00,0,0,2,228.66374104817703
2025-02-19 20:00:00,0,0,1,299.2060628255208
2025-02-19 21:00:00,0,0,0,374.79853190104166
2025-02-19 22:00:00,0,0,0,416.2146386718749
2025-02-19 23:00:00,0,0,0,449.3854899088542
2025-02-20 00:00:00,0,0,0,456.2319466145833
2025-02-20 01:00:00,0,0,0,475.47273274739587
2025-02-20 02:00:00,0,0,0,477.248037109375
2025-02-20 03:00:00,0,0,0,470.4167236328125
2025-02-20 04:00:00,0,0,0,459.1637963867187
2025-02-20 05:00:00,0,0,0,435.0070410156251
2025-02-20 06:00:00,0,0,0,394.63936523437496
2025-02-20 07:00:00,0,0,0,354.64790283203115
2025-02-20 08:00:00,0,0,0,352.1950447591146
2025-02-20 09:00:00,0,0,0,365.44009033203133
2025-02-20 10:00:00,0,0,0,387.04585611979155
2025-02-20 11:00:00,0,0,0,417.9091910807292
2025-02-20 12:00:00,0,0,0,434.50534016927077
2025-02-20 13:00:00,0,0,0,446.2199820963542
2025-02-20 14:00:00,0,0,0,459.2495971679689
2025-02-20 15:00:00,0,0,0,443.2392537434896
2025-02-20 16:00:00,0,0,0,391.17290283203124
2025-02-20 17:00:00,0,0,0,305.12578613281255
2025-02-20 18:00:00,0,0,1,236.02175862630213
2025-02-20 19:00:00,0,0,2,219.9686401367187
2025-02-20 20:00:00,0,0,1,285.05463704427086
2025-02-20 21:00:00,0,0,0,363.43392822265616
2025-02-20 22:00:00,0,0,0,407.34720540364583
2025-02-20 23:00:00,0,0,0,445.10469319661456
2025-02-21 00:00:00,0,0,0,457.04960286458333
2025-02-21 01:00:00,0,0,0,476.73515055338544
2025-02-21 02:00:00,0,0,0,479.68363362630214
2025-02-21 03:00:00,0,0,0,475.0035791015624
2025-02-21 04:00:00,0,0,0,462.0556933593749
2025-02-21 05:00:00,0,0,0,434.1171606445313
2025-02-21 06:00:00,0,0,0,388.8830721028645
2025-02-21 07:00:00,0,0,0,344.01222737630223
2025-02-21 08:00:00,0,0,0,346.487518717448
2025-02-21 09:00:00,0,0,0,367.47772542317716
2025-02-21 10:00:00,0,0,0,389.2051456705731
2025-02-21 11:00:00,0,0,0,413.24980143229163
2025-02-21 12:00:00,0,0,0,429.16511230468745
2025-02-21 13:00:00,0,0,0,444.08256673177084
2025-02-21 14:00:00,0,0,0,461.39064778645843
2025-02-21 15:00:00,0,0,0,445.1634960937499
2025-02-21 16:00:00,0,0,0,392.6652905273438
2025-02-21 17:00:00,0,0,0,308.8194677734375
2025-02-21 18:00:00,0,0,0,239.8636767578124
2025-02-21 19:00:00,0,0,2,220.20819742838535
2025-02-21 20:00:00,0,0,1,284.85588948567715
2025-02-21 21:00:00,0,0,0,363.9800113932291
2025-02-21 22:00:00,0,0,0,408.80220621744786
2025-02-21 23:00:00,0,0,0,448.31513753255206
2025-02-22 00:00:00,0,0,0,466.35293782552094
2025-02-22 01:00:00,0,0,0,485.0909138997397
2025-02-22 02:00:00,0,0,0,487.24601481119794
2025-02-22 03:00:00,0,0,0,482.53190022786464
2025-02-22 04:00:00,0,0,0,472.3598583984376
2025-02-22 05:00:00,0,0,0,447.7236645507812
2025-02-22 06:00:00,0,0,0,404.0310091145833
2025-02-22 07:00:00,0,0,0,356.3258341471353
2025-02-22 08:00:00,0,0,0,352.9552083333333
2025-02-22 09:00:00,0,0,0,367.23859293619785
2025-02-22 10:00:00,0,0,0,367.1445751953124
2025-02-22 11:00:00,0,0,0,407.79412434895835
2025-02-22 12:00:00,0,0,0,413.51933268229163
2025-02-22 13:00:00,0,0,0,423.2057006835937
2025-02-22 14:00:00,0,0,0,442.1044750976562
2025-02-22 15:00:00,0,0,0,439.77127929687504
2025-02-22 16:00:00,0,0,0,403.1999267578126
2025-02-22 17:00:00,0,0,0,327.88322916666675
2025-02-22 18:00:00,0,0,0,265.43597493489574
2025-02-22 19:00:00,0,0,1,245.67571370442715
2025-02-22 20:00:00,0,0,1,300.73124918619794
2025-02-22 21:00:00,0,0,0,365.13896240234374
2025-02-22 22:00:00,0,0,0,403.0527465820312
2025-02-22 23:00:00,0,0,0,439.82108805338544
2025-02-23 00:00:00,0,0,0,502.0006998697917
2025-02-23 01:00:00,0,0,0,510.71212605794267
2025-02-23 02:00:00,0,0,0,512.9346150716145
2025-02-23 03:00:00,0,0,0,508.90254801432286
2025-02-23 04:00:00,0,0,0,497.2033902994791
2025-02-23 05:00:00,0,0,0,475.6443074544271
2025-02-23 06:00:00,0,0,0,438.76533854166667
2025-02-23 07:00:00,0,0,0,396.6368050130209
2025-02-23 08:00:00,0,0,0,387.54387695312494
2025-02-23 09:00:00,0,0,0,396.62639485677073
2025-02-23 10:00:00,0,0,0,406.5659415690104
2025-02-23 11:00:00,0,0,0,431.0106372070311
2025-02-23 12:00:00,0,0,0,425.50163736979175
2025-02-23 13:00:00,0,0,0,440.9081648763022
2025-02-23 14:00:00,0,0,0,454.3538924153645
2025-02-23 15:00:00,0,0,0,445.81329833984364
2025-02-23 16:00:00,0,0,0,414.3167911783853
2025-02-23 17:00:00,0,0,0,349.6682194010417
2025-02-23 18:00:00,0,0,0,288.7355908203125
2025-02-23 19:00:00,0,0,1,269.789403483073
2025-02-23 20:00:00,0,0,1,319.1783235677084
2025-02-23 21:00:00,0,0,0,381.21369466145836
2025-02-23 22:00:00,0,0,0,420.124755859375
2025-02-23 23:00:00,0,0,0,456.3591365559896
2025-02-24 00:00:00,0,0,0,499.45611897786466
2025-02-24 01:00:00,0,0,0,512.0570353190104
2025-02-24 02:00:00,0,0,0,512.3973885091145
2025-02-24 03:00:00,0,0,0,505.14716145833336
2025-02-24 04:00:00,0,0,0,492.96735188802086
2025-02-24 05:00:00,0,0,0,462.8363370768228
2025-02-24 06:00:00,0,0,0,408.3815958658854
2025-02-24 07:00:00,0,0,0,353.24410725911446
2025-02-24 08:00:00,0,0,0,327.3007430013022
2025-02-24 09:00:00,0,0,0,316.244619140625
2025-02-24 10:00:00,0,0,0,319.4370475260416
2025-02-24 11:00:00,0,0,0,348.1977425130208
2025-02-24 12:00:00,0,0,0,355.2481909179687
2025-02-24 13:00:00,0,0,0,370.6658650716147
2025-02-24 14:00:00,0,0,0,400.46908528645827
2025-02-24 15:00:00,0,0,0,403.6474462890626
2025-02-24 16:00:00,0,0,0,375.76751302083335
2025-02-24 17:00:00,0,0,0,311.187764485677
2025-02-24 18:00:00,0,0,0,244.67802327473953
2025-02-24 19:00:00,0,0,2,225.31402262369784
2025-02-24 20:00:00,0,0,1,286.21879394531254
2025-02-24 21:00:00,0,0,0,357.45696207682295
2025-02-24 22:00:00,0,0,0,407.2473291015625
2025-02-24 23:00:00,0,0,0,455.31951741536454
2025-02-25 00:00:00,0,0,0,483.3849186197916
2025-02-25 01:00:00,0,0,0,499.19999837239584
2025-02-25 02:00:00,0,0,0,502.51203450520836
2025-02-25 03:00:00,0,0,0,497.32258626302087
2025-02-25 04:00:00,0,0,0,487.19428466796876
2025-02-25 05:00:00,0,0,0,458.4007446289063
2025-02-25 06:00:00,0,0,0,407.18365885416677
2025-02-25 07:00:00,0,0,0,356.65718180338536
2025-02-25 08:00:00,0,0,0,348.6369685872396
2025-02-25 09:00:00,0,0,0,351.40384602864583
2025-02-25 10:00:00,0,0,0,360.0064689127603
2025-02-25 11:00:00,0,0,0,375.3050089518231
2025-02-25 12:00:00,0,0,0,400.433846842448
2025-02-25 13:00:00,0,0,0,415.73905843098964
2025-02-25 14:00:00,0,0,0,443.32235270182287
2025-02-25 15:00:00,0,0,0,422.6273055013021
2025-02-25 16:00:00,0,0,0,383.59587239583334
2025-02-25 17:00:00,0,0,0,304.8952758789062
2025-02-25 18:00:00,0,0,1,232.99674235026043
2025-02-25 19:00:00,0,0,2,214.90888020833336
2025-02-25 20:00:00,0,0,1,276.1346468098959
2025-02-25 21:00:00,0,0,0,350.2291276041667
2025-02-25 22:00:00,0,0,0,397.8261832682292
2025-02-25 23:00:00,0,0,0,440.33769775390624
2025-02-26 00:00:00,0,0,0,485.33283528645836
2025-02-26 01:00:00,0,0,0,498.01800374348954
2025-02-26 02:00:00,0,0,0,498.35565755208336
2025-02-26 03:00:00,0,0,0,491.5927905273437
2025-02-26 04:00:00,0,0,0,478.2990535481771
2025-02-26 05:00:00,0,0,0,452.39019449869784
2025-02-26 06:00:00,0,0,0,402.7878133138021
2025-02-26 07:00:00,0,0,0,353.0898649088542
2025-02-26 08:00:00,0,0,0,339.5463859049478
2025-02-26 09:00:00,0,0,0,352.6875048828124
2025-02-26 10:00:00,0,0,0,366.55471842447923
2025-02-26 11:00:00,0,0,0,397.14518310546873
2025-02-26 12:00:00,0,0,0,412.6942317708333
2025-02-26 13:00:00,0,0,0,412.47919352213535
2025-02-26 14:00:00,0,0,0,426.86957519531234
2025-02-26 15:00:00,0,0,0,422.6947778320314
2025-02-26 16:00:00,0,0,0,391.0357714843751
2025-02-26 17:00:00,0,0,0,315.6040478515624
2025-02-26 18:00:00,0,0,1,241.41660644531248
2025-02-26 19:00:00,0,0,2,220.49581461588548
2025-02-26 20:00:00,0,0,1,278.81573893229165
2025-02-26 21:00:00,0,0,0,354.08295572916666
2025-02-26 22:00:00,0,0,0,404.2977425130208
2025-02-26 23:00:00,0,0,0,448.0033894856771
2025-02-27 00:00:00,0,0,0,493.7075252278646
2025-02-27 01:00:00,0,0,0,505.96943115234376
2025-02-27 02:00:00,0,0,0,506.48517089843745
2025-02-27 03:00:00,0,0,0,503.99434407552087
2025-02-27 04:00:00,0,0,0,493.17597574869797
2025-02-27 05:00:00,0,0,0,470.26606282552086
2025-02-27 06:00:00,0,0,0,429.3983390299479
2025-02-27 07:00:00,0,0,0,386.7369458007811
2025-02-27 08:00:00,0,0,0,374.30046468098953
2025-02-27 09:00:00,0,0,0,373.53915364583327
2025-02-27 10:00:00,0,0,0,383.19036946614597
2025-02-27 11:00:00,0,0,0,404.56802164713554
2025-02-27 12:00:00,0,0,0,438.60599039713566
2025-02-27 13:00:00,0,0,0,424.14373616536454
2025-02-27 14:00:00,0,0,0,442.31744547526046
2025-02-27 15:00:00,0,0,0,430.39106445312495
2025-02-27 16:00:00,0,0,0,344.54533447265624
2025-02-27 17:00:00,0,0,1,219.89875406901047
2025-02-27 18:00:00,0,0,1,147.2498958333333
2025-02-27 19:00:00,0,0,2,126.05744873046876
2025-02-27 20:00:00,0,0,2,184.1510050455729
2025-02-27 21:00:00,0,0,0,260.9149479166666
2025-02-27 22:00:00,0,0,0,310.9129703776041
2025-02-27 23:00:00,0,0,0,353.49759440104174
2025-02-28 00:00:00,0,0,0,414.1858064778646
2025-02-28 01:00:00,0,0,0,427.374364420573
2025-02-28 02:00:00,0,0,0,425.9212577311198
2025-02-28 03:00:00,0,0,0,418.07306722005205
2025-02-28 04:00:00,0,0,0,407.42646077473955
2025-02-28 05:00:00,0,0,0,386.62740966796866
2025-02-28 06:00:00,0,0,0,345.99542480468756
2025-02-28 07:00:00,0,0,0,301.5234578450521
2025-02-28 08:00:00,0,0,0,287.4102880859376
2025-02-28 09:00:00,0,0,0,285.5911767578125
2025-02-28 10:00:00,0,0,0,273.8925520833334
2025-02-28 11:00:00,0,0,0,305.6348763020833
2025-02-28 12:00:00,0,0,0,324.9128304036458
2025-02-28 13:00:00,0,0,0,362.41204833984375
2025-02-28 14:00:00,0,0,0,449.8512060546875
2025-02-28 15:00:00,0,0,0,431.22199218750006
2025-02-28 16:00:00,0,0,0,399.97429280598953
2025-02-28 17:00:00,0,0,0,328.8419278971354
2025-02-28 18:00:00,0,0,0,258.15629964192703
2025-02-28 19:00:00,0,0,2,231.6668880208333
2025-02-28 20:00:00,0,0,1,289.0403157552083
2025-02-28 21:00:00,0,0,0,363.1689322916667
2025-02-28 22:00:00,0,0,0,414.8116121419272
2025-02-28 23:00:00,0,0,0,458.2247127278646
2025-03-01 00:00:00,0,0,1,505.8485042317709
2025-03-01 01:00:00,0,0,1,524.7975317382812
2025-03-01 02:00:00,0,0,1,523.1017553710938
2025-03-01 03:00:00,0,0,1,515.5871659342448
2025-03-01 04:00:00,0,0,1,503.404932454427
2025-03-01 05:00:00,0,0,1,478.5445572916667
2025-03-01 06:00:00,0,0,1,439.7878149414063
2025-03-01 07:00:00,0,0,1,395.7399951171875
2025-03-01 08:00:00,0,0,1,382.8993359374999
2025-03-01 09:00:00,0,0,1,381.76935221354165
2025-03-01 10:00:00,0,0,1,399.99091552734376
2025-03-01 11:00:00,0,0,1,424.6209554036459
2025-03-01 12:00:00,0,0,1,431.1402351888021
2025-03-01 13:00:00,0,0,1,459.50798909505215
2025-03-01 14:00:00,0,0,1,457.48137125651056
2025-03-01 15:00:00,0,0,1,464.5715405273436
2025-03-01 16:00:00,0,0,1,419.69683105468744
2025-03-01 17:00:00,0,0,1,343.0315364583332
2025-03-01 18:00:00,0,0,1,270.7820052083333
2025-03-01 19:00:00,0,0,2,245.7044498697917
2025-03-01 20:00:00,0,0,2,302.75605061848955
2025-03-01 21:00:00,0,0,1,377.44926350911453
2025-03-01 22:00:00,0,0,1,425.64703857421875
2025-03-01 23:00:00,0,0,1,468.61945149739586
2025-03-02 00:00:00,0,0,1,489.41545003255203
2025-03-02 01:00:00,0,0,1,506.7050756835938
2025-03-02 02:00:00,0,0,1,510.5345353190104
2025-03-02 03:00:00,0,0,1,510.8646435546875
2025-03-02 04:00:00,0,0,1,509.5485550944011
2025-03-02 05:00:00,0,0,1,494.88079427083335
2025-03-02 06:00:00,0,0,1,458.5516658528645
2025-03-02 07:00:00,0,0,1,426.0202612304686
2025-03-02 08:00:00,0,0,1,412.7262947591146
2025-03-02 09:00:00,0,0,1,414.37395914713534
2025-03-02 10:00:00,0,0,1,408.86738199869797
2025-03-02 11:00:00,0,0,1,451.89996907552086
2025-03-02 12:00:00,0,0,1,472.07023670415765
2025-03-02 13:00:00,0,0,1,457.98772298177073
2025-03-02 14:00:00,0,0,1,482.74348632812485
2025-03-02 15:00:00,0,0,1,464.003427734375
2025-03-02 16:00:00,0,0,1,428.58916666666664
2025-03-02 17:00:00,0,0,1,346.0289672851562
2025-03-02 18:00:00,0,0,1,276.391455078125
2025-03-02 19:00:00,0,0,2,249.85311035156258
2025-03-02 20:00:00,0,0,2,294.674951171875
2025-03-02 21:00:00,0,0,1,363.06184651692706
2025-03-02 22:00:00,0,0,1,416.8340771484376
2025-03-02 23:00:00,0,0,1,459.38681477864577
2025-03-03 00:00:00,0,0,1,476.1105647786459
2025-03-03 01:00:00,0,0,1,493.0873803710937
2025-03-03 02:00:00,0,0,1,497.89277506510416
2025-03-03 03:00:00,0,0,1,502.92304931640626
2025-03-03 04:00:00,0,0,1,507.27069254557296
2025-03-03 05:00:00,0,0,1,497.9308015950521
2025-03-03 06:00:00,0,0,1,457.1451342773437
2025-03-03 07:00:00,0,0,1,429.3410498046876
2025-03-03 08:00:00,0,0,1,423.88431803385424
2025-03-03 09:00:00,0,0,1,426.8720139946372
2025-03-03 10:00:00,0,0,1,440.8204296875001
2025-03-03 11:00:00,0,0,1,468.2285205078126
2025-03-03 12:00:00,0,0,1,483.9641479492186
2025-03-03 13:00:00,0,0,1,494.375498046875
2025-03-03 14:00:00,0,0,1,504.21219075520844
2025-03-03 15:00:00,0,0,1,493.56557047526053
2025-03-03 16:00:00,0,0,1,441.738819986979
2025-03-03 17:00:00,0,0,1,347.9415039062501
2025-03-03 18:00:00,0,0,1,269.90558186848966
2025-03-03 19:00:00,0,0,3,242.6760286458334
2025-03-03 20:00:00,0,0,2,284.3297045898437
2025-03-03 21:00:00,0,0,1,354.97407714843746
2025-03-03 22:00:00,0,0,1,408.5081648763021
2025-03-03 23:00:00,0,0,1,444.4606868489584
2025-03-04 00:00:00,0,0,1,336.0804638671875
2025-03-04 01:00:00,0,0,1,357.514423828125
2025-03-04 02:00:00,0,0,1,366.6018082682292
2025-03-04 03:00:00,0,0,1,369.9077010091146
2025-03-04 04:00:00,0,0,1,373.4385693359376
2025-03-04 05:00:00,0,0,1,369.55744628906245
2025-03-04 06:00:00,0,0,1,347.8208178710938
2025-03-04 07:00:00,0,0,1,328.02294921875
2025-03-04 08:00:00,0,0,1,332.1023339843749
2025-03-04 09:00:00,0,0,1,348.2330428059895
2025-03-04 10:00:00,0,0,1,363.11494547526036
2025-03-04 11:00:00,0,0,1,386.51457356770834
2025-03-04 12:00:00,0,0,1,398.43008056640633
2025-03-04 13:00:00,0,0,1,407.7385636393228
2025-03-04 14:00:00,0,0,1,412.9556925455729
2025-03-04 15:00:00,0,0,1,392.71612141927085
2025-03-04 16:00:00,0,0,1,334.05194417317705
2025-03-04 17:00:00,0,0,2,241.28328776041667
2025-03-04 18:00:00,0,0,2,165.23565429687505
2025-03-04 19:00:00,0,0,3,131.71571858723962
2025-03-04 20:00:00,0,0,3,158.80845133463538
2025-03-04 21:00:00,0,0,2,230.2903011067708
2025-03-04 22:00:00,0,0,1,290.7159594726562
2025-03-04 23:00:00,0,0,1,326.7713793945312
2025-03-05 00:00:00,0,0,1,332.0391902669271
2025-03-05 01:00:00,0,0,1,351.20929199218745
2025-03-05 02:00:00,0,0,1,363.1728328450521
2025-03-05 03:00:00,0,0,1,367.72270670572914
2025-03-05 04:00:00,0,0,1,374.2626806640625
2025-03-05 05:00:00,0,0,1,373.8395922851562
2025-03-05 06:00:00,0,0,1,354.6839363606771
2025-03-05 07:00:00,0,0,1,338.4436246744792
2025-03-05 08:00:00,0,0,1,350.40606201171875
2025-03-05 09:00:00,0,0,1,372.6243147786457
2025-03-05 10:00:00,0,0,1,389.8104321289063
2025-03-05 11:00:00,0,0,1,412.02300048828124
2025-03-05 12:00:00,0,0,1,424.9084798177082
2025-03-05 13:00:00,0,0,1,429.04049072265616
2025-03-05 14:00:00,0,0,1,434.18756998697904
2025-03-05 15:00:00,0,0,1,415.61077311197914
2025-03-05 16:00:00,0,0,1,355.1591520182292
2025-03-05 17:00:00,0,0,1,262.7236319986979
2025-03-05 18:00:00,0,0,2,190.4920825195312
2025-03-05 19:00:00,0,0,3,151.35527669270834
2025-03-05 20:00:00,0,0,3,167.56777180989582
2025-03-05 21:00:00,0,0,2,231.5416219075521
2025-03-05 22:00:00,0,0,1,284.54232096354167
2025-03-05 23:00:00,0,0,1,317.1762589518229
2025-03-06 00:00:00,0,0,1,328.2446533203125
2025-03-06 01:00:00,0,0,1,345.8291349283853
2025-03-06 02:00:00,0,0,1,360.4718204752604
2025-03-06 03:00:00,0,0,1,370.0170003255208
2025-03-06 04:00:00,0,0,1,376.79398600260413
2025-03-06 05:00:00,0,0,1,376.4698299153646
2025-03-06 06:00:00,0,0,1,357.0366471354166
2025-03-06 07:00:00,0,0,1,344.64349690755216
2025-03-06 08:00:00,0,0,1,353.54044433593754
2025-03-06 09:00:00,0,0,1,373.963135579427
2025-03-06 10:00:00,0,0,1,390.44243001302084
2025-03-06 11:00:00,0,0,1,412.3050480143229
2025-03-06 12:00:00,0,0,1,415.5660725911457
2025-03-06 13:00:00,0,0,1,420.0833610026041
2025-03-06 14:00:00,0,0,1,422.7950162760417
2025-03-06 15:00:00,0,0,1,403.11955159505214
2025-03-06 16:00:00,0,0,1,343.4540706380209
2025-03-06 17:00:00,0,0,1,260.0217993164064
2025-03-06 18:00:00,0,0,2,193.2034708658855
2025-03-06 19:00:00,0,0,3,158.66716634114584
2025-03-06 20:00:00,0,0,3,169.33542561848958
2025-03-06 21:00:00,0,0,2,226.36046223958328
2025-03-06 22:00:00,0,0,1,280.5954801432291
2025-03-06 23:00:00,0,0,1,313.4687231445313
2025-03-07 00:00:00,0,0,1,324.9825528971354
2025-03-07 01:00:00,0,0,1,344.8075919596355
2025-03-07 02:00:00,0,0,1,360.79460286458334
2025-03-07 03:00:00,0,0,1,373.1737190755208
2025-03-07 04:00:00,0,0,1,385.56961751302083
2025-03-07 05:00:00,0,0,1,386.3930810546875
2025-03-07 06:00:00,0,0,1,372.7942138671875
2025-03-07 07:00:00,0,0,1,365.88701497395823
2025-03-07 08:00:00,0,0,1,378.89567952473953
2025-03-07 09:00:00,0,0,1,399.1463403320313
2025-03-07 10:00:00,0,0,1,416.4284822591146
2025-03-07 11:00:00,0,0,1,437.29557942708334
2025-03-07 12:00:00,0,0,1,444.3792928059895
2025-03-07 13:00:00,0,0,1,448.5531070963541
2025-03-07 14:00:00,0,0,1,456.7776928710937
2025-03-07 15:00:00,0,0,1,433.52691813151034
2025-03-07 16:00:00,0,0,1,367.9496793619792
2025-03-07 17:00:00,0,0,1,276.58565022786456
2025-03-07 18:00:00,0,0,2,206.60158691406252
2025-03-07 19:00:00,0,0,3,169.75746582031252
2025-03-07 20:00:00,0,1,3,170.95783203125006
2025-03-07 21:00:00,0,1,2,223.51849934895836
2025-03-07 22:00:00,0,0,1,282.5412744140625
2025-03-07 23:00:00,0,0,1,314.43011881510415
2025-03-08 00:00:00,0,0,1,314.5919327799479
2025-03-08 01:00:00,0,0,1,331.8882967122396
2025-03-08 02:00:00,0,0,1,349.03156656901047
2025-03-08 03:00:00,0,0,1,363.35174967447915
2025-03-08 04:00:00,0,0,1,377.87934000651035
2025-03-08 05:00:00,0,0,1,381.0054972330729
2025-03-08 06:00:00,0,0,1,367.6380704752605
2025-03-08 07:00:00,0,0,1,369.73466959635414
2025-03-08 08:00:00,0,0,1,392.04104899088543
2025-03-08 09:00:00,0,0,1,420.2873657226562
2025-03-08 10:00:00,0,0,1,441.76826334635416
2025-03-08 11:00:00,0,0,1,463.9340657552084
2025-03-08 12:00:00,0,0,1,474.10127360026036
2025-03-08 13:00:00,0,0,1,465.10249430338536
2025-03-08 14:00:00,0,0,1,356.04390055338547
2025-03-08 15:00:00,0,0,1,323.1042545572916
2025-03-08 16:00:00,0,0,1,255.07049397786466
2025-03-08 17:00:00,0,0,2,166.23124348958333
2025-03-08 18:00:00,0,0,2,98.26935058593745
2025-03-08 19:00:00,0,0,3,57.40962890625008
2025-03-08 20:00:00,0,0,3,47.37657633463539
2025-03-08 21:00:00,0,0,3,95.77142822265625
2025-03-08 22:00:00,0,0,2,151.58732421875004
2025-03-08 23:00:00,0,0,2,234.32050048828125
2025-03-09 00:00:00,0,0,1,329.45369059244797
2025-03-09 01:00:00,0,0,1,342.2991967773437
2025-03-09 02:00:00,0,0,1,357.66263834635413
2025-03-09 03:00:00,0,0,1,370.2838305664062
2025-03-09 04:00:00,0,0,1,381.8237695312499
2025-03-09 05:00:00,0,0,1,387.4531131998698
2025-03-09 06:00:00,0,0,1,377.1692130533854
2025-03-09 07:00:00,0,0,1,382.21675537109377
2025-03-09 08:00:00,0,0,1,408.4238256835938
2025-03-09 09:00:00,0,0,1,438.5447143554687
2025-03-09 10:00:00,0,0,1,460.029052734375
2025-03-09 11:00:00,0,0,1,478.8192244466145
2025-03-09 12:00:00,0,0,1,483.11810221354176
2025-03-09 13:00:00,0,0,1,487.9705924479167
2025-03-09 14:00:00,0,0,1,490.1119368489583
2025-03-09 15:00:00,0,0,1,459.0311458333333
2025-03-09 16:00:00,0,0,1,394.66548095703126
2025-03-09 17:00:00,0,0,1,307.5928792317708
2025-03-09 18:00:00,0,0,2,236.17416748046867
2025-03-09 19:00:00,0,0,3,192.36420979817706
2025-03-09 20:00:00,0,0,3,180.2853979492188
2025-03-09 21:00:00,0,0,3,228.65226562500004
2025-03-09 22:00:00,0,0,1,284.4397241210937
2025-03-09 23:00:00,0,0,1,315.6212036132813
2025-03-10 00:00:00,0,0,1,344.45500406901044
2025-03-10 01:00:00,0,0,1,356.4433959960937
2025-03-10 02:00:00,0,0,1,372.8747192382813
2025-03-10 03:00:00,0,0,1,383.88065592447913
2025-03-10 04:00:00,0,0,1,395.7471907552083
2025-03-10 05:00:00,0,0,1,400.1328141276042
2025-03-10 06:00:00,0,0,1,385.2337223307293
2025-03-10 07:00:00,0,0,1,387.1419807942709
2025-03-10 08:00:00,0,0,1,412.6742041015625
2025-03-10 09:00:00,0,0,1,441.22931559244785
2025-03-10 10:00:00,0,0,1,465.03518066406264
2025-03-10 11:00:00,0,0,1,486.4434814453125
2025-03-10 12:00:00,0,0,1,488.3990315755209
2025-03-10 13:00:00,0,0,1,488.17215657552083
2025-03-10 14:00:00,0,0,1,483.5626147460937
2025-03-10 15:00:00,0,0,1,459.0982983398436
2025-03-10 16:00:00,0,0,1,393.2401188151041
2025-03-10 17:00:00,0,0,1,302.9931380208334
2025-03-10 18:00:00,0,0,2,230.32675130208338
2025-03-10 19:00:00,0,0,3,186.18097412109375
2025-03-10 20:00:00,0,0,3,174.5329630533854
2025-03-10 21:00:00,0,0,3,222.26188313802083
2025-03-10 22:00:00,0,0,1,279.8085701497396
2025-03-10 23:00:00,0,0,1,311.7022770182291
2025-03-11 00:00:00,0,0,1,318.10147867838543
2025-03-11 01:00:00,0,0,1,337.4451619466146
2025-03-11 02:00:00,0,0,1,354.71758789062505
2025-03-11 03:00:00,0,0,1,371.12169921875
2025-03-11 04:00:00,0,0,1,386.3520686848958
2025-03-11 05:00:00,0,0,1,390.1407572428385
2025-03-11 06:00:00,0,0,1,374.59011149088553
2025-03-11 07:00:00,0,0,1,382.3071215820313
2025-03-11 08:00:00,0,0,1,404.81450032552084
2025-03-11 09:00:00,0,0,1,428.27371337890634
2025-03-11 10:00:00,0,0,1,449.2973291015626
2025-03-11 11:00:00,0,0,1,469.04229003906244
2025-03-11 12:00:00,0,0,1,474.5119384765626
2025-03-11 13:00:00,0,0,1,478.34845540364586
2025-03-11 14:00:00,0,0,1,478.07880777994797
2025-03-11 15:00:00,0,0,1,451.27243273029217
2025-03-11 16:00:00,0,0,1,383.97270996093755
2025-03-11 17:00:00,0,0,1,293.20232910156255
2025-03-11 18:00:00,0,0,2,220.89363525390615
2025-03-11 19:00:00,0,0,3,174.39140950520834
2025-03-11 20:00:00,0,0,3,160.08723551432297
2025-03-11 21:00:00,0,0,3,208.25430664062503
2025-03-11 22:00:00,0,0,1,269.5242089843749
2025-03-11 23:00:00,0,0,1,300.4993758138021
2025-03-12 00:00:00,0,0,1,328.67330403645826
2025-03-12 01:00:00,0,0,1,345.968418782552
2025-03-12 02:00:00,0,0,1,360.36174560546874
2025-03-12 03:00:00,0,0,1,376.7235262044271
2025-03-12 04:00:00,0,0,1,390.79169759114586
2025-03-12 05:00:00,0,0,1,400.2049645996093
2025-03-12 06:00:00,0,0,1,392.92611409505207
2025-03-12 07:00:00,0,0,1,401.37702311197916
2025-03-12 08:00:00,0,0,1,425.8052888997395
2025-03-12 09:00:00,0,0,1,449.2446451822917
2025-03-12 10:00:00,0,0,1,469.2104768880208
2025-03-12 11:00:00,0,0,1,487.406035970052
2025-03-12 12:00:00,0,0,1,491.02791503906246
2025-03-12 13:00:00,0,0,1,490.793701985677
2025-03-12 14:00:00,0,0,1,488.6651546223959
2025-03-12 15:00:00,0,0,1,460.4676831054687
2025-03-12 16:00:00,0,0,1,396.47049153645844
2025-03-12 17:00:00,0,0,1,308.8184855143229
2025-03-12 18:00:00,0,0,2,235.19632080078134
2025-03-12 19:00:00,0,0,3,188.41474853515626
2025-03-12 20:00:00,0,0,3,173.57586751302074
2025-03-12 21:00:00,0,0,3,217.87327962239578
2025-03-12 22:00:00,0,0,1,273.4106160481771
2025-03-12 23:00:00,0,0,1,304.14169189453116
2025-03-13 00:00:00,0,0,1,320.69063639322917
2025-03-13 01:00:00,0,0,1,343.2653776041666
2025-03-13 02:00:00,0,0,1,360.6381648763021
2025-03-13 03:00:00,0,0,1,376.32344075520837
2025-03-13 04:00:00,0,0,1,393.0887544759115
2025-03-13 05:00:00,0,0,1,402.74520182291667
2025-03-13 06:00:00,0,0,1,394.9525439453124
2025-03-13 07:00:00,0,0,1,401.0860384114584
2025-03-13 08:00:00,0,0,1,422.2176554361979
2025-03-13 09:00:00,0,0,1,445.5610034179688
2025-03-13 10:00:00,0,0,1,463.3311596679689
2025-03-13 11:00:00,0,0,1,484.56802001953133
2025-03-13 12:00:00,0,0,1,491.4606868489584
2025-03-13 13:00:00,0,0,1,493.9903076171877
2025-03-13 14:00:00,0,0,1,491.2739192708334
2025-03-13 15:00:00,0,0,1,462.9813549804687
2025-03-13 16:00:00,0,0,1,400.36722737630214
2025-03-13 17:00:00,0,0,1,309.0687622070312
2025-03-13 18:00:00,0,0,1,238.23347819010417
2025-03-13 19:00:00,0,0,3,192.8654956054687
2025-03-13 20:00:00,0,0,3,178.62491617838543
2025-03-13 21:00:00,0,0,3,221.5661767578125
2025-03-13 22:00:00,0,0,1,274.6485392252604
2025-03-13 23:00:00,0,0,1,307.49392415364593
2025-03-14 00:00:00,0,0,1,321.5230550130208
2025-03-14 01:00:00,0,0,1,343.85847737630206
2025-03-14 02:00:00,0,0,1,361.487158203125
2025-03-14 03:00:00,0,0,1,378.5679638671876
2025-03-14 04:00:00,0,0,1,392.3034281412761
2025-03-14 05:00:00,0,0,1,398.7998063151042
2025-03-14 06:00:00,0,0,1,389.4663264973957
2025-03-14 07:00:00,0,0,1,390.0081477864584
2025-03-14 08:00:00,0,0,1,397.3113956705729
2025-03-14 09:00:00,0,0,1,419.7000577799479
2025-03-14 10:00:00,0,0,1,421.96491617838547
2025-03-14 11:00:00,0,0,1,424.8690299479166
2025-03-14 12:00:00,0,0,1,448.1939786783855
2025-03-14 13:00:00,0,0,1,456.8681437174479
2025-03-14 14:00:00,0,0,1,429.4227058919272
2025-03-14 15:00:00,0,0,1,440.6843408203126
2025-03-14 16:00:00,0,0,1,376.51007486979165
2025-03-14 17:00:00,0,0,1,303.4108626302084
2025-03-14 18:00:00,0,0,2,231.74396240234364
2025-03-14 19:00:00,0,0,3,187.51643961588536
2025-03-14 20:00:00,0,0,3,170.06144368489583
2025-03-14 21:00:00,0,0,3,213.06375569661452
2025-03-14 22:00:00,0,0,1,269.1065502929688
2025-03-14 23:00:00,0,0,1,305.09174886067706
2025-03-15 00:00:00,0,0,1,314.34538655598953
2025-03-15 01:00:00,0,0,1,338.29719645182297
2025-03-15 02:00:00,0,0,1,361.1147330729167
2025-03-15 03:00:00,0,0,1,379.887919921875
2025-03-15 04:00:00,0,0,1,393.98690633138017
2025-03-15 05:00:00,0,0,1,400.96588948567705
2025-03-15 06:00:00,0,0,1,392.21306477864584
2025-03-15 07:00:00,0,0,1,391.3842903645834
2025-03-15 08:00:00,0,0,1,400.16595052083335
2025-03-15 09:00:00,0,0,1,405.7067879231771
2025-03-15 10:00:00,0,0,1,420.7589331054688
2025-03-15 11:00:00,0,0,1,420.64372884114584
2025-03-15 12:00:00,0,0,1,437.1439200846354
2025-03-15 13:00:00,0,0,1,460.0319555664064
2025-03-15 14:00:00,0,0,1,463.9774235026042
2025-03-15 15:00:00,0,0,1,439.9149080403645
2025-03-15 16:00:00,0,0,1,386.64680013020836
2025-03-15 17:00:00,0,0,1,308.89225016276055
2025-03-15 18:00:00,0,0,1,242.83083821614593
2025-03-15 19:00:00,0,0,3,198.70722574869797
2025-03-15 20:00:00,0,0,3,179.92216552734374
2025-03-15 21:00:00,0,0,3,219.17378987630207
2025-03-15 22:00:00,0,0,1,272.90094156901046
2025-03-15 23:00:00,0,0,1,305.2520621744792
2025-03-16 00:00:00,0,0,1,333.71223063151047
2025-03-16 01:00:00,0,0,1,353.75153564453126
2025-03-16 02:00:00,0,0,1,371.780272623698
2025-03-16 03:00:00,0,0,1,385.83198974609377
2025-03-16 04:00:00,0,0,1,399.6744307454427
2025-03-16 05:00:00,0,0,1,406.1551342773438
2025-03-16 06:00:00,0,0,1,397.3853466796875
2025-03-16 07:00:00,0,0,1,392.57376139322923
2025-03-16 08:00:00,0,0,1,412.21564046223955
2025-03-16 09:00:00,0,0,1,417.5988712565104
2025-03-16 10:00:00,0,0,1,425.621572265625
2025-03-16 11:00:00,0,0,1,442.46525960286453
2025-03-16 12:00:00,0,0,1,451.73883463541665
2025-03-16 13:00:00,0,0,1,437.4987662760416
2025-03-16 14:00:00,0,0,1,473.54061442057287
2025-03-16 15:00:00,0,0,1,437.7973876953125
2025-03-16 16:00:00,0,0,1,389.1817456054688
2025-03-16 17:00:00,0,0,1,317.74788736979156
2025-03-16 18:00:00,0,0,1,246.09392903645823
2025-03-16 19:00:00,0,0,3,202.61136149088532
2025-03-16 20:00:00,0,0,3,186.4013623046875
2025-03-16 21:00:00,0,0,3,227.7863842773438
2025-03-16 22:00:00,0,0,1,283.9847566731771
2025-03-16 23:00:00,0,0,1,318.6221980794271
2025-03-17 00:00:00,0,0,1,337.608301595052
2025-03-17 01:00:00,0,0,1,359.7231770833333
2025-03-17 02:00:00,0,0,1,374.0847249348958
2025-03-17 03:00:00,0,0,1,386.85405436197914
2025-03-17 04:00:00,0,0,1,398.92557088216154
2025-03-17 05:00:00,0,0,1,406.1057067871094
2025-03-17 06:00:00,0,0,1,400.3557080078126
2025-03-17 07:00:00,0,0,1,409.1144124348958
2025-03-17 08:00:00,0,0,1,430.87946533203126
2025-03-17 09:00:00,0,0,1,451.8518424479166
2025-03-17 10:00:00,0,0,1,470.9052547200522
2025-03-17 11:00:00,0,0,1,488.2894563802083
2025-03-17 12:00:00,0,0,1,497.9855908203126
2025-03-17 13:00:00,0,0,1,501.3211433919271
2025-03-17 14:00:00,0,0,1,498.33672851562505
2025-03-17 15:00:00,0,0,1,471.2436678059895
2025-03-17 16:00:00,0,0,1,410.0572770182291
2025-03-17 17:00:00,0,0,1,318.8601236979166
2025-03-17 18:00:00,0,0,1,242.77848063151043
2025-03-17 19:00:00,0,0,3,197.29732503255207
2025-03-17 20:00:00,0,0,3,176.99892903645843
2025-03-17 21:00:00,0,0,3,215.7285074869792
2025-03-17 22:00:00,0,0,1,268.85823160807297
2025-03-17 23:00:00,0,0,1,304.4101505533854
2025-03-18 00:00:00,0,0,1,314.8304378255209
2025-03-18 01:00:00,0,0,1,335.06501057942705
2025-03-18 02:00:00,0,0,1,355.0082845052083
2025-03-18 03:00:00,0,0,1,370.8405834960938
2025-03-18 04:00:00,0,0,1,384.43804117838545
2025-03-18 05:00:00,0,0,1,390.0472802734374
2025-03-18 06:00:00,0,0,1,379.61261149088546
2025-03-18 07:00:00,0,0,1,386.52724772135423
2025-03-18 08:00:00,0,0,1,378.08256754557294
2025-03-18 09:00:00,0,0,1,397.2184106445312
2025-03-18 10:00:00,0,0,1,423.4570068359376
2025-03-18 11:00:00,0,0,1,441.1452897135416
2025-03-18 12:00:00,0,0,1,457.5067561848957
2025-03-18 13:00:00,0,0,1,449.8388753255208
2025-03-18 14:00:00,0,0,1,456.4496289062499
2025-03-18 15:00:00,0,0,1,431.9057625325522
2025-03-18 16:00:00,0,0,1,399.1512459309896
2025-03-18 17:00:00,0,0,1,314.6060432942709
2025-03-18 18:00:00,0,0,1,245.17025634765616
2025-03-18 19:00:00,0,0,3,199.5815608723958
2025-03-18 20:00:00,0,0,3,179.59184488932294
2025-03-18 21:00:00,0,0,3,216.5754565429687
2025-03-18 22:00:00,0,0,1,267.6981201171875
2025-03-18 23:00:00,0,0,1,297.1569571940105
2025-03-19 00:00:00,0,0,1,302.80413981119796
2025-03-19 01:00:00,0,0,1,326.39241536458337
2025-03-19 02:00:00,0,0,1,346.71183756510413
2025-03-19 03:00:00,0,0,1,363.1683544921875
2025-03-19 04:00:00,0,0,1,376.92574381510417
2025-03-19 05:00:00,0,0,1,385.41851074218744
2025-03-19 06:00:00,0,0,1,373.71318359375005
2025-03-19 07:00:00,0,0,1,368.27045166015625
2025-03-19 08:00:00,0,0,1,369.94231852213545
2025-03-19 09:00:00,0,0,1,395.7658959960937
2025-03-19 10:00:00,0,0,1,413.4593424479167
2025-03-19 11:00:00,0,0,1,419.50156819661447
2025-03-19 12:00:00,0,0,1,425.3678361002603
2025-03-19 13:00:00,0,0,1,417.84832194010426
2025-03-19 14:00:00,0,0,1,449.364706217448
2025-03-19 15:00:00,0,0,1,434.16862304687504
2025-03-19 16:00:00,0,0,1,373.6112955729167
2025-03-19 17:00:00,0,0,1,301.8118953450521
2025-03-19 18:00:00,0,0,1,232.95776774088552
2025-03-19 19:00:00,0,0,3,183.99616699218745
2025-03-19 20:00:00,0,0,3,164.0155094401041
2025-03-19 21:00:00,0,0,3,203.42266276041664
2025-03-19 22:00:00,0,0,1,256.379541829427
2025-03-19 23:00:00,0,0,1,290.60574707031253
2025-03-20 00:00:00,0,0,1,307.65022867838536
2025-03-20 01:00:00,0,0,1,333.70808593749996
2025-03-20 02:00:00,0,0,1,350.3582747395833
2025-03-20 03:00:00,0,0,1,365.75642008463547
2025-03-20 04:00:00,0,0,1,379.7694026692709
2025-03-20 05:00:00,0,0,1,386.80057128906253
2025-03-20 06:00:00,0,0,1,376.8020458984374
2025-03-20 07:00:00,0,0,1,373.26519775390625
2025-03-20 08:00:00,0,0,1,398.1092802817135
2025-03-20 09:00:00,0,0,1,406.8810970052084
2025-03-20 10:00:00,0,0,1,409.7884155273438
2025-03-20 11:00:00,0,0,1,432.00845377604173
2025-03-20 12:00:00,0,0,1,400.7056591796875
2025-03-20 13:00:00,0,0,1,440.87151774088545
2025-03-20 14:00:00,0,0,1,430.8890242513021
2025-03-20 15:00:00,0,0,1,410.54998372395835
2025-03-20 16:00:00,0,0,1,375.5822599283854
2025-03-20 17:00:00,0,0,1,298.2937044270833
2025-03-20 18:00:00,0,0,2,224.9206315104168
2025-03-20 19:00:00,0,0,3,175.69121175130203
2025-03-20 20:00:00,0,0,3,152.8527962239583
2025-03-20 21:00:00,0,0,3,190.24087646484384
2025-03-20 22:00:00,0,0,1,245.1645581054688
2025-03-20 23:00:00,0,0,1,282.03643310546875
2025-03-21 00:00:00,0,0,1,328.1897998046875
2025-03-21 01:00:00,0,0,1,348.8171183268229
2025-03-21 02:00:00,0,0,1,364.14383056640634
2025-03-21 03:00:00,0,0,1,376.5609228515625
2025-03-21 04:00:00,0,0,1,389.4162426757813
2025-03-21 05:00:00,0,0,1,397.22773722330726
2025-03-21 06:00:00,0,0,1,389.9736401367187
2025-03-21 07:00:00,0,0,1,384.1665364583333
2025-03-21 08:00:00,0,0,1,387.52789632161466
2025-03-21 09:00:00,0,0,1,397.00320475260423
2025-03-21 10:00:00,0,0,1,396.4952221679688
2025-03-21 11:00:00,0,0,1,401.6036555989583
2025-03-21 12:00:00,0,0,1,393.4510432942708
2025-03-21 13:00:00,0,0,1,413.85406250000005
2025-03-21 14:00:00,0,0,1,424.00995849609365
2025-03-21 15:00:00,0,0,1,412.22318766276044
2025-03-21 16:00:00,0,0,1,370.23005615234376
2025-03-21 17:00:00,0,0,1,304.00432779947926
2025-03-21 18:00:00,0,0,1,243.2912638346353
2025-03-21 19:00:00,0,0,3,195.69514404296876
2025-03-21 20:00:00,0,0,3,173.37141682942706
2025-03-21 21:00:00,0,0,3,205.93840332031255
2025-03-21 22:00:00,0,0,1,258.1770206705729
2025-03-21 23:00:00,0,0,1,295.8514412434895
2025-03-22 00:00:00,0,0,1,288.7171769205729
2025-03-22 01:00:00,0,0,1,319.5594807942708
2025-03-22 02:00:00,0,0,1,339.44914632161453
2025-03-22 03:00:00,0,0,1,354.2448795572916
2025-03-22 04:00:00,0,0,1,366.91277343749994
2025-03-22 05:00:00,0,0,1,372.06008870442713
2025-03-22 06:00:00,0,0,1,359.4804809570312
2025-03-22 07:00:00,0,0,1,346.02192952473956
2025-03-22 08:00:00,0,0,1,344.05559895833323
2025-03-22 09:00:00,0,0,1,346.98382324218755
2025-03-22 10:00:00,0,0,1,350.5042757161459
2025-03-22 11:00:00,0,0,1,358.2433178710937
2025-03-22 12:00:00,0,0,1,353.62264811197906
2025-03-22 13:00:00,0,0,1,373.84417236328125
2025-03-22 14:00:00,0,0,1,394.22736897786456
2025-03-22 15:00:00,0,0,1,388.26947998046876
2025-03-22 16:00:00,0,0,1,352.2651253255208
2025-03-22 17:00:00,0,0,1,291.6447664388021
2025-03-22 18:00:00,0,0,1,232.3888907877605
2025-03-22 19:00:00,0,0,3,182.39442464192712
2025-03-22 20:00:00,0,0,3,156.37751953124996
2025-03-22 21:00:00,0,0,3,190.21047688802093
2025-03-22 22:00:00,0,0,1,243.00450113932288
2025-03-22 23:00:00,0,0,1,280.2508390299479
2025-03-23 00:00:00,0,0,1,311.9389477539063
2025-03-23 01:00:00,0,0,1,334.2260375976563
2025-03-23 02:00:00,0,0,1,350.5062581380208
2025-03-23 03:00:00,0,0,1,364.069090983073
2025-03-23 04:00:00,0,0,1,377.43719807942716
2025-03-23 05:00:00,0,0,1,382.1585327148438
2025-03-23 06:00:00,0,0,1,370.16024658203116
2025-03-23 07:00:00,0,0,1,380.7753051757812
2025-03-23 08:00:00,0,0,1,410.71920084635417
2025-03-23 09:00:00,0,0,1,443.3257942708333
2025-03-23 10:00:00,0,0,1,475.15519042968754
2025-03-23 11:00:00,0,0,1,501.2581534830729
2025-03-23 12:00:00,0,0,1,513.3014770507814
2025-03-23 13:00:00,0,0,1,515.572294921875
2025-03-23 14:00:00,0,0,1,512.8158174848827
2025-03-23 15:00:00,0,0,1,483.8854956054688
2025-03-23 16:00:00,0,0,1,420.86550944010423
2025-03-23 17:00:00,0,0,1,326.4018172200522
2025-03-23 18:00:00,0,0,1,239.97623697916663
2025-03-23 19:00:00,0,0,3,184.76975179036458
2025-03-23 20:00:00,0,0,3,159.4803507486979
2025-03-23 21:00:00,0,0,3,191.24071126302078
2025-03-23 22:00:00,0,0,1,242.99941406250002
2025-03-23 23:00:00,0,0,1,280.6703084309896
2025-03-24 00:00:00,0,0,1,309.38883951822913
2025-03-24 01:00:00,0,0,1,334.085712890625
2025-03-24 02:00:00,0,0,1,352.7990812174479
2025-03-24 03:00:00,0,0,1,367.3175244140625
2025-03-24 04:00:00,0,0,1,377.6424495442709
2025-03-24 05:00:00,0,0,1,381.89094807942706
2025-03-24 06:00:00,0,0,1,367.49555094401046
2025-03-24 07:00:00,0,0,1,368.28387125651045
2025-03-24 08:00:00,0,0,1,389.0412711588541
2025-03-24 09:00:00,0,0,1,391.4077278645833
2025-03-24 10:00:00,0,0,1,422.9643766276042
2025-03-24 11:00:00,0,0,1,432.5368326822917
2025-03-24 12:00:00,0,0,1,481.03022786458337
2025-03-24 13:00:00,0,0,1,454.18744059244796
2025-03-24 14:00:00,0,0,1,471.99261881510427
2025-03-24 15:00:00,0,0,1,422.45657307942713
2025-03-24 16:00:00,0,0,1,388.1095296223958
2025-03-24 17:00:00,0,0,1,315.2740681966146
2025-03-24 18:00:00,0,0,1,238.8223803710938
2025-03-24 19:00:00,0,0,3,183.326416015625
2025-03-24 20:00:00,0,0,3,152.318115234375
2025-03-24 21:00:00,0,0,3,184.74028727213545
2025-03-24 22:00:00,0,0,1,237.27460856119797
2025-03-24 23:00:00,0,0,1,276.2285017903646
2025-03-25 00:00:00,0,0,1,283.82076009114587
2025-03-25 01:00:00,0,0,1,313.2564371744792
2025-03-25 02:00:00,0,0,1,331.8127726236979
2025-03-25 03:00:00,0,0,1,348.0795971679688
2025-03-25 04:00:00,0,0,1,360.78228434244784
2025-03-25 05:00:00,0,0,1,366.51103434244794
2025-03-25 06:00:00,0,0,1,354.72124755859375
2025-03-25 07:00:00,0,0,1,355.9350472005208
2025-03-25 08:00:00,0,0,1,366.6247623697916
2025-03-25 09:00:00,0,0,1,381.9868001302084
2025-03-25 10:00:00,0,0,1,402.4855802408854
2025-03-25 11:00:00,0,0,1,411.13348876953137
2025-03-25 12:00:00,0,0,1,424.03891357421867
2025-03-25 13:00:00,0,0,1,448.7531795247396
2025-03-25 14:00:00,0,0,1,462.30129557291684
2025-03-25 15:00:00,0,0,1,428.8132055664063
2025-03-25 16:00:00,0,0,1,375.0831022135417
2025-03-25 17:00:00,0,0,1,300.4325984700521
2025-03-25 18:00:00,0,0,2,221.29437988281256
2025-03-25 19:00:00,0,0,3,166.4489640299479
2025-03-25 20:00:00,0,0,3,133.67207519531246
2025-03-25 21:00:00,0,0,3,162.0837508138021
2025-03-25 22:00:00,0,0,2,214.38960856119786
2025-03-25 23:00:00,0,0,1,253.4737605794271
2025-03-26 00:00:00,0,0,1,279.5246606445312
2025-03-26 01:00:00,0,0,1,309.0089241536458
2025-03-26 02:00:00,0,0,1,329.12089762369794
2025-03-26 03:00:00,0,0,1,342.14021158854166
2025-03-26 04:00:00,0,0,1,354.57217773437503
2025-03-26 05:00:00,0,0,1,359.0643343098959
2025-03-26 06:00:00,0,0,1,340.84250325520827
2025-03-26 07:00:00,0,0,1,335.1959318033855
2025-03-26 08:00:00,0,0,1,362.020390625
2025-03-26 09:00:00,0,0,1,394.49056070963536
2025-03-26 10:00:00,0,0,1,386.5770605468749
2025-03-26 11:00:00,0,0,1,424.9727921549479
2025-03-26 12:00:00,0,0,1,446.9095239257813
2025-03-26 13:00:00,0,0,1,458.08535970052094
2025-03-26 14:00:00,0,0,1,466.34139729817707
2025-03-26 15:00:00,0,0,1,456.1361279296875
2025-03-26 16:00:00,0,0,1,400.0495703125
2025-03-26 17:00:00,0,0,1,309.83197672526046
2025-03-26 18:00:00,0,0,1,226.00019042968745
2025-03-26 19:00:00,0,0,3,167.08559570312502
2025-03-26 20:00:00,0,0,3,134.48542887369797
2025-03-26 21:00:00,0,0,3,166.054443359375
2025-03-26 22:00:00,0,0,2,220.6409765625
2025-03-26 23:00:00,0,0,1,262.0361157226563
2025-03-27 00:00:00,0,0,1,297.5457430013022
2025-03-27 01:00:00,0,0,1,316.03304524739576
2025-03-27 02:00:00,0,0,1,332.57132324218753
2025-03-27 03:00:00,0,0,1,347.6761474609375
2025-03-27 04:00:00,0,0,1,361.1432771809897
2025-03-27 05:00:00,0,0,1,366.2385587565103
2025-03-27 06:00:00,0,0,1,353.72626220703125
2025-03-27 07:00:00,0,0,1,367.9394807942708
2025-03-27 08:00:00,0,0,1,400.5079060872396
2025-03-27 09:00:00,0,0,1,435.8631298828125
2025-03-27 10:00:00,0,0,1,464.728251953125
2025-03-27 11:00:00,0,0,1,490.043213704427
2025-03-27 12:00:00,0,0,1,505.12102050781255
2025-03-27 13:00:00,0,0,1,514.553954264323
2025-03-27 14:00:00,0,0,1,509.5757820638021
2025-03-27 15:00:00,0,0,1,481.45501220703113
2025-03-27 16:00:00,0,0,1,417.7451098632813
2025-03-27 17:00:00,0,0,1,331.1909342447917
2025-03-27 18:00:00,0,0,1,241.98086832682282
2025-03-27 19:00:00,0,0,3,184.7734163411459
2025-03-27 20:00:00,0,0,3,154.88905680338542
2025-03-27 21:00:00,0,0,3,184.356826171875
2025-03-27 22:00:00,0,0,1,232.25669433593748
2025-03-27 23:00:00,0,0,1,273.7068123372395
2025-03-28 00:00:00,0,0,1,295.5759497070313
2025-03-28 01:00:00,0,0,1,321.75118652343747
2025-03-28 02:00:00,0,0,1,339.15619140624995
2025-03-28 03:00:00,0,0,1,351.569580891927
2025-03-28 04:00:00,0,0,1,360.6360750325522
2025-03-28 05:00:00,0,0,1,364.19649576822917
2025-03-28 06:00:00,0,0,1,349.1387084960936
2025-03-28 07:00:00,0,0,1,349.4274796549479
2025-03-28 08:00:00,0,0,1,389.6015307617188
2025-03-28 09:00:00,0,0,1,384.2992097981771
2025-03-28 10:00:00,0,0,1,425.7562329101563
2025-03-28 11:00:00,0,0,1,393.02255045572906
2025-03-28 12:00:00,0,0,1,432.6937272135417
2025-03-28 13:00:00,0,0,1,453.38095458984367
2025-03-28 14:00:00,0,0,1,440.316055501302
2025-03-28 15:00:00,0,0,1,438.72423828125
2025-03-28 16:00:00,0,0,1,383.11233886718753
2025-03-28 17:00:00,0,0,1,309.83552571614587
2025-03-28 18:00:00,0,0,1,226.7737955729167
2025-03-28 19:00:00,0,0,3,167.2894278971355
2025-03-28 20:00:00,0,0,3,132.70005859375
2025-03-28 21:00:00,0,0,3,159.74702311197916
2025-03-28 22:00:00,0,0,2,210.6937158203125
2025-03-28 23:00:00,0,0,1,255.9202921549479
2025-03-29 00:00:00,0,0,1,309.1555249023438
2025-03-29 01:00:00,0,0,1,337.02812418619794
2025-03-29 02:00:00,0,0,1,353.67473470052084
2025-03-29 03:00:00,0,0,1,363.7248429361979
2025-03-29 04:00:00,0,0,1,376.16767496744797
2025-03-29 05:00:00,0,0,1,383.7857649739583
2025-03-29 06:00:00,0,0,1,369.32976888020835
2025-03-29 07:00:00,0,0,1,372.17939778645837
2025-03-29 08:00:00,0,0,1,393.4053678385417
2025-03-29 09:00:00,0,0,1,404.39936279296876
2025-03-29 10:00:00,0,0,1,439.8406819661459
2025-03-29 11:00:00,0,0,1,459.5329451497396
2025-03-29 12:00:00,0,0,1,438.28736328125
2025-03-29 13:00:00,0,0,1,480.2882446289061
2025-03-29 14:00:00,0,0,1,489.25505940755215
2025-03-29 15:00:00,0,0,1,450.55451334635416
2025-03-29 16:00:00,0,0,1,413.65937581380206
2025-03-29 17:00:00,0,0,1,331.66191243489584
2025-03-29 18:00:00,0,0,1,248.97697672526044
2025-03-29 19:00:00,0,0,3,191.05991699218748
2025-03-29 20:00:00,0,0,3,157.4614127604167
2025-03-29 21:00:00,0,0,3,182.30292317708336
2025-03-29 22:00:00,0,0,1,229.5448022460937
2025-03-29 23:00:00,0,0,1,273.2205623372396
2025-03-30 00:00:00,0,0,1,327.53129313151044
2025-03-30 01:00:00,0,0,1,351.95991861979167
2025-03-30 02:00:00,0,0,1,365.10465820312504
2025-03-30 03:00:00,0,0,1,376.06427815755205
2025-03-30 04:00:00,0,0,1,385.9996264648437
2025-03-30 05:00:00,0,0,1,390.48038655598964
2025-03-30 06:00:00,0,0,1,368.41507405598963
2025-03-30 07:00:00,0,0,1,339.89529785156253
2025-03-30 08:00:00,0,0,1,370.43965250651036
2025-03-30 09:00:00,0,0,1,401.7339103190104
2025-03-30 10:00:00,0,0,1,429.1729964192708
2025-03-30 11:00:00,0,0,1,457.83890787760424
2025-03-30 12:00:00,0,0,1,469.72014567057295
2025-03-30 13:00:00,0,0,1,493.381600748698
2025-03-30 14:00:00,0,0,1,524.388369140625
2025-03-30 15:00:00,0,0,1,498.6812377929688
2025-03-30 16:00:00,0,0,1,440.04951253255217
2025-03-30 17:00:00,0,0,1,350.96809082031257
2025-03-30 18:00:00,0,0,1,260.8741398111979
2025-03-30 19:00:00,0,0,3,204.16505859375002
2025-03-30 20:00:00,0,0,3,173.414169921875
2025-03-30 21:00:00,0,0,3,195.87397298177086
2025-03-30 22:00:00,0,0,1,239.13454996744792
2025-03-30 23:00:00,0,0,1,279.58954101562495
2025-03-31 00:00:00,0,0,1,400.13237223307294
2025-03-31 01:00:00,0,0,1,411.52240559895836
2025-03-31 02:00:00,0,0,1,417.2201977539063
2025-03-31 03:00:00,0,0,1,420.8486385091146
2025-03-31 04:00:00,0,0,1,422.538573811849
2025-03-31 05:00:00,0,0,1,421.3375089518229
2025-03-31 06:00:00,0,0,1,409.52346923828134
2025-03-31 07:00:00,0,0,1,413.45535237630213
2025-03-31 08:00:00,0,0,1,436.78154134114584
2025-03-31 09:00:00,0,0,1,465.570546875
2025-03-31 10:00:00,0,0,1,490.07706380208333
2025-03-31 11:00:00,0,0,1,513.6856013997397
2025-03-31 12:00:00,0,0,1,525.5736295572915
2025-03-31 13:00:00,0,0,1,519.9088102213541
2025-03-31 14:00:00,0,0,1,512.306103515625
2025-03-31 15:00:00,0,0,1,489.89229003906246
2025-03-31 16:00:00,0,0,1,435.4017358398438
2025-03-31 17:00:00,0,0,1,357.56777994791673
2025-03-31 18:00:00,0,0,1,277.72684244791674
2025-03-31 19:00:00,0,0,2,231.04901692708336
2025-03-31 20:00:00,0,0,3,207.77647054036458
2025-03-31 21:00:00,0,0,2,232.6603857421875
2025-03-31 22:00:00,0,0,1,280.8668538411458
2025-03-31 23:00:00,0,0,1,326.42107910156255
2025-04-01 00:00:00,0,0,1,400.25358439127604
2025-04-01 01:00:00,0,0,1,412.8253169759115
2025-04-01 02:00:00,0,0,1,419.19524902343755
2025-04-01 03:00:00,0,0,1,421.4878784179688
2025-04-01 04:00:00,0,0,1,419.94278523763023
2025-04-01 05:00:00,0,0,1,413.34623494466143
2025-04-01 06:00:00,0,0,1,394.59211263020825
2025-04-01 07:00:00,0,0,1,392.2884781901041
2025-04-01 08:00:00,0,0,1,414.76607503255207
2025-04-01 09:00:00,0,0,1,447.85403727213543
2025-04-01 10:00:00,0,0,1,477.7027669270833
2025-04-01 11:00:00,0,0,1,505.0718937174479
2025-04-01 12:00:00,0,0,1,517.4337337239583
2025-04-01 13:00:00,0,0,1,515.4115535481772
2025-04-01 14:00:00,0,0,1,510.868916015625
2025-04-01 15:00:00,0,0,1,491.6823990885416
2025-04-01 16:00:00,0,0,1,441.3566821289063
2025-04-01 17:00:00,0,0,1,365.7846834309896
2025-04-01 18:00:00,0,0,1,284.17365641276047
2025-04-01 19:00:00,0,0,2,228.26546793619798
2025-04-01 20:00:00,0,0,3,201.73421630859377
2025-04-01 21:00:00,0,0,2,230.40372721354163
2025-04-01 22:00:00,0,0,1,285.31389485677084
2025-04-01 23:00:00,0,0,1,340.220362141927
2025-04-02 00:00:00,0,0,0,405.22111897786453
2025-04-02 01:00:00,0,0,0,420.3737459309897
2025-04-02 02:00:00,0,0,0,425.11355712890634
2025-04-02 03:00:00,0,0,0,429.44232788085935
2025-04-02 04:00:00,0,0,0,429.85712361653646
2025-04-02 05:00:00,0,0,0,422.9582466634114
2025-04-02 06:00:00,0,0,0,403.81351725260424
2025-04-02 07:00:00,0,0,0,396.60198160807295
2025-04-02 08:00:00,0,0,0,416.42935465494793
2025-04-02 09:00:00,0,0,0,444.5176741536459
2025-04-02 10:00:00,0,0,0,469.9119197591144
2025-04-02 11:00:00,0,0,0,497.37533284505207
2025-04-02 12:00:00,0,0,0,507.6919173177082
2025-04-02 13:00:00,0,0,0,506.7687011718749
2025-04-02 14:00:00,0,0,0,503.54685546875
2025-04-02 15:00:00,0,0,0,488.5477319335937
2025-04-02 16:00:00,0,0,0,444.3636083984376
2025-04-02 17:00:00,0,0,0,369.167139485677
2025-04-02 18:00:00,0,0,0,283.79535481770824
2025-04-02 19:00:00,0,0,2,224.03688964843752
2025-04-02 20:00:00,0,0,2,196.23367919921873
2025-04-02 21:00:00,0,0,1,230.92100016276038
2025-04-02 22:00:00,0,0,0,291.42877685546875
2025-04-02 23:00:00,0,0,0,349.4692057291667
2025-04-03 00:00:00,0,0,0,354.7036279296875
2025-04-03 01:00:00,0,0,0,376.2962841796875
2025-04-03 02:00:00,0,0,0,384.308974609375
2025-04-03 03:00:00,0,0,0,387.9044384765625
2025-04-03 04:00:00,0,0,0,385.48689290364587
2025-04-03 05:00:00,0,0,0,377.99223144531254
2025-04-03 06:00:00,0,0,0,365.3973592122396
2025-04-03 07:00:00,0,0,0,366.12797444661464
2025-04-03 08:00:00,0,0,0,383.25948730468747
2025-04-03 09:00:00,0,0,0,403.14950927734367
2025-04-03 10:00:00,0,0,0,420.86944824218745
2025-04-03 11:00:00,0,0,0,447.6939705403645
2025-04-03 12:00:00,0,0,0,462.1372892252605
2025-04-03 13:00:00,0,0,0,463.9517765299479
2025-04-03 14:00:00,0,0,0,462.46506103515617
2025-04-03 15:00:00,0,0,0,448.20587809244796
2025-04-03 16:00:00,0,0,0,403.358623046875
2025-04-03 17:00:00,0,0,0,330.2328076171874
2025-04-03 18:00:00,0,0,0,247.2479345703125
2025-04-03 19:00:00,0,0,2,187.82157796223953
2025-04-03 20:00:00,0,0,2,159.69756347656244
2025-04-03 21:00:00,0,0,2,201.75112467447923
2025-04-03 22:00:00,0,0,0,266.2854231770833
2025-04-03 23:00:00,0,0,0,321.9567635091146
2025-04-04 00:00:00,0,0,0,361.4198030598959
2025-04-04 01:00:00,0,0,0,385.2046940104167
2025-04-04 02:00:00,0,0,0,394.0923197428385
2025-04-04 03:00:00,0,0,0,394.6257543945313
2025-04-04 04:00:00,0,0,0,393.9899788411458
2025-04-04 05:00:00,0,0,0,386.43049316406245
2025-04-04 06:00:00,0,0,0,372.9304280598958
2025-04-04 07:00:00,0,0,0,365.63740722656246
2025-04-04 08:00:00,0,0,0,371.3614656575521
2025-04-04 09:00:00,0,0,0,389.1045043945312
2025-04-04 10:00:00,0,0,0,411.12982177734375
2025-04-04 11:00:00,0,0,0,439.05695963541666
2025-04-04 12:00:00,0,0,0,449.9172648111978
2025-04-04 13:00:00,0,0,0,446.6433072916666
2025-04-04 14:00:00,0,0,0,447.5839599609376
2025-04-04 15:00:00,0,0,0,439.82378336588545
2025-04-04 16:00:00,0,0,0,399.83732421875004
2025-04-04 17:00:00,0,0,0,326.43878173828125
2025-04-04 18:00:00,0,0,0,238.38302815755196
2025-04-04 19:00:00,0,0,2,177.2264420572917
2025-04-04 20:00:00,0,0,2,150.22202148437498
2025-04-04 21:00:00,0,0,2,199.21107828776042
2025-04-04 22:00:00,0,0,0,271.87933024088534
2025-04-04 23:00:00,0,0,0,331.9454711914062
2025-04-05 00:00:00,0,0,0,376.36715169270826
2025-04-05 01:00:00,0,0,0,395.79911214192714
2025-04-05 02:00:00,0,0,0,399.6053531901041
2025-04-05 03:00:00,0,0,0,398.691884358724
2025-04-05 04:00:00,0,0,0,393.4414371744791
2025-04-05 05:00:00,0,0,0,380.94219075520834
2025-04-05 06:00:00,0,0,0,371.13247314453133
2025-04-05 07:00:00,0,0,0,358.94929117838535
2025-04-05 08:00:00,0,0,0,360.5619124348957
2025-04-05 09:00:00,0,0,0,375.9907657877602
2025-04-05 10:00:00,0,0,0,395.4536075846354
2025-04-05 11:00:00,0,0,0,424.70672770182296
2025-04-05 12:00:00,0,0,0,434.0424690755208
2025-04-05 13:00:00,0,0,0,430.9401774088542
2025-04-05 14:00:00,0,0,0,435.70502034505216
2025-04-05 15:00:00,0,0,0,429.76516927083344
2025-04-05 16:00:00,0,0,0,392.5785766601563
2025-04-05 17:00:00,0,0,0,322.69182535807295
2025-04-05 18:00:00,0,0,0,236.12064290364583
2025-04-05 19:00:00,0,0,2,169.49613525390623
2025-04-05 20:00:00,0,0,2,146.3059016927084
2025-04-05 21:00:00,0,0,2,199.71685872395824
2025-04-05 22:00:00,0,0,0,276.00363606770827
2025-04-05 23:00:00,0,0,0,338.66597981770826
2025-04-06 00:00:00,0,0,0,398.9217260742188
2025-04-06 01:00:00,0,0,0,414.54376546223966
2025-04-06 02:00:00,0,0,0,416.99809082031254
2025-04-06 03:00:00,0,0,0,413.00396647135426
2025-04-06 04:00:00,0,0,0,406.10518147786456
2025-04-06 05:00:00,0,0,0,392.44438028971354
2025-04-06 06:00:00,0,0,0,380.9196769205729
2025-04-06 07:00:00,0,0,0,364.89570800781246
2025-04-06 08:00:00,0,0,0,368.5082942708334
2025-04-06 09:00:00,0,0,0,378.7317569986981
2025-04-06 10:00:00,0,0,0,386.6201057942708
2025-04-06 11:00:00,0,0,0,411.41620442708336
2025-04-06 12:00:00,0,0,0,428.19438639322925
2025-04-06 13:00:00,0,0,0,428.0672167968751
2025-04-06 14:00:00,0,0,0,433.8935302734376
2025-04-06 15:00:00,0,0,0,430.21635823567703
2025-04-06 16:00:00,0,0,0,400.9816870117188
2025-04-06 17:00:00,0,0,0,337.14689371744794
2025-04-06 18:00:00,0,0,0,248.09306315104175
2025-04-06 19:00:00,0,0,2,187.4003800455729
2025-04-06 20:00:00,0,0,2,178.4383626302083
2025-04-06 21:00:00,0,0,1,235.37626464843754
2025-04-06 22:00:00,0,0,0,306.8403369140625
2025-04-06 23:00:00,0,0,0,368.53206380208337
2025-04-07 00:00:00,0,0,0,403.82561116536453
2025-04-07 01:00:00,0,0,0,419.9803580729167
2025-04-07 02:00:00,0,0,0,422.14165527343744
2025-04-07 03:00:00,0,0,0,415.4526497395833
2025-04-07 04:00:00,0,0,0,404.66622151692707
2025-04-07 05:00:00,0,0,0,387.85578450520836
2025-04-07 06:00:00,0,0,0,374.9069685872396
2025-04-07 07:00:00,0,0,0,360.12042236328125
2025-04-07 08:00:00,0,0,0,361.9751049804687
2025-04-07 09:00:00,0,0,0,370.8456876627606
2025-04-07 10:00:00,0,0,0,377.35934082031235
2025-04-07 11:00:00,0,0,0,409.4932950846355
2025-04-07 12:00:00,0,0,0,427.315968424479
2025-04-07 13:00:00,0,0,0,430.0754313151042
2025-04-07 14:00:00,0,0,0,434.6720157877603
2025-04-07 15:00:00,0,0,0,431.84976236979173
2025-04-07 16:00:00,0,0,0,405.0683984374999
2025-04-07 17:00:00,0,0,0,342.9796036783854
2025-04-07 18:00:00,0,0,0,248.859140625
2025-04-07 19:00:00,0,0,2,183.31697998046877
2025-04-07 20:00:00,0,0,2,172.5140454101563
2025-04-07 21:00:00,0,0,1,227.28507731119794
2025-04-07 22:00:00,0,0,0,295.0654386393229
2025-04-07 23:00:00,0,0,0,357.84293945312504
2025-04-08 00:00:00,0,0,0,373.1340535481771
2025-04-08 01:00:00,0,0,0,396.1535428873698
2025-04-08 02:00:00,0,0,0,398.62589884440104
2025-04-08 03:00:00,0,0,0,395.3485196940104
2025-04-08 04:00:00,0,0,0,388.73919759114574
2025-04-08 05:00:00,0,0,0,376.35980224609375
2025-04-08 06:00:00,0,0,0,363.55268636067706
2025-04-08 07:00:00,0,0,0,346.1102506510416
2025-04-08 08:00:00,0,0,0,342.8468172200521
2025-04-08 09:00:00,0,0,0,346.2768538411458
2025-04-08 10:00:00,0,0,0,356.0242814127605
2025-04-08 11:00:00,0,0,0,382.78411214192715
2025-04-08 12:00:00,0,0,0,402.31110758463547
2025-04-08 13:00:00,0,0,0,404.5009708658854
2025-04-08 14:00:00,0,0,0,405.7386547851563
2025-04-08 15:00:00,0,0,0,410.82611979166677
2025-04-08 16:00:00,0,0,0,385.98725830078115
2025-04-08 17:00:00,0,0,0,320.22055094401037
2025-04-08 18:00:00,0,0,0,225.6395100911459
2025-04-08 19:00:00,0,0,2,159.59785644531246
2025-04-08 20:00:00,0,0,2,148.34367594401044
2025-04-08 21:00:00,0,0,2,204.270126953125
2025-04-08 22:00:00,0,0,0,280.11529134114585
2025-04-08 23:00:00,0,0,0,347.4789729817709
2025-04-09 00:00:00,0,0,1,380.2429451497395
2025-04-09 01:00:00,0,0,1,403.0857047526042
2025-04-09 02:00:00,0,0,1,402.1417272949219
2025-04-09 03:00:00,0,0,1,394.53360758463543
2025-04-09 04:00:00,0,0,1,384.84440104166663
2025-04-09 05:00:00,0,0,1,369.6589469401042
2025-04-09 06:00:00,0,0,1,354.4097005208333
2025-04-09 07:00:00,0,0,1,331.4950113932291
2025-04-09 08:00:00,0,0,1,326.10133135262174
2025-04-09 09:00:00,0,0,1,325.1797013346354
2025-04-09 10:00:00,0,0,1,328.16398600260413
2025-04-09 11:00:00,0,0,1,354.9100219726563
2025-04-09 12:00:00,0,0,1,370.08890380859384
2025-04-09 13:00:00,0,0,1,375.3030810546875
2025-04-09 14:00:00,0,0,1,377.6030330403646
2025-04-09 15:00:00,0,0,1,381.9815478515625
2025-04-09 16:00:00,0,0,1,360.716923828125
2025-04-09 17:00:00,0,0,1,294.2603865559895
2025-04-09 18:00:00,0,0,2,195.7661010742188
2025-04-09 19:00:00,0,0,3,120.48978515624992
2025-04-09 20:00:00,1,0,5,104.18431233723959
2025-04-09 21:00:00,0,0,3,164.6814111328125
2025-04-09 22:00:00,0,0,1,248.6018001302084
2025-04-09 23:00:00,0,0,1,324.6613802083334
2025-04-10 00:00:00,0,0,0,427.71526936848954
2025-04-10 01:00:00,0,0,0,443.8883121744791
2025-04-10 02:00:00,0,0,0,444.35734375000004
2025-04-10 03:00:00,0,0,0,435.7005558268229
2025-04-10 04:00:00,0,0,0,424.37478759765634
2025-04-10 05:00:00,0,0,0,411.85112792968744
2025-04-10 06:00:00,0,0,0,402.603623046875
2025-04-10 07:00:00,0,0,0,382.906591796875
2025-04-10 08:00:00,0,0,0,369.1032348632813
2025-04-10 09:00:00,0,0,0,341.0665698242186
2025-04-10 10:00:00,0,0,0,352.5482169596355
2025-04-10 11:00:00,0,0,0,372.12239176432286
2025-04-10 12:00:00,0,0,0,370.5686979166667
2025-04-10 13:00:00,0,0,0,378.5560156250001
2025-04-10 14:00:00,0,0,0,397.16680826822926
2025-04-10 15:00:00,0,0,0,401.9072029622396
2025-04-10 16:00:00,0,0,0,367.60690673828117
2025-04-10 17:00:00,0,0,0,317.4251578776041
2025-04-10 18:00:00,0,0,0,241.8858854166666
2025-04-10 19:00:00,0,0,2,178.81572916666664
2025-04-10 20:00:00,0,0,2,162.94485839843753
2025-04-10 21:00:00,0,0,2,214.65516682942712
2025-04-10 22:00:00,0,0,0,289.11798014322926
2025-04-10 23:00:00,0,0,0,355.64619222005206
2025-04-11 00:00:00,0,0,0,384.43732503255205
2025-04-11 01:00:00,0,0,0,409.9282438151041
2025-04-11 02:00:00,0,0,0,411.9819246419271
2025-04-11 03:00:00,0,0,0,405.97262003580727
2025-04-11 04:00:00,0,0,0,398.32589762369787
2025-04-11 05:00:00,0,0,0,385.49101969401045
2025-04-11 06:00:00,0,0,0,375.3445841471354
2025-04-11 07:00:00,0,0,0,355.3549877929688
2025-04-11 08:00:00,0,0,0,345.398819173177
2025-04-11 09:00:00,0,0,0,344.62923630881437
2025-04-11 10:00:00,0,0,0,348.65128255208333
2025-04-11 11:00:00,0,0,0,373.11035563151063
2025-04-11 12:00:00,0,0,0,393.5640470377605
2025-04-11 13:00:00,0,0,0,394.10344645182295
2025-04-11 14:00:00,0,0,0,400.5597054036457
2025-04-11 15:00:00,0,0,0,404.6321948242187
2025-04-11 16:00:00,0,0,0,379.2737679036459
2025-04-11 17:00:00,0,0,0,313.7220743815104
2025-04-11 18:00:00,0,0,1,220.6899422200521
2025-04-11 19:00:00,0,0,2,146.09336100260418
2025-04-11 20:00:00,0,0,2,123.24683593750001
2025-04-11 21:00:00,0,0,2,181.54425130208324
2025-04-11 22:00:00,0,0,0,262.3416967773438
2025-04-11 23:00:00,0,0,0,336.2597534179688
2025-04-12 00:00:00,0,0,0,389.14482177734374
2025-04-12 01:00:00,0,0,0,412.3471496582031
2025-04-12 02:00:00,0,0,0,414.64926188151037
2025-04-12 03:00:00,0,0,0,406.3646264648437
2025-04-12 04:00:00,0,0,0,397.87959269205726
2025-04-12 05:00:00,0,0,0,384.8532885742187
2025-04-12 06:00:00,0,0,0,379.71453043619795
2025-04-12 07:00:00,0,0,0,365.63078043619794
2025-04-12 08:00:00,0,0,0,356.8902718098957
2025-04-12 09:00:00,0,0,0,354.29549560546866
2025-04-12 10:00:00,0,0,0,357.80463623046876
2025-04-12 11:00:00,0,0,0,378.8918497721354
2025-04-12 12:00:00,0,0,0,397.42022135416664
2025-04-12 13:00:00,0,0,0,403.7307145182292
2025-04-12 14:00:00,0,0,0,405.21574381510413
2025-04-12 15:00:00,0,0,0,404.25509033203116
2025-04-12 16:00:00,0,0,0,379.70907552083327
2025-04-12 17:00:00,0,0,0,317.1864135742187
2025-04-12 18:00:00,0,0,1,219.93814778645833
2025-04-12 19:00:00,0,0,2,145.50144612630208
2025-04-12 20:00:00,0,0,2,123.31353597005204
2025-04-12 21:00:00,0,0,2,177.96732991536453
2025-04-12 22:00:00,0,0,0,258.6842993164063
2025-04-12 23:00:00,0,0,0,333.64175130208343
2025-04-13 00:00:00,0,0,0,395.17144490559906
2025-04-13 01:00:00,0,0,0,417.2363423665364
2025-04-13 02:00:00,0,0,0,418.3284586588542
2025-04-13 03:00:00,0,0,0,410.39201416015624
2025-04-13 04:00:00,0,0,0,400.58211222330726
2025-04-13 05:00:00,0,0,0,387.5301692708333
2025-04-13 06:00:00,0,0,0,380.22408203124996
2025-04-13 07:00:00,0,0,0,363.6051615190237
2025-04-13 08:00:00,0,0,0,361.3486051432292
2025-04-13 09:00:00,0,0,0,364.40932617187514
2025-04-13 10:00:00,0,0,0,369.4948640950522
2025-04-13 11:00:00,0,0,0,390.8932747395834
2025-04-13 12:00:00,0,0,0,404.2259643554687
2025-04-13 13:00:00,0,0,0,401.09740234375
2025-04-13 14:00:00,0,0,0,399.4869238281251
2025-04-13 15:00:00,0,0,0,402.126231282552
2025-04-13 16:00:00,0,0,0,379.73198974609375
2025-04-13 17:00:00,0,0,0,316.6489363606771
2025-04-13 18:00:00,0,0,0,220.75389078776038
2025-04-13 19:00:00,0,0,2,147.01120279947907
2025-04-13 20:00:00,0,0,2,127.3664567057292
2025-04-13 21:00:00,0,0,2,181.6591617838542
2025-04-13 22:00:00,0,0,0,260.3520263671875
2025-04-13 23:00:00,0,0,0,339.8639998372396
2025-04-14 00:00:00,0,0,0,509.6243957519531
2025-04-14 01:00:00,0,0,0,530.3428979492187
2025-04-14 02:00:00,0,0,0,531.1400577799479
2025-04-14 03:00:00,0,0,0,526.8956372070313
2025-04-14 04:00:00,0,0,0,522.4915852864583
2025-04-14 05:00:00,0,0,0,510.2497387695312
2025-04-14 06:00:00,0,0,0,501.10298828124996
2025-04-14 07:00:00,0,0,0,480.0050374348957
2025-04-14 08:00:00,0,0,0,471.35441975911476
2025-04-14 09:00:00,0,0,0,464.4964648437499
2025-04-14 10:00:00,0,0,0,464.77219238281236
2025-04-14 11:00:00,0,0,0,492.94069254557303
2025-04-14 12:00:00,0,0,0,516.1902823893229
2025-04-14 13:00:00,0,0,0,514.5922794596354
2025-04-14 14:00:00,0,0,0,512.1448364257812
2025-04-14 15:00:00,0,0,0,511.8299617513021
2025-04-14 16:00:00,0,0,0,486.4105900065106
2025-04-14 17:00:00,0,0,0,423.56660400390615
2025-04-14 18:00:00,0,0,0,328.38938395182277
2025-04-14 19:00:00,0,0,1,253.8824593098958
2025-04-14 20:00:00,0,0,2,229.1685685221354
2025-04-14 21:00:00,0,0,1,280.95587483723966
2025-04-14 22:00:00,0,0,0,365.39738769531255
2025-04-14 23:00:00,0,0,0,443.51702799479176
2025-04-15 00:00:00,0,0,0,493.29621500651047
2025-04-15 01:00:00,0,0,0,519.5163765462239
2025-04-15 02:00:00,0,0,0,520.4379178873697
2025-04-15 03:00:00,0,0,0,514.0989534505209
2025-04-15 04:00:00,0,0,0,505.85280924479173
2025-04-15 05:00:00,0,0,0,491.70695475260425
2025-04-15 06:00:00,0,0,0,486.340311686198
2025-04-15 07:00:00,0,0,0,469.287100423177
2025-04-15 08:00:00,0,0,0,458.14164876302084
2025-04-15 09:00:00,0,0,0,459.07206542968765
2025-04-15 10:00:00,0,0,0,465.2296093750001
2025-04-15 11:00:00,0,0,0,490.5861857096354
2025-04-15 12:00:00,0,0,0,506.61225504557297
2025-04-15 13:00:00,0,0,0,504.65799560546884
2025-04-15 14:00:00,0,0,0,504.1347068795244
2025-04-15 15:00:00,0,0,0,505.05891601562485
2025-04-15 16:00:00,0,0,0,481.30645263671886
2025-04-15 17:00:00,0,0,0,418.97563557942703
2025-04-15 18:00:00,0,0,0,325.00166585286456
2025-04-15 19:00:00,0,0,1,252.3469360351562
2025-04-15 20:00:00,0,0,2,229.135254720052
2025-04-15 21:00:00,0,0,1,279.0678466796875
2025-04-15 22:00:00,0,0,0,359.11164713541666
2025-04-15 23:00:00,0,0,0,440.93013183593746
2025-04-16 00:00:00,0,0,0,488.95207600911453
2025-04-16 01:00:00,0,0,0,514.591063639323
2025-04-16 02:00:00,0,0,0,519.6240592447917
2025-04-16 03:00:00,0,0,0,515.8879353841146
2025-04-16 04:00:00,0,0,0,505.74042724609376
2025-04-16 05:00:00,0,0,0,490.86638834635426
2025-04-16 06:00:00,0,0,0,488.61263997395827
2025-04-16 07:00:00,0,0,0,475.2882057043389
2025-04-16 08:00:00,0,0,0,472.61860026041677
2025-04-16 09:00:00,0,0,0,467.7306770833334
2025-04-16 10:00:00,0,0,0,470.7285473632812
2025-04-16 11:00:00,0,0,0,498.6654256184895
2025-04-16 12:00:00,0,0,0,517.9498453776041
2025-04-16 13:00:00,0,0,0,521.7771956380209
2025-04-16 14:00:00,0,0,0,520.4395231119793
2025-04-16 15:00:00,0,0,0,521.2665185546875
2025-04-16 16:00:00,0,0,0,498.7585107421876
2025-04-16 17:00:00,0,0,0,436.34219970703134
2025-04-16 18:00:00,0,0,0,340.4315551757811
2025-04-16 19:00:00,0,0,1,267.40277262369796
2025-04-16 20:00:00,0,0,1,246.10723225911465
2025-04-16 21:00:00,0,0,1,294.7675455729167
2025-04-16 22:00:00,0,0,0,373.1965087890625
2025-04-16 23:00:00,0,0,0,451.0446687825521
2025-04-17 00:00:00,0,0,0,488.26853515625
2025-04-17 01:00:00,0,0,0,514.9875903320312
2025-04-17 02:00:00,0,0,0,514.9254223632813
2025-04-17 03:00:00,0,0,0,507.40948608398446
2025-04-17 04:00:00,0,0,0,497.0539444986979
2025-04-17 05:00:00,0,0,0,483.279423828125
2025-04-17 06:00:00,0,0,0,470.72881591796863
2025-04-17 07:00:00,0,0,0,447.2177905273436
2025-04-17 08:00:00,0,0,0,426.516865234375
2025-04-17 09:00:00,0,0,0,425.84454264322903
2025-04-17 10:00:00,0,0,0,408.99309814453136
2025-04-17 11:00:00,0,0,0,443.1243684895833
2025-04-17 12:00:00,0,0,0,436.569305826823
2025-04-17 13:00:00,0,0,0,443.67769368489576
2025-04-17 14:00:00,0,0,0,450.8973242187499
2025-04-17 15:00:00,0,0,0,486.09939778645844
2025-04-17 16:00:00,0,0,0,445.828562825521
2025-04-17 17:00:00,0,0,0,400.8088061523438
2025-04-17 18:00:00,0,0,0,315.936808268229
2025-04-17 19:00:00,0,0,1,237.52970540364583
2025-04-17 20:00:00,1,0,4,205.1122941080729
2025-04-17 21:00:00,0,0,1,257.00516113281253
2025-04-17 22:00:00,0,0,0,344.70855875651046
2025-04-17 23:00:00,0,0,0,425.47381347656255
2025-04-18 00:00:00,0,0,0,488.3770817057291
2025-04-18 01:00:00,0,0,0,514.318925374349
2025-04-18 02:00:00,0,0,0,516.066737874349
2025-04-18 03:00:00,0,0,0,509.5241593424479
2025-04-18 04:00:00,0,0,0,497.0306437174479
2025-04-18 05:00:00,0,0,0,484.61227050781247
2025-04-18 06:00:00,0,0,0,483.6598990885416
2025-04-18 07:00:00,0,0,0,466.2105680338543
2025-04-18 08:00:00,0,0,0,459.2637491861981
2025-04-18 09:00:00,0,0,0,457.9536116536458
2025-04-18 10:00:00,0,0,0,456.1051383463541
2025-04-18 11:00:00,0,0,0,481.11516764322914
2025-04-18 12:00:00,0,0,0,501.3314363606771
2025-04-18 13:00:00,0,0,0,500.02446126302084
2025-04-18 14:00:00,0,0,0,497.2587833658854
2025-04-18 15:00:00,0,0,0,492.7328889973958
2025-04-18 16:00:00,0,0,0,472.71820800781234
2025-04-18 17:00:00,0,0,0,410.5458398437502
2025-04-18 18:00:00,0,0,0,315.19049153645824
2025-04-18 19:00:00,0,0,1,235.57078450520828
2025-04-18 20:00:00,1,0,4,209.74370930989585
2025-04-18 21:00:00,0,0,1,259.94291585286453
2025-04-18 22:00:00,0,0,0,346.3479931640626
2025-04-18 23:00:00,0,0,0,431.0182958984375
2025-04-19 00:00:00,0,0,0,491.68023763020824
2025-04-19 01:00:00,0,0,0,520.420215657552
2025-04-19 02:00:00,0,0,0,522.4406514485677
2025-04-19 03:00:00,0,0,0,515.3607088216146
2025-04-19 04:00:00,0,0,0,501.8946573893229
2025-04-19 05:00:00,0,0,0,485.2127807617188
2025-04-19 06:00:00,0,0,0,480.60407389322904
2025-04-19 07:00:00,0,0,0,460.46087239583335
2025-04-19 08:00:00,0,0,0,450.7774650065103
2025-04-19 09:00:00,0,0,0,445.05523356119807
2025-04-19 10:00:00,0,0,0,451.82441975911456
2025-04-19 11:00:00,0,0,0,475.6255761718751
2025-04-19 12:00:00,0,0,0,489.70309895833316
2025-04-19 13:00:00,0,0,0,484.4794775390624
2025-04-19 14:00:00,0,0,0,482.25651611328135
2025-04-19 15:00:00,0,0,0,483.5776350911458
2025-04-19 16:00:00,0,0,0,459.76897379557295
2025-04-19 17:00:00,0,0,0,396.2103108723959
2025-04-19 18:00:00,0,0,0,299.6576822916667
2025-04-19 19:00:00,0,0,2,223.29759765625
2025-04-19 20:00:00,1,0,4,196.69533203125002
2025-04-19 21:00:00,0,0,1,241.81315917968755
2025-04-19 22:00:00,0,0,0,333.3880509440104
2025-04-19 23:00:00,0,0,0,425.5781127929688
2025-04-20 00:00:00,0,0,0,502.89704264322916
2025-04-20 01:00:00,0,0,0,526.3626017252604
2025-04-20 02:00:00,0,0,0,526.4724405924479
2025-04-20 03:00:00,0,0,0,518.9321256510416
2025-04-20 04:00:00,0,0,0,509.888818766276
2025-04-20 05:00:00,0,0,0,497.99360717773436
2025-04-20 06:00:00,0,0,0,498.51473551432287
2025-04-20 07:00:00,0,0,0,483.8734277343749
2025-04-20 08:00:00,0,0,0,481.2268033854166
2025-04-20 09:00:00,0,0,0,476.908671875
2025-04-20 10:00:00,0,0,0,477.56326090494804
2025-04-20 11:00:00,0,0,0,499.12324625651036
2025-04-20 12:00:00,0,0,0,518.7250602213542
2025-04-20 13:00:00,0,0,0,515.7250651041668
2025-04-20 14:00:00,0,0,0,510.69108723958334
2025-04-20 15:00:00,0,0,0,511.54657633463535
2025-04-20 16:00:00,0,0,0,487.5275895182292
2025-04-20 17:00:00,0,0,0,426.6468766276041
2025-04-20 18:00:00,0,0,0,333.0687613932291
2025-04-20 19:00:00,0,0,1,262.47890950520843
2025-04-20 20:00:00,0,0,1,239.07322672526038
2025-04-20 21:00:00,0,0,1,279.8972200520834
2025-04-20 22:00:00,0,0,0,359.6740454101563
2025-04-20 23:00:00,0,0,0,443.38468668619794
2025-04-21 00:00:00,0,0,0,508.41654459635413
2025-04-21 01:00:00,0,0,0,532.7559065755208
2025-04-21 02:00:00,0,0,0,534.3575394694011
2025-04-21 03:00:00,0,0,0,529.252354329427
2025-04-21 04:00:00,0,0,0,522.837411702474
2025-04-21 05:00:00,0,0,0,511.45173746744797
2025-04-21 06:00:00,0,0,0,505.71659830729163
2025-04-21 07:00:00,0,0,0,487.8698391982257
2025-04-21 08:00:00,0,0,0,482.1682991536459
2025-04-21 09:00:00,0,0,0,475.84431233723967
2025-04-21 10:00:00,0,0,0,478.77763916015624
2025-04-21 11:00:00,0,0,0,504.4094677734374
2025-04-21 12:00:00,0,0,0,527.3002596028646
2025-04-21 13:00:00,0,0,0,528.4137353515625
2025-04-21 14:00:00,0,0,0,523.3406070963542
2025-04-21 15:00:00,0,0,0,521.6817822265625
2025-04-21 16:00:00,0,0,0,497.87592366536455
2025-04-21 17:00:00,0,0,0,433.9414135742188
2025-04-21 18:00:00,0,0,0,338.0127628580731
2025-04-21 19:00:00,0,0,1,259.8320157877604
2025-04-21 20:00:00,0,0,2,231.26005045572913
2025-04-21 21:00:00,0,0,1,272.0920231119792
2025-04-21 22:00:00,0,0,0,358.29226236979173
2025-04-21 23:00:00,0,0,0,444.18694824218755
2025-04-22 00:00:00,0,0,0,497.9553458658854
2025-04-22 01:00:00,0,0,0,525.5222835286459
2025-04-22 02:00:00,0,0,0,528.3580924479168
2025-04-22 03:00:00,0,0,0,521.3926314290364
2025-04-22 04:00:00,0,0,0,512.0701619466146
2025-04-22 05:00:00,0,0,0,497.9968098958334
2025-04-22 06:00:00,0,0,0,494.27471679687505
2025-04-22 07:00:00,0,0,0,479.87855875651053
2025-04-22 08:00:00,0,0,0,475.1514119466144
2025-04-22 09:00:00,0,0,0,465.04471923828123
2025-04-22 10:00:00,0,0,0,463.9417903645833
2025-04-22 11:00:00,0,0,0,492.7449650065105
2025-04-22 12:00:00,0,0,0,511.4139152018229
2025-04-22 13:00:00,0,0,0,506.67973388671885
2025-04-22 14:00:00,0,0,0,505.00297037760424
2025-04-22 15:00:00,0,0,0,504.89248697916673
2025-04-22 16:00:00,0,0,0,481.38113606770844
2025-04-22 17:00:00,0,0,0,423.27459065755215
2025-04-22 18:00:00,0,0,0,328.1420719401041
2025-04-22 19:00:00,0,0,1,248.3303271484375
2025-04-22 20:00:00,1,0,4,210.88335856119784
2025-04-22 21:00:00,0,0,1,252.2192325846354
2025-04-22 22:00:00,0,0,0,337.1319547526041
2025-04-22 23:00:00,0,0,0,425.8041780598959
2025-04-23 00:00:00,0,0,0,487.0998787434895
2025-04-23 01:00:00,0,0,0,514.4320190429687
2025-04-23 02:00:00,0,0,0,518.6156013997395
2025-04-23 03:00:00,0,0,0,510.1142846679687
2025-04-23 04:00:00,0,0,0,502.49140258789055
2025-04-23 05:00:00,0,0,0,492.55802978515624
2025-04-23 06:00:00,0,0,0,489.17701171875
2025-04-23 07:00:00,0,0,0,469.86397216796877
2025-04-23 08:00:00,0,0,0,461.2163313802082
2025-04-23 09:00:00,0,0,0,453.8306608072917
2025-04-23 10:00:00,0,0,0,459.29171468098957
2025-04-23 11:00:00,0,0,0,486.7904085286459
2025-04-23 12:00:00,0,0,0,503.4012630208333
2025-04-23 13:00:00,0,0,0,502.37042236328125
2025-04-23 14:00:00,0,0,0,500.01791097005207
2025-04-23 15:00:00,0,0,0,499.2353352864584
2025-04-23 16:00:00,0,0,0,477.20207674015705
2025-04-23 17:00:00,0,0,0,422.3700122070313
2025-04-23 18:00:00,0,0,0,329.3659554036458
2025-04-23 19:00:00,0,0,1,243.62412516276038
2025-04-23 20:00:00,1,0,4,203.99722493489583
2025-04-23 21:00:00,0,0,1,247.15131917317706
2025-04-23 22:00:00,0,0,0,337.9467822265625
2025-04-23 23:00:00,0,0,0,429.1326953125
2025-04-24 00:00:00,0,0,0,490.8675545247395
2025-04-24 01:00:00,0,0,0,517.7534106445312
2025-04-24 02:00:00,0,0,0,518.7455330403645
2025-04-24 03:00:00,0,0,0,511.9524169921875
2025-04-24 04:00:00,0,0,0,502.87967854817714
2025-04-24 05:00:00,0,0,0,493.7053393554688
2025-04-24 06:00:00,0,0,0,490.84651285807286
2025-04-24 07:00:00,0,0,0,452.33903727213533
2025-04-24 08:00:00,0,0,0,439.23883300781245
2025-04-24 09:00:00,0,0,0,435.57387939453133
2025-04-24 10:00:00,0,0,0,439.89395833333333
2025-04-24 11:00:00,0,0,0,454.0455362955729
2025-04-24 12:00:00,0,0,0,476.00606608072917
2025-04-24 13:00:00,0,0,0,450.8622599283856
2025-04-24 14:00:00,0,0,0,445.0747298177082
2025-04-24 15:00:00,0,0,0,452.39664957682294
2025-04-24 16:00:00,0,0,0,461.41164143880223
2025-04-24 17:00:00,0,0,0,403.0211938476564
2025-04-24 18:00:00,0,0,0,331.2372794596356
2025-04-24 19:00:00,0,0,1,251.96040283203126
2025-04-24 20:00:00,1,0,4,213.9150358072916
2025-04-24 21:00:00,0,0,1,255.2903946940104
2025-04-24 22:00:00,0,0,0,342.0649747721353
2025-04-24 23:00:00,0,0,0,430.3756241861979
2025-04-25 00:00:00,0,0,0,494.74689208984375
2025-04-25 01:00:00,0,0,0,523.7907250976563
2025-04-25 02:00:00,0,0,0,526.7270467122396
2025-04-25 03:00:00,0,0,0,519.3704947916667
2025-04-25 04:00:00,0,0,0,510.74958862304686
2025-04-25 05:00:00,0,0,0,497.13749430338544
2025-04-25 06:00:00,0,0,0,486.1482120768228
2025-04-25 07:00:00,0,0,0,460.6733837890624
2025-04-25 08:00:00,0,0,0,448.94930745442707
2025-04-25 09:00:00,0,0,0,409.7881087239582
2025-04-25 10:00:00,0,0,0,404.9903222656251
2025-04-25 11:00:00,0,0,0,408.76387451171877
2025-04-25 12:00:00,0,0,0,437.3941821289063
2025-04-25 13:00:00,0,0,0,460.20477701822915
2025-04-25 14:00:00,0,0,0,470.427979329427
2025-04-25 15:00:00,0,0,0,475.82098307291676
2025-04-25 16:00:00,0,0,0,455.5223600260417
2025-04-25 17:00:00,0,0,0,399.2137093098959
2025-04-25 18:00:00,0,0,0,327.60221354166674
2025-04-25 19:00:00,0,0,1,250.87753255208338
2025-04-25 20:00:00,1,0,4,211.47796630859375
2025-04-25 21:00:00,0,0,1,251.1960481770834
2025-04-25 22:00:00,0,0,0,339.3248111979167
2025-04-25 23:00:00,0,0,0,430.07694986979163
2025-04-26 00:00:00,0,0,0,494.4817952473958
2025-04-26 01:00:00,0,0,0,525.1428898111978
2025-04-26 02:00:00,0,0,0,530.1856762695313
2025-04-26 03:00:00,0,0,0,521.1304760742188
2025-04-26 04:00:00,0,0,0,508.8964619954427
2025-04-26 05:00:00,0,0,0,497.77333821614593
2025-04-26 06:00:00,0,0,0,500.57904134114574
2025-04-26 07:00:00,0,0,0,481.94367757161444
2025-04-26 08:00:00,0,0,0,481.0345743815103
2025-04-26 09:00:00,0,0,0,478.2376538085937
2025-04-26 10:00:00,0,0,0,479.6707340494793
2025-04-26 11:00:00,0,0,0,505.898885091146
2025-04-26 12:00:00,0,0,0,527.1401253255208
2025-04-26 13:00:00,0,0,0,527.12994140625
2025-04-26 14:00:00,0,0,0,529.9639770507813
2025-04-26 15:00:00,0,0,0,530.9214428710939
2025-04-26 16:00:00,0,0,0,511.9755777994792
2025-04-26 17:00:00,0,0,0,456.2521801757812
2025-04-26 18:00:00,0,0,0,366.86971354166667
2025-04-26 19:00:00,0,0,1,283.58987386067713
2025-04-26 20:00:00,0,0,1,241.01886067708324
2025-04-26 21:00:00,0,0,1,270.1446313476562
2025-04-26 22:00:00,0,0,0,347.0021036783854
2025-04-26 23:00:00,0,0,0,431.16120768229166
2025-04-27 00:00:00,0,0,0,492.91875813802085
2025-04-27 01:00:00,0,0,0,518.9402709960938
2025-04-27 02:00:00,0,0,0,520.5779484049478
2025-04-27 03:00:00,0,0,0,516.9875935872395
2025-04-27 04:00:00,0,0,0,506.8182271321615
2025-04-27 05:00:00,0,0,0,495.30278483072914
2025-04-27 06:00:00,0,0,0,494.691620279948
2025-04-27 07:00:00,0,0,0,477.14189371744783
2025-04-27 08:00:00,0,0,0,474.08585774739595
2025-04-27 09:00:00,0,0,0,469.8828304036458
2025-04-27 10:00:00,0,0,0,469.88862630208337
2025-04-27 11:00:00,0,0,0,498.5468676757814
2025-04-27 12:00:00,0,0,0,521.2074560546873
2025-04-27 13:00:00,0,0,0,523.1708813476562
2025-04-27 14:00:00,0,0,0,523.1090315755207
2025-04-27 15:00:00,0,0,0,527.2872924804688
2025-04-27 16:00:00,0,0,0,508.06888997395845
2025-04-27 17:00:00,0,0,0,455.8195971679686
2025-04-27 18:00:00,0,0,0,367.5741365559895
2025-04-27 19:00:00,0,0,1,284.7802921549479
2025-04-27 20:00:00,0,0,1,240.18658121744784
2025-04-27 21:00:00,0,0,1,270.35529947916666
2025-04-27 22:00:00,0,0,0,349.54166910807294
2025-04-27 23:00:00,0,0,0,438.3898746744792
2025-04-28 00:00:00,0,0,0,507.366826171875
2025-04-28 01:00:00,0,0,0,529.4921504720053
2025-04-28 02:00:00,0,0,0,527.5683976236979
2025-04-28 03:00:00,0,0,0,523.6060424804688
2025-04-28 04:00:00,0,0,0,513.5181982421875
2025-04-28 05:00:00,0,0,0,502.37199707031255
2025-04-28 06:00:00,0,0,0,503.62300781249996
2025-04-28 07:00:00,0,0,0,483.73967285156255
2025-04-28 08:00:00,0,0,0,477.15461751302087
2025-04-28 09:00:00,0,0,0,475.2453426106772
2025-04-28 10:00:00,0,0,0,482.35342773437515
2025-04-28 11:00:00,0,0,0,508.9896362304687
2025-04-28 12:00:00,0,0,0,527.5652954101563
2025-04-28 13:00:00,0,0,0,523.0350895182291
2025-04-28 14:00:00,0,0,0,520.8243457031251
2025-04-28 15:00:00,0,0,0,527.255888671875
2025-04-28 16:00:00,0,0,0,514.8590299479167
2025-04-28 17:00:00,0,0,0,465.1607373046875
2025-04-28 18:00:00,0,0,0,376.45111490885415
2025-04-28 19:00:00,0,0,1,286.08711751302076
2025-04-28 20:00:00,0,0,1,237.23746500651043
2025-04-28 21:00:00,0,0,1,265.44046712239583
2025-04-28 22:00:00,0,0,0,347.34831705729164
2025-04-28 23:00:00,0,0,0,435.5965535481771
2025-04-29 00:00:00,0,0,0,487.87686523437503
2025-04-29 01:00:00,0,0,0,519.0594449869791
2025-04-29 02:00:00,0,0,0,522.06380859375
2025-04-29 03:00:00,0,0,0,514.3210872395833
2025-04-29 04:00:00,0,0,0,506.64139282226563
2025-04-29 05:00:00,0,0,0,493.4877490234376
2025-04-29 06:00:00,0,0,0,493.5938631184897
2025-04-29 07:00:00,0,0,0,473.6685913085937
2025-04-29 08:00:00,0,0,0,468.43316406250005
2025-04-29 09:00:00,0,0,0,463.17094807942703
2025-04-29 10:00:00,0,0,0,467.2035131835937
2025-04-29 11:00:00,0,0,0,494.5125472281072
2025-04-29 12:00:00,0,0,0,516.9433333333334
2025-04-29 13:00:00,0,0,0,517.4312939453125
2025-04-29 14:00:00,0,0,0,516.8832405598957
2025-04-29 15:00:00,0,0,0,517.9181746419272
2025-04-29 16:00:00,0,0,0,505.60894205729164
2025-04-29 17:00:00,0,0,0,455.32465983072916
2025-04-29 18:00:00,0,0,0,363.8417024739583
2025-04-29 19:00:00,0,0,1,273.29950520833324
2025-04-29 20:00:00,0,0,2,223.8139672851562
2025-04-29 21:00:00,0,0,1,253.3613102213542
2025-04-29 22:00:00,0,0,0,336.2178800455729
2025-04-29 23:00:00,0,0,0,426.9620385742187
2025-04-30 00:00:00,0,0,0,488.34332600911466
2025-04-30 01:00:00,0,0,0,517.4965600585937
2025-04-30 02:00:00,0,0,0,516.9215226236979
2025-04-30 03:00:00,0,0,0,510.3840319824218
2025-04-30 04:00:00,0,0,0,501.5245694986978
2025-04-30 05:00:00,0,0,0,490.84245524088544
2025-04-30 06:00:00,0,0,0,491.65005045572934
2025-04-30 07:00:00,0,0,0,471.1569555664064
2025-04-30 08:00:00,0,0,0,465.61041422526046
2025-04-30 09:00:00,0,0,0,461.45516113281246
2025-04-30 10:00:00,0,0,0,468.063231608073
2025-04-30 11:00:00,0,0,0,496.65131673177075
2025-04-30 12:00:00,0,0,0,515.9638126627603
2025-04-30 13:00:00,0,0,0,514.5493098958334
2025-04-30 14:00:00,0,0,0,518.1703059895833
2025-04-30 15:00:00,0,0,0,523.5848771158853
2025-04-30 16:00:00,0,0,0,509.7506860351564
2025-04-30 17:00:00,0,0,0,458.13542236328135
2025-04-30 18:00:00,0,0,0,364.62774983723966
2025-04-30 19:00:00,0,0,1,271.6598901367189
2025-04-30 20:00:00,1,0,4,218.6453873697917
2025-04-30 21:00:00,0,0,1,247.21843098958334
2025-04-30 22:00:00,0,0,0,329.00308186848963
2025-04-30 23:00:00,0,0,0,398.12579020182284
2025-05-01 00:00:00,0,0,1,419.28119791666666
2025-05-01 01:00:00,0,0,1,448.27615681966154
2025-05-01 02:00:00,0,0,1,451.3305472819011
2025-05-01 03:00:00,0,0,1,445.5192667643229
2025-05-01 04:00:00,0,0,1,435.46013834635414
2025-05-01 05:00:00,0,0,1,424.8663142903646
2025-05-01 06:00:00,0,0,1,425.51058268229167
2025-05-01 07:00:00,0,0,1,403.88202473958324
2025-05-01 08:00:00,0,0,1,403.3761189778645
2025-05-01 09:00:00,0,0,1,400.53986897786467
2025-05-01 10:00:00,0,0,1,402.1732470703125
2025-05-01 11:00:00,0,0,1,430.2385107421876
2025-05-01 12:00:00,0,0,1,452.20697509765614
2025-05-01 13:00:00,0,0,1,456.28086100260407
2025-05-01 14:00:00,0,0,1,457.96635742187505
2025-05-01 15:00:00,0,0,1,465.3096525065105
2025-05-01 16:00:00,0,0,1,449.21724772135417
2025-05-01 17:00:00,0,0,1,399.2722216796875
2025-05-01 18:00:00,0,0,1,311.633213704427
2025-05-01 19:00:00,0,0,3,221.55721516927088
2025-05-01 20:00:00,0,0,3,171.06364257812504
2025-05-01 21:00:00,0,0,3,197.06369059244787
2025-05-01 22:00:00,0,0,1,276.160869140625
2025-05-01 23:00:00,0,0,1,369.81815836588544
2025-05-02 00:00:00,0,0,0,477.66568562825523
2025-05-02 01:00:00,0,0,0,495.3213224283853
2025-05-02 02:00:00,0,0,0,496.2311702473959
2025-05-02 03:00:00,0,0,0,490.01069295247396
2025-05-02 04:00:00,0,0,0,480.1239221191406
2025-05-02 05:00:00,0,0,0,470.8904142252603
2025-05-02 06:00:00,0,0,0,474.251220703125
2025-05-02 07:00:00,0,0,0,455.4891438802083
2025-05-02 08:00:00,0,0,0,451.2836490885418
2025-05-02 09:00:00,0,0,0,448.80586914062496
2025-05-02 10:00:00,0,0,0,451.9542374674479
2025-05-02 11:00:00,0,0,0,473.5086515299479
2025-05-02 12:00:00,0,0,0,492.15814534505216
2025-05-02 13:00:00,0,0,0,491.31977376302075
2025-05-02 14:00:00,0,0,0,485.3016780598957
2025-05-02 15:00:00,0,0,0,487.62442057291673
2025-05-02 16:00:00,0,0,0,468.8320255533854
2025-05-02 17:00:00,0,0,0,416.38996256510416
2025-05-02 18:00:00,0,0,0,332.80160481770827
2025-05-02 19:00:00,0,0,1,250.9274796549479
2025-05-02 20:00:00,0,0,2,202.81304280598965
2025-05-02 21:00:00,0,0,1,229.27220540364578
2025-05-02 22:00:00,0,0,0,304.66518880208343
2025-05-02 23:00:00,0,0,0,386.8314078776042
2025-05-03 00:00:00,0,0,0,431.6231974283854
2025-05-03 01:00:00,0,0,0,462.43645996093755
2025-05-03 02:00:00,0,0,0,466.32473307291673
2025-05-03 03:00:00,0,0,0,458.3583898925782
2025-05-03 04:00:00,0,0,0,447.4779321289062
2025-05-03 05:00:00,0,0,0,439.9106762695312
2025-05-03 06:00:00,0,0,0,443.7593961588542
2025-05-03 07:00:00,0,0,0,425.07734456380194
2025-05-03 08:00:00,0,0,0,416.5464746093751
2025-05-03 09:00:00,0,0,0,415.88473225911457
2025-05-03 10:00:00,0,0,0,422.29998697916676
2025-05-03 11:00:00,0,0,0,442.6905916341145
2025-05-03 12:00:00,0,0,0,457.72585042317723
2025-05-03 13:00:00,0,0,0,459.5697298177083
2025-05-03 14:00:00,0,0,0,459.8170304361979
2025-05-03 15:00:00,0,0,0,462.39250813802073
2025-05-03 16:00:00,0,0,0,444.606668294271
2025-05-03 17:00:00,0,0,0,400.53764179466805
2025-05-03 18:00:00,0,0,0,318.4588948567707
2025-05-03 19:00:00,0,0,1,232.98431315104176
2025-05-03 20:00:00,0,0,2,179.80903238932297
2025-05-03 21:00:00,0,0,2,206.14786539713543
2025-05-03 22:00:00,0,0,0,287.1271077473958
2025-05-03 23:00:00,0,0,0,374.4872094726562
2025-05-04 00:00:00,0,0,0,443.1330851236979
2025-05-04 01:00:00,0,0,0,467.22978515625005
2025-05-04 02:00:00,0,0,0,467.9523803710938
2025-05-04 03:00:00,0,0,0,462.0921337890626
2025-05-04 04:00:00,0,0,0,453.79938028971344
2025-05-04 05:00:00,0,0,0,445.7410677083334
2025-05-04 06:00:00,0,0,0,448.0746158854166
2025-05-04 07:00:00,0,0,0,423.42734212239577
2025-05-04 08:00:00,0,0,0,391.0181990559895
2025-05-04 09:00:00,0,0,0,373.7411897786458
2025-05-04 10:00:00,0,0,0,340.74771972656254
2025-05-04 11:00:00,0,0,0,441.12319986979173
2025-05-04 12:00:00,0,0,0,491.3619335937499
2025-05-04 13:00:00,0,0,0,483.6892993164063
2025-05-04 14:00:00,0,0,0,483.6588997395834
2025-05-04 15:00:00,0,0,0,469.3178434244792
2025-05-04 16:00:00,0,0,0,484.06089436848947
2025-05-04 17:00:00,0,0,0,438.1386678059896
2025-05-04 18:00:00,0,0,0,368.3217057291665
2025-05-04 19:00:00,0,0,1,292.30133056640625
2025-05-04 20:00:00,0,0,1,242.87250406901035
2025-05-04 21:00:00,0,0,1,265.758525390625
2025-05-04 22:00:00,0,0,0,344.20112955729167
2025-05-04 23:00:00,0,0,0,434.5637556966145
2025-05-05 00:00:00,0,0,0,502.61747558593754
2025-05-05 01:00:00,0,0,0,531.5484220377604
2025-05-05 02:00:00,0,0,0,528.6135978190105
2025-05-05 03:00:00,0,0,0,518.0240478515625
2025-05-05 04:00:00,0,0,0,508.54385091145843
2025-05-05 05:00:00,0,0,0,496.94487467447914
2025-05-05 06:00:00,0,0,0,499.28898925781255
2025-05-05 07:00:00,0,0,0,482.052275390625
2025-05-05 08:00:00,0,0,0,477.35919759114586
2025-05-05 09:00:00,0,0,0,475.88507405598943
2025-05-05 10:00:00,0,0,0,476.0372566731771
2025-05-05 11:00:00,0,0,0,497.0311808268227
2025-05-05 12:00:00,0,0,0,522.555625
2025-05-05 13:00:00,0,0,0,516.8731502278645
2025-05-05 14:00:00,0,0,0,507.6159619140624
2025-05-05 15:00:00,0,0,0,508.0548014322917
2025-05-05 16:00:00,0,0,0,491.5274674479167
2025-05-05 17:00:00,0,0,0,445.08356770833325
2025-05-05 18:00:00,0,0,0,364.39809814453133
2025-05-05 19:00:00,0,0,1,278.44620930989583
2025-05-05 20:00:00,0,0,2,227.0584749348959
2025-05-05 21:00:00,0,0,1,249.11409179687496
2025-05-05 22:00:00,0,0,0,329.99587565104173
2025-05-05 23:00:00,0,0,0,425.2087239583333
2025-05-06 00:00:00,0,0,0,484.1481974283854
2025-05-06 01:00:00,0,0,0,516.0490690104166
2025-05-06 02:00:00,0,0,0,518.0488570149739
2025-05-06 03:00:00,0,0,0,513.7871622721354
2025-05-06 04:00:00,0,0,0,503.62809611002604
2025-05-06 05:00:00,0,0,0,493.58164225260407
2025-05-06 06:00:00,0,0,0,485.87874511718746
2025-05-06 07:00:00,0,0,0,448.4758064778646
2025-05-06 08:00:00,0,0,0,428.2452587890625
2025-05-06 09:00:00,0,0,0,425.3294783528645
2025-05-06 10:00:00,0,0,0,443.67592203776053
2025-05-06 11:00:00,0,0,0,438.797354329427
2025-05-06 12:00:00,0,0,0,411.51750813802096
2025-05-06 13:00:00,0,0,0,431.7857698567709
2025-05-06 14:00:00,0,0,0,440.8138248697917
2025-05-06 15:00:00,0,0,0,438.9056689453125
2025-05-06 16:00:00,0,0,0,439.7860262044271
2025-05-06 17:00:00,0,0,0,416.8602010091147
2025-05-06 18:00:00,0,0,0,344.081776529948
2025-05-06 19:00:00,0,0,1,266.1555192057291
2025-05-06 20:00:00,1,0,4,211.5538468424479
2025-05-06 21:00:00,0,0,1,236.54402099609376
2025-05-06 22:00:00,0,0,0,325.4568221028645
2025-05-06 23:00:00,0,0,0,424.5331136067708
2025-05-07 00:00:00,0,0,0,489.33089680989576
2025-05-07 01:00:00,0,0,0,522.3550358072916
2025-05-07 02:00:00,0,0,0,524.4593269856771
2025-05-07 03:00:00,0,0,0,517.1902180989583
2025-05-07 04:00:00,0,0,0,507.38715861002606
2025-05-07 05:00:00,0,0,0,497.866805826823
2025-05-07 06:00:00,0,0,0,502.9803588867187
2025-05-07 07:00:00,0,0,0,482.145966796875
2025-05-07 08:00:00,0,0,0,471.53742431640626
2025-05-07 09:00:00,0,0,0,464.94463053385425
2025-05-07 10:00:00,0,0,0,461.69586344401046
2025-05-07 11:00:00,0,0,0,482.5234594726562
2025-05-07 12:00:00,0,0,0,504.50899007161456
2025-05-07 13:00:00,0,0,0,499.7621093749999
2025-05-07 14:00:00,0,0,0,491.3529052734375
2025-05-07 15:00:00,0,0,0,491.7606013997397
2025-05-07 16:00:00,0,0,0,475.3986499023438
2025-05-07 17:00:00,0,0,0,424.91800944010424
2025-05-07 18:00:00,0,0,0,345.01982259114584
2025-05-07 19:00:00,0,0,1,267.49164957682285
2025-05-07 20:00:00,0,0,2,220.78257324218748
2025-05-07 21:00:00,0,0,1,241.8118929036459
2025-05-07 22:00:00,0,0,0,320.1742211914062
2025-05-07 23:00:00,0,0,0,413.51667154947916
2025-05-08 00:00:00,0,0,0,477.65206949869787
2025-05-08 01:00:00,0,0,0,506.99260986328125
2025-05-08 02:00:00,0,0,0,512.4769596354166
2025-05-08 03:00:00,0,0,0,507.2703869628907
2025-05-08 04:00:00,0,0,0,499.3034411621094
2025-05-08 05:00:00,0,0,0,492.9238452148437
2025-05-08 06:00:00,0,0,0,501.0222021484376
2025-05-08 07:00:00,0,0,0,484.2606380208333
2025-05-08 08:00:00,0,0,0,477.27226481119783
2025-05-08 09:00:00,0,0,0,474.14322998046873
2025-05-08 10:00:00,0,0,0,476.700174967448
2025-05-08 11:00:00,0,0,0,497.68279459635414
2025-05-08 12:00:00,0,0,0,514.0222721354166
2025-05-08 13:00:00,0,0,0,513.233896484375
2025-05-08 14:00:00,0,0,0,507.16754475911443
2025-05-08 15:00:00,0,0,0,511.38714925130193
2025-05-08 16:00:00,0,0,0,490.2894311523437
2025-05-08 17:00:00,0,0,0,439.12313557942707
2025-05-08 18:00:00,0,0,0,362.3133471679689
2025-05-08 19:00:00,0,0,1,286.4094189453125
2025-05-08 20:00:00,0,0,1,241.87846516927084
2025-05-08 21:00:00,0,0,1,258.83378336588544
2025-05-08 22:00:00,0,0,0,338.03145263671877
2025-05-08 23:00:00,0,0,0,431.76045166015626
2025-05-09 00:00:00,0,0,0,488.0968050130209
2025-05-09 01:00:00,0,0,0,519.5037329101563
2025-05-09 02:00:00,0,0,0,520.7630037434897
2025-05-09 03:00:00,0,0,0,512.0537516276041
2025-05-09 04:00:00,0,0,0,498.1474747721354
2025-05-09 05:00:00,0,0,0,487.0742513020833
2025-05-09 06:00:00,0,0,0,491.83596598307304
2025-05-09 07:00:00,0,0,0,469.0014396158854
2025-05-09 08:00:00,0,0,0,461.148701171875
2025-05-09 09:00:00,0,0,0,450.2553792317708
2025-05-09 10:00:00,0,0,0,455.44393880208327
2025-05-09 11:00:00,0,0,0,478.40387369791665
2025-05-09 12:00:00,0,0,0,496.19988281249994
2025-05-09 13:00:00,0,0,0,494.3412263997395
2025-05-09 14:00:00,0,0,0,487.6415079752603
2025-05-09 15:00:00,0,0,0,490.82552164713525
2025-05-09 16:00:00,0,0,0,478.16131022135414
2025-05-09 17:00:00,0,0,0,429.9711962890624
2025-05-09 18:00:00,0,0,0,346.4075903320313
2025-05-09 19:00:00,0,0,1,261.8461995442708
2025-05-09 20:00:00,1,0,4,203.57089029947917
2025-05-09 21:00:00,0,0,2,220.01409586588534
2025-05-09 22:00:00,0,0,0,303.1231787109375
2025-05-09 23:00:00,0,0,0,404.97368001302084
2025-05-10 00:00:00,0,0,0,486.08309977213537
2025-05-10 01:00:00,0,0,0,517.4375207519531
2025-05-10 02:00:00,0,0,0,516.2306787109375
2025-05-10 03:00:00,0,0,0,508.54936075846354
2025-05-10 04:00:00,0,0,0,499.25590413411453
2025-05-10 05:00:00,0,0,0,494.2512556966145
2025-05-10 06:00:00,0,0,0,501.987997233073
2025-05-10 07:00:00,0,0,0,480.6278914388022
2025-05-10 08:00:00,0,0,0,472.45222737630206
2025-05-10 09:00:00,0,0,0,469.2735994466145
2025-05-10 10:00:00,0,0,0,473.1667626953124
2025-05-10 11:00:00,0,0,0,499.1804410807292
2025-05-10 12:00:00,0,0,0,521.6540649414062
2025-05-10 13:00:00,0,0,0,519.3830891927082
2025-05-10 14:00:00,0,0,0,510.03841959635406
2025-05-10 15:00:00,0,0,0,510.0406608072917
2025-05-10 16:00:00,0,0,0,494.6944637044271
2025-05-10 17:00:00,0,0,0,442.744619140625
2025-05-10 18:00:00,0,0,0,357.33146972656255
2025-05-10 19:00:00,0,0,1,275.1176334635418
2025-05-10 20:00:00,0,0,2,222.5002303059896
2025-05-10 21:00:00,0,0,1,238.38539876302082
2025-05-10 22:00:00,0,0,0,319.24909179687506
2025-05-10 23:00:00,0,0,0,418.7155371093751
2025-05-11 00:00:00,0,0,0,507.68938557942715
2025-05-11 01:00:00,0,0,0,531.1700463867187
2025-05-11 02:00:00,0,0,0,533.620234375
2025-05-11 03:00:00,0,0,0,526.6177392578124
2025-05-11 04:00:00,0,0,0,515.4749959309896
2025-05-11 05:00:00,0,0,0,506.63483886718757
2025-05-11 06:00:00,0,0,0,513.7118196614583
2025-05-11 07:00:00,0,0,0,496.0059537760417
2025-05-11 08:00:00,0,0,0,490.0486946614583
2025-05-11 09:00:00,0,0,0,483.9787337239584
2025-05-11 10:00:00,0,0,0,482.87469319661454
2025-05-11 11:00:00,0,0,0,505.75642496744786
2025-05-11 12:00:00,0,0,0,522.3677180989584
2025-05-11 13:00:00,0,0,0,512.38408203125
2025-05-11 14:00:00,0,0,0,506.84423828125
2025-05-11 15:00:00,0,0,0,505.86941162109383
2025-05-11 16:00:00,0,0,0,489.9313924153646
2025-05-11 17:00:00,0,0,0,444.2637809244791
2025-05-11 18:00:00,0,0,0,363.17449055989573
2025-05-11 19:00:00,0,0,1,285.085068359375
2025-05-11 20:00:00,0,0,1,238.53901611328126
2025-05-11 21:00:00,0,0,1,254.1232804361979
2025-05-11 22:00:00,0,0,0,331.74600585937503
2025-05-11 23:00:00,0,0,0,430.43986328125004
2025-05-12 00:00:00,0,0,0,506.78290445963535
2025-05-12 01:00:00,0,0,0,535.3615144856772
2025-05-12 02:00:00,0,0,0,536.3380232747396
2025-05-12 03:00:00,0,0,0,527.598007405599
2025-05-12 04:00:00,0,0,0,517.3936165364582
2025-05-12 05:00:00,0,0,0,510.7106644694011
2025-05-12 06:00:00,0,0,0,514.0094401041665
2025-05-12 07:00:00,0,0,0,493.8164127604166
2025-05-12 08:00:00,0,0,0,485.3284781901043
2025-05-12 09:00:00,0,0,0,475.12328694661437
2025-05-12 10:00:00,0,0,0,473.0739575195312
2025-05-12 11:00:00,0,0,0,496.2168082682292
2025-05-12 12:00:00,0,0,0,513.9503076171875
2025-05-12 13:00:00,0,0,0,503.37188151041664
2025-05-12 14:00:00,0,0,0,488.9322501627605
2025-05-12 15:00:00,0,0,0,490.1629418945313
2025-05-12 16:00:00,0,0,0,475.3208553059894
2025-05-12 17:00:00,0,0,0,427.3016544596353
2025-05-12 18:00:00,0,0,0,346.53607910156234
2025-05-12 19:00:00,0,0,1,265.0396451822917
2025-05-12 20:00:00,1,0,4,210.61728108723958
2025-05-12 21:00:00,0,0,2,222.7880875651042
2025-05-12 22:00:00,0,0,0,308.61550455729173
2025-05-12 23:00:00,0,0,0,413.4919392903646
2025-05-13 00:00:00,0,0,0,481.69658121744794
2025-05-13 01:00:00,0,0,0,516.4699869791667
2025-05-13 02:00:00,0,0,0,518.9458581542968
2025-05-13 03:00:00,0,0,0,511.90863037109375
2025-05-13 04:00:00,0,0,0,501.71051391601566
2025-05-13 05:00:00,0,0,0,496.8831901041666
2025-05-13 06:00:00,0,0,0,499.3193603515624
2025-05-13 07:00:00,0,0,0,477.6115397135418
2025-05-13 08:00:00,0,0,0,467.7525569661459
2025-05-13 09:00:00,0,0,0,464.07610921223954
2025-05-13 10:00:00,0,0,0,467.93742757161453
2025-05-13 11:00:00,0,0,0,490.7199267578126
2025-05-13 12:00:00,0,0,0,509.2702758789062
2025-05-13 13:00:00,0,0,0,502.3216691080729
2025-05-13 14:00:00,0,0,0,486.1941975911459
2025-05-13 15:00:00,0,0,0,488.29583414713534
2025-05-13 16:00:00,0,0,0,473.7798933919271
2025-05-13 17:00:00,0,0,0,432.85916015625
2025-05-13 18:00:00,0,0,0,354.42745117187496
2025-05-13 19:00:00,0,0,1,267.7000472005209
2025-05-13 20:00:00,1,0,4,210.5190568033854
2025-05-13 21:00:00,0,0,2,224.57478678385417
2025-05-13 22:00:00,0,0,0,306.45660481770824
2025-05-13 23:00:00,0,0,0,406.1811596679688
2025-05-14 00:00:00,0,0,0,477.2055843098958
2025-05-14 01:00:00,0,0,0,512.0689217122396
2025-05-14 02:00:00,0,0,0,515.4926432291667
2025-05-14 03:00:00,0,0,0,509.23124104817714
2025-05-14 04:00:00,0,0,0,497.6028059895833
2025-05-14 05:00:00,0,0,0,490.51851562499996
2025-05-14 06:00:00,0,0,0,499.03933349609383
2025-05-14 07:00:00,0,0,0,481.6590852864583
2025-05-14 08:00:00,0,0,0,472.5323388671875
2025-05-14 09:00:00,0,0,0,464.9074747721354
2025-05-14 10:00:00,0,0,0,465.09074300130214
2025-05-14 11:00:00,0,0,0,491.8841560872395
2025-05-14 12:00:00,0,0,0,508.06658203124994
2025-05-14 13:00:00,0,0,0,503.5784985351563
2025-05-14 14:00:00,0,0,0,491.16779459635427
2025-05-14 15:00:00,0,0,0,492.1512833658853
2025-05-14 16:00:00,0,0,0,477.5939892578126
2025-05-14 17:00:00,0,0,0,433.5374650065105
2025-05-14 18:00:00,0,0,0,355.19243733723965
2025-05-14 19:00:00,0,0,1,270.45929768880205
2025-05-14 20:00:00,1,0,4,210.89346679687503
2025-05-14 21:00:00,0,0,2,223.38777180989587
2025-05-14 22:00:00,0,0,0,308.89814534505206
2025-05-14 23:00:00,0,0,0,412.6720052083333
2025-05-15 00:00:00,0,0,0,487.25883219401044
2025-05-15 01:00:00,0,0,0,519.7309549967448
2025-05-15 02:00:00,0,0,0,521.9345393880209
2025-05-15 03:00:00,0,0,0,514.1258984375
2025-05-15 04:00:00,0,0,0,502.2272623697917
2025-05-15 05:00:00,0,0,0,493.5354899088543
2025-05-15 06:00:00,0,0,0,503.23344319661464
2025-05-15 07:00:00,0,0,0,483.94682291666663
2025-05-15 08:00:00,0,0,0,473.0629565429688
2025-05-15 09:00:00,0,0,0,467.27936116536443
2025-05-15 10:00:00,0,0,0,470.3045727539063
2025-05-15 11:00:00,0,0,0,489.23859456380205
2025-05-15 12:00:00,0,0,0,510.6864794921876
2025-05-15 13:00:00,0,0,0,506.77558756510416
2025-05-15 14:00:00,0,0,0,493.85370768229177
2025-05-15 15:00:00,0,0,0,490.78899983723954
2025-05-15 16:00:00,0,0,0,476.7919140624999
2025-05-15 17:00:00,0,0,0,429.63779296874986
2025-05-15 18:00:00,0,0,0,353.04817464192706
2025-05-15 19:00:00,0,0,1,270.0184261067708
2025-05-15 20:00:00,1,0,4,210.25148844401042
2025-05-15 21:00:00,0,0,2,225.68923583984372
2025-05-15 22:00:00,0,0,0,305.9418611653647
2025-05-15 23:00:00,0,0,0,405.57760904947907
2025-05-16 00:00:00,0,0,0,468.9823022460937
2025-05-16 01:00:00,0,0,0,503.84211466471356
2025-05-16 02:00:00,0,0,0,506.60675374348966
2025-05-16 03:00:00,0,0,0,500.9598022460938
2025-05-16 04:00:00,0,0,0,490.0592228190104
2025-05-16 05:00:00,0,0,0,482.15360514322913
2025-05-16 06:00:00,0,0,0,491.531748860677
2025-05-16 07:00:00,0,0,0,471.91095703125006
2025-05-16 08:00:00,0,0,0,459.3079638671875
2025-05-16 09:00:00,0,0,0,453.7637719726563
2025-05-16 10:00:00,0,0,0,454.223898111979
2025-05-16 11:00:00,0,0,0,479.84882324218756
2025-05-16 12:00:00,0,0,0,498.25701334635414
2025-05-16 13:00:00,0,0,0,489.5181974283855
2025-05-16 14:00:00,0,0,0,475.602782389323
2025-05-16 15:00:00,0,0,0,475.5327001953124
2025-05-16 16:00:00,0,0,0,455.56135009765626
2025-05-16 17:00:00,0,0,0,408.3397216796875
2025-05-16 18:00:00,0,0,0,335.19496500651053
2025-05-16 19:00:00,0,0,1,253.9884033203125
2025-05-16 20:00:00,1,0,4,195.8268831380209
2025-05-16 21:00:00,1,0,4,214.01093749999995
2025-05-16 22:00:00,0,0,0,299.06599039713547
2025-05-16 23:00:00,0,0,0,405.3093448893229
2025-05-17 00:00:00,0,0,0,478.0534578450521
2025-05-17 01:00:00,0,0,0,513.1094596354167
2025-05-17 02:00:00,0,0,0,519.6529972330729
2025-05-17 03:00:00,0,0,0,511.8037019856771
2025-05-17 04:00:00,0,0,0,500.771826171875
2025-05-17 05:00:00,0,0,0,492.43868082682275
2025-05-17 06:00:00,0,0,0,499.2060188802084
2025-05-17 07:00:00,0,0,0,479.36954427083333
2025-05-17 08:00:00,0,0,0,468.16888509114574
2025-05-17 09:00:00,0,0,0,460.55622233072904
2025-05-17 10:00:00,0,0,0,457.4855924479166
2025-05-17 11:00:00,0,0,0,476.75559488932277
2025-05-17 12:00:00,0,0,0,491.89118164062506
2025-05-17 13:00:00,0,0,0,482.70272786458327
2025-05-17 14:00:00,0,0,0,470.4010945638022
2025-05-17 15:00:00,0,0,0,470.62199462890635
2025-05-17 16:00:00,0,0,0,453.46967936197916
2025-05-17 17:00:00,0,0,0,407.7048282877604
2025-05-17 18:00:00,0,0,0,333.634755859375
2025-05-17 19:00:00,0,0,1,254.94779622395833
2025-05-17 20:00:00,1,0,4,202.74545003255218
2025-05-17 21:00:00,0,0,2,215.81326334635412
2025-05-17 22:00:00,0,0,0,296.03934814453123
2025-05-17 23:00:00,0,0,0,396.76130940755206
2025-05-18 00:00:00,0,0,0,484.96539388020824
2025-05-18 01:00:00,0,0,0,516.078055826823
2025-05-18 02:00:00,0,0,0,519.4296915690104
2025-05-18 03:00:00,0,0,0,512.4485270182291
2025-05-18 04:00:00,0,0,0,503.445693359375
2025-05-18 05:00:00,0,0,0,494.64339680989576
2025-05-18 06:00:00,0,0,0,504.39473470052076
2025-05-18 07:00:00,0,0,0,485.0509350585937
2025-05-18 08:00:00,0,0,0,481.1548136393228
2025-05-18 09:00:00,0,0,0,478.3357096354166
2025-05-18 10:00:00,0,0,0,476.0399381510417
2025-05-18 11:00:00,0,0,0,497.5609554036457
2025-05-18 12:00:00,0,0,0,511.6288736979168
2025-05-18 13:00:00,0,0,0,506.6634252929689
2025-05-18 14:00:00,0,0,0,493.1862548828126
2025-05-18 15:00:00,0,0,0,488.4927099609374
2025-05-18 16:00:00,0,0,0,469.0410335286458
2025-05-18 17:00:00,0,0,0,419.7458528645834
2025-05-18 18:00:00,0,0,0,345.63860921223954
2025-05-18 19:00:00,0,0,1,267.96625895182297
2025-05-18 20:00:00,0,0,2,217.9425154622396
2025-05-18 21:00:00,0,0,2,230.23652099609376
2025-05-18 22:00:00,0,0,0,313.4078002929688
2025-05-18 23:00:00,0,0,0,415.97087565104164
2025-05-19 00:00:00,0,0,0,492.56826497395843
2025-05-19 01:00:00,0,0,0,525.5024943033854
2025-05-19 02:00:00,0,0,0,524.834169921875
2025-05-19 03:00:00,0,0,0,515.9239046223959
2025-05-19 04:00:00,0,0,0,507.7630676269531
2025-05-19 05:00:00,0,0,0,499.22168244615114
2025-05-19 06:00:00,0,0,0,501.6784781901042
2025-05-19 07:00:00,0,0,0,478.3558748372395
2025-05-19 08:00:00,0,0,0,471.2480607096354
2025-05-19 09:00:00,0,0,0,465.3538916015625
2025-05-19 10:00:00,0,0,0,467.61934407552076
2025-05-19 11:00:00,0,0,0,489.0916878255209
2025-05-19 12:00:00,0,0,0,504.2116023763019
2025-05-19 13:00:00,0,0,0,492.8044270833334
2025-05-19 14:00:00,0,0,0,476.2071484375001
2025-05-19 15:00:00,0,0,0,475.6601123046876
2025-05-19 16:00:00,0,0,0,459.32451741536465
2025-05-19 17:00:00,0,0,0,413.9632747395833
2025-05-19 18:00:00,0,0,0,335.5350537109375
2025-05-19 19:00:00,0,0,1,254.86001139322923
2025-05-19 20:00:00,1,0,4,197.68551676432287
2025-05-19 21:00:00,1,0,4,207.54474202473966
2025-05-19 22:00:00,0,0,0,291.47953043619793
2025-05-19 23:00:00,0,0,0,400.2426570638021
2025-05-20 00:00:00,0,0,0,463.25033040364576
2025-05-20 01:00:00,0,0,0,509.3739908854167
2025-05-20 02:00:00,0,0,0,513.1529947916666
2025-05-20 03:00:00,0,0,0,507.7867163085938
2025-05-20 04:00:00,0,0,0,499.78739501953123
2025-05-20 05:00:00,0,0,0,490.15689778645833
2025-05-20 06:00:00,0,0,0,492.04904541015617
2025-05-20 07:00:00,0,0,0,467.6858837890625
2025-05-20 08:00:00,0,0,0,452.54299723307304
2025-05-20 09:00:00,0,0,0,439.88862874348956
2025-05-20 10:00:00,0,0,0,435.2312174479166
2025-05-20 11:00:00,0,0,0,453.5272509765625
2025-05-20 12:00:00,0,0,0,466.7967936197915
2025-05-20 13:00:00,0,0,0,447.0872778320313
2025-05-20 14:00:00,0,0,0,426.4569409179687
2025-05-20 15:00:00,0,0,0,426.2176261393229
2025-05-20 16:00:00,0,0,0,409.40641927083334
2025-05-20 17:00:00,0,0,0,359.80219482421876
2025-05-20 18:00:00,0,0,0,287.3261474609376
2025-05-20 19:00:00,0,0,2,210.57596761067714
2025-05-20 20:00:00,1,1,4,154.21564127604165
2025-05-20 21:00:00,1,1,4,163.96927001953134
2025-05-20 22:00:00,0,0,0,256.18758138020837
2025-05-20 23:00:00,0,0,0,376.6160595703126
2025-05-21 00:00:00,0,0,0,421.08731201171884
2025-05-21 01:00:00,0,0,0,474.26799072265624
2025-05-21 02:00:00,0,0,0,486.6523404947916
2025-05-21 03:00:00,0,0,0,483.0372485351562
2025-05-21 04:00:00,0,0,0,475.09991780598966
2025-05-21 05:00:00,0,0,0,469.2848779296876
2025-05-21 06:00:00,0,0,0,473.95367838541665
2025-05-21 07:00:00,0,0,0,451.0699023437501
2025-05-21 08:00:00,0,0,0,431.8472713216147
2025-05-21 09:00:00,0,0,0,411.82572021484384
2025-05-21 10:00:00,0,0,0,399.59200764973957
2025-05-21 11:00:00,0,0,0,409.2715030924478
2025-05-21 12:00:00,0,0,0,419.1961946614583
2025-05-21 13:00:00,0,0,0,404.53023600260417
2025-05-21 14:00:00,0,0,0,386.2568416341146
2025-05-21 15:00:00,0,0,0,383.1237776692708
2025-05-21 16:00:00,0,0,0,361.1206119791666
2025-05-21 17:00:00,0,0,0,311.44856933593746
2025-05-21 18:00:00,0,0,0,241.17132731119796
2025-05-21 19:00:00,1,0,4,164.16120768229166
2025-05-21 20:00:00,1,0,4,110.50181640624999
2025-05-21 21:00:00,1,0,4,127.06851725260424
2025-05-21 22:00:00,0,0,1,223.24849934895826
2025-05-21 23:00:00,0,0,0,345.54778320312494
2025-05-22 00:00:00,0,0,0,433.37346354166664
2025-05-22 01:00:00,0,0,0,477.93509602864583
2025-05-22 02:00:00,0,0,0,484.4962019856771
2025-05-22 03:00:00,0,0,0,480.8973079427084
2025-05-22 04:00:00,0,0,0,472.409082845052
2025-05-22 05:00:00,0,0,0,462.50886067708325
2025-05-22 06:00:00,0,0,0,442.09808024088545
2025-05-22 07:00:00,0,0,0,384.7968896484376
2025-05-22 08:00:00,0,0,0,327.22322184244786
2025-05-22 09:00:00,0,0,0,284.56623697916666
2025-05-22 10:00:00,0,0,0,266.86423502604157
2025-05-22 11:00:00,0,0,0,289.5740942382813
2025-05-22 12:00:00,0,0,0,289.45233642578114
2025-05-22 13:00:00,0,0,0,278.3957779947916
2025-05-22 14:00:00,0,0,0,277.3748779296875
2025-05-22 15:00:00,0,0,0,305.6103442382814
2025-05-22 16:00:00,0,0,0,320.3434822591146
2025-05-22 17:00:00,0,0,0,295.15752360026045
2025-05-22 18:00:00,0,0,0,244.67769694010417
2025-05-22 19:00:00,1,1,4,181.8623201497395
2025-05-22 20:00:00,1,1,4,119.36136718749992
2025-05-22 21:00:00,1,0,4,126.81269775390626
2025-05-22 22:00:00,0,0,1,220.07424723307292
2025-05-22 23:00:00,0,0,0,340.5339428710938
2025-05-23 00:00:00,0,0,0,415.1084016927084
2025-05-23 01:00:00,0,0,0,467.2795475260416
2025-05-23 02:00:00,0,0,0,480.12234049479173
2025-05-23 03:00:00,0,0,0,480.4069620768229
2025-05-23 04:00:00,0,0,0,471.4924047851563
2025-05-23 05:00:00,0,0,0,465.3266284179688
2025-05-23 06:00:00,0,0,0,473.4065931486141
2025-05-23 07:00:00,0,0,0,449.19611083984364
2025-05-23 08:00:00,0,0,0,431.5582438151041
2025-05-23 09:00:00,0,0,0,417.0463802083334
2025-05-23 10:00:00,0,0,0,408.01761149088543
2025-05-23 11:00:00,0,0,0,422.35501790364583
2025-05-23 12:00:00,0,0,0,433.3121321614585
2025-05-23 13:00:00,0,0,0,413.3781322276659
2025-05-23 14:00:00,0,0,0,393.280732421875
2025-05-23 15:00:00,0,0,0,394.8758837890625
2025-05-23 16:00:00,0,0,0,371.71086425781255
2025-05-23 17:00:00,0,0,0,314.6672493489584
2025-05-23 18:00:00,0,0,0,241.13178141276035
2025-05-23 19:00:00,1,0,4,166.7496313476563
2025-05-23 20:00:00,1,1,4,111.60751546223958
2025-05-23 21:00:00,1,1,4,121.64217610677076
2025-05-23 22:00:00,0,0,1,214.01906331380212
2025-05-23 23:00:00,0,0,0,335.08759928385416
2025-05-24 00:00:00,0,0,0,402.2000968424479
2025-05-24 01:00:00,0,0,0,451.50653320312495
2025-05-24 02:00:00,0,0,0,465.4432259114583
2025-05-24 03:00:00,0,0,0,468.1271826171875
2025-05-24 04:00:00,0,0,0,462.3211474609375
2025-05-24 05:00:00,0,0,0,458.76443929036463
2025-05-24 06:00:00,0,0,0,472.60195149739593
2025-05-24 07:00:00,0,0,0,447.15010904947917
2025-05-24 08:00:00,0,0,0,428.05425537109386
2025-05-24 09:00:00,0,0,0,412.3595019531249
2025-05-24 10:00:00,0,0,0,398.3808528645834
2025-05-24 11:00:00,0,0,2,402.98320149739584
2025-05-24 12:00:00,0,0,0,406.4893855794271
2025-05-24 13:00:00,0,0,2,389.94035970052073
2025-05-24 14:00:00,0,0,0,371.6774544270834
2025-05-24 15:00:00,0,0,0,369.9998380533855
2025-05-24 16:00:00,0,0,0,344.96563557942704
2025-05-24 17:00:00,0,0,0,291.9578792317709
2025-05-24 18:00:00,0,0,1,221.02544921875005
2025-05-24 19:00:00,1,0,4,153.3371720377604
2025-05-24 20:00:00,1,0,4,104.23103352864587
2025-05-24 21:00:00,1,0,4,114.6395247395833
2025-05-24 22:00:00,0,0,1,203.7200846354167
2025-05-24 23:00:00,0,0,0,327.20576334635416
2025-05-25 00:00:00,0,0,0,437.67190104166673
2025-05-25 01:00:00,0,0,0,481.8696044921875
2025-05-25 02:00:00,0,0,0,492.28486490885416
2025-05-25 03:00:00,0,0,0,487.55269205729167
2025-05-25 04:00:00,0,0,0,480.4955900065104
2025-05-25 05:00:00,0,0,0,482.786640625
2025-05-25 06:00:00,0,0,0,497.7576643880209
2025-05-25 07:00:00,0,0,0,473.89644775390616
2025-05-25 08:00:00,0,0,0,457.381826171875
2025-05-25 09:00:00,0,0,0,438.001943359375
2025-05-25 10:00:00,0,0,0,418.4790104166668
2025-05-25 11:00:00,0,0,0,422.65351074218756
2025-05-25 12:00:00,0,0,0,427.7483691406251
2025-05-25 13:00:00,0,0,0,410.67424967447914
2025-05-25 14:00:00,0,0,0,389.5792390950519
2025-05-25 15:00:00,0,0,0,388.44368245442706
2025-05-25 16:00:00,0,0,0,369.177470703125
2025-05-25 17:00:00,0,0,0,314.7850341796875
2025-05-25 18:00:00,0,0,0,246.76493815104163
2025-05-25 19:00:00,1,0,4,181.78895751953132
2025-05-25 20:00:00,1,0,4,131.84737467447917
2025-05-25 21:00:00,1,0,4,133.8006583658855
2025-05-25 22:00:00,0,0,1,219.09042968749998
2025-05-25 23:00:00,0,0,0,338.96195638020833
2025-05-26 00:00:00,0,0,0,458.05376302083334
2025-05-26 01:00:00,0,0,0,502.71210774739586
2025-05-26 02:00:00,0,0,0,512.8114331054688
2025-05-26 03:00:00,0,0,0,508.63045043945317
2025-05-26 04:00:00,0,0,0,500.51153320312505
2025-05-26 05:00:00,0,0,0,494.48820638020834
2025-05-26 06:00:00,0,0,0,500.9831201171876
2025-05-26 07:00:00,0,0,0,478.64421630859374
2025-05-26 08:00:00,0,0,0,461.83894368489587
2025-05-26 09:00:00,0,0,0,445.12615966796875
2025-05-26 10:00:00,0,0,0,426.1081225585938
2025-05-26 11:00:00,0,0,0,430.25457600911477
2025-05-26 12:00:00,0,0,0,430.5191666666667
2025-05-26 13:00:00,0,0,0,413.1521240234374
2025-05-26 14:00:00,0,0,0,395.9366739908853
2025-05-26 15:00:00,0,0,0,398.77862630208324
2025-05-26 16:00:00,0,0,0,382.3808414713542
2025-05-26 17:00:00,0,0,0,328.51593831380205
2025-05-26 18:00:00,0,0,0,253.59268473307293
2025-05-26 19:00:00,1,0,4,186.4705631510417
2025-05-26 20:00:00,1,0,4,131.51265543619786
2025-05-26 21:00:00,1,0,4,125.24484375000009
2025-05-26 22:00:00,0,0,1,210.46012695312504
2025-05-26 23:00:00,0,0,0,340.39949788411457
2025-05-27 00:00:00,0,0,0,451.8881583658855
2025-05-27 01:00:00,0,0,0,496.82084879557294
2025-05-27 02:00:00,0,0,0,502.6741748046875
2025-05-27 03:00:00,0,0,0,499.4625431315104
2025-05-27 04:00:00,0,0,0,493.6575097656249
2025-05-27 05:00:00,0,0,0,491.11623697916684
2025-05-27 06:00:00,0,0,0,495.6387036132812
2025-05-27 07:00:00,0,0,0,469.9091739908854
2025-05-27 08:00:00,0,0,0,448.62423014322917
2025-05-27 09:00:00,0,0,0,426.20759277343745
2025-05-27 10:00:00,0,0,0,406.7032617187499
2025-05-27 11:00:00,0,0,0,418.3383349609376
2025-05-27 12:00:00,0,0,0,420.8823453776042
2025-05-27 13:00:00,0,0,2,396.27030110677083
2025-05-27 14:00:00,0,0,2,372.5051350911458
2025-05-27 15:00:00,0,0,0,374.5647135416666
2025-05-27 16:00:00,0,0,0,354.76021077473956
2025-05-27 17:00:00,0,0,0,302.1201212565104
2025-05-27 18:00:00,0,0,1,228.8813533528646
2025-05-27 19:00:00,1,0,4,155.90256510416668
2025-05-27 20:00:00,1,0,4,94.85616048177087
2025-05-27 21:00:00,1,0,4,91.41756835937497
2025-05-27 22:00:00,1,0,3,184.91911946614584
2025-05-27 23:00:00,0,0,0,317.7098592122396
2025-05-28 00:00:00,0,0,0,442.2424007161459
2025-05-28 01:00:00,0,0,0,494.1741707356771
2025-05-28 02:00:00,0,0,0,502.2528190104167
2025-05-28 03:00:00,0,0,0,498.78999593098956
2025-05-28 04:00:00,0,0,0,491.063251953125
2025-05-28 05:00:00,0,0,0,488.5800903320312
2025-05-28 06:00:00,0,0,0,494.9621297200522
2025-05-28 07:00:00,0,0,0,472.0343001302083
2025-05-28 08:00:00,0,0,0,457.2693750000001
2025-05-28 09:00:00,0,0,0,433.3450585937501
2025-05-28 10:00:00,0,0,0,416.47451822916673
2025-05-28 11:00:00,0,0,0,423.25215413411456
2025-05-28 12:00:00,0,0,0,428.38626546223963
2025-05-28 13:00:00,0,0,0,406.6788264973959
2025-05-28 14:00:00,0,0,0,385.98027994791664
2025-05-28 15:00:00,0,0,0,389.1925065104167
2025-05-28 16:00:00,0,0,0,373.33573486328123
2025-05-28 17:00:00,0,0,0,324.79838948567703
2025-05-28 18:00:00,0,0,0,251.9599877929686
2025-05-28 19:00:00,1,0,4,173.91647379557287
2025-05-28 20:00:00,1,0,4,107.49677408854166
2025-05-28 21:00:00,1,0,4,100.25014648437502
2025-05-28 22:00:00,1,0,3,189.52216227213535
2025-05-28 23:00:00,0,0,0,322.11543538411456
2025-05-29 00:00:00,0,0,0,451.60308837890625
2025-05-29 01:00:00,0,0,0,500.04315511067716
2025-05-29 02:00:00,0,0,0,506.1053076171876
2025-05-29 03:00:00,0,0,0,501.2331665039062
2025-05-29 04:00:00,0,0,0,494.359365234375
2025-05-29 05:00:00,0,0,0,490.73464925130213
2025-05-29 06:00:00,0,0,0,500.201934407552
2025-05-29 07:00:00,0,0,0,481.0211295572917
2025-05-29 08:00:00,0,0,0,466.82854085286453
2025-05-29 09:00:00,0,0,0,445.0062532552083
2025-05-29 10:00:00,0,0,0,426.96564290364586
2025-05-29 11:00:00,0,0,0,430.7701155598959
2025-05-29 12:00:00,0,0,0,431.8677075195312
2025-05-29 13:00:00,0,0,0,410.6331437174481
2025-05-29 14:00:00,0,0,0,390.3842309570314
2025-05-29 15:00:00,0,0,0,396.4813639322915
2025-05-29 16:00:00,0,0,0,379.5078377278646
2025-05-29 17:00:00,0,0,0,325.5111214192707
2025-05-29 18:00:00,0,0,0,249.8798738606772
2025-05-29 19:00:00,1,0,4,178.2311946614584
2025-05-29 20:00:00,1,0,4,116.13262695312505
2025-05-29 21:00:00,1,0,4,107.13912272135417
2025-05-29 22:00:00,1,0,3,196.68777506510412
2025-05-29 23:00:00,0,0,0,333.93290527343754
2025-05-30 00:00:00,0,0,0,464.7116585286458
2025-05-30 01:00:00,0,0,0,508.12312377929686
2025-05-30 02:00:00,0,0,0,517.4271695963541
2025-05-30 03:00:00,0,0,0,511.7915165201823
2025-05-30 04:00:00,0,0,0,503.40424641927086
2025-05-30 05:00:00,0,0,0,497.58671630859374
2025-05-30 06:00:00,0,0,0,508.8740283203124
2025-05-30 07:00:00,0,0,0,490.52959472656266
2025-05-30 08:00:00,0,0,0,474.5592089843749
2025-05-30 09:00:00,0,0,0,454.9483837890625
2025-05-30 10:00:00,0,0,0,444.2020589192707
2025-05-30 11:00:00,0,0,0,456.50262613932296
2025-05-30 12:00:00,0,0,0,464.37845214843765
2025-05-30 13:00:00,0,0,0,447.33967447916666
2025-05-30 14:00:00,0,0,0,426.73301350911447
2025-05-30 15:00:00,0,0,0,421.3195564778646
2025-05-30 16:00:00,0,0,0,397.42501220703116
2025-05-30 17:00:00,0,0,0,346.8005305989584
2025-05-30 18:00:00,0,0,0,279.3942985026042
2025-05-30 19:00:00,0,0,2,204.28586344401037
2025-05-30 20:00:00,1,0,4,139.9709521484375
2025-05-30 21:00:00,1,0,4,136.5106380208333
2025-05-30 22:00:00,0,0,1,226.74190185546877
2025-05-30 23:00:00,0,0,0,351.5649088541667
2025-05-31 00:00:00,0,0,0,472.5139347330729
2025-05-31 01:00:00,0,0,0,513.6836222330729
2025-05-31 02:00:00,0,0,0,516.5409138997396
2025-05-31 03:00:00,0,0,0,509.86429524739583
2025-05-31 04:00:00,0,0,0,501.9323461914063
2025-05-31 05:00:00,0,0,0,498.7673128255209
2025-05-31 06:00:00,0,0,0,502.34493082682275
2025-05-31 07:00:00,0,0,0,463.79132568359387
2025-05-31 08:00:00,0,0,0,448.6684318033854
2025-05-31 09:00:00,0,0,0,411.62374837239577
2025-05-31 10:00:00,0,0,0,438.64190755208324
2025-05-31 11:00:00,0,0,0,443.53139078776053
2025-05-31 12:00:00,0,0,0,443.02069580078137
2025-05-31 13:00:00,0,0,0,450.170420735677
2025-05-31 14:00:00,0,0,0,394.99580159505194
2025-05-31 15:00:00,0,0,0,432.860106608073
2025-05-31 16:00:00,0,0,0,401.956024576823
2025-05-31 17:00:00,0,0,0,375.18329915364575
2025-05-31 18:00:00,0,0,0,307.73482177734377
2025-05-31 19:00:00,0,0,1,235.99908772786455
2025-05-31 20:00:00,1,0,4,171.9366373697917
2025-05-31 21:00:00,1,0,4,162.632197265625
2025-05-31 22:00:00,0,0,0,243.8115063476563
2025-05-31 23:00:00,0,0,0,365.64351643880207
2025-06-01 00:00:00,0,0,0,486.467530110677
2025-06-01 01:00:00,0,0,0,522.0354093424479
2025-06-01 02:00:00,0,0,0,524.9783154296875
2025-06-01 03:00:00,0,0,0,517.0433174641927
2025-06-01 04:00:00,0,0,0,508.191981608073
2025-06-01 05:00:00,0,0,0,504.84209798177085
2025-06-01 06:00:00,0,0,0,507.31771240234366
2025-06-01 07:00:00,0,0,0,467.44954264322905
2025-06-01 08:00:00,0,0,0,473.4471118164063
2025-06-01 09:00:00,0,0,0,432.01618977864587
2025-06-01 10:00:00,0,0,0,413.45962320963554
2025-06-01 11:00:00,0,0,0,412.9337418619791
2025-06-01 12:00:00,0,0,0,459.9964526367187
2025-06-01 13:00:00,0,0,0,421.1086393229166
2025-06-01 14:00:00,0,0,0,428.37959635416655
2025-06-01 15:00:00,0,0,0,417.9845865885418
2025-06-01 16:00:00,0,0,0,434.67570800781255
2025-06-01 17:00:00,0,0,0,386.3257080078124
2025-06-01 18:00:00,0,0,0,335.83892822265625
2025-06-01 19:00:00,0,0,1,268.2814005533854
2025-06-01 20:00:00,0,0,2,205.46445149739577
2025-06-01 21:00:00,1,0,4,195.71711100260416
2025-06-01 22:00:00,0,0,0,273.5486002604167
2025-06-01 23:00:00,0,0,0,389.3671549479167
2025-06-02 00:00:00,0,0,0,494.2511873372397
2025-06-02 01:00:00,0,0,0,533.2761897786459
2025-06-02 02:00:00,0,0,0,535.644434407552
2025-06-02 03:00:00,0,0,0,528.3968782552084
2025-06-02 04:00:00,0,0,0,518.8483703613281
2025-06-02 05:00:00,0,0,0,514.2275415039062
2025-06-02 06:00:00,0,0,0,525.2242822265625
2025-06-02 07:00:00,0,0,0,509.8841544596353
2025-06-02 08:00:00,0,0,0,503.09251953125
2025-06-02 09:00:00,0,0,0,494.25827636718736
2025-06-02 10:00:00,0,0,0,484.2884138997397
2025-06-02 11:00:00,0,0,0,496.1688142903645
2025-06-02 12:00:00,0,0,0,509.5788509114584
2025-06-02 13:00:00,0,0,0,496.3996337890626
2025-06-02 14:00:00,0,0,0,477.10915771484383
2025-06-02 15:00:00,0,0,0,478.31963460286465
2025-06-02 16:00:00,0,0,0,463.82633056640634
2025-06-02 17:00:00,0,0,0,416.7669946289061
2025-06-02 18:00:00,0,0,0,344.4400195312501
2025-06-02 19:00:00,0,0,1,266.6546598307292
2025-06-02 20:00:00,0,0,2,203.99617268880206
2025-06-02 21:00:00,1,0,4,196.50712076822913
2025-06-02 22:00:00,0,0,0,274.4369995117188
2025-06-02 23:00:00,0,0,0,387.5045247395833
2025-06-03 00:00:00,0,0,0,473.2283105468749
2025-06-03 01:00:00,0,0,0,514.8376485188802
2025-06-03 02:00:00,0,0,0,515.3610473632813
2025-06-03 03:00:00,0,0,0,509.1835587565105
2025-06-03 04:00:00,0,0,0,500.0147607421875
2025-06-03 05:00:00,0,0,0,499.0420239257812
2025-06-03 06:00:00,0,0,0,509.6823689778646
2025-06-03 07:00:00,0,0,0,493.9570402018228
2025-06-03 08:00:00,0,0,0,485.0708943684897
2025-06-03 09:00:00,0,0,0,474.7839208984374
2025-06-03 10:00:00,0,0,0,468.5488061523438
2025-06-03 11:00:00,0,0,0,484.5820638020832
2025-06-03 12:00:00,0,0,0,496.1998331705729
2025-06-03 13:00:00,0,0,0,479.7723291015625
2025-06-03 14:00:00,0,0,0,460.34285319010405
2025-06-03 15:00:00,0,0,0,465.1162320963542
2025-06-03 16:00:00,0,0,0,449.4360278320312
2025-06-03 17:00:00,0,0,0,405.6027970377604
2025-06-03 18:00:00,0,0,0,333.83234619140626
2025-06-03 19:00:00,0,0,1,250.44295410156246
2025-06-03 20:00:00,1,0,4,179.58597005208333
2025-06-03 21:00:00,1,0,4,171.60588867187494
2025-06-03 22:00:00,0,0,0,255.147705891927
2025-06-03 23:00:00,0,0,0,375.9485994466146
2025-06-04 00:00:00,0,0,0,468.93313313802093
2025-06-04 01:00:00,0,0,0,510.41324951171873
2025-06-04 02:00:00,0,0,0,514.7916902669272
2025-06-04 03:00:00,0,0,0,511.05354573567706
2025-06-04 04:00:00,0,0,0,501.22724772135416
2025-06-04 05:00:00,0,0,0,499.280782063802
2025-06-04 06:00:00,0,0,0,510.50899902343735
2025-06-04 07:00:00,0,0,0,496.9141943359375
2025-06-04 08:00:00,0,0,0,488.4809554036458
2025-06-04 09:00:00,0,0,0,479.1778548177083
2025-06-04 10:00:00,0,0,0,473.958271484375
2025-06-04 11:00:00,0,0,0,489.4341723632813
2025-06-04 12:00:00,0,0,0,503.0527368164062
2025-06-04 13:00:00,0,0,0,491.9202954101563
2025-06-04 14:00:00,0,0,0,476.1130517578126
2025-06-04 15:00:00,0,0,0,473.32223714192696
2025-06-04 16:00:00,0,0,0,457.33987060546883
2025-06-04 17:00:00,0,0,0,414.74197835286463
2025-06-04 18:00:00,0,0,0,341.7990625
2025-06-04 19:00:00,0,0,1,258.8911157226562
2025-06-04 20:00:00,1,0,4,186.06011718750005
2025-06-04 21:00:00,1,0,4,181.57161458333337
2025-06-04 22:00:00,0,0,0,262.4608333333333
2025-06-04 23:00:00,0,0,0,378.9195638020833
2025-06-05 00:00:00,0,0,0,468.32196370442716
2025-06-05 01:00:00,0,0,0,510.2759798177084
2025-06-05 02:00:00,0,0,0,516.004394938151
2025-06-05 03:00:00,0,0,0,507.3199198404948
2025-06-05 04:00:00,0,0,0,497.46735677083336
2025-06-05 05:00:00,0,0,0,495.5638769531249
2025-06-05 06:00:00,0,0,0,506.15521972656256
2025-06-05 07:00:00,0,0,0,483.2733284505207
2025-06-05 08:00:00,0,0,0,475.1685774739583
2025-06-05 09:00:00,0,0,0,469.3309098307293
2025-06-05 10:00:00,0,0,0,470.90472330729153
2025-06-05 11:00:00,0,0,0,488.22883951822905
2025-06-05 12:00:00,0,0,0,499.35055745442696
2025-06-05 13:00:00,0,0,0,487.4906884765626
2025-06-05 14:00:00,0,0,0,470.1845939127604
2025-06-05 15:00:00,0,0,0,468.23284016927073
2025-06-05 16:00:00,0,0,0,450.1919840494793
2025-06-05 17:00:00,0,0,0,405.51755940755197
2025-06-05 18:00:00,0,0,0,336.0755395507813
2025-06-05 19:00:00,0,0,1,258.1910620117187
2025-06-05 20:00:00,1,0,4,193.4257836914062
2025-06-05 21:00:00,1,0,4,188.5395385742188
2025-06-05 22:00:00,0,0,0,267.6644392903646
2025-06-05 23:00:00,0,0,0,383.92157633463535
2025-06-06 00:00:00,0,0,1,470.08989176432294
2025-06-06 01:00:00,0,0,1,516.0295109049479
2025-06-06 02:00:00,0,0,1,520.3145357259115
2025-06-06 03:00:00,0,0,1,513.4525805664063
2025-06-06 04:00:00,0,0,1,498.79607259114584
2025-06-06 05:00:00,0,0,1,493.09116210937486
2025-06-06 06:00:00,0,0,1,502.37497314453117
2025-06-06 07:00:00,0,0,1,481.7330232747397
2025-06-06 08:00:00,0,0,1,471.14765055338535
2025-06-06 09:00:00,0,0,1,467.9178759765625
2025-06-06 10:00:00,0,0,1,468.4633764648438
2025-06-06 11:00:00,0,0,1,484.26092529296875
2025-06-06 12:00:00,0,0,1,494.0450504557293
2025-06-06 13:00:00,0,0,1,479.1263557942707
2025-06-06 14:00:00,0,0,1,467.7600341796874
2025-06-06 15:00:00,0,0,1,471.2380232747396
2025-06-06 16:00:00,0,0,1,452.8132389322916
2025-06-06 17:00:00,0,0,1,409.57732259114573
2025-06-06 18:00:00,0,0,1,341.22954833984386
2025-06-06 19:00:00,0,0,2,260.5916845703124
2025-06-06 20:00:00,1,0,5,191.44650878906248
2025-06-06 21:00:00,1,0,5,181.98920735677086
2025-06-06 22:00:00,0,0,1,259.95183593749994
2025-06-06 23:00:00,0,0,1,376.95951009114583
2025-06-07 00:00:00,0,0,1,492.21393798828126
2025-06-07 01:00:00,0,0,1,534.4803348795573
2025-06-07 02:00:00,0,0,1,539.7895060221355
2025-06-07 03:00:00,0,0,1,533.4355330403646
2025-06-07 04:00:00,0,0,1,522.0023787434895
2025-06-07 05:00:00,0,0,1,517.5617077636718
2025-06-07 06:00:00,0,0,1,516.0152148437501
2025-06-07 07:00:00,0,0,1,487.3919604492187
2025-06-07 08:00:00,0,0,1,490.1827303059895
2025-06-07 09:00:00,0,0,1,475.77189615885413
2025-06-07 10:00:00,0,0,1,460.87359863281245
2025-06-07 11:00:00,0,0,1,431.7521004231771
2025-06-07 12:00:00,0,0,1,441.6249096679687
2025-06-07 13:00:00,0,0,1,454.1967740885416
2025-06-07 14:00:00,0,0,1,465.5864583333332
2025-06-07 15:00:00,0,0,1,440.3514510091145
2025-06-07 16:00:00,0,0,1,431.83351481119803
2025-06-07 17:00:00,0,0,1,400.4610319010417
2025-06-07 18:00:00,0,0,1,333.5945865885417
2025-06-07 19:00:00,0,0,2,269.37593180338547
2025-06-07 20:00:00,0,0,3,209.39529459635412
2025-06-07 21:00:00,0,0,3,205.12815429687498
2025-06-07 22:00:00,0,0,1,280.5805867513021
2025-06-07 23:00:00,0,0,1,393.944951171875
2025-06-08 00:00:00,0,0,0,501.28779541015626
2025-06-08 01:00:00,0,0,0,539.3611503092449
2025-06-08 02:00:00,0,0,0,543.9568493652345
2025-06-08 03:00:00,0,0,0,536.3345719401042
2025-06-08 04:00:00,0,0,0,527.7312337239583
2025-06-08 05:00:00,0,0,0,528.0591967773439
2025-06-08 06:00:00,0,0,0,540.1483772786457
2025-06-08 07:00:00,0,0,0,523.2882649739583
2025-06-08 08:00:00,0,0,0,518.0749625651042
2025-06-08 09:00:00,0,0,0,510.5911710611979
2025-06-08 10:00:00,0,0,0,507.6431811523437
2025-06-08 11:00:00,0,0,0,519.0737044270834
2025-06-08 12:00:00,0,0,0,527.9509269205728
2025-06-08 13:00:00,0,0,0,511.11981038411454
2025-06-08 14:00:00,0,0,0,488.4012011718751
2025-06-08 15:00:00,0,0,0,486.8309570312499
2025-06-08 16:00:00,0,0,0,465.60237630208326
2025-06-08 17:00:00,0,0,0,415.95392171223966
2025-06-08 18:00:00,0,0,0,348.79437093098977
2025-06-08 19:00:00,0,0,1,276.83198893229167
2025-06-08 20:00:00,0,0,2,216.0669075520833
2025-06-08 21:00:00,0,0,2,207.21768717447924
2025-06-08 22:00:00,0,0,0,286.1288175455728
2025-06-08 23:00:00,0,0,0,400.44512044270834
2025-06-09 00:00:00,0,0,0,496.1629736328125
2025-06-09 01:00:00,0,0,0,538.3318119303385
2025-06-09 02:00:00,0,0,0,537.7342252604166
2025-06-09 03:00:00,0,0,0,528.233729654948
2025-06-09 04:00:00,0,0,0,519.7267667643229
2025-06-09 05:00:00,0,0,0,517.4634627278647
2025-06-09 06:00:00,0,0,0,525.5744083658853
2025-06-09 07:00:00,0,0,0,509.65056396484374
2025-06-09 08:00:00,0,0,0,500.94585530598965
2025-06-09 09:00:00,0,0,0,488.6227018229167
2025-06-09 10:00:00,0,0,0,483.7530419921875
2025-06-09 11:00:00,0,0,0,498.7889567057291
2025-06-09 12:00:00,0,0,0,503.23614339192704
2025-06-09 13:00:00,0,0,0,482.45635335286465
2025-06-09 14:00:00,0,0,0,459.3456087239583
2025-06-09 15:00:00,0,0,0,459.0190584309896
2025-06-09 16:00:00,0,0,0,439.109619140625
2025-06-09 17:00:00,0,0,0,391.74002441406265
2025-06-09 18:00:00,0,0,0,323.5956958007814
2025-06-09 19:00:00,0,0,1,249.4112418619792
2025-06-09 20:00:00,1,0,4,181.19522542317702
2025-06-09 21:00:00,1,0,4,172.09343749999994
2025-06-09 22:00:00,0,0,0,260.2424283854166
2025-06-09 23:00:00,0,0,0,387.55743815104165
2025-06-10 00:00:00,0,0,0,484.96724121093746
2025-06-10 01:00:00,0,0,0,527.154491373698
2025-06-10 02:00:00,0,0,0,529.3359285481771
2025-06-10 03:00:00,0,0,0,519.3644392903645
2025-06-10 04:00:00,0,0,0,507.09785888671877
2025-06-10 05:00:00,0,0,0,504.189462890625
2025-06-10 06:00:00,0,0,0,513.6587101236978
2025-06-10 07:00:00,0,0,0,496.97065104166654
2025-06-10 08:00:00,0,0,0,489.8857682291666
2025-06-10 09:00:00,0,0,0,482.99650309244794
2025-06-10 10:00:00,0,0,0,478.6963020833334
2025-06-10 11:00:00,0,0,0,489.5495597330728
2025-06-10 12:00:00,0,0,0,499.0610514322916
2025-06-10 13:00:00,0,0,0,481.1575602213543
2025-06-10 14:00:00,0,0,0,454.18975585937505
2025-06-10 15:00:00,0,0,0,448.19914713541675
2025-06-10 16:00:00,0,0,0,434.49564860026044
2025-06-10 17:00:00,0,0,0,388.01730305989577
2025-06-10 18:00:00,0,0,0,319.9782706705728
2025-06-10 19:00:00,0,0,1,245.25028971354163
2025-06-10 20:00:00,1,0,4,177.3659847005208
2025-06-10 21:00:00,1,0,4,166.3789111328125
2025-06-10 22:00:00,0,0,0,249.70003499348957
2025-06-10 23:00:00,0,0,0,374.7824959309895
2025-06-11 00:00:00,0,0,0,473.7852872721354
2025-06-11 01:00:00,0,0,0,519.544102376302
2025-06-11 02:00:00,0,0,0,522.26474609375
2025-06-11 03:00:00,0,0,0,512.2118876139323
2025-06-11 04:00:00,0,0,0,498.72613362630204
2025-06-11 05:00:00,0,0,0,489.25357584635424
2025-06-11 06:00:00,0,0,0,485.8408048502604
2025-06-11 07:00:00,0,0,0,452.0896891276043
2025-06-11 08:00:00,0,0,0,425.3096899414063
2025-06-11 09:00:00,0,0,0,399.22405110677073
2025-06-11 10:00:00,0,0,0,376.504853515625
2025-06-11 11:00:00,0,0,0,368.99700602213557
2025-06-11 12:00:00,0,0,0,377.5135839843749
2025-06-11 13:00:00,0,0,0,359.70931315104167
2025-06-11 14:00:00,0,0,0,347.7574707031249
2025-06-11 15:00:00,0,0,0,363.7559619140625
2025-06-11 16:00:00,0,0,0,370.12283528645844
2025-06-11 17:00:00,0,0,0,344.6819995117187
2025-06-11 18:00:00,0,0,0,299.93985270182293
2025-06-11 19:00:00,0,0,1,237.9556713867188
2025-06-11 20:00:00,1,0,4,171.33099283854176
2025-06-11 21:00:00,1,0,4,163.7058211263021
2025-06-11 22:00:00,0,0,0,246.3671891276042
2025-06-11 23:00:00,0,0,0,372.33527913411456
2025-06-12 00:00:00,0,0,0,475.31918375651037
2025-06-12 01:00:00,0,0,0,520.4547196451823
2025-06-12 02:00:00,0,0,0,521.0190511067708
2025-06-12 03:00:00,0,0,0,511.9320096842447
2025-06-12 04:00:00,0,0,0,500.4294738769531
2025-06-12 05:00:00,0,0,0,492.7605843098959
2025-06-12 06:00:00,0,0,0,487.08369791666655
2025-06-12 07:00:00,0,0,0,450.09429606119784
2025-06-12 08:00:00,0,0,0,421.029267578125
2025-06-12 09:00:00,0,0,0,401.65252766927074
2025-06-12 10:00:00,0,0,0,388.2531803385416
2025-06-12 11:00:00,0,0,0,380.5833748372395
2025-06-12 12:00:00,0,0,0,383.6262418619792
2025-06-12 13:00:00,0,0,0,372.67317871093746
2025-06-12 14:00:00,0,0,0,359.257569173177
2025-06-12 15:00:00,0,0,0,376.39949300130206
2025-06-12 16:00:00,0,0,0,372.7513151041667
2025-06-12 17:00:00,0,0,0,353.97981282552087
2025-06-12 18:00:00,0,0,0,307.58004964192696
2025-06-12 19:00:00,0,0,1,248.30424153645833
2025-06-12 20:00:00,1,0,4,180.10712320963535
2025-06-12 21:00:00,1,0,4,169.20098632812505
2025-06-12 22:00:00,0,0,0,247.90496907552074
2025-06-12 23:00:00,0,0,0,371.66106933593755
2025-06-13 00:00:00,0,0,0,479.1714908854167
2025-06-13 01:00:00,0,0,0,524.2269750976562
2025-06-13 02:00:00,0,0,0,528.2325
2025-06-13 03:00:00,0,0,0,518.6751139322917
2025-06-13 04:00:00,0,0,0,505.8832926432292
2025-06-13 05:00:00,0,0,0,499.3649755859375
2025-06-13 06:00:00,0,0,0,496.5861791992186
2025-06-13 07:00:00,0,0,0,463.6747062174479
2025-06-13 08:00:00,0,0,0,439.40605957031244
2025-06-13 09:00:00,0,0,0,413.70465983072927
2025-06-13 10:00:00,0,0,0,391.6239811197918
2025-06-13 11:00:00,0,0,0,407.7085921223959
2025-06-13 12:00:00,0,0,0,427.10965006510423
2025-06-13 13:00:00,0,0,0,407.8778108723959
2025-06-13 14:00:00,0,0,0,388.88418619791673
2025-06-13 15:00:00,0,0,0,407.8060035421081
2025-06-13 16:00:00,0,0,0,408.4810864257813
2025-06-13 17:00:00,0,0,0,384.82341796874994
2025-06-13 18:00:00,0,0,0,338.3380305989583
2025-06-13 19:00:00,0,0,1,276.8647127278647
2025-06-13 20:00:00,0,0,2,209.15865071614587
2025-06-13 21:00:00,1,0,4,197.6959049479167
2025-06-13 22:00:00,0,0,0,271.1547916666666
2025-06-13 23:00:00,0,0,0,387.25871907552084
2025-06-14 00:00:00,0,0,0,478.6911726888021
2025-06-14 01:00:00,0,0,0,520.904366048177
2025-06-14 02:00:00,0,0,0,523.5856127929687
2025-06-14 03:00:00,0,0,0,513.2198673502604
2025-06-14 04:00:00,0,0,0,500.878271484375
2025-06-14 05:00:00,0,0,0,491.81744547526046
2025-06-14 06:00:00,0,0,0,477.9095393880207
2025-06-14 07:00:00,0,0,0,433.0926318359375
2025-06-14 08:00:00,0,0,0,388.5291601562501
2025-06-14 09:00:00,0,0,0,352.22280110677093
2025-06-14 10:00:00,0,0,0,335.2147493489583
2025-06-14 11:00:00,0,0,0,336.34798177083326
2025-06-14 12:00:00,0,0,0,348.19195556640625
2025-06-14 13:00:00,0,0,0,356.0761336263022
2025-06-14 14:00:00,0,0,0,348.9700764973959
2025-06-14 15:00:00,0,0,0,385.0208813476563
2025-06-14 16:00:00,0,0,0,406.7415657552083
2025-06-14 17:00:00,0,0,0,389.86868977864583
2025-06-14 18:00:00,0,0,0,349.72933105468746
2025-06-14 19:00:00,0,0,1,289.3357071940104
2025-06-14 20:00:00,0,0,2,220.882939453125
2025-06-14 21:00:00,0,0,2,207.8272607421875
2025-06-14 22:00:00,0,0,0,280.95929199218745
2025-06-14 23:00:00,0,0,0,393.5500301106772
2025-06-15 00:00:00,0,0,0,483.65326171874995
2025-06-15 01:00:00,0,0,0,527.4680432128906
2025-06-15 02:00:00,0,0,0,530.332666422526
2025-06-15 03:00:00,0,0,0,520.3092464192708
2025-06-15 04:00:00,0,0,0,506.21854003906253
2025-06-15 05:00:00,0,0,0,505.61824707031246
2025-06-15 06:00:00,0,0,0,518.8093815104166
2025-06-15 07:00:00,0,0,0,501.18611897786445
2025-06-15 08:00:00,0,0,0,495.94976643880227
2025-06-15 09:00:00,0,0,0,490.5612760416666
2025-06-15 10:00:00,0,0,0,489.9823933919272
2025-06-15 11:00:00,0,0,0,505.26652913411453
2025-06-15 12:00:00,0,0,0,510.33773193359366
2025-06-15 13:00:00,0,0,0,497.0290454101562
2025-06-15 14:00:00,0,0,0,477.5433325195313
2025-06-15 15:00:00,0,0,0,475.9600789388021
2025-06-15 16:00:00,0,0,0,462.3621565755209
2025-06-15 17:00:00,0,0,0,418.6014477539063
2025-06-15 18:00:00,0,0,0,346.4753776041666
2025-06-15 19:00:00,0,0,1,266.8783081054687
2025-06-15 20:00:00,1,0,4,197.81557210286462
2025-06-15 21:00:00,1,0,4,181.58745442708334
2025-06-15 22:00:00,0,0,0,255.09312418619788
2025-06-15 23:00:00,0,0,0,374.5783829752604
2025-06-16 00:00:00,0,0,0,463.90595540364586
2025-06-16 01:00:00,0,0,0,513.7225183105469
2025-06-16 02:00:00,0,0,0,513.4843513997396
2025-06-16 03:00:00,0,0,0,501.3914855957031
2025-06-16 04:00:00,0,0,0,491.9196655273438
2025-06-16 05:00:00,0,0,0,492.07223551432287
2025-06-16 06:00:00,0,0,0,506.5151253255208
2025-06-16 07:00:00,0,0,0,494.6924112955728
2025-06-16 08:00:00,0,0,0,491.56902262369795
2025-06-16 09:00:00,0,0,0,484.031524251302
2025-06-16 10:00:00,0,0,0,481.3894075520834
2025-06-16 11:00:00,0,0,0,501.71173095703125
2025-06-16 12:00:00,0,0,0,513.0557739257813
2025-06-16 13:00:00,0,0,0,497.17475260416654
2025-06-16 14:00:00,0,0,0,470.1372021484376
2025-06-16 15:00:00,0,0,0,463.1318440755208
2025-06-16 16:00:00,0,0,0,446.0841194661459
2025-06-16 17:00:00,0,0,0,403.34964680989583
2025-06-16 18:00:00,0,0,0,326.9488444010417
2025-06-16 19:00:00,0,0,1,243.3480192057292
2025-06-16 20:00:00,1,0,4,173.0411246744792
2025-06-16 21:00:00,1,0,4,160.0124462890625
2025-06-16 22:00:00,0,0,0,234.95199218749997
2025-06-16 23:00:00,0,0,0,361.2253727213541
2025-06-17 00:00:00,0,0,0,451.4063745117187
2025-06-17 01:00:00,0,0,0,503.816651204427
2025-06-17 02:00:00,0,0,0,510.3462154134115
2025-06-17 03:00:00,0,0,0,501.3913655598958
2025-06-17 04:00:00,0,0,0,490.6448046874999
2025-06-17 05:00:00,0,0,0,491.2105615234375
2025-06-17 06:00:00,0,0,0,509.7764111328124
2025-06-17 07:00:00,0,0,0,493.1906575520834
2025-06-17 08:00:00,0,0,0,484.66483642578123
2025-06-17 09:00:00,0,0,0,477.0862198893228
2025-06-17 10:00:00,0,0,0,470.2304516601562
2025-06-17 11:00:00,0,0,0,481.40312418619783
2025-06-17 12:00:00,0,0,0,495.1148982747395
2025-06-17 13:00:00,0,0,0,475.9328173828126
2025-06-17 14:00:00,0,0,0,454.88480468750004
2025-06-17 15:00:00,0,0,0,456.48891845703133
2025-06-17 16:00:00,0,0,0,438.75637858072923
2025-06-17 17:00:00,0,0,0,390.42304361979177
2025-06-17 18:00:00,0,0,0,316.7624731445312
2025-06-17 19:00:00,0,0,1,231.41123128255208
2025-06-17 20:00:00,1,0,4,156.98482910156247
2025-06-17 21:00:00,1,1,4,142.07393229166667
2025-06-17 22:00:00,0,1,1,216.86335042317705
2025-06-17 23:00:00,0,0,0,343.96475585937503
2025-06-18 00:00:00,0,0,0,409.54752115885424
2025-06-18 01:00:00,0,0,0,469.59892252604163
2025-06-18 02:00:00,0,0,0,481.2870198567708
2025-06-18 03:00:00,0,0,0,478.93158528645836
2025-06-18 04:00:00,0,0,0,468.3858569335937
2025-06-18 05:00:00,0,0,0,467.7442594401041
2025-06-18 06:00:00,0,0,0,483.24906656901044
2025-06-18 07:00:00,0,0,0,464.10749593098967
2025-06-18 08:00:00,0,0,0,453.1192814127603
2025-06-18 09:00:00,0,0,0,441.2740258789063
2025-06-18 10:00:00,0,0,0,432.5394514973957
2025-06-18 11:00:00,0,0,0,445.4799650065104
2025-06-18 12:00:00,0,0,0,451.02523356119787
2025-06-18 13:00:00,0,0,0,427.0867830403645
2025-06-18 14:00:00,0,0,0,401.4042985026042
2025-06-18 15:00:00,0,0,0,400.99947428385417
2025-06-18 16:00:00,0,0,0,382.6327986653646
2025-06-18 17:00:00,0,0,0,335.4903361002605
2025-06-18 18:00:00,0,0,0,266.0108691406249
2025-06-18 19:00:00,0,0,2,182.96771240234386
2025-06-18 20:00:00,1,0,4,113.23607259114578
2025-06-18 21:00:00,1,0,4,104.1672298177084
2025-06-18 22:00:00,0,0,2,187.99104329427087
2025-06-18 23:00:00,0,0,0,316.4806013997396
2025-06-19 00:00:00,0,0,0,429.4394840494791
2025-06-19 01:00:00,0,0,0,486.32390462239584
2025-06-19 02:00:00,0,0,0,500.25664225260414
2025-06-19 03:00:00,0,0,0,495.2857885742188
2025-06-19 04:00:00,0,0,0,484.7771305338541
2025-06-19 05:00:00,0,0,0,483.90364013671865
2025-06-19 06:00:00,0,0,0,498.6558821614583
2025-06-19 07:00:00,0,0,0,480.59588053385414
2025-06-19 08:00:00,0,0,0,470.88506510416664
2025-06-19 09:00:00,0,0,0,455.243631998698
2025-06-19 10:00:00,0,0,0,450.22194824218764
2025-06-19 11:00:00,0,0,0,463.3227522786458
2025-06-19 12:00:00,0,0,0,475.70783203124984
2025-06-19 13:00:00,0,0,0,460.9249544270833
2025-06-19 14:00:00,0,0,0,439.85834635416654
2025-06-19 15:00:00,0,0,0,441.96261230468735
2025-06-19 16:00:00,0,0,0,420.5014721679688
2025-06-19 17:00:00,0,0,0,368.1358675130209
2025-06-19 18:00:00,0,0,0,293.6439054361981
2025-06-19 19:00:00,0,0,2,212.9294514973958
2025-06-19 20:00:00,1,0,4,144.16568847656242
2025-06-19 21:00:00,1,0,4,128.61631429036458
2025-06-19 22:00:00,0,0,2,208.869287923177
2025-06-19 23:00:00,0,0,0,334.4436930338542
2025-06-20 00:00:00,0,0,0,423.5515283203125
2025-06-20 01:00:00,0,0,0,483.6121728515625
2025-06-20 02:00:00,0,0,0,496.18109537760415
2025-06-20 03:00:00,0,0,0,491.24211344401044
2025-06-20 04:00:00,0,0,0,480.70400716145843
2025-06-20 05:00:00,0,0,0,481.67977330784356
2025-06-20 06:00:00,0,0,0,495.4076285807291
2025-06-20 07:00:00,0,0,0,472.0863175455729
2025-06-20 08:00:00,0,0,0,460.3652392578124
2025-06-20 09:00:00,0,0,0,446.81753336588554
2025-06-20 10:00:00,0,0,0,437.48041666666677
2025-06-20 11:00:00,0,0,0,452.1334033203125
2025-06-20 12:00:00,0,0,0,452.9767789713542
2025-06-20 13:00:00,0,0,0,430.7869791666667
2025-06-20 14:00:00,0,0,0,409.08710367838535
2025-06-20 15:00:00,0,0,0,406.3224853515626
2025-06-20 16:00:00,0,0,0,381.97491210937505
2025-06-20 17:00:00,0,0,0,329.5721614583333
2025-06-20 18:00:00,0,0,0,257.5772721354167
2025-06-20 19:00:00,1,0,4,179.18564371744787
2025-06-20 20:00:00,1,0,4,112.2999332682291
2025-06-20 21:00:00,1,0,4,101.54061930338537
2025-06-20 22:00:00,1,0,4,187.5167244466145
2025-06-20 23:00:00,0,0,0,321.4345564778646
2025-06-21 00:00:00,0,0,0,401.33026041666676
2025-06-21 01:00:00,0,0,0,464.2116796875
2025-06-21 02:00:00,0,0,0,478.54644694010426
2025-06-21 03:00:00,0,0,0,475.00031250000006
2025-06-21 04:00:00,0,0,0,464.3070182291667
2025-06-21 05:00:00,0,0,0,466.24076009114583
2025-06-21 06:00:00,0,0,0,487.38230143229157
2025-06-21 07:00:00,0,0,0,465.5702156575521
2025-06-21 08:00:00,0,0,0,448.2321736653646
2025-06-21 09:00:00,0,0,0,429.1091178385416
2025-06-21 10:00:00,0,0,0,413.1546313476563
2025-06-21 11:00:00,0,0,2,414.55450846354165
2025-06-21 12:00:00,0,0,2,412.1932259114583
2025-06-21 13:00:00,0,0,2,387.50035400390607
2025-06-21 14:00:00,0,0,2,363.20197672526047
2025-06-21 15:00:00,0,0,0,357.6110017903645
2025-06-21 16:00:00,0,0,0,332.94109049479175
2025-06-21 17:00:00,0,0,0,275.97722656249994
2025-06-21 18:00:00,0,0,1,205.1124300130209
2025-06-21 19:00:00,1,0,4,133.68424804687504
2025-06-21 20:00:00,1,0,4,71.48783691406254
2025-06-21 21:00:00,1,0,4,60.89425292968747
2025-06-21 22:00:00,1,0,4,148.4096549479167
2025-06-21 23:00:00,0,0,0,290.13947021484375
2025-06-22 00:00:00,0,0,0,424.4197167968749
2025-06-22 01:00:00,0,0,0,485.9381274414062
2025-06-22 02:00:00,0,0,0,497.4985473632812
2025-06-22 03:00:00,0,0,0,492.68355957031247
2025-06-22 04:00:00,0,0,0,482.046611328125
2025-06-22 05:00:00,0,0,0,486.29658365885416
2025-06-22 06:00:00,0,0,0,502.8087060546875
2025-06-22 07:00:00,0,0,0,480.8326416015625
2025-06-22 08:00:00,0,0,0,467.39289306640626
2025-06-22 09:00:00,0,0,0,444.2955004882813
2025-06-22 10:00:00,0,0,0,419.47014485677096
2025-06-22 11:00:00,0,0,0,424.0794856770833
2025-06-22 12:00:00,0,0,2,421.71331705729153
2025-06-22 13:00:00,0,0,2,391.99019801597797
2025-06-22 14:00:00,0,0,2,364.18583658854163
2025-06-22 15:00:00,0,0,0,361.0279638671875
2025-06-22 16:00:00,0,0,0,342.7900431315104
2025-06-22 17:00:00,0,0,0,290.05927490234376
2025-06-22 18:00:00,0,0,1,215.8124820963542
2025-06-22 19:00:00,1,0,4,143.59041992187497
2025-06-22 20:00:00,1,0,4,84.31756429036454
2025-06-22 21:00:00,1,0,4,67.83320638020837
2025-06-22 22:00:00,1,0,4,154.38645507812498
2025-06-22 23:00:00,0,0,0,295.6529329427084
2025-06-23 00:00:00,0,0,0,417.3785538736979
2025-06-23 01:00:00,0,0,0,486.3002718098959
2025-06-23 02:00:00,0,0,0,503.3229817708333
2025-06-23 03:00:00,0,0,0,497.4839152018229
2025-06-23 04:00:00,0,0,0,488.842548828125
2025-06-23 05:00:00,0,0,0,490.15716227213534
2025-06-23 06:00:00,0,0,0,502.11262044270825
2025-06-23 07:00:00,0,0,0,480.1078385416665
2025-06-23 08:00:00,0,0,0,459.20662109374985
2025-06-23 09:00:00,0,0,0,438.22443847656245
2025-06-23 10:00:00,0,0,0,419.7238940429688
2025-06-23 11:00:00,0,0,2,418.45269449869807
2025-06-23 12:00:00,0,0,2,411.83131917317723
2025-06-23 13:00:00,0,0,2,378.06500000000005
2025-06-23 14:00:00,0,0,2,348.95780598958345
2025-06-23 15:00:00,0,0,0,350.26168619791656
2025-06-23 16:00:00,0,0,0,327.4338134765626
2025-06-23 17:00:00,0,0,0,271.0736010742189
2025-06-23 18:00:00,1,0,3,196.09920491536445
2025-06-23 19:00:00,1,0,4,125.76128580729164
2025-06-23 20:00:00,1,1,4,62.47141601562498
2025-06-23 21:00:00,1,1,4,44.773774414062586
2025-06-23 22:00:00,1,0,4,132.06442220052088
2025-06-23 23:00:00,0,0,0,279.1671264648437
2025-06-24 00:00:00,0,0,0,398.0512719726562
2025-06-24 01:00:00,0,0,0,466.58171061197913
2025-06-24 02:00:00,0,0,0,477.01408528645834
2025-06-24 03:00:00,0,0,0,470.58525553385414
2025-06-24 04:00:00,0,0,0,464.5209733072917
2025-06-24 05:00:00,0,0,0,468.2871272786458
2025-06-24 06:00:00,0,0,0,481.3898486328126
2025-06-24 07:00:00,0,0,0,457.65546061197915
2025-06-24 08:00:00,0,0,0,431.4407853190103
2025-06-24 09:00:00,0,0,0,397.5540983072917
2025-06-24 10:00:00,0,0,2,370.1201904296877
2025-06-24 11:00:00,0,0,2,361.77021240234376
2025-06-24 12:00:00,0,0,2,349.6045930989585
2025-06-24 13:00:00,0,0,2,317.39482747395823
2025-06-24 14:00:00,0,0,2,287.1332893880208
2025-06-24 15:00:00,0,0,2,285.7279597981769
2025-06-24 16:00:00,0,0,2,265.2126635742188
2025-06-24 17:00:00,1,0,3,210.20134928385414
2025-06-24 18:00:00,1,0,3,143.49823323567693
2025-06-24 19:00:00,1,0,4,76.57472981770832
2025-06-24 20:00:00,1,0,4,13.282346191406305
2025-06-24 21:00:00,1,0,4,-1.996644694010456
2025-06-24 22:00:00,1,0,4,88.5296630859375
2025-06-24 23:00:00,0,0,0,240.45733561197926
2025-06-25 00:00:00,0,0,0,384.1982137044271
2025-06-25 01:00:00,0,0,0,452.60026774088544
2025-06-25 02:00:00,0,0,0,469.81158610026046
2025-06-25 03:00:00,0,0,0,465.43270182291667
2025-06-25 04:00:00,0,0,0,459.9041414388022
2025-06-25 05:00:00,0,0,0,463.34255859375
2025-06-25 06:00:00,0,0,0,477.0368473307292
2025-06-25 07:00:00,0,0,0,457.6152205403646
2025-06-25 08:00:00,0,0,0,444.64779622395827
2025-06-25 09:00:00,0,0,0,421.61367838541673
2025-06-25 10:00:00,0,0,0,393.55696940104167
2025-06-25 11:00:00,0,0,2,387.27109130859367
2025-06-25 12:00:00,0,0,2,381.34673828125005
2025-06-25 13:00:00,0,0,2,351.8663688151041
2025-06-25 14:00:00,0,0,2,321.83979003906234
2025-06-25 15:00:00,0,0,2,321.5177042643229
2025-06-25 16:00:00,0,0,0,297.2967740885417
2025-06-25 17:00:00,0,0,0,242.77397786458323
2025-06-25 18:00:00,1,0,3,173.5933943684895
2025-06-25 19:00:00,1,0,4,105.30814046223963
2025-06-25 20:00:00,1,0,4,43.07414957682295
2025-06-25 21:00:00,1,0,4,28.7618367513021
2025-06-25 22:00:00,1,1,4,119.25295247395832
2025-06-25 23:00:00,0,1,0,262.1644458007812
2025-06-26 00:00:00,0,0,1,405.63091308593744
2025-06-26 01:00:00,0,0,1,473.63016682942714
2025-06-26 02:00:00,0,0,1,487.1965722656249
2025-06-26 03:00:00,0,0,1,482.87506591796875
2025-06-26 04:00:00,0,0,1,477.6723551432292
2025-06-26 05:00:00,0,0,1,479.85665039062496
2025-06-26 06:00:00,0,0,1,491.9239607747397
2025-06-26 07:00:00,0,0,1,465.90422363281255
2025-06-26 08:00:00,0,0,1,439.2493701171875
2025-06-26 09:00:00,0,0,1,408.25820963541673
2025-06-26 10:00:00,0,0,1,385.33071289062514
2025-06-26 11:00:00,1,0,3,383.1654418945311
2025-06-26 12:00:00,1,0,3,378.5039306640624
2025-06-26 13:00:00,1,0,3,348.1465763346355
2025-06-26 14:00:00,1,0,3,316.141306966146
2025-06-26 15:00:00,1,0,3,313.74032145182287
2025-06-26 16:00:00,0,0,1,289.3273795572918
2025-06-26 17:00:00,1,0,4,231.29766357421863
2025-06-26 18:00:00,1,0,4,161.94264648437502
2025-06-26 19:00:00,1,0,5,97.27410563151034
2025-06-26 20:00:00,1,0,5,39.17258138020827
2025-06-26 21:00:00,1,0,5,23.543669433593664
2025-06-26 22:00:00,1,0,5,111.39806640625
2025-06-26 23:00:00,0,0,2,262.065654296875
2025-06-27 00:00:00,0,0,0,426.9737320963542
2025-06-27 01:00:00,0,0,0,482.1489111328125
2025-06-27 02:00:00,0,0,0,496.8080729166667
2025-06-27 03:00:00,0,0,0,496.12590820312494
2025-06-27 04:00:00,0,0,0,488.73769694010423
2025-06-27 05:00:00,0,0,0,490.853770345052
2025-06-27 06:00:00,0,0,0,502.2034871419271
2025-06-27 07:00:00,0,0,0,474.78715901692726
2025-06-27 08:00:00,0,0,0,457.31282877604167
2025-06-27 09:00:00,0,0,0,435.1663566080729
2025-06-27 10:00:00,0,0,0,410.84683593750015
2025-06-27 11:00:00,0,0,0,407.37299804687495
2025-06-27 12:00:00,0,0,2,394.08329915364584
2025-06-27 13:00:00,0,0,2,362.82159261067704
2025-06-27 14:00:00,0,0,2,329.87824544270825
2025-06-27 15:00:00,0,0,0,330.4314982096355
2025-06-27 16:00:00,0,0,0,303.5021647135418
2025-06-27 17:00:00,0,0,0,245.04569335937504
2025-06-27 18:00:00,1,0,3,173.79986816406245
2025-06-27 19:00:00,1,0,4,110.06197265625008
2025-06-27 20:00:00,1,0,4,53.426118977864576
2025-06-27 21:00:00,1,1,4,42.50400716145839
2025-06-27 22:00:00,1,1,4,129.88908365885413
2025-06-27 23:00:00,0,0,1,274.92340169270824
2025-06-28 00:00:00,0,0,0,401.5250374348958
2025-06-28 01:00:00,0,0,0,466.66275553385424
2025-06-28 02:00:00,0,0,0,480.7811263020833
2025-06-28 03:00:00,0,0,0,478.0404361979166
2025-06-28 04:00:00,0,0,0,472.2712670898437
2025-06-28 05:00:00,0,0,0,477.80105794270844
2025-06-28 06:00:00,0,0,0,490.1335335286458
2025-06-28 07:00:00,0,0,0,469.9306638004282
2025-06-28 08:00:00,0,0,0,450.0918115234376
2025-06-28 09:00:00,0,0,0,422.5242822265625
2025-06-28 10:00:00,0,0,0,395.8486328125
2025-06-28 11:00:00,0,0,0,384.5753011067709
2025-06-28 12:00:00,0,0,2,375.64056966145836
2025-06-28 13:00:00,0,0,2,343.8572159830728
2025-06-28 14:00:00,0,0,2,306.744669596354
2025-06-28 15:00:00,0,0,2,303.3816975911459
2025-06-28 16:00:00,0,0,0,283.66645833333337
2025-06-28 17:00:00,0,0,1,231.96815999348973
2025-06-28 18:00:00,1,0,3,168.53631022135437
2025-06-28 19:00:00,1,0,4,107.19700032552078
2025-06-28 20:00:00,1,0,4,49.599423828125055
2025-06-28 21:00:00,1,0,4,35.752121582031236
2025-06-28 22:00:00,1,0,4,125.1403767903646
2025-06-28 23:00:00,0,0,1,268.1567569986979
2025-06-29 00:00:00,0,0,0,404.5257242838542
2025-06-29 01:00:00,0,0,0,473.258885904948
2025-06-29 02:00:00,0,0,0,485.4211263020833
2025-06-29 03:00:00,0,0,0,482.3014005533854
2025-06-29 04:00:00,0,0,0,477.9671451822917
2025-06-29 05:00:00,0,0,0,479.9264046223959
2025-06-29 06:00:00,0,0,0,491.26604573567715
2025-06-29 07:00:00,0,0,0,470.74598795572933
2025-06-29 08:00:00,0,0,0,448.87480468750005
2025-06-29 09:00:00,0,0,0,423.1713745117188
2025-06-29 10:00:00,0,0,0,394.3541316731771
2025-06-29 11:00:00,0,0,0,387.7773461914062
2025-06-29 12:00:00,0,0,2,375.356962890625
2025-06-29 13:00:00,0,0,2,335.26407063802094
2025-06-29 14:00:00,0,0,2,303.76567952473965
2025-06-29 15:00:00,0,0,2,305.63192138671866
2025-06-29 16:00:00,0,0,0,281.9668945312501
2025-06-29 17:00:00,1,0,3,221.6355021158854
2025-06-29 18:00:00,1,0,3,155.4351904296875
2025-06-29 19:00:00,1,0,4,95.88246093750013
2025-06-29 20:00:00,1,0,4,43.07519449869801
2025-06-29 21:00:00,1,0,4,25.745193684895867
2025-06-29 22:00:00,1,0,4,114.96755533854173
2025-06-29 23:00:00,0,0,1,266.16385904947913
2025-06-30 00:00:00,0,0,0,398.837071126302
2025-06-30 01:00:00,0,0,0,464.0998819986979
2025-06-30 02:00:00,0,0,0,475.56451009114585
2025-06-30 03:00:00,0,0,0,471.7012052408853
2025-06-30 04:00:00,0,0,0,465.06544921875
2025-06-30 05:00:00,0,0,0,465.26968424479173
2025-06-30 06:00:00,0,0,0,477.4923372395833
2025-06-30 07:00:00,0,0,0,459.34367594401056
2025-06-30 08:00:00,0,0,0,438.61701985677087
2025-06-30 09:00:00,0,0,0,411.52289876302075
2025-06-30 10:00:00,0,0,0,384.8002783203126
2025-06-30 11:00:00,0,0,2,376.0391707356771
2025-06-30 12:00:00,0,0,2,362.5536075846353
2025-06-30 13:00:00,0,0,2,325.47344238281244
2025-06-30 14:00:00,0,0,2,291.47540201822903
2025-06-30 15:00:00,0,0,2,288.2924837239584
2025-06-30 16:00:00,0,0,2,264.5179720052083
2025-06-30 17:00:00,1,0,3,205.26874104817716
2025-06-30 18:00:00,1,0,3,138.53342610677078
2025-06-30 19:00:00,1,1,4,77.36920979817717
2025-06-30 20:00:00,1,1,4,22.020053710937532
2025-06-30 21:00:00,1,0,4,10.141610514322906
2025-06-30 22:00:00,1,0,4,105.88888671875009
2025-06-30 23:00:00,0,0,1,253.18838541666662
2025-07-01 00:00:00,0,0,0,283.3010473632813
2025-07-01 01:00:00,0,0,0,360.3582983398438
2025-07-01 02:00:00,0,0,0,383.5849658203125
2025-07-01 03:00:00,0,0,0,387.01909342447914
2025-07-01 04:00:00,0,0,0,382.4568701171876
2025-07-01 05:00:00,0,0,0,384.7343717447916
2025-07-01 06:00:00,0,0,0,398.8090771484376
2025-07-01 07:00:00,0,0,0,372.4995458984374
2025-07-01 08:00:00,0,0,0,340.2448885091146
2025-07-01 09:00:00,0,0,2,310.7740527343751
2025-07-01 10:00:00,0,0,2,282.8809879557293
2025-07-01 11:00:00,0,0,2,277.55961832682283
2025-07-01 12:00:00,0,0,2,273.66290283203125
2025-07-01 13:00:00,1,0,3,238.07101481119798
2025-07-01 14:00:00,1,0,3,203.91008626302073
2025-07-01 15:00:00,1,0,3,195.8794018554688
2025-07-01 16:00:00,1,0,3,168.73834879557307
2025-07-01 17:00:00,1,0,3,115.36003255208334
2025-07-01 18:00:00,1,0,3,54.41582031249993
2025-07-01 19:00:00,1,0,4,-9.60432291666666
2025-07-01 20:00:00,1,0,4,-66.95186848958326
2025-07-01 21:00:00,1,1,4,-64.30109049479165
2025-07-01 22:00:00,1,1,4,40.205153808593764
2025-07-01 23:00:00,0,0,2,180.41176188151042
2025-07-02 00:00:00,0,0,0,245.83757324218755
2025-07-02 01:00:00,0,0,0,331.5800659179688
2025-07-02 02:00:00,0,0,0,365.00312581380206
2025-07-02 03:00:00,0,0,0,376.55574300130206
2025-07-02 04:00:00,0,0,0,379.18318196614587
2025-07-02 05:00:00,0,0,0,389.4236645507814
2025-07-02 06:00:00,0,0,0,411.9493489583333
2025-07-02 07:00:00,0,0,0,395.26749674479174
2025-07-02 08:00:00,0,0,0,365.8269002278646
2025-07-02 09:00:00,0,0,0,325.4108854166666
2025-07-02 10:00:00,0,0,2,295.1902766927085
2025-07-02 11:00:00,0,0,2,283.76776285807296
2025-07-02 12:00:00,0,0,2,264.02486979166656
2025-07-02 13:00:00,1,0,3,226.22291748046882
2025-07-02 14:00:00,1,0,3,195.11354085286462
2025-07-02 15:00:00,1,0,3,189.0527164713542
2025-07-02 16:00:00,1,0,3,156.29439941406235
2025-07-02 17:00:00,1,0,3,98.36451741536462
2025-07-02 18:00:00,1,0,3,39.67045898437493
2025-07-02 19:00:00,1,0,4,-16.353151855468695
2025-07-02 20:00:00,1,0,4,-64.8067626953125
2025-07-02 21:00:00,1,1,4,-66.64735839843752
2025-07-02 22:00:00,1,1,4,29.067347005208262
2025-07-02 23:00:00,0,0,2,170.90871093750002
2025-07-03 00:00:00,0,0,0,275.033690592448
2025-07-03 01:00:00,0,0,0,355.37883707682295
2025-07-03 02:00:00,0,0,0,388.0928898111979
2025-07-03 03:00:00,0,0,0,400.7005541992187
2025-07-03 04:00:00,0,0,0,403.5100463867187
2025-07-03 05:00:00,0,0,0,414.1798095703125
2025-07-03 06:00:00,0,0,0,439.39010172526037
2025-07-03 07:00:00,0,0,0,414.3980810546875
2025-07-03 08:00:00,0,0,0,389.8369287109374
2025-07-03 09:00:00,0,0,0,357.36405924479163
2025-07-03 10:00:00,0,0,2,326.72443277994785
2025-07-03 11:00:00,0,0,2,313.32133056640623
2025-07-03 12:00:00,0,0,2,299.9390747070313
2025-07-03 13:00:00,0,0,2,261.2418237304687
2025-07-03 14:00:00,1,0,3,222.38860432942715
2025-07-03 15:00:00,1,0,3,214.54904622395838
2025-07-03 16:00:00,1,0,3,183.22241048177102
2025-07-03 17:00:00,1,0,3,120.64510904947906
2025-07-03 18:00:00,1,0,3,58.927701822916674
2025-07-03 19:00:00,1,0,4,7.7012280273437455
2025-07-03 20:00:00,1,0,4,-37.27414550781248
2025-07-03 21:00:00,1,0,4,-44.66487304687496
2025-07-03 22:00:00,1,0,4,47.21140624999998
2025-07-03 23:00:00,0,0,2,189.1958260091145
2025-07-04 00:00:00,0,0,0,286.6639501953125
2025-07-04 01:00:00,0,0,0,369.36153157552087
2025-07-04 02:00:00,0,0,0,398.13225748697914
2025-07-04 03:00:00,0,0,0,402.8120507812499
2025-07-04 04:00:00,0,0,0,398.87517089843755
2025-07-04 05:00:00,0,0,0,407.8826562500001
2025-07-04 06:00:00,0,0,0,436.39163981119805
2025-07-04 07:00:00,0,0,0,415.52948323567716
2025-07-04 08:00:00,0,0,0,386.3976904296874
2025-07-04 09:00:00,0,0,0,356.78398356119806
2025-07-04 10:00:00,0,0,2,321.28116292317713
2025-07-04 11:00:00,0,0,2,304.6635799153646
2025-07-04 12:00:00,0,0,2,295.84819010416663
2025-07-04 13:00:00,0,0,2,255.1911694335938
2025-07-04 14:00:00,1,0,3,217.30461995442715
2025-07-04 15:00:00,1,0,3,203.58040445963547
2025-07-04 16:00:00,1,0,3,172.51877929687498
2025-07-04 17:00:00,1,0,3,109.17942626953118
2025-07-04 18:00:00,1,0,3,45.502423502604074
2025-07-04 19:00:00,1,0,4,-5.455127766927035
2025-07-04 20:00:00,1,0,4,-53.807255859375005
2025-07-04 21:00:00,1,0,4,-68.13736002604162
2025-07-04 22:00:00,1,0,4,16.913108723958317
2025-07-04 23:00:00,0,0,2,161.78505045572922
2025-07-05 00:00:00,0,0,0,337.9789086914062
2025-07-05 01:00:00,0,0,0,404.53950846354167
2025-07-05 02:00:00,0,0,0,426.3091878255208
2025-07-05 03:00:00,0,0,0,430.35030598958326
2025-07-05 04:00:00,0,0,0,425.91755777994797
2025-07-05 05:00:00,0,0,0,434.36991373697913
2025-07-05 06:00:00,0,0,0,460.59528564453126
2025-07-05 07:00:00,0,0,0,444.1741601562501
2025-07-05 08:00:00,0,0,0,430.8692553710939
2025-07-05 09:00:00,0,0,0,407.1237630208334
2025-07-05 10:00:00,0,0,0,382.4901326497395
2025-07-05 11:00:00,0,0,2,377.46636718750005
2025-07-05 12:00:00,0,0,2,364.6458422851563
2025-07-05 13:00:00,0,0,2,328.6186881510416
2025-07-05 14:00:00,0,0,2,289.7233723958334
2025-07-05 15:00:00,0,0,2,273.44928873697904
2025-07-05 16:00:00,0,0,2,240.9668294270832
2025-07-05 17:00:00,1,0,3,180.4620174153647
2025-07-05 18:00:00,1,0,3,115.51032877604166
2025-07-05 19:00:00,1,1,4,57.711836751302144
2025-07-05 20:00:00,1,1,4,12.299404296874968
2025-07-05 21:00:00,1,0,4,1.8076497395833258
2025-07-05 22:00:00,1,0,4,81.46712076822917
2025-07-05 23:00:00,0,0,1,213.80875895182294
2025-07-06 00:00:00,0,0,0,348.0390844726563
2025-07-06 01:00:00,0,0,0,416.508662109375
2025-07-06 02:00:00,0,0,0,436.0896386718749
2025-07-06 03:00:00,0,0,0,438.18819661458326
2025-07-06 04:00:00,0,0,0,434.46970703125
2025-07-06 05:00:00,0,0,0,440.0317618815104
2025-07-06 06:00:00,0,0,0,462.8897778320311
2025-07-06 07:00:00,0,0,0,447.25618489583326
2025-07-06 08:00:00,0,0,0,428.67682454427086
2025-07-06 09:00:00,0,0,0,408.55865590241
2025-07-06 10:00:00,0,0,0,380.58819498697926
2025-07-06 11:00:00,0,0,0,366.3971093750001
2025-07-06 12:00:00,0,0,2,354.02228190104165
2025-07-06 13:00:00,0,0,2,317.2376953124999
2025-07-06 14:00:00,0,0,2,273.06683024088534
2025-07-06 15:00:00,0,0,2,263.9221012369792
2025-07-06 16:00:00,1,0,3,230.38180501302077
2025-07-06 17:00:00,1,0,3,161.93648925781258
2025-07-06 18:00:00,1,0,3,95.0694417317709
2025-07-06 19:00:00,1,0,4,51.69846110026049
2025-07-06 20:00:00,1,0,4,10.41904622395839
2025-07-06 21:00:00,1,1,4,-13.322561848958344
2025-07-06 22:00:00,1,1,4,61.54017089843751
2025-07-06 23:00:00,0,0,1,201.87153401692706
2025-07-07 00:00:00,0,0,0,313.28769205729157
2025-07-07 01:00:00,0,0,0,392.5210188802083
2025-07-07 02:00:00,0,0,0,412.10002115885413
2025-07-07 03:00:00,0,0,0,414.4021289062499
2025-07-07 04:00:00,0,0,0,411.92173828125
2025-07-07 05:00:00,0,0,0,418.85966389973964
2025-07-07 06:00:00,0,0,0,437.79947753906254
2025-07-07 07:00:00,0,0,0,422.5853450520833
2025-07-07 08:00:00,0,0,0,397.03912841796887
2025-07-07 09:00:00,0,0,0,359.8472973632813
2025-07-07 10:00:00,0,0,2,324.22944742838536
2025-07-07 11:00:00,0,0,2,309.07719645182306
2025-07-07 12:00:00,0,0,2,289.8773551432291
2025-07-07 13:00:00,1,0,3,243.3990397135417
2025-07-07 14:00:00,1,0,3,191.3743546549481
2025-07-07 15:00:00,1,0,3,172.6715079752605
2025-07-07 16:00:00,1,0,3,138.20906331380206
2025-07-07 17:00:00,1,0,3,74.86072265624989
2025-07-07 18:00:00,1,0,3,13.778141276041652
2025-07-07 19:00:00,1,0,4,-33.65236328125002
2025-07-07 20:00:00,1,1,4,-83.87072265625
2025-07-07 21:00:00,1,1,4,-107.56618815104173
2025-07-07 22:00:00,1,0,4,-17.06486409505203
2025-07-07 23:00:00,0,0,1,135.4635221354166
2025-07-08 00:00:00,0,0,0,271.9761637369792
2025-07-08 01:00:00,0,0,0,364.877782389323
2025-07-08 02:00:00,0,0,0,383.0842578124999
2025-07-08 03:00:00,0,0,0,382.71722981770836
2025-07-08 04:00:00,0,0,0,384.5412304687501
2025-07-08 05:00:00,0,0,0,398.39750488281254
2025-07-08 06:00:00,0,0,0,420.2580436197918
2025-07-08 07:00:00,0,0,0,411.7700024414062
2025-07-08 08:00:00,0,0,0,388.46013102213533
2025-07-08 09:00:00,0,0,0,348.9038338216146
2025-07-08 10:00:00,0,0,2,309.1486629231772
2025-07-08 11:00:00,0,0,2,288.51161702473973
2025-07-08 12:00:00,0,0,2,271.9416357421876
2025-07-08 13:00:00,1,0,3,229.74130371093747
2025-07-08 14:00:00,1,0,3,174.93952311197904
2025-07-08 15:00:00,1,0,3,155.90608317057286
2025-07-08 16:00:00,1,0,3,121.79669921875006
2025-07-08 17:00:00,1,0,3,55.97028889973967
2025-07-08 18:00:00,1,0,3,-3.6120833333333167
2025-07-08 19:00:00,1,0,4,-46.89912434895825
2025-07-08 20:00:00,1,1,4,-98.25148763020832
2025-07-08 21:00:00,1,1,4,-127.61942708333333
2025-07-08 22:00:00,1,0,4,-49.160795898437414
2025-07-08 23:00:00,1,0,3,97.8184879557291
2025-07-09 00:00:00,0,0,0,269.00984537760417
2025-07-09 01:00:00,0,0,0,360.0709155273437
2025-07-09 02:00:00,0,0,0,385.71564046223966
2025-07-09 03:00:00,0,0,0,389.7232877604166
2025-07-09 04:00:00,0,0,0,388.3603377278646
2025-07-09 05:00:00,0,0,0,402.24674153645833
2025-07-09 06:00:00,0,0,0,430.29693033854164
2025-07-09 07:00:00,0,0,0,415.88996907552064
2025-07-09 08:00:00,0,0,0,392.948445638021
2025-07-09 09:00:00,0,0,0,351.8587565104167
2025-07-09 10:00:00,0,0,2,308.9131046549478
2025-07-09 11:00:00,0,0,2,284.0352799479167
2025-07-09 12:00:00,0,0,2,264.97686523437505
2025-07-09 13:00:00,1,0,3,224.43886881510412
2025-07-09 14:00:00,1,0,3,174.08424723307303
2025-07-09 15:00:00,1,0,3,158.5368636067708
2025-07-09 16:00:00,1,0,3,123.98044677734379
2025-07-09 17:00:00,1,0,3,58.87781738281251
2025-07-09 18:00:00,1,0,3,-4.733538411458312
2025-07-09 19:00:00,1,0,4,-49.21330240885413
2025-07-09 20:00:00,1,1,4,-92.46586914062505
2025-07-09 21:00:00,1,1,4,-111.20576985677087
2025-07-09 22:00:00,1,0,4,-32.1535709635416
2025-07-09 23:00:00,0,0,1,117.60155680338539
2025-07-10 00:00:00,0,0,0,328.5519816080729
2025-07-10 01:00:00,0,0,0,414.2632975260417
2025-07-10 02:00:00,0,0,0,438.97920084635416
2025-07-10 03:00:00,0,0,0,442.2071752929688
2025-07-10 04:00:00,0,0,0,439.92034912109375
2025-07-10 05:00:00,0,0,0,450.3302880859376
2025-07-10 06:00:00,0,0,0,478.4832747395833
2025-07-10 07:00:00,0,0,0,458.3265763346353
2025-07-10 08:00:00,0,0,0,443.3882942708333
2025-07-10 09:00:00,0,0,0,415.3557511393228
2025-07-10 10:00:00,0,0,0,376.2541634114584
2025-07-10 11:00:00,0,0,0,355.63811197916675
2025-07-10 12:00:00,0,0,2,333.90265543619785
2025-07-10 13:00:00,0,0,2,294.0411279296875
2025-07-10 14:00:00,0,0,2,246.00663411458322
2025-07-10 15:00:00,1,0,3,232.58805381300772
2025-07-10 16:00:00,1,0,3,200.63813476562495
2025-07-10 17:00:00,1,0,3,135.8923193359376
2025-07-10 18:00:00,1,0,3,74.52283854166672
2025-07-10 19:00:00,1,0,4,25.873523638881466
2025-07-10 20:00:00,1,0,4,-23.118141276041683
2025-07-10 21:00:00,1,0,4,-45.94716959635423
2025-07-10 22:00:00,1,0,4,31.24323893229166
2025-07-10 23:00:00,0,0,1,172.66139892578133
2025-07-11 00:00:00,0,0,0,385.16915201822917
2025-07-11 01:00:00,0,0,0,451.4028271484375
2025-07-11 02:00:00,0,0,0,472.75433105468755
2025-07-11 03:00:00,0,0,0,474.62579833984375
2025-07-11 04:00:00,0,0,0,472.90519856770834
2025-07-11 05:00:00,0,0,0,482.0290673828124
2025-07-11 06:00:00,0,0,0,509.0116918945314
2025-07-11 07:00:00,0,0,0,496.3490966796876
2025-07-11 08:00:00,0,0,0,490.32721110026046
2025-07-11 09:00:00,0,0,0,472.8980745442709
2025-07-11 10:00:00,0,0,0,450.49868408203133
2025-07-11 11:00:00,0,0,0,444.4424210611978
2025-07-11 12:00:00,0,0,0,431.0948583984375
2025-07-11 13:00:00,0,0,0,404.04009602864585
2025-07-11 14:00:00,0,0,0,366.55669759114585
2025-07-11 15:00:00,0,0,0,350.93109944661455
2025-07-11 16:00:00,0,0,0,315.4627709960937
2025-07-11 17:00:00,0,0,0,247.88571289062497
2025-07-11 18:00:00,0,0,1,179.60678466796867
2025-07-11 19:00:00,1,0,4,121.41047607421865
2025-07-11 20:00:00,1,0,4,71.44856038411456
2025-07-11 21:00:00,1,0,4,51.21506591796867
2025-07-11 22:00:00,1,0,4,118.72671875000003
2025-07-11 23:00:00,0,0,0,240.55514404296866
2025-07-12 00:00:00,0,0,0,380.91031656901043
2025-07-12 01:00:00,0,0,0,451.76190755208336
2025-07-12 02:00:00,0,0,0,471.04818033854167
2025-07-12 03:00:00,0,0,0,471.618407389323
2025-07-12 04:00:00,0,0,0,464.7476676432292
2025-07-12 05:00:00,0,0,0,470.4648250325521
2025-07-12 06:00:00,0,0,0,496.221162109375
2025-07-12 07:00:00,0,0,0,487.1850439453124
2025-07-12 08:00:00,0,0,0,478.7641748046874
2025-07-12 09:00:00,0,0,0,469.0301481119793
2025-07-12 10:00:00,0,0,0,446.0623559570313
2025-07-12 11:00:00,0,0,0,444.1820231119791
2025-07-12 12:00:00,0,0,0,435.92876953125005
2025-07-12 13:00:00,0,0,0,400.13315022786446
2025-07-12 14:00:00,0,0,0,356.9404280598958
2025-07-12 15:00:00,0,0,0,337.05244303385416
2025-07-12 16:00:00,0,0,0,301.8792504882813
2025-07-12 17:00:00,0,0,0,238.59195882161475
2025-07-12 18:00:00,0,0,1,168.4951196289062
2025-07-12 19:00:00,1,0,4,111.28561686197929
2025-07-12 20:00:00,1,0,4,62.87322428385414
2025-07-12 21:00:00,1,0,4,41.58779215494792
2025-07-12 22:00:00,1,0,4,112.75535807291669
2025-07-12 23:00:00,0,0,0,242.51265543619786
2025-07-13 00:00:00,0,0,0,415.42633219401046
2025-07-13 01:00:00,0,0,0,475.7941967773438
2025-07-13 02:00:00,0,0,0,488.0062255859375
2025-07-13 03:00:00,0,0,0,486.85028645833336
2025-07-13 04:00:00,0,0,0,482.80289713541663
2025-07-13 05:00:00,0,0,0,488.37541829427073
2025-07-13 06:00:00,0,0,0,515.7457307942709
2025-07-13 07:00:00,0,0,0,514.8400789388022
2025-07-13 08:00:00,0,0,0,515.8518831380209
2025-07-13 09:00:00,0,0,0,499.1191560872396
2025-07-13 10:00:00,0,0,0,472.944305826823
2025-07-13 11:00:00,0,0,0,456.98431477864574
2025-07-13 12:00:00,0,0,0,443.7102018229166
2025-07-13 13:00:00,0,0,0,415.9870638020834
2025-07-13 14:00:00,0,0,0,380.59419108072916
2025-07-13 15:00:00,0,0,0,359.5908138020834
2025-07-13 16:00:00,0,0,0,323.51787272135425
2025-07-13 17:00:00,0,0,0,257.81844889322906
2025-07-13 18:00:00,0,0,1,190.88094970703128
2025-07-13 19:00:00,0,0,2,137.13371907552096
2025-07-13 20:00:00,1,0,4,92.97593668619788
2025-07-13 21:00:00,1,0,4,68.25155924479157
2025-07-13 22:00:00,0,0,2,133.33695231119793
2025-07-13 23:00:00,0,0,0,254.6336564127604
2025-07-14 00:00:00,0,0,0,406.76034586588537
2025-07-14 01:00:00,0,0,0,468.89079427083334
2025-07-14 02:00:00,0,0,0,489.3932853190105
2025-07-14 03:00:00,0,0,0,491.68498209635413
2025-07-14 04:00:00,0,0,0,488.22002766927085
2025-07-14 05:00:00,0,0,0,496.42171142578127
2025-07-14 06:00:00,0,0,0,526.3376806640626
2025-07-14 07:00:00,0,0,0,525.1254516601562
2025-07-14 08:00:00,0,0,0,515.943378092448
2025-07-14 09:00:00,0,0,0,496.68414143880204
2025-07-14 10:00:00,0,0,0,469.98708902994804
2025-07-14 11:00:00,0,0,0,464.74260253906255
2025-07-14 12:00:00,0,0,0,458.0799178059897
2025-07-14 13:00:00,0,0,0,426.92458496093764
2025-07-14 14:00:00,0,0,0,389.30294108072917
2025-07-14 15:00:00,0,0,0,374.168212890625
2025-07-14 16:00:00,0,0,0,340.20062174479153
2025-07-14 17:00:00,0,0,0,275.98623942057293
2025-07-14 18:00:00,0,0,0,210.19867350260415
2025-07-14 19:00:00,0,0,2,156.19050618489587
2025-07-14 20:00:00,1,0,4,110.63326985677088
2025-07-14 21:00:00,1,0,4,87.79309000651051
2025-07-14 22:00:00,0,0,2,155.26385416666676
2025-07-14 23:00:00,0,0,0,274.6196305338542
2025-07-15 00:00:00,0,0,0,415.95034912109384
2025-07-15 01:00:00,0,0,0,479.39620279947917
2025-07-15 02:00:00,0,0,0,494.657587890625
2025-07-15 03:00:00,0,0,0,492.33236572265616
2025-07-15 04:00:00,0,0,0,488.8425073242187
2025-07-15 05:00:00,0,0,0,495.23518961588536
2025-07-15 06:00:00,0,0,0,521.6675138346354
2025-07-15 07:00:00,0,0,0,522.6656674556409
2025-07-15 08:00:00,0,0,0,516.557313639323
2025-07-15 09:00:00,0,0,0,494.6084529622394
2025-07-15 10:00:00,0,0,0,469.9858740234374
2025-07-15 11:00:00,0,0,0,461.3060123697917
2025-07-15 12:00:00,0,0,0,455.73298095703126
2025-07-15 13:00:00,0,0,0,421.4061661783853
2025-07-15 14:00:00,0,0,0,385.16348551432293
2025-07-15 15:00:00,0,0,0,368.79741861979164
2025-07-15 16:00:00,0,0,0,337.0093131510416
2025-07-15 17:00:00,0,0,0,276.92037597656235
2025-07-15 18:00:00,0,0,0,211.83871988932287
2025-07-15 19:00:00,0,0,2,155.52289306640625
2025-07-15 20:00:00,1,0,4,98.4644750976563
2025-07-15 21:00:00,1,0,4,76.33193115234383
2025-07-15 22:00:00,0,0,2,148.72990478515624
2025-07-15 23:00:00,0,0,0,276.9712955729167
2025-07-16 00:00:00,0,0,0,435.99081054687497
2025-07-16 01:00:00,0,0,0,502.50189860026035
2025-07-16 02:00:00,0,0,0,510.3428857421875
2025-07-16 03:00:00,0,0,0,503.9260294596354
2025-07-16 04:00:00,0,0,0,497.88082519531247
2025-07-16 05:00:00,0,0,0,504.91036295572917
2025-07-16 06:00:00,0,0,0,534.2815877278645
2025-07-16 07:00:00,0,0,0,537.8630948893228
2025-07-16 08:00:00,0,0,0,538.1745678710938
2025-07-16 09:00:00,0,0,0,520.0085180664062
2025-07-16 10:00:00,0,0,0,502.1902001953126
2025-07-16 11:00:00,0,0,0,500.48724609374995
2025-07-16 12:00:00,0,0,0,489.7119254557292
2025-07-16 13:00:00,0,0,0,457.49994954427075
2025-07-16 14:00:00,0,0,0,418.32476562500005
2025-07-16 15:00:00,0,0,0,408.9627441406251
2025-07-16 16:00:00,0,0,0,376.76998616536457
2025-07-16 17:00:00,0,0,0,316.4961865234375
2025-07-16 18:00:00,0,0,0,246.06975748697914
2025-07-16 19:00:00,0,0,2,186.7497477213542
2025-07-16 20:00:00,0,0,2,132.7756136067709
2025-07-16 21:00:00,1,0,4,106.35574300130213
2025-07-16 22:00:00,0,0,2,168.85123209635412
2025-07-16 23:00:00,0,0,0,294.54376871744785
2025-07-17 00:00:00,0,0,0,467.6433015950522
2025-07-17 01:00:00,0,0,0,527.2957275390625
2025-07-17 02:00:00,0,0,0,531.4405794270834
2025-07-17 03:00:00,0,0,0,520.0354833984376
2025-07-17 04:00:00,0,0,0,508.8297086588541
2025-07-17 05:00:00,0,0,0,511.9195686848959
2025-07-17 06:00:00,0,0,0,540.4758251953124
2025-07-17 07:00:00,0,0,0,544.3760498046875
2025-07-17 08:00:00,0,0,0,550.2913509114583
2025-07-17 09:00:00,0,0,0,542.9457869466146
2025-07-17 10:00:00,0,0,0,538.2744995117189
2025-07-17 11:00:00,0,0,0,537.4959960937499
2025-07-17 12:00:00,0,0,0,532.7967789713543
2025-07-17 13:00:00,0,0,0,500.5452685546875
2025-07-17 14:00:00,0,0,0,461.7972713216145
2025-07-17 15:00:00,0,0,0,451.96708821614584
2025-07-17 16:00:00,0,0,0,423.85447265625
2025-07-17 17:00:00,0,0,0,360.02938639322906
2025-07-17 18:00:00,0,0,0,287.5141731770834
2025-07-17 19:00:00,0,0,1,226.96109456380202
2025-07-17 20:00:00,0,0,2,172.20235026041667
2025-07-17 21:00:00,0,0,2,135.3842521158855
2025-07-17 22:00:00,0,0,2,190.1897981770834
2025-07-17 23:00:00,0,0,0,313.3951782226562
2025-07-18 00:00:00,0,0,0,456.1552970377604
2025-07-18 01:00:00,0,0,0,525.3183854166667
2025-07-18 02:00:00,0,0,0,529.3429573567707
2025-07-18 03:00:00,0,0,0,517.7969921875
2025-07-18 04:00:00,0,0,0,507.01336995442716
2025-07-18 05:00:00,0,0,0,507.7027473958335
2025-07-18 06:00:00,0,0,0,533.0211930338542
2025-07-18 07:00:00,0,0,0,532.5442358398439
2025-07-18 08:00:00,0,0,0,536.9406111653645
2025-07-18 09:00:00,0,0,0,528.7650260416667
2025-07-18 10:00:00,0,0,0,513.995342610677
2025-07-18 11:00:00,0,0,0,512.8474552408854
2025-07-18 12:00:00,0,0,0,510.8069864908855
2025-07-18 13:00:00,0,0,0,482.1817187500001
2025-07-18 14:00:00,0,0,0,445.04679280598975
2025-07-18 15:00:00,0,0,0,432.2566699218751
2025-07-18 16:00:00,0,0,0,403.6397762044271
2025-07-18 17:00:00,0,0,0,342.7571476236981
2025-07-18 18:00:00,0,0,0,266.57308349609366
2025-07-18 19:00:00,0,0,1,206.9421256510417
2025-07-18 20:00:00,0,0,2,156.0828857421875
2025-07-18 21:00:00,1,0,4,123.75890625
2025-07-18 22:00:00,0,0,2,179.01349446614586
2025-07-18 23:00:00,0,0,0,305.6083072916666
2025-07-19 00:00:00,0,0,0,449.0616536458333
2025-07-19 01:00:00,0,0,0,522.6494645182291
2025-07-19 02:00:00,0,0,0,529.3205045572917
2025-07-19 03:00:00,0,0,0,514.8246394856772
2025-07-19 04:00:00,0,0,0,502.4447224934896
2025-07-19 05:00:00,0,0,0,505.3846305338542
2025-07-19 06:00:00,0,0,0,534.580362141927
2025-07-19 07:00:00,0,0,0,539.120887858073
2025-07-19 08:00:00,0,0,0,543.6891796875
2025-07-19 09:00:00,0,0,0,531.103096516927
2025-07-19 10:00:00,0,0,0,511.4497932942709
2025-07-19 11:00:00,0,0,0,512.5764925130209
2025-07-19 12:00:00,0,0,0,506.82658365885413
2025-07-19 13:00:00,0,0,0,480.7355875651042
2025-07-19 14:00:00,0,0,0,441.2576147460936
2025-07-19 15:00:00,0,0,0,425.1705631510415
2025-07-19 16:00:00,0,0,0,397.632557779948
2025-07-19 17:00:00,0,0,0,336.8278515625
2025-07-19 18:00:00,0,0,0,263.95686604817706
2025-07-19 19:00:00,0,0,2,168.366943359375
2025-07-19 20:00:00,0,0,2,67.75726643880216
2025-07-19 21:00:00,1,0,4,39.00716796874997
2025-07-19 22:00:00,0,1,2,93.28238688151043
2025-07-19 23:00:00,0,1,0,213.41839111328125
2025-07-20 00:00:00,0,0,0,347.5467317708334
2025-07-20 01:00:00,0,0,0,417.67254150390625
2025-07-20 02:00:00,0,0,0,426.08808105468756
2025-07-20 03:00:00,0,0,0,416.279560546875
2025-07-20 04:00:00,0,0,0,407.26067301432295
2025-07-20 05:00:00,0,0,0,409.8196891276042
2025-07-20 06:00:00,0,0,0,439.9753597005208
2025-07-20 07:00:00,0,0,0,443.1739510091146
2025-07-20 08:00:00,0,0,0,442.3908911132812
2025-07-20 09:00:00,0,0,0,429.86101888020835
2025-07-20 10:00:00,0,0,0,410.84883544921877
2025-07-20 11:00:00,0,0,0,408.44645263671873
2025-07-20 12:00:00,0,0,0,397.4339697265625
2025-07-20 13:00:00,0,0,0,364.9834269205728
2025-07-20 14:00:00,0,0,0,329.1381640625
2025-07-20 15:00:00,0,0,0,313.8347200520834
2025-07-20 16:00:00,0,0,0,284.6115836588542
2025-07-20 17:00:00,0,0,0,222.80593505859372
2025-07-20 18:00:00,0,0,1,146.7821248372395
2025-07-20 19:00:00,0,0,2,90.33479654947917
2025-07-20 20:00:00,0,1,2,46.421764322916715
2025-07-20 21:00:00,1,1,4,16.60258382161453
2025-07-20 22:00:00,0,0,2,72.4731461588542
2025-07-20 23:00:00,0,0,1,197.6644148763021
2025-07-21 00:00:00,0,0,0,303.88249104817703
2025-07-21 01:00:00,0,0,0,382.06148518880207
2025-07-21 02:00:00,0,0,0,395.95304443359373
2025-07-21 03:00:00,0,0,0,389.99993489583335
2025-07-21 04:00:00,0,0,0,401.5991015625
2025-07-21 05:00:00,0,0,0,471.49044514973957
2025-07-21 06:00:00,0,0,0,501.1052099609374
2025-07-21 07:00:00,0,0,0,498.97271647135426
2025-07-21 08:00:00,0,0,0,492.2105761718749
2025-07-21 09:00:00,0,0,0,478.0599584960937
2025-07-21 10:00:00,0,0,0,458.5943798828125
2025-07-21 11:00:00,0,0,0,451.4332039388021
2025-07-21 12:00:00,0,0,0,442.28165771484373
2025-07-21 13:00:00,0,0,0,409.9643627929686
2025-07-21 14:00:00,0,0,0,375.838856608073
2025-07-21 15:00:00,0,0,0,361.145234375
2025-07-21 16:00:00,0,0,0,328.5059448242189
2025-07-21 17:00:00,0,0,0,263.7768318684896
2025-07-21 18:00:00,0,0,1,195.12780110677068
2025-07-21 19:00:00,0,0,2,135.77020914713546
2025-07-21 20:00:00,1,1,4,85.33030517578129
2025-07-21 21:00:00,1,1,4,63.36704264322918
2025-07-21 22:00:00,0,0,2,132.40031331380203
2025-07-21 23:00:00,0,0,1,262.32306070963546
2025-07-22 00:00:00,0,0,0,357.8630346679688
2025-07-22 01:00:00,0,0,0,438.69576009114587
2025-07-22 02:00:00,0,0,0,459.8117708333334
2025-07-22 03:00:00,0,0,0,456.679326171875
2025-07-22 04:00:00,0,0,0,449.3453157552084
2025-07-22 05:00:00,0,0,0,451.86605550130207
2025-07-22 06:00:00,0,0,0,480.3885384114583
2025-07-22 07:00:00,0,0,0,475.62274169921875
2025-07-22 08:00:00,0,0,0,465.1781363932291
2025-07-22 09:00:00,0,0,0,447.15287353515623
2025-07-22 10:00:00,0,0,0,423.6439306640625
2025-07-22 11:00:00,0,0,0,419.3867268880208
2025-07-22 12:00:00,0,0,0,408.8385164388021
2025-07-22 13:00:00,0,0,0,380.50650634765634
2025-07-22 14:00:00,0,0,0,343.63322672526033
2025-07-22 15:00:00,0,0,0,332.37457194010403
2025-07-22 16:00:00,0,0,0,301.2695393880208
2025-07-22 17:00:00,0,0,0,241.19601155598957
2025-07-22 18:00:00,0,0,1,171.06816324869806
2025-07-22 19:00:00,0,0,2,111.30027669270828
2025-07-22 20:00:00,1,0,4,61.19380208333337
2025-07-22 21:00:00,1,0,4,44.066010742187586
2025-07-22 22:00:00,0,0,2,113.27496093750005
2025-07-22 23:00:00,0,0,1,242.4074495442709
2025-07-23 00:00:00,0,0,0,390.73249348958336
2025-07-23 01:00:00,0,0,0,456.6531673177084
2025-07-23 02:00:00,0,0,0,473.6312443033854
2025-07-23 03:00:00,0,0,0,469.7614518229167
2025-07-23 04:00:00,0,0,0,464.1317024739583
2025-07-23 05:00:00,0,0,0,463.5772916666667
2025-07-23 06:00:00,0,0,0,466.6479573567708
2025-07-23 07:00:00,0,0,0,428.5209928385416
2025-07-23 08:00:00,0,0,0,395.1247395833334
2025-07-23 09:00:00,0,0,0,356.4824194335938
2025-07-23 10:00:00,0,0,0,339.52263346354175
2025-07-23 11:00:00,0,0,0,337.7511279296875
2025-07-23 12:00:00,0,0,0,339.9505338541667
2025-07-23 13:00:00,0,0,0,308.5932462565104
2025-07-23 14:00:00,0,0,0,276.88359944661465
2025-07-23 15:00:00,0,0,0,289.11710205078134
2025-07-23 16:00:00,0,0,0,278.95870117187496
2025-07-23 17:00:00,0,0,0,252.32625732421866
2025-07-23 18:00:00,0,0,0,214.55852213541664
2025-07-23 19:00:00,0,0,2,173.404668782552
2025-07-23 20:00:00,1,0,4,120.74472819010418
2025-07-23 21:00:00,1,0,4,101.99585937500001
2025-07-23 22:00:00,0,1,2,166.32932617187498
2025-07-23 23:00:00,0,1,1,280.4046655273437
2025-07-24 00:00:00,0,0,0,403.49264567057287
2025-07-24 01:00:00,0,0,0,471.83365234375003
2025-07-24 02:00:00,0,0,0,482.55465983072907
2025-07-24 03:00:00,0,0,0,477.37857584635424
2025-07-24 04:00:00,0,0,0,465.97552652994796
2025-07-24 05:00:00,0,0,0,470.04987792968745
2025-07-24 06:00:00,0,0,0,503.1727303059895
2025-07-24 07:00:00,0,0,0,496.33761555989577
2025-07-24 08:00:00,0,0,0,494.9632511393229
2025-07-24 09:00:00,0,0,0,481.38082845052077
2025-07-24 10:00:00,0,0,0,462.32041178385407
2025-07-24 11:00:00,0,0,0,464.66191487630203
2025-07-24 12:00:00,0,0,0,465.55253173828123
2025-07-24 13:00:00,0,0,0,434.53533854166653
2025-07-24 14:00:00,0,0,0,397.32378662109386
2025-07-24 15:00:00,0,0,0,380.02260172526053
2025-07-24 16:00:00,0,0,0,347.0895027669271
2025-07-24 17:00:00,0,0,0,280.61283203125004
2025-07-24 18:00:00,0,0,0,203.00605712890615
2025-07-24 19:00:00,0,0,2,138.37260904947914
2025-07-24 20:00:00,1,0,4,88.8404524739583
2025-07-24 21:00:00,1,0,4,68.98147135416673
2025-07-24 22:00:00,0,0,2,134.1794401041666
2025-07-24 23:00:00,0,0,1,258.42060465494797
2025-07-25 00:00:00,0,0,1,415.3286238606771
2025-07-25 01:00:00,0,0,1,481.5152384440104
2025-07-25 02:00:00,0,0,1,488.2425431315104
2025-07-25 03:00:00,0,0,1,476.37017822265625
2025-07-25 04:00:00,0,0,1,462.05582682291663
2025-07-25 05:00:00,0,0,1,462.4295849609374
2025-07-25 06:00:00,0,0,1,492.3089241536459
2025-07-25 07:00:00,0,0,1,488.7575463867188
2025-07-25 08:00:00,0,0,1,495.88601074218764
2025-07-25 09:00:00,0,0,1,488.6764314778645
2025-07-25 10:00:00,0,0,1,472.9321215820312
2025-07-25 11:00:00,0,0,1,472.9818986002606
2025-07-25 12:00:00,0,0,1,467.3487695312499
2025-07-25 13:00:00,0,0,1,440.5891194661458
2025-07-25 14:00:00,0,0,1,405.86394368489573
2025-07-25 15:00:00,0,0,1,393.502410481771
2025-07-25 16:00:00,0,0,1,359.8463028971355
2025-07-25 17:00:00,0,0,1,291.8419946289064
2025-07-25 18:00:00,0,0,1,211.28796061197932
2025-07-25 19:00:00,0,0,3,145.95533365885422
2025-07-25 20:00:00,1,0,5,96.42857503255209
2025-07-25 21:00:00,1,0,5,76.1868912760417
2025-07-25 22:00:00,0,0,3,136.58871826171878
2025-07-25 23:00:00,0,0,2,261.42489501953116
2025-07-26 00:00:00,0,0,0,457.6396313476563
2025-07-26 01:00:00,0,0,0,508.1047574869791
2025-07-26 02:00:00,0,0,0,512.5411893717447
2025-07-26 03:00:00,0,0,0,503.5058390299479
2025-07-26 04:00:00,0,0,0,495.6805745442708
2025-07-26 05:00:00,0,0,0,502.63127115885413
2025-07-26 06:00:00,0,0,0,533.678251953125
2025-07-26 07:00:00,0,0,0,531.1323917643228
2025-07-26 08:00:00,0,0,0,535.0082226562499
2025-07-26 09:00:00,0,0,0,529.4659106445313
2025-07-26 10:00:00,0,0,0,516.1655639648438
2025-07-26 11:00:00,0,0,0,514.5968872070314
2025-07-26 12:00:00,0,0,0,510.69785725911447
2025-07-26 13:00:00,0,0,0,484.3961254882813
2025-07-26 14:00:00,0,0,0,452.82168619791673
2025-07-26 15:00:00,0,0,0,437.65349934895835
2025-07-26 16:00:00,0,0,0,398.40788411458334
2025-07-26 17:00:00,0,0,0,328.56050944010417
2025-07-26 18:00:00,0,0,0,252.71563557942704
2025-07-26 19:00:00,0,0,2,197.09504231770825
2025-07-26 20:00:00,0,0,2,154.95134521484374
2025-07-26 21:00:00,0,0,2,136.72578206380206
2025-07-26 22:00:00,0,0,1,200.45876383463542
2025-07-26 23:00:00,0,0,1,313.61662353515624
2025-07-27 00:00:00,0,0,0,436.09062255859374
2025-07-27 01:00:00,0,0,0,492.2155729166666
2025-07-27 02:00:00,0,0,0,505.7428206380208
2025-07-27 03:00:00,0,0,0,501.96619140625
2025-07-27 04:00:00,0,0,0,493.0363517252605
2025-07-27 05:00:00,0,0,0,492.27995361328124
2025-07-27 06:00:00,0,0,0,517.5214542643228
2025-07-27 07:00:00,0,0,0,516.7770515950522
2025-07-27 08:00:00,0,0,0,514.9166276041667
2025-07-27 09:00:00,0,0,0,500.33671142578123
2025-07-27 10:00:00,0,0,0,484.13254557291657
2025-07-27 11:00:00,0,0,0,492.86945149739586
2025-07-27 12:00:00,0,0,0,490.7485693359374
2025-07-27 13:00:00,0,0,0,464.75591715494784
2025-07-27 14:00:00,0,0,0,428.5870353190103
2025-07-27 15:00:00,0,0,0,408.60918131510425
2025-07-27 16:00:00,0,0,0,371.3960107421874
2025-07-27 17:00:00,0,0,0,303.0773868815104
2025-07-27 18:00:00,0,0,0,228.4793481445313
2025-07-27 19:00:00,0,0,2,169.24347900390626
2025-07-27 20:00:00,0,0,2,119.57207519531244
2025-07-27 21:00:00,1,0,4,101.20588053385416
2025-07-27 22:00:00,0,0,2,175.59226562499998
2025-07-27 23:00:00,0,0,1,298.98236979166666
2025-07-28 00:00:00,0,0,0,445.56720458984375
2025-07-28 01:00:00,0,0,0,495.6768408203126
2025-07-28 02:00:00,0,0,0,502.66303466796876
2025-07-28 03:00:00,0,0,0,497.22053466796876
2025-07-28 04:00:00,0,0,0,492.5062060546875
2025-07-28 05:00:00,0,0,0,493.40340006510405
2025-07-28 06:00:00,0,0,0,520.2544124348958
2025-07-28 07:00:00,0,0,0,520.5096411132813
2025-07-28 08:00:00,0,0,0,517.1236889648437
2025-07-28 09:00:00,0,0,0,503.9086971028646
2025-07-28 10:00:00,0,0,0,494.1970450846354
2025-07-28 11:00:00,0,0,0,500.344024251302
2025-07-28 12:00:00,0,0,0,506.32585611979175
2025-07-28 13:00:00,0,0,0,484.32955322265616
2025-07-28 14:00:00,0,0,0,447.8314713541665
2025-07-28 15:00:00,0,0,0,435.3623925781251
2025-07-28 16:00:00,0,0,0,402.82464762369796
2025-07-28 17:00:00,0,0,0,339.3879557291666
2025-07-28 18:00:00,0,0,0,264.8609497070313
2025-07-28 19:00:00,0,0,2,196.97364533677614
2025-07-28 20:00:00,0,0,2,141.27714029947913
2025-07-28 21:00:00,0,0,2,129.2541552734375
2025-07-28 22:00:00,0,0,1,203.91397623697924
2025-07-28 23:00:00,0,0,1,322.31218180338544
2025-07-29 00:00:00,0,0,0,442.64694661458327
2025-07-29 01:00:00,0,0,0,504.0121842447917
2025-07-29 02:00:00,0,0,0,509.22494547526037
2025-07-29 03:00:00,0,0,0,499.85978190104163
2025-07-29 04:00:00,0,0,0,491.35591634114587
2025-07-29 05:00:00,0,0,0,491.7801489257812
2025-07-29 06:00:00,0,0,0,517.0070564778646
2025-07-29 07:00:00,0,0,0,521.7152669270833
2025-07-29 08:00:00,0,0,0,523.1620605468752
2025-07-29 09:00:00,0,0,0,516.0647493489585
2025-07-29 10:00:00,0,0,0,508.40923502604164
2025-07-29 11:00:00,0,0,0,518.0679264322916
2025-07-29 12:00:00,0,0,0,518.8051188151039
2025-07-29 13:00:00,0,0,0,489.65741292317716
2025-07-29 14:00:00,0,0,0,458.68549479166654
2025-07-29 15:00:00,0,0,0,446.9303076171875
2025-07-29 16:00:00,0,0,0,413.24590169270846
2025-07-29 17:00:00,0,0,0,348.32743489583345
2025-07-29 18:00:00,0,0,0,264.86915690104183
2025-07-29 19:00:00,0,0,1,199.64554931640623
2025-07-29 20:00:00,0,0,2,145.289921875
2025-07-29 21:00:00,0,0,2,126.71626464843746
2025-07-29 22:00:00,0,0,2,190.55671468098956
2025-07-29 23:00:00,0,0,1,309.4333862304687
2025-07-30 00:00:00,0,0,0,451.9397029622396
2025-07-30 01:00:00,0,0,0,504.9468082682291
2025-07-30 02:00:00,0,0,0,510.1651590983073
2025-07-30 03:00:00,0,0,0,503.6303999837239
2025-07-30 04:00:00,0,0,0,494.68574869791667
2025-07-30 05:00:00,0,0,0,493.7232649739583
2025-07-30 06:00:00,0,0,0,518.1490690104165
2025-07-30 07:00:00,0,0,0,521.4238492838542
2025-07-30 08:00:00,0,0,0,524.4139339192709
2025-07-30 09:00:00,0,0,0,515.8861922200522
2025-07-30 10:00:00,0,0,0,509.9633764648438
2025-07-30 11:00:00,0,0,0,518.838399251302
2025-07-30 12:00:00,0,0,0,515.8324438476561
2025-07-30 13:00:00,0,0,0,489.8603279622396
2025-07-30 14:00:00,0,0,0,458.0080834960936
2025-07-30 15:00:00,0,0,0,448.0333610026041
2025-07-30 16:00:00,0,0,0,410.3281127929688
2025-07-30 17:00:00,0,0,0,343.97701253255195
2025-07-30 18:00:00,0,0,0,264.3753434244793
2025-07-30 19:00:00,0,0,1,198.8940413411458
2025-07-30 20:00:00,0,0,2,145.07819580078126
2025-07-30 21:00:00,0,0,2,130.92695638020837
2025-07-30 22:00:00,0,0,1,199.6707722981771
2025-07-30 23:00:00,0,0,1,323.4854825846354
2025-07-31 00:00:00,0,0,0,450.15141276041663
2025-07-31 01:00:00,0,0,0,510.8926692708334
2025-07-31 02:00:00,0,0,0,518.8593098958333
2025-07-31 03:00:00,0,0,0,508.64301066080736
2025-07-31 04:00:00,0,0,0,498.1593017578125
2025-07-31 05:00:00,0,0,0,498.6809220377604
2025-07-31 06:00:00,0,0,0,525.6796435546876
2025-07-31 07:00:00,0,0,0,527.9315559895833
2025-07-31 08:00:00,0,0,0,530.3995662434895
2025-07-31 09:00:00,0,0,0,529.4475252278646
2025-07-31 10:00:00,0,0,0,522.7030094401041
2025-07-31 11:00:00,0,0,0,522.1961018880208
2025-07-31 12:00:00,0,0,0,518.06177734375
2025-07-31 13:00:00,0,0,0,491.3878247070313
2025-07-31 14:00:00,0,0,0,455.89924235026047
2025-07-31 15:00:00,0,0,0,442.7647843424479
2025-07-31 16:00:00,0,0,0,410.03620442708325
2025-07-31 17:00:00,0,0,0,346.10966471354163
2025-07-31 18:00:00,0,0,0,268.5017171223958
2025-07-31 19:00:00,0,0,1,205.71929199218744
2025-07-31 20:00:00,0,0,2,154.95269856770824
2025-07-31 21:00:00,0,0,2,136.9797184244792
2025-07-31 22:00:00,0,0,1,203.91447916666664
2025-07-31 23:00:00,0,0,1,321.37251383463547
2025-08-01 00:00:00,0,0,0,440.4796248372396
2025-08-01 01:00:00,0,0,0,503.8735685221353
2025-08-01 02:00:00,0,0,0,517.0922249348957
2025-08-01 03:00:00,0,0,0,509.4624316406249
2025-08-01 04:00:00,0,0,0,500.5941129557291
2025-08-01 05:00:00,0,0,0,497.32345703125
2025-08-01 06:00:00,0,0,0,526.9558870442709
2025-08-01 07:00:00,0,0,0,522.186328125
2025-08-01 08:00:00,0,0,0,524.6221272786458
2025-08-01 09:00:00,0,0,0,525.6670263671874
2025-08-01 10:00:00,0,0,0,515.7745450846353
2025-08-01 11:00:00,0,0,0,521.4487158203126
2025-08-01 12:00:00,0,0,0,517.221953938802
2025-08-01 13:00:00,0,0,0,492.48883219401046
2025-08-01 14:00:00,0,0,0,459.72284261067716
2025-08-01 15:00:00,0,0,0,447.033720703125
2025-08-01 16:00:00,0,0,0,406.7747973632813
2025-08-01 17:00:00,0,0,0,343.76205810546867
2025-08-01 18:00:00,0,0,0,266.98797200520835
2025-08-01 19:00:00,0,0,1,206.57883951822907
2025-08-01 20:00:00,0,0,2,162.62331298828133
2025-08-01 21:00:00,0,0,2,152.60992187500005
2025-08-01 22:00:00,0,0,1,219.34000651041663
2025-08-01 23:00:00,0,0,1,332.8111466471354
2025-08-02 00:00:00,0,0,0,440.80830729166667
2025-08-02 01:00:00,0,0,0,504.6964054361979
2025-08-02 02:00:00,0,0,0,511.6958186848958
2025-08-02 03:00:00,0,0,0,500.78264404296874
2025-08-02 04:00:00,0,0,0,488.12747558593753
2025-08-02 05:00:00,0,0,0,486.19204752604173
2025-08-02 06:00:00,0,0,0,512.610555013021
2025-08-02 07:00:00,0,0,0,512.165057779948
2025-08-02 08:00:00,0,0,0,513.3292594401044
2025-08-02 09:00:00,0,0,0,511.16154378255214
2025-08-02 10:00:00,0,0,0,500.95049967447926
2025-08-02 11:00:00,0,0,0,505.905526529948
2025-08-02 12:00:00,0,0,0,504.582509765625
2025-08-02 13:00:00,0,0,0,477.42119628906244
2025-08-02 14:00:00,0,0,0,442.3462166341146
2025-08-02 15:00:00,0,0,0,425.5421419270833
2025-08-02 16:00:00,0,0,0,392.5772810872395
2025-08-02 17:00:00,0,0,0,325.92619547526056
2025-08-02 18:00:00,0,0,0,246.94540120442707
2025-08-02 19:00:00,0,0,2,186.2324414062499
2025-08-02 20:00:00,0,0,2,141.37541992187494
2025-08-02 21:00:00,0,0,2,127.13164632161465
2025-08-02 22:00:00,0,0,2,190.97293945312492
2025-08-02 23:00:00,0,0,1,309.7589038085937
2025-08-03 00:00:00,0,0,0,442.41922119140634
2025-08-03 01:00:00,0,0,0,503.66950683593745
2025-08-03 02:00:00,0,0,0,513.6798380533854
2025-08-03 03:00:00,0,0,0,506.93266927083334
2025-08-03 04:00:00,0,0,0,496.57193522135424
2025-08-03 05:00:00,0,0,0,492.9806136067708
2025-08-03 06:00:00,0,0,0,515.0970849609375
2025-08-03 07:00:00,0,0,0,513.4265087890626
2025-08-03 08:00:00,0,0,0,512.9391422526041
2025-08-03 09:00:00,0,0,0,508.7225244140625
2025-08-03 10:00:00,0,0,0,497.3968823242187
2025-08-03 11:00:00,0,0,0,499.9279565429688
2025-08-03 12:00:00,0,0,0,497.31941650390627
2025-08-03 13:00:00,0,0,0,472.3199601236979
2025-08-03 14:00:00,0,0,0,434.7067692057292
2025-08-03 15:00:00,0,0,0,422.0903149414062
2025-08-03 16:00:00,0,0,0,390.79618408203123
2025-08-03 17:00:00,0,0,0,319.53144449869797
2025-08-03 18:00:00,0,0,0,238.3747395833334
2025-08-03 19:00:00,0,0,2,176.3338566080729
2025-08-03 20:00:00,0,0,2,136.37032470703127
2025-08-03 21:00:00,0,0,2,125.14777832031245
2025-08-03 22:00:00,0,0,2,190.32279785156254
2025-08-03 23:00:00,0,0,1,308.577051595052
2025-08-04 00:00:00,0,0,0,444.0328344726563
2025-08-04 01:00:00,0,0,0,506.19866780598954
2025-08-04 02:00:00,0,0,0,512.0602075195312
2025-08-04 03:00:00,0,0,0,502.92349609375003
2025-08-04 04:00:00,0,0,0,492.82014892578127
2025-08-04 05:00:00,0,0,0,494.06706380208345
2025-08-04 06:00:00,0,0,0,520.1802783203127
2025-08-04 07:00:00,0,0,0,514.0918684895832
2025-08-04 08:00:00,0,0,0,516.858916829427
2025-08-04 09:00:00,0,0,0,510.66206217447916
2025-08-04 10:00:00,0,0,0,501.2821875000002
2025-08-04 11:00:00,0,0,0,504.68319417317707
2025-08-04 12:00:00,0,0,0,500.3988818359376
2025-08-04 13:00:00,0,0,0,469.8861132812499
2025-08-04 14:00:00,0,0,0,430.36028727213534
2025-08-04 15:00:00,0,0,0,418.05061116536467
2025-08-04 16:00:00,0,0,0,384.5051033528646
2025-08-04 17:00:00,0,0,0,312.2630826822915
2025-08-04 18:00:00,0,0,0,229.82028238932276
2025-08-04 19:00:00,0,0,2,168.65011962890628
2025-08-04 20:00:00,0,0,2,125.15122070312498
2025-08-04 21:00:00,1,0,4,111.71024332682293
2025-08-04 22:00:00,0,0,2,180.48091715494786
2025-08-04 23:00:00,0,0,1,306.3808536783854
2025-08-05 00:00:00,0,0,0,446.1700439453125
2025-08-05 01:00:00,0,0,0,504.4835107421875
2025-08-05 02:00:00,0,0,0,506.5365938313803
2025-08-05 03:00:00,0,0,0,497.54060872395837
2025-08-05 04:00:00,0,0,0,487.37518717447915
2025-08-05 05:00:00,0,0,0,485.02887695312495
2025-08-05 06:00:00,0,0,0,497.1003588867186
2025-08-05 07:00:00,0,0,0,488.0030558268229
2025-08-05 08:00:00,0,0,0,475.72225119725454
2025-08-05 09:00:00,0,0,0,466.6666784185204
2025-08-05 10:00:00,0,0,0,468.93685058593746
2025-08-05 11:00:00,0,0,0,465.915078938802
2025-08-05 12:00:00,0,0,0,443.493427734375
2025-08-05 13:00:00,0,0,0,425.07966796874985
2025-08-05 14:00:00,0,0,0,395.33465657552074
2025-08-05 15:00:00,0,0,0,366.19797526041657
2025-08-05 16:00:00,0,0,0,365.7502596028646
2025-08-05 17:00:00,0,0,0,286.0678531901042
2025-08-05 18:00:00,0,0,0,230.3818538411458
2025-08-05 19:00:00,0,0,2,177.24503906249993
2025-08-05 20:00:00,0,0,2,131.86439941406252
2025-08-05 21:00:00,1,0,4,116.80465983072907
2025-08-05 22:00:00,0,0,2,187.35270507812504
2025-08-05 23:00:00,0,0,1,312.0285424804687
2025-08-06 00:00:00,0,0,0,459.3483723958333
2025-08-06 01:00:00,0,0,0,509.302119140625
2025-08-06 02:00:00,0,0,0,511.14525390625
2025-08-06 03:00:00,0,0,0,501.20905110677086
2025-08-06 04:00:00,0,0,0,488.9289404296875
2025-08-06 05:00:00,0,0,0,483.49543782552087
2025-08-06 06:00:00,0,0,0,495.0705346679688
2025-08-06 07:00:00,0,0,0,496.2147420247395
2025-08-06 08:00:00,0,0,0,462.2065413411458
2025-08-06 09:00:00,0,0,0,471.7616040039063
2025-08-06 10:00:00,0,0,0,449.86296061197913
2025-08-06 11:00:00,0,0,0,444.8389347330731
2025-08-06 12:00:00,0,0,0,438.11237223307285
2025-08-06 13:00:00,0,0,0,452.7410587565105
2025-08-06 14:00:00,0,0,0,407.6320125325519
2025-08-06 15:00:00,0,0,0,412.19515136718746
2025-08-06 16:00:00,0,0,0,371.51093180338535
2025-08-06 17:00:00,0,0,0,313.40274495442713
2025-08-06 18:00:00,0,0,0,231.04657063802085
2025-08-06 19:00:00,0,0,2,179.2985774739583
2025-08-06 20:00:00,0,0,2,131.98882812500005
2025-08-06 21:00:00,0,0,2,117.68874999999991
2025-08-06 22:00:00,0,0,2,188.3331290690105
2025-08-06 23:00:00,0,0,1,310.41704915364585
2025-08-07 00:00:00,0,0,0,451.7515641276042
2025-08-07 01:00:00,0,0,0,507.64176717122393
2025-08-07 02:00:00,0,0,0,508.49225585937506
2025-08-07 03:00:00,0,0,0,497.94648722330726
2025-08-07 04:00:00,0,0,0,485.70576334635416
2025-08-07 05:00:00,0,0,0,481.123037923177
2025-08-07 06:00:00,0,0,0,490.95769856770835
2025-08-07 07:00:00,0,0,0,480.5559798177085
2025-08-07 08:00:00,0,0,0,460.30755452473954
2025-08-07 09:00:00,0,0,0,460.5337841796875
2025-08-07 10:00:00,0,0,0,433.4542065429687
2025-08-07 11:00:00,0,0,0,432.0446940104166
2025-08-07 12:00:00,0,0,0,450.6688110351563
2025-08-07 13:00:00,0,0,0,403.9440836588542
2025-08-07 14:00:00,0,0,0,385.42280029296876
2025-08-07 15:00:00,0,0,0,391.5052360026043
2025-08-07 16:00:00,0,0,0,385.1152579752604
2025-08-07 17:00:00,0,0,0,322.32183837890625
2025-08-07 18:00:00,0,0,0,246.755116373698
2025-08-07 19:00:00,0,0,2,193.18036051432296
2025-08-07 20:00:00,0,0,2,146.6685880533854
2025-08-07 21:00:00,0,0,2,131.85115152994797
2025-08-07 22:00:00,0,0,1,202.18040852864578
2025-08-07 23:00:00,0,0,1,329.6764990234375
2025-08-08 00:00:00,0,0,0,453.635965983073
2025-08-08 01:00:00,0,0,0,514.9949068196615
2025-08-08 02:00:00,0,0,0,518.925995279948
2025-08-08 03:00:00,0,0,0,506.09833333333336
2025-08-08 04:00:00,0,0,0,495.26493815104163
2025-08-08 05:00:00,0,0,0,489.9777701822916
2025-08-08 06:00:00,0,0,0,491.6788175455729
2025-08-08 07:00:00,0,0,0,460.8076188151042
2025-08-08 08:00:00,0,0,0,436.46504882812496
2025-08-08 09:00:00,0,0,0,398.01496500651047
2025-08-08 10:00:00,0,0,0,375.2356225585936
2025-08-08 11:00:00,0,0,0,364.39445231119794
2025-08-08 12:00:00,0,0,0,330.1106095377604
2025-08-08 13:00:00,0,0,0,308.3140974934895
2025-08-08 14:00:00,0,0,0,281.1834545898437
2025-08-08 15:00:00,0,0,0,292.8145475260417
2025-08-08 16:00:00,0,0,0,297.4532373046875
2025-08-08 17:00:00,0,0,0,271.615477701823
2025-08-08 18:00:00,0,0,0,226.41916585286458
2025-08-08 19:00:00,0,0,2,178.75209879557292
2025-08-08 20:00:00,0,0,2,135.30756022135415
2025-08-08 21:00:00,0,0,2,124.15995768229163
2025-08-08 22:00:00,0,0,2,191.95893880208337
2025-08-08 23:00:00,0,0,1,310.1138712565104
2025-08-09 00:00:00,0,0,0,410.0103735351563
2025-08-09 01:00:00,0,0,0,474.7865356445312
2025-08-09 02:00:00,0,0,0,481.3928141276042
2025-08-09 03:00:00,0,0,0,469.31290201822924
2025-08-09 04:00:00,0,0,0,458.65130859374995
2025-08-09 05:00:00,0,0,0,454.69866048177084
2025-08-09 06:00:00,0,0,0,457.1667325846354
2025-08-09 07:00:00,0,0,0,421.23651041666653
2025-08-09 08:00:00,0,0,0,383.7211661783854
2025-08-09 09:00:00,0,0,0,341.0965665690105
2025-08-09 10:00:00,0,0,0,307.5969108072916
2025-08-09 11:00:00,0,0,0,305.1613704427084
2025-08-09 12:00:00,0,0,0,309.3768204752603
2025-08-09 13:00:00,0,0,0,294.7511287434895
2025-08-09 14:00:00,0,0,0,276.4076009114583
2025-08-09 15:00:00,0,0,0,287.70403076171874
2025-08-09 16:00:00,0,0,0,291.1306494140624
2025-08-09 17:00:00,0,0,0,255.1146305338541
2025-08-09 18:00:00,0,0,0,201.71652262369798
2025-08-09 19:00:00,0,0,2,151.93521891276043
2025-08-09 20:00:00,0,1,2,105.92681233723965
2025-08-09 21:00:00,1,1,4,100.26669189453116
2025-08-09 22:00:00,0,0,2,167.97467610677086
2025-08-09 23:00:00,0,0,1,282.5129565429687
2025-08-10 00:00:00,0,0,0,296.3823225911458
2025-08-10 01:00:00,0,0,0,373.7417179361979
2025-08-10 02:00:00,0,0,0,391.4378295898438
2025-08-10 03:00:00,0,0,0,389.5671443684896
2025-08-10 04:00:00,0,0,0,382.48947184244787
2025-08-10 05:00:00,0,0,0,377.53898518880214
2025-08-10 06:00:00,0,0,0,399.78007324218765
2025-08-10 07:00:00,0,0,0,394.55523600260426
2025-08-10 08:00:00,0,0,0,388.1075732421875
2025-08-10 09:00:00,0,0,0,373.476338704427
2025-08-10 10:00:00,0,0,0,357.2213199869793
2025-08-10 11:00:00,0,0,0,352.85845214843744
2025-08-10 12:00:00,0,0,0,352.99105143229167
2025-08-10 13:00:00,0,0,0,326.14044433593745
2025-08-10 14:00:00,0,0,0,294.8537369791668
2025-08-10 15:00:00,0,0,0,281.32059733072924
2025-08-10 16:00:00,0,0,0,248.8756054687501
2025-08-10 17:00:00,0,0,1,181.81855712890638
2025-08-10 18:00:00,0,1,1,104.7167960611979
2025-08-10 19:00:00,1,1,4,41.06238281249989
2025-08-10 20:00:00,1,0,4,-1.8115893554687545
2025-08-10 21:00:00,1,0,4,11.330315755208403
2025-08-10 22:00:00,0,0,2,97.63016520182293
2025-08-10 23:00:00,0,0,1,217.14107584635417
2025-08-11 00:00:00,0,0,0,229.02971598307295
2025-08-11 01:00:00,0,0,0,304.93131510416663
2025-08-11 02:00:00,0,0,0,329.49873697916667
2025-08-11 03:00:00,0,0,0,334.6382047526041
2025-08-11 04:00:00,0,0,0,331.22831949869794
2025-08-11 05:00:00,0,0,0,328.4997819010416
2025-08-11 06:00:00,0,0,0,346.2988240559896
2025-08-11 07:00:00,0,0,0,336.47335449218735
2025-08-11 08:00:00,0,0,0,327.00007324218745
2025-08-11 09:00:00,0,0,0,302.6019433593751
2025-08-11 10:00:00,0,0,2,279.82938313802083
2025-08-11 11:00:00,0,0,2,274.8531339518229
2025-08-11 12:00:00,0,0,2,264.1780826822917
2025-08-11 13:00:00,0,0,2,232.06190673828132
2025-08-11 14:00:00,1,0,3,202.08496012369778
2025-08-11 15:00:00,1,0,3,184.46845377604177
2025-08-11 16:00:00,1,0,3,144.7742952473959
2025-08-11 17:00:00,1,0,3,81.43939778645836
2025-08-11 18:00:00,1,0,3,7.34580240885407
2025-08-11 19:00:00,1,0,4,-51.93365152994784
2025-08-11 20:00:00,1,1,4,-90.68967936197919
2025-08-11 21:00:00,1,1,4,-68.361328125
2025-08-11 22:00:00,1,0,4,30.514393717447888
2025-08-11 23:00:00,0,0,2,155.1372127278646
2025-08-12 00:00:00,0,0,0,208.25041992187494
2025-08-12 01:00:00,0,0,0,278.89632242838536
2025-08-12 02:00:00,0,0,0,304.06684651692706
2025-08-12 03:00:00,0,0,0,312.34347412109366
2025-08-12 04:00:00,0,0,0,317.03374674479164
2025-08-12 05:00:00,0,0,0,321.2528157552083
2025-08-12 06:00:00,0,0,0,339.46658203125
2025-08-12 07:00:00,0,0,0,328.54083333333324
2025-08-12 08:00:00,0,0,0,309.3092333984375
2025-08-12 09:00:00,0,0,0,278.3860815429689
2025-08-12 10:00:00,0,0,2,256.59030354817696
2025-08-12 11:00:00,0,0,2,255.06204182942702
2025-08-12 12:00:00,0,0,2,243.96770833333335
2025-08-12 13:00:00,1,0,3,210.2247086588543
2025-08-12 14:00:00,1,0,3,176.9565608723958
2025-08-12 15:00:00,1,0,3,165.12176839192716
2025-08-12 16:00:00,1,0,3,126.20406168619797
2025-08-12 17:00:00,1,0,3,53.78661783854159
2025-08-12 18:00:00,1,0,3,-20.285307617187527
2025-08-12 19:00:00,1,0,4,-72.8050423177084
2025-08-12 20:00:00,1,1,4,-103.477421875
2025-08-12 21:00:00,1,1,4,-83.96115559895827
2025-08-12 22:00:00,1,0,4,18.487384440104165
2025-08-12 23:00:00,0,0,2,144.14382080078133
2025-08-13 00:00:00,0,0,1,235.51966878255212
2025-08-13 01:00:00,0,0,1,301.96782958984375
2025-08-13 02:00:00,0,0,1,329.8024674479167
2025-08-13 03:00:00,0,0,1,338.5720345052083
2025-08-13 04:00:00,0,0,1,340.54303385416665
2025-08-13 05:00:00,0,0,1,342.57707356770845
2025-08-13 06:00:00,0,0,1,360.4548575846354
2025-08-13 07:00:00,0,0,1,339.74553304036453
2025-08-13 08:00:00,0,0,1,314.50727457682297
2025-08-13 09:00:00,0,0,1,285.5328141276043
2025-08-13 10:00:00,1,0,3,254.59760172526035
2025-08-13 11:00:00,1,0,3,242.48395019531267
2025-08-13 12:00:00,1,0,3,234.23055664062508
2025-08-13 13:00:00,1,0,4,197.28334960937514
2025-08-13 14:00:00,1,0,4,166.35583822993908
2025-08-13 15:00:00,1,0,4,157.93245117187485
2025-08-13 16:00:00,1,0,4,116.68447753906253
2025-08-13 17:00:00,1,0,4,41.80281982421866
2025-08-13 18:00:00,1,0,4,-32.82859374999998
2025-08-13 19:00:00,1,0,5,-75.24722981770844
2025-08-13 20:00:00,1,0,5,-100.47005859374997
2025-08-13 21:00:00,1,0,5,-85.44648274739586
2025-08-13 22:00:00,1,0,5,15.55650227864578
2025-08-13 23:00:00,0,0,3,154.11457356770836
2025-08-14 00:00:00,0,0,0,352.444178873698
2025-08-14 01:00:00,0,0,0,405.8210815429687
2025-08-14 02:00:00,0,0,0,429.60406005859375
2025-08-14 03:00:00,0,0,0,436.16511800130206
2025-08-14 04:00:00,0,0,0,431.84335611979157
2025-08-14 05:00:00,0,0,0,431.94380371093746
2025-08-14 06:00:00,0,0,0,457.5510221354166
2025-08-14 07:00:00,0,0,0,449.80915201822904
2025-08-14 08:00:00,0,0,0,444.99702148437495
2025-08-14 09:00:00,0,0,0,435.3629329427083
2025-08-14 10:00:00,0,0,0,408.6502815755209
2025-08-14 11:00:00,0,0,0,397.1593066406249
2025-08-14 12:00:00,0,0,0,393.02290201822916
2025-08-14 13:00:00,0,0,0,372.5141813151042
2025-08-14 14:00:00,0,0,0,341.45818929036454
2025-08-14 15:00:00,0,0,0,315.9783894856771
2025-08-14 16:00:00,0,0,0,270.41666748046873
2025-08-14 17:00:00,0,0,0,195.94277506510434
2025-08-14 18:00:00,0,0,1,125.1665201822916
2025-08-14 19:00:00,1,0,4,72.81934244791671
2025-08-14 20:00:00,1,1,4,41.895634765625005
2025-08-14 21:00:00,1,1,4,61.83621744791674
2025-08-14 22:00:00,0,0,2,140.84010335286462
2025-08-14 23:00:00,0,0,1,245.8415559895834
2025-08-15 00:00:00,0,0,0,344.405498046875
2025-08-15 01:00:00,0,0,0,402.73929524739583
2025-08-15 02:00:00,0,0,0,419.57819905598956
2025-08-15 03:00:00,0,0,0,424.82763671875
2025-08-15 04:00:00,0,0,0,425.24155110677077
2025-08-15 05:00:00,0,0,0,425.7767439778646
2025-08-15 06:00:00,0,0,0,439.1625154622395
2025-08-15 07:00:00,0,0,0,425.14326497395837
2025-08-15 08:00:00,0,0,0,410.625264485677
2025-08-15 09:00:00,0,0,0,392.3343400065105
2025-08-15 10:00:00,0,0,0,367.0518888346355
2025-08-15 11:00:00,0,0,0,359.7936254882811
2025-08-15 12:00:00,0,0,0,345.9280989583333
2025-08-15 13:00:00,0,0,0,309.55045654296873
2025-08-15 14:00:00,0,0,2,271.35992187500005
2025-08-15 15:00:00,0,0,0,251.1779622395834
2025-08-15 16:00:00,0,0,1,198.77451334635407
2025-08-15 17:00:00,1,0,3,117.4723958333334
2025-08-15 18:00:00,1,0,3,38.68026611328128
2025-08-15 19:00:00,1,0,4,-3.1623746744791106
2025-08-15 20:00:00,1,1,4,-24.215268554687555
2025-08-15 21:00:00,1,1,4,-13.450250651041642
2025-08-15 22:00:00,1,0,4,81.66842203776048
2025-08-15 23:00:00,0,0,1,216.64043538411465
2025-08-16 00:00:00,0,0,0,357.7888061523438
2025-08-16 01:00:00,0,0,0,411.87626302083333
2025-08-16 02:00:00,0,0,0,428.1749064127604
2025-08-16 03:00:00,0,0,0,428.65132893880207
2025-08-16 04:00:00,0,0,0,425.22223307291665
2025-08-16 05:00:00,0,0,0,326.959014485677
2025-08-16 06:00:00,0,0,0,285.068359375
2025-08-16 07:00:00,0,0,0,277.62611328125
2025-08-16 08:00:00,0,0,0,264.24279296875
2025-08-16 09:00:00,0,0,0,246.30759765624998
2025-08-16 10:00:00,0,0,0,218.69553304036458
2025-08-16 11:00:00,0,0,0,206.07289143880212
2025-08-16 12:00:00,0,0,1,189.7448445638022
2025-08-16 13:00:00,1,0,3,151.62163899739585
2025-08-16 14:00:00,1,0,3,113.71919189453115
2025-08-16 15:00:00,0,0,1,91.36054768880206
2025-08-16 16:00:00,1,0,3,38.32436523437491
2025-08-16 17:00:00,1,0,3,-46.024602050781255
2025-08-16 18:00:00,1,0,3,-125.90169514973957
2025-08-16 19:00:00,1,0,4,-166.20874837239592
2025-08-16 20:00:00,1,0,4,-185.30950195312494
2025-08-16 21:00:00,1,0,4,-175.5370084635416
2025-08-16 22:00:00,1,0,4,-78.18105957031241
2025-08-16 23:00:00,0,0,2,59.18888020833333
2025-08-17 00:00:00,0,0,0,229.6174064127605
2025-08-17 01:00:00,0,0,0,280.1540413411458
2025-08-17 02:00:00,0,0,0,297.79558837890625
2025-08-17 03:00:00,0,0,0,301.50847981770835
2025-08-17 04:00:00,0,0,0,298.43587076822917
2025-08-17 05:00:00,0,0,0,296.06673909505207
2025-08-17 06:00:00,0,0,0,312.77313476562495
2025-08-17 07:00:00,0,0,0,308.1623380533855
2025-08-17 08:00:00,0,0,0,295.67363769531244
2025-08-17 09:00:00,0,0,0,322.9704248046876
2025-08-17 10:00:00,0,0,0,394.8758577473959
2025-08-17 11:00:00,0,0,0,390.9695996093751
2025-08-17 12:00:00,0,0,0,375.258291015625
2025-08-17 13:00:00,0,0,0,335.23777262369777
2025-08-17 14:00:00,0,0,0,298.9352237955727
2025-08-17 15:00:00,0,0,0,278.83492838541656
2025-08-17 16:00:00,0,0,0,232.35721110026043
2025-08-17 17:00:00,0,0,1,150.35482828776048
2025-08-17 18:00:00,1,0,3,74.58970865885408
2025-08-17 19:00:00,1,0,4,34.76829671223959
2025-08-17 20:00:00,1,0,4,12.107254231770867
2025-08-17 21:00:00,1,0,4,25.48180175781249
2025-08-17 22:00:00,0,0,2,113.87123942057292
2025-08-17 23:00:00,0,0,1,232.31386230468752
2025-08-18 00:00:00,0,0,0,389.3379939778646
2025-08-18 01:00:00,0,0,0,435.07340576171873
2025-08-18 02:00:00,0,0,0,456.88755859375
2025-08-18 03:00:00,0,0,0,466.61455322265624
2025-08-18 04:00:00,0,0,0,467.68489583333337
2025-08-18 05:00:00,0,0,0,465.4771598307292
2025-08-18 06:00:00,0,0,0,480.15157226562496
2025-08-18 07:00:00,0,0,0,478.54248063426917
2025-08-18 08:00:00,0,0,0,464.7979695638021
2025-08-18 09:00:00,0,0,0,444.0661661783854
2025-08-18 10:00:00,0,0,0,424.2346150716146
2025-08-18 11:00:00,0,0,0,420.0001147460937
2025-08-18 12:00:00,0,0,0,406.1115502929688
2025-08-18 13:00:00,0,0,0,368.83394694010417
2025-08-18 14:00:00,0,0,0,332.9413785807292
2025-08-18 15:00:00,0,0,0,315.3275179036459
2025-08-18 16:00:00,0,0,0,268.9166031901043
2025-08-18 17:00:00,0,0,1,190.91194091796865
2025-08-18 18:00:00,0,0,1,116.65059488932275
2025-08-18 19:00:00,1,0,4,77.37327473958328
2025-08-18 20:00:00,1,0,4,52.59112630208324
2025-08-18 21:00:00,1,0,4,64.79236979166672
2025-08-18 22:00:00,0,0,2,153.66109375000008
2025-08-18 23:00:00,0,0,1,268.91800455729174
2025-08-19 00:00:00,0,0,0,400.6317073567709
2025-08-19 01:00:00,0,0,0,458.04861409505213
2025-08-19 02:00:00,0,0,0,476.78670247395837
2025-08-19 03:00:00,0,0,0,479.65743001302087
2025-08-19 04:00:00,0,0,0,478.16092447916674
2025-08-19 05:00:00,0,0,0,475.0588598632813
2025-08-19 06:00:00,0,0,0,485.29378580729167
2025-08-19 07:00:00,0,0,0,478.18891276041654
2025-08-19 08:00:00,0,0,0,468.4106518554688
2025-08-19 09:00:00,0,0,0,443.6898185221353
2025-08-19 10:00:00,0,0,0,414.69880696614587
2025-08-19 11:00:00,0,0,0,407.68047688802085
2025-08-19 12:00:00,0,0,0,400.12824381510427
2025-08-19 13:00:00,0,0,0,365.50625244140633
2025-08-19 14:00:00,0,0,0,326.64639078776054
2025-08-19 15:00:00,0,0,0,308.8790722656249
2025-08-19 16:00:00,0,0,0,263.53130371093766
2025-08-19 17:00:00,0,0,1,188.3100675455728
2025-08-19 18:00:00,0,0,1,110.10013997395845
2025-08-19 19:00:00,1,0,4,61.332778320312514
2025-08-19 20:00:00,1,0,4,27.763398437500086
2025-08-19 21:00:00,1,0,4,45.830740559895844
2025-08-19 22:00:00,0,0,2,145.1461279296875
2025-08-19 23:00:00,0,0,1,272.25033854166657
2025-08-20 00:00:00,0,0,0,430.945078125
2025-08-20 01:00:00,0,0,0,488.05255045572926
2025-08-20 02:00:00,0,0,0,497.3895418294271
2025-08-20 03:00:00,0,0,0,494.348145345052
2025-08-20 04:00:00,0,0,0,490.4488720703125
2025-08-20 05:00:00,0,0,0,487.6479370117188
2025-08-20 06:00:00,0,0,0,500.98431152343755
2025-08-20 07:00:00,0,0,0,498.8452197265624
2025-08-20 08:00:00,0,0,0,494.4068538411459
2025-08-20 09:00:00,0,0,0,478.72415608723963
2025-08-20 10:00:00,0,0,0,461.32700764973947
2025-08-20 11:00:00,0,0,0,455.8522737630208
2025-08-20 12:00:00,0,0,0,444.18183349609376
2025-08-20 13:00:00,0,0,0,415.1283854166668
2025-08-20 14:00:00,0,0,0,381.3052954101561
2025-08-20 15:00:00,0,0,0,360.7265307617188
2025-08-20 16:00:00,0,0,0,315.920359700521
2025-08-20 17:00:00,0,0,0,234.9281355794269
2025-08-20 18:00:00,0,0,1,149.06814534505213
2025-08-20 19:00:00,0,0,2,106.55917480468759
2025-08-20 20:00:00,1,0,4,82.08765950520831
2025-08-20 21:00:00,1,0,4,89.13643147786456
2025-08-20 22:00:00,0,0,2,168.09624023437505
2025-08-20 23:00:00,0,0,1,288.57452473958324
2025-08-21 00:00:00,0,0,0,433.62874023437496
2025-08-21 01:00:00,0,0,0,488.80208414713536
2025-08-21 02:00:00,0,0,0,500.35989908854174
2025-08-21 03:00:00,0,0,0,498.1123380533853
2025-08-21 04:00:00,0,0,0,489.728876953125
2025-08-21 05:00:00,0,0,0,485.7321988932291
2025-08-21 06:00:00,0,0,0,497.95099527994785
2025-08-21 07:00:00,0,0,0,498.7540421549479
2025-08-21 08:00:00,0,0,0,497.10919921875006
2025-08-21 09:00:00,0,0,0,485.4459269205729
2025-08-21 10:00:00,0,0,0,470.30593098958343
2025-08-21 11:00:00,0,0,0,471.7983422851562
2025-08-21 12:00:00,0,0,0,463.72713948567707
2025-08-21 13:00:00,0,0,0,433.37296793619794
2025-08-21 14:00:00,0,0,0,401.6283959960938
2025-08-21 15:00:00,0,0,0,380.29230468749984
2025-08-21 16:00:00,0,0,0,336.9937475585939
2025-08-21 17:00:00,0,0,0,260.10061035156264
2025-08-21 18:00:00,0,0,1,175.32024739583335
2025-08-21 19:00:00,0,1,2,127.48674397786453
2025-08-21 20:00:00,1,1,4,99.48494303385417
2025-08-21 21:00:00,0,0,2,107.66812337239583
2025-08-21 22:00:00,0,0,1,188.4883894856771
2025-08-21 23:00:00,0,0,1,306.8529012044271
2025-08-22 00:00:00,0,0,0,428.9796280924479
2025-08-22 01:00:00,0,0,0,494.8738907877604
2025-08-22 02:00:00,0,0,0,506.53560628255207
2025-08-22 03:00:00,0,0,0,503.241845703125
2025-08-22 04:00:00,0,0,0,495.48808186848953
2025-08-22 05:00:00,0,0,0,490.91290201822915
2025-08-22 06:00:00,0,0,0,502.8950236002604
2025-08-22 07:00:00,0,0,0,500.82501220703125
2025-08-22 08:00:00,0,0,0,492.55752046919133
2025-08-22 09:00:00,0,0,0,470.921131998698
2025-08-22 10:00:00,0,0,0,455.2435432942707
2025-08-22 11:00:00,0,0,0,449.6655452473958
2025-08-22 12:00:00,0,0,0,430.00703369140615
2025-08-22 13:00:00,0,0,0,394.1108618164062
2025-08-22 14:00:00,0,0,0,360.6735986328124
2025-08-22 15:00:00,0,0,0,341.26238118489573
2025-08-22 16:00:00,0,0,0,298.77568522135425
2025-08-22 17:00:00,0,0,0,221.3741170247397
2025-08-22 18:00:00,0,0,1,138.3315486653646
2025-08-22 19:00:00,0,0,2,94.24967122395833
2025-08-22 20:00:00,1,0,4,67.94294108072916
2025-08-22 21:00:00,1,0,4,78.34736979166667
2025-08-22 22:00:00,0,0,2,161.93290527343754
2025-08-22 23:00:00,0,0,1,290.9695076497395
2025-08-23 00:00:00,0,0,0,428.23892740885424
2025-08-23 01:00:00,0,0,0,493.29162109375
2025-08-23 02:00:00,0,0,0,503.3002644856771
2025-08-23 03:00:00,0,0,0,499.5890950520833
2025-08-23 04:00:00,0,0,0,494.80717203776044
2025-08-23 05:00:00,0,0,0,491.82476725260415
2025-08-23 06:00:00,0,0,0,501.1158723958333
2025-08-23 07:00:00,0,0,0,498.1884627278646
2025-08-23 08:00:00,0,0,0,492.76552610235694
2025-08-23 09:00:00,0,0,0,476.95499755859373
2025-08-23 10:00:00,0,0,0,457.43155924479174
2025-08-23 11:00:00,0,0,0,447.96050699869784
2025-08-23 12:00:00,0,0,0,435.248291015625
2025-08-23 13:00:00,0,0,0,398.5853206380209
2025-08-23 14:00:00,0,0,0,363.9623771158854
2025-08-23 15:00:00,0,0,0,349.55706949869796
2025-08-23 16:00:00,0,0,0,310.2807803810249
2025-08-23 17:00:00,0,0,0,225.5759130859376
2025-08-23 18:00:00,0,0,1,139.47825113932288
2025-08-23 19:00:00,0,0,2,100.46322916666657
2025-08-23 20:00:00,1,0,4,78.94333984374998
2025-08-23 21:00:00,0,0,2,89.32212320963538
2025-08-23 22:00:00,0,0,2,169.61422281901048
2025-08-23 23:00:00,0,0,1,294.65362955729165
2025-08-24 00:00:00,0,0,0,449.1732405598958
2025-08-24 01:00:00,0,0,0,508.7437744140625
2025-08-24 02:00:00,0,0,0,521.5485408528646
2025-08-24 03:00:00,0,0,0,518.3121956380207
2025-08-24 04:00:00,0,0,0,513.5448372395833
2025-08-24 05:00:00,0,0,0,511.6088948567708
2025-08-24 06:00:00,0,0,0,520.4849804687501
2025-08-24 07:00:00,0,0,0,512.6014013671875
2025-08-24 08:00:00,0,0,0,511.8521655273437
2025-08-24 09:00:00,0,0,0,500.7881876627605
2025-08-24 10:00:00,0,0,0,484.3236043294271
2025-08-24 11:00:00,0,0,0,477.81990722656246
2025-08-24 12:00:00,0,0,0,460.31659912109376
2025-08-24 13:00:00,0,0,0,425.960011393229
2025-08-24 14:00:00,0,0,0,388.29875732421874
2025-08-24 15:00:00,0,0,0,372.86260091145846
2025-08-24 16:00:00,0,0,0,336.23774495442717
2025-08-24 17:00:00,0,0,0,255.9643473307292
2025-08-24 18:00:00,0,0,1,171.84072184244792
2025-08-24 19:00:00,0,0,2,129.22429524739584
2025-08-24 20:00:00,0,0,2,108.90946044921873
2025-08-24 21:00:00,0,0,2,120.80742431640624
2025-08-24 22:00:00,0,0,1,201.0743326822917
2025-08-24 23:00:00,0,0,1,318.0578881835937
2025-08-25 00:00:00,0,0,0,446.8731827799479
2025-08-25 01:00:00,0,0,0,504.4295589192709
2025-08-25 02:00:00,0,0,0,517.5047143554688
2025-08-25 03:00:00,0,0,0,514.946192220052
2025-08-25 04:00:00,0,0,0,507.7210473632812
2025-08-25 05:00:00,0,0,0,501.4637068684897
2025-08-25 06:00:00,0,0,0,506.70307291666677
2025-08-25 07:00:00,0,0,0,492.06766031901043
2025-08-25 08:00:00,0,0,0,475.02120930989577
2025-08-25 09:00:00,0,0,0,459.86699788411465
2025-08-25 10:00:00,0,0,0,403.3342708333332
2025-08-25 11:00:00,0,0,0,401.0666373697918
2025-08-25 12:00:00,0,0,0,405.3232747395832
2025-08-25 13:00:00,0,0,0,379.2102221679686
2025-08-25 14:00:00,0,0,0,317.6951668294271
2025-08-25 15:00:00,0,0,0,328.3082291666667
2025-08-25 16:00:00,0,0,0,302.51345458984383
2025-08-25 17:00:00,0,0,0,230.0518937174479
2025-08-25 18:00:00,0,0,1,162.6563590494792
2025-08-25 19:00:00,0,0,2,121.73710937500005
2025-08-25 20:00:00,0,0,2,99.11738932291667
2025-08-25 21:00:00,0,0,2,113.17181722005216
2025-08-25 22:00:00,0,0,1,197.07975911458334
2025-08-25 23:00:00,0,0,1,318.23970377604167
2025-08-26 00:00:00,0,0,0,431.6015592447916
2025-08-26 01:00:00,0,0,0,494.9316544596354
2025-08-26 02:00:00,0,0,0,505.0169673665365
2025-08-26 03:00:00,0,0,0,498.99394856770834
2025-08-26 04:00:00,0,0,0,495.67574055989587
2025-08-26 05:00:00,0,0,0,494.0428434244792
2025-08-26 06:00:00,0,0,0,502.4457967122396
2025-08-26 07:00:00,0,0,0,500.84820556640625
2025-08-26 08:00:00,0,0,0,493.5236629231772
2025-08-26 09:00:00,0,0,0,476.70283528645837
2025-08-26 10:00:00,0,0,0,456.1331665039063
2025-08-26 11:00:00,0,0,0,450.08599791445977
2025-08-26 12:00:00,0,0,0,433.3199446614583
2025-08-26 13:00:00,0,0,0,403.8553344726563
2025-08-26 14:00:00,0,0,0,373.1509920247397
2025-08-26 15:00:00,0,0,0,356.32404703776047
2025-08-26 16:00:00,0,0,0,314.17525390624996
2025-08-26 17:00:00,0,0,0,233.27568277994783
2025-08-26 18:00:00,0,0,1,148.2145800781251
2025-08-26 19:00:00,0,0,2,105.74246500651032
2025-08-26 20:00:00,0,0,2,84.24834472656244
2025-08-26 21:00:00,0,0,2,96.6248697916667
2025-08-26 22:00:00,0,0,1,179.24979492187492
2025-08-26 23:00:00,0,0,1,299.37777180989576
2025-08-27 00:00:00,0,0,0,430.9443749999999
2025-08-27 01:00:00,0,0,0,490.08955159505206
2025-08-27 02:00:00,0,0,0,503.32574259440105
2025-08-27 03:00:00,0,0,0,501.2356005859375
2025-08-27 04:00:00,0,0,0,495.3328702799479
2025-08-27 05:00:00,0,0,0,487.5102156575522
2025-08-27 06:00:00,0,0,0,497.99189046223955
2025-08-27 07:00:00,0,0,0,497.61188964843745
2025-08-27 08:00:00,0,0,0,495.15189778645845
2025-08-27 09:00:00,0,0,0,479.1229386393229
2025-08-27 10:00:00,0,0,0,459.39358561197923
2025-08-27 11:00:00,0,0,0,458.5125854492187
2025-08-27 12:00:00,0,0,0,448.4468050130208
2025-08-27 13:00:00,0,0,0,420.64756429036447
2025-08-27 14:00:00,0,0,0,394.3316634114583
2025-08-27 15:00:00,0,0,0,379.8718579101562
2025-08-27 16:00:00,0,0,0,332.60578287760404
2025-08-27 17:00:00,0,0,0,249.5024560546874
2025-08-27 18:00:00,0,0,1,162.13323242187505
2025-08-27 19:00:00,0,0,2,119.11529134114585
2025-08-27 20:00:00,0,0,2,100.55985188802083
2025-08-27 21:00:00,0,0,2,114.49551920572924
2025-08-27 22:00:00,0,0,1,193.08492594401048
2025-08-27 23:00:00,0,0,1,306.877928873698
2025-08-28 00:00:00,0,0,0,425.7130224609375
2025-08-28 01:00:00,0,0,0,488.24576822916663
2025-08-28 02:00:00,0,0,0,500.4084488932292
2025-08-28 03:00:00,0,0,0,497.20022542317713
2025-08-28 04:00:00,0,0,0,491.28801432291664
2025-08-28 05:00:00,0,0,0,484.57939697265624
2025-08-28 06:00:00,0,0,0,493.5388940429689
2025-08-28 07:00:00,0,0,0,487.632334798177
2025-08-28 08:00:00,0,0,0,482.6137915039062
2025-08-28 09:00:00,0,0,0,465.81223307291657
2025-08-28 10:00:00,0,0,0,443.79377360026047
2025-08-28 11:00:00,0,0,0,438.5993619791666
2025-08-28 12:00:00,0,0,0,432.51556559244796
2025-08-28 13:00:00,0,0,0,402.54816080729165
2025-08-28 14:00:00,0,0,0,371.2106705729168
2025-08-28 15:00:00,0,0,0,353.29862548828123
2025-08-28 16:00:00,0,0,0,310.13898030598966
2025-08-28 17:00:00,0,0,0,229.34189453124986
2025-08-28 18:00:00,0,0,1,143.0378238932292
2025-08-28 19:00:00,0,0,2,101.49890462239591
2025-08-28 20:00:00,1,1,4,83.26493164062492
2025-08-28 21:00:00,0,1,2,101.43619384765623
2025-08-28 22:00:00,0,0,1,186.1487955729167
2025-08-28 23:00:00,0,0,1,307.07381022135417
2025-08-29 00:00:00,0,0,0,422.10967447916664
2025-08-29 01:00:00,0,0,0,485.9689851888021
2025-08-29 02:00:00,0,0,0,496.2999291992187
2025-08-29 03:00:00,0,0,0,492.1055729166667
2025-08-29 04:00:00,0,0,0,488.4434879557291
2025-08-29 05:00:00,0,0,0,483.43681722005203
2025-08-29 06:00:00,0,0,0,489.1622444661457
2025-08-29 07:00:00,0,0,0,486.08171468098953
2025-08-29 08:00:00,0,0,0,477.00775553385415
2025-08-29 09:00:00,0,0,0,458.23933024088547
2025-08-29 10:00:00,0,0,0,435.9855061848957
2025-08-29 11:00:00,0,0,0,430.25852701822896
2025-08-29 12:00:00,0,0,0,416.52823079427094
2025-08-29 13:00:00,0,0,0,389.45842692057295
2025-08-29 14:00:00,0,0,0,363.40591715494793
2025-08-29 15:00:00,0,0,0,346.3574348958334
2025-08-29 16:00:00,0,0,0,300.78043863932294
2025-08-29 17:00:00,0,0,0,216.02325683593745
2025-08-29 18:00:00,0,0,1,131.6430834960937
2025-08-29 19:00:00,0,0,2,90.66494791666662
2025-08-29 20:00:00,1,0,4,74.07160563151047
2025-08-29 21:00:00,0,0,2,93.52370117187502
2025-08-29 22:00:00,0,0,2,176.22197509765624
2025-08-29 23:00:00,0,0,1,295.36528808593744
2025-08-30 00:00:00,0,0,0,414.3667879231772
2025-08-30 01:00:00,0,0,0,476.83746988932285
2025-08-30 02:00:00,0,0,0,488.6268538411458
2025-08-30 03:00:00,0,0,0,487.5745825195313
2025-08-30 04:00:00,0,0,0,481.8028605143229
2025-08-30 05:00:00,0,0,0,476.4700610351563
2025-08-30 06:00:00,0,0,0,486.21209309895835
2025-08-30 07:00:00,0,0,0,479.90144042968745
2025-08-30 08:00:00,0,0,0,477.2218074544271
2025-08-30 09:00:00,0,0,0,458.6583430989583
2025-08-30 10:00:00,0,0,0,437.98832682291663
2025-08-30 11:00:00,0,0,0,431.75835611979164
2025-08-30 12:00:00,0,0,0,427.7505965169271
2025-08-30 13:00:00,0,0,0,396.77653076171873
2025-08-30 14:00:00,0,0,0,367.1349731445314
2025-08-30 15:00:00,0,0,0,350.97638346354165
2025-08-30 16:00:00,0,0,0,306.557403157552
2025-08-30 17:00:00,0,0,0,225.94023518880203
2025-08-30 18:00:00,0,0,1,141.49791097005198
2025-08-30 19:00:00,0,0,2,102.10828776041672
2025-08-30 20:00:00,1,0,4,89.46681477864581
2025-08-30 21:00:00,0,0,2,111.33685953776035
2025-08-30 22:00:00,0,0,1,192.76230061848958
2025-08-30 23:00:00,0,0,1,306.51863362630206
2025-08-31 00:00:00,0,0,0,433.77009195963547
2025-08-31 01:00:00,0,0,0,489.4587377929688
2025-08-31 02:00:00,0,0,0,501.15767659505207
2025-08-31 03:00:00,0,0,0,500.4367797851562
2025-08-31 04:00:00,0,0,0,499.52482747395834
2025-08-31 05:00:00,0,0,0,493.61420003255205
2025-08-31 06:00:00,0,0,0,498.90725992838543
2025-08-31 07:00:00,0,0,0,491.35906412760414
2025-08-31 08:00:00,0,0,0,481.925253092448
2025-08-31 09:00:00,0,0,0,467.8150667317709
2025-08-31 10:00:00,0,0,0,452.60677083333326
2025-08-31 11:00:00,0,0,0,444.5406372070313
2025-08-31 12:00:00,0,0,0,432.4825000000001
2025-08-31 13:00:00,0,0,0,404.76240966796877
2025-08-31 14:00:00,0,0,0,378.2517529296874
2025-08-31 15:00:00,0,0,0,359.13946126302085
2025-08-31 16:00:00,0,0,0,312.7765169270833
2025-08-31 17:00:00,0,0,0,228.45578287760418
2025-08-31 18:00:00,0,0,1,139.0467488606771
2025-08-31 19:00:00,0,0,2,101.9814404296875
2025-08-31 20:00:00,0,0,2,88.12298828124995
2025-08-31 21:00:00,0,0,2,105.89448974609377
2025-08-31 22:00:00,0,0,1,188.93425699869795
2025-08-31 23:00:00,0,0,1,304.08964843750005
2025-09-01 00:00:00,0,0,0,419.86934163411456
2025-09-01 01:00:00,0,0,0,484.6520703125001
2025-09-01 02:00:00,0,0,0,496.46662353515626
2025-09-01 03:00:00,0,0,0,494.28922770182294
2025-09-01 04:00:00,0,0,0,487.2091284179688
2025-09-01 05:00:00,0,0,0,482.72261393229167
2025-09-01 06:00:00,0,0,0,487.306131184896
2025-09-01 07:00:00,0,0,0,482.6138785807293
2025-09-01 08:00:00,0,0,0,474.6816446940104
2025-09-01 09:00:00,0,0,0,454.30158691406245
2025-09-01 10:00:00,0,0,0,430.94400227864594
2025-09-01 11:00:00,0,0,0,418.81609374999994
2025-09-01 12:00:00,0,0,0,403.0406542968749
2025-09-01 13:00:00,0,0,0,373.34234700520824
2025-09-01 14:00:00,0,0,0,341.05047770182296
2025-09-01 15:00:00,0,0,0,327.46234049479153
2025-09-01 16:00:00,0,0,0,282.72488769531265
2025-09-01 17:00:00,0,0,0,194.02532063802096
2025-09-01 18:00:00,0,0,1,107.03091471354173
2025-09-01 19:00:00,1,0,4,70.9025895182292
2025-09-01 20:00:00,1,0,4,57.701408691406186
2025-09-01 21:00:00,1,0,4,76.45137695312508
2025-09-01 22:00:00,0,0,2,163.37314941406248
2025-09-01 23:00:00,0,0,1,292.24296712239584
2025-09-02 00:00:00,0,0,0,440.47173990885426
2025-09-02 01:00:00,0,0,0,489.132548828125
2025-09-02 02:00:00,0,0,0,498.0288199869792
2025-09-02 03:00:00,0,0,0,495.1909261067708
2025-09-02 04:00:00,0,0,0,491.711171875
2025-09-02 05:00:00,0,0,0,483.403427734375
2025-09-02 06:00:00,0,0,0,482.4556835937501
2025-09-02 07:00:00,0,0,0,477.0063500976562
2025-09-02 08:00:00,0,0,0,465.4846256510416
2025-09-02 09:00:00,0,0,0,444.63507568359364
2025-09-02 10:00:00,0,0,0,424.8614436848957
2025-09-02 11:00:00,0,0,0,424.0796362304686
2025-09-02 12:00:00,0,0,0,410.88629801432285
2025-09-02 13:00:00,0,0,0,380.85001139322935
2025-09-02 14:00:00,0,0,0,350.0887597656249
2025-09-02 15:00:00,0,0,0,341.33649332682285
2025-09-02 16:00:00,0,0,0,294.5768131510415
2025-09-02 17:00:00,0,0,0,208.21588948567705
2025-09-02 18:00:00,0,0,1,121.01417808748238
2025-09-02 19:00:00,1,0,4,84.87593261718746
2025-09-02 20:00:00,1,0,4,74.52414306640628
2025-09-02 21:00:00,0,0,2,100.61089599609375
2025-09-02 22:00:00,0,0,1,192.11030192057297
2025-09-02 23:00:00,0,0,1,311.3362825520834
2025-09-03 00:00:00,0,0,0,438.597646484375
2025-09-03 01:00:00,0,0,0,483.76300211588546
2025-09-03 02:00:00,0,0,0,490.8790616861978
2025-09-03 03:00:00,0,0,0,488.91518717447923
2025-09-03 04:00:00,0,0,0,485.63410807291666
2025-09-03 05:00:00,0,0,0,479.4130696614583
2025-09-03 06:00:00,0,0,0,474.2460758463542
2025-09-03 07:00:00,0,0,0,467.2671980794271
2025-09-03 08:00:00,0,0,0,458.2320475260417
2025-09-03 09:00:00,0,0,0,439.1970377604166
2025-09-03 10:00:00,0,0,0,420.39715657552074
2025-09-03 11:00:00,0,0,0,419.0839664713542
2025-09-03 12:00:00,0,0,0,410.09200439453116
2025-09-03 13:00:00,0,0,0,377.8643782552085
2025-09-03 14:00:00,0,0,0,357.255624186198
2025-09-03 15:00:00,0,0,0,344.9986499023437
2025-09-03 16:00:00,0,0,0,301.42572753906256
2025-09-03 17:00:00,0,0,0,215.79985677083323
2025-09-03 18:00:00,0,0,1,122.44464355468756
2025-09-03 19:00:00,1,0,4,81.73969889322916
2025-09-03 20:00:00,1,0,4,74.18583089192714
2025-09-03 21:00:00,0,0,2,107.38556559244785
2025-09-03 22:00:00,0,0,1,203.18046223958333
2025-09-03 23:00:00,0,0,1,322.7773567708333
2025-09-04 00:00:00,0,0,1,455.85553141276046
2025-09-04 01:00:00,0,0,1,499.09196533203124
2025-09-04 02:00:00,0,0,1,507.88518554687494
2025-09-04 03:00:00,0,0,1,505.50716471354167
2025-09-04 04:00:00,0,0,1,498.45708170572914
2025-09-04 05:00:00,0,0,1,484.60539225260413
2025-09-04 06:00:00,0,0,1,471.8360823567707
2025-09-04 07:00:00,0,0,1,461.1080476888021
2025-09-04 08:00:00,0,0,1,447.9013606770834
2025-09-04 09:00:00,0,0,1,430.2524853515624
2025-09-04 10:00:00,0,0,1,411.91423990885414
2025-09-04 11:00:00,0,0,1,414.6209472656251
2025-09-04 12:00:00,0,0,1,410.1681013997395
2025-09-04 13:00:00,0,0,1,388.29280192057286
2025-09-04 14:00:00,0,0,1,369.97112955729176
2025-09-04 15:00:00,0,0,1,360.27248942057304
2025-09-04 16:00:00,0,0,1,311.656739095052
2025-09-04 17:00:00,0,0,1,223.33367757161454
2025-09-04 18:00:00,0,0,2,129.16390380859377
2025-09-04 19:00:00,1,0,5,85.40157470703127
2025-09-04 20:00:00,1,0,5,78.1464965820312
2025-09-04 21:00:00,0,0,3,120.17794270833326
2025-09-04 22:00:00,0,0,2,215.01388834635407
2025-09-04 23:00:00,0,0,2,326.941162109375
2025-09-05 00:00:00,0,0,0,475.98286946614587
2025-09-05 01:00:00,0,0,0,515.2643041992188
2025-09-05 02:00:00,0,0,0,523.4566634114583
2025-09-05 03:00:00,0,0,0,521.0150358072916
2025-09-05 04:00:00,0,0,0,514.4879805501301
2025-09-05 05:00:00,0,0,0,503.8258154296875
2025-09-05 06:00:00,0,0,0,495.2253515625
2025-09-05 07:00:00,0,0,0,482.8608186848958
2025-09-05 08:00:00,0,0,0,472.32840901692725
2025-09-05 09:00:00,0,0,0,455.6574780273438
2025-09-05 10:00:00,0,0,0,440.5689257812501
2025-09-05 11:00:00,0,0,0,447.69826904296883
2025-09-05 12:00:00,0,0,0,438.9914526367188
2025-09-05 13:00:00,0,0,0,407.81672363281245
2025-09-05 14:00:00,0,0,0,379.836659342448
2025-09-05 15:00:00,0,0,0,366.3918839518228
2025-09-05 16:00:00,0,0,0,320.53261149088553
2025-09-05 17:00:00,0,0,0,236.0157503255209
2025-09-05 18:00:00,0,0,1,145.0233138020833
2025-09-05 19:00:00,0,1,2,102.1143709309896
2025-09-05 20:00:00,0,1,2,98.31554036458328
2025-09-05 21:00:00,0,0,2,142.7031119791667
2025-09-05 22:00:00,0,0,1,240.2321818033854
2025-09-05 23:00:00,0,0,1,351.2651334635416
2025-09-06 00:00:00,0,0,0,463.9219930013021
2025-09-06 01:00:00,0,0,0,504.2636612955729
2025-09-06 02:00:00,0,0,0,510.9032316080728
2025-09-06 03:00:00,0,0,0,507.7596826171874
2025-09-06 04:00:00,0,0,0,504.0074442545573
2025-09-06 05:00:00,0,0,0,497.6425651041667
2025-09-06 06:00:00,0,0,0,488.9911328124999
2025-09-06 07:00:00,0,0,0,483.46344401041665
2025-09-06 08:00:00,0,0,0,415.1495149739583
2025-09-06 09:00:00,0,0,0,298.1449837239584
2025-09-06 10:00:00,0,0,0,286.4602075195312
2025-09-06 11:00:00,0,0,0,287.45343261718745
2025-09-06 12:00:00,0,0,0,279.9894881184896
2025-09-06 13:00:00,0,0,0,256.5018400065103
2025-09-06 14:00:00,0,0,0,236.6483089192709
2025-09-06 15:00:00,0,0,0,230.725448404948
2025-09-06 16:00:00,0,0,0,189.58248535156247
2025-09-06 17:00:00,0,0,1,102.54616292317712
2025-09-06 18:00:00,0,0,1,6.71679524739568
2025-09-06 19:00:00,0,0,2,-37.85480794270836
2025-09-06 20:00:00,0,0,2,-42.19431070963549
2025-09-06 21:00:00,0,0,2,4.48897623697917
2025-09-06 22:00:00,0,0,2,104.5543294270833
2025-09-06 23:00:00,0,0,1,217.03875813802074
2025-09-07 00:00:00,0,0,0,338.30351969401045
2025-09-07 01:00:00,0,0,0,365.78665934244793
2025-09-07 02:00:00,0,0,0,370.77704589843756
2025-09-07 03:00:00,0,0,0,365.87216227213537
2025-09-07 04:00:00,0,0,0,359.44779866536453
2025-09-07 05:00:00,0,0,0,346.9921549479167
2025-09-07 06:00:00,0,0,0,333.44193522135413
2025-09-07 07:00:00,0,0,0,321.3858512369791
2025-09-07 08:00:00,0,0,0,313.4743855794271
2025-09-07 09:00:00,0,0,0,297.5295768229166
2025-09-07 10:00:00,0,0,0,435.33320231119797
2025-09-07 11:00:00,0,0,0,448.8276155598958
2025-09-07 12:00:00,0,0,0,449.8824462890625
2025-09-07 13:00:00,0,0,0,424.2905485026042
2025-09-07 14:00:00,0,0,0,404.05400634765624
2025-09-07 15:00:00,0,0,0,398.14875244140626
2025-09-07 16:00:00,0,0,0,356.11271240234373
2025-09-07 17:00:00,0,0,0,269.36043619791667
2025-09-07 18:00:00,0,0,0,176.22485758463552
2025-09-07 19:00:00,0,0,2,132.1360994466146
2025-09-07 20:00:00,0,0,2,131.34504964192706
2025-09-07 21:00:00,0,0,1,181.77505289713542
2025-09-07 22:00:00,0,0,1,279.4561946614583
2025-09-07 23:00:00,0,0,1,384.7641552734375
2025-09-08 00:00:00,0,0,0,489.35112955729164
2025-09-08 01:00:00,0,0,0,516.1567826334635
2025-09-08 02:00:00,0,0,0,521.3449861653646
2025-09-08 03:00:00,0,0,0,518.0304833984375
2025-09-08 04:00:00,0,0,0,512.9489095052083
2025-09-08 05:00:00,0,0,0,499.7277652994792
2025-09-08 06:00:00,0,0,0,484.9694458007814
2025-09-08 07:00:00,0,0,0,471.7898071289062
2025-09-08 08:00:00,0,0,0,462.58140299479146
2025-09-08 09:00:00,0,0,0,452.43276611328133
2025-09-08 10:00:00,0,0,0,446.49543701171865
2025-09-08 11:00:00,0,0,0,458.68936442057293
2025-09-08 12:00:00,0,0,0,463.20271158854166
2025-09-08 13:00:00,0,0,0,440.9606551106772
2025-09-08 14:00:00,0,0,0,422.18878662109364
2025-09-08 15:00:00,0,0,0,412.2339982096355
2025-09-08 16:00:00,0,0,0,369.3416577148437
2025-09-08 17:00:00,0,0,0,286.33236409505207
2025-09-08 18:00:00,0,0,0,190.2928507486979
2025-09-08 19:00:00,0,0,2,141.2689143880209
2025-09-08 20:00:00,0,0,2,139.29417317708328
2025-09-08 21:00:00,0,0,1,198.0568815104166
2025-09-08 22:00:00,0,0,1,301.7389127604166
2025-09-08 23:00:00,0,0,1,401.6429475911459
2025-09-09 00:00:00,0,0,0,465.7523274739583
2025-09-09 01:00:00,0,0,0,499.10221516927083
2025-09-09 02:00:00,0,0,0,505.0726489257812
2025-09-09 03:00:00,0,0,0,503.9570345052084
2025-09-09 04:00:00,0,0,0,500.247216796875
2025-09-09 05:00:00,0,0,0,485.37783772786463
2025-09-09 06:00:00,0,0,0,470.86088134765623
2025-09-09 07:00:00,0,0,0,456.4517602539063
2025-09-09 08:00:00,0,0,0,441.61060546875
2025-09-09 09:00:00,0,0,0,428.7192325846354
2025-09-09 10:00:00,0,0,0,418.6867936197916
2025-09-09 11:00:00,0,0,0,434.5810628255208
2025-09-09 12:00:00,0,0,0,433.58000895182295
2025-09-09 13:00:00,0,0,0,415.0929996744792
2025-09-09 14:00:00,0,0,0,410.1169498697918
2025-09-09 15:00:00,0,0,0,402.8574072265626
2025-09-09 16:00:00,0,0,0,358.7330135091147
2025-09-09 17:00:00,0,0,0,270.8709318033855
2025-09-09 18:00:00,0,0,1,171.42032796223953
2025-09-09 19:00:00,0,0,2,118.68392740885417
2025-09-09 20:00:00,0,0,2,115.60287597656259
2025-09-09 21:00:00,0,0,1,182.43989990234377
2025-09-09 22:00:00,0,0,1,289.91349853515624
2025-09-09 23:00:00,0,0,1,390.75483317057297
2025-09-10 00:00:00,0,0,0,460.60734456380203
2025-09-10 01:00:00,0,0,0,493.3717220052083
2025-09-10 02:00:00,0,0,0,497.216065266927
2025-09-10 03:00:00,0,0,0,490.90724609375
2025-09-10 04:00:00,0,0,0,481.67586018880206
2025-09-10 05:00:00,0,0,0,466.69462402343754
2025-09-10 06:00:00,0,0,0,455.0038110351562
2025-09-10 07:00:00,0,0,0,447.4405224609375
2025-09-10 08:00:00,0,0,0,440.17032145182293
2025-09-10 09:00:00,0,0,0,427.29678548177094
2025-09-10 10:00:00,0,0,0,421.5521150716145
2025-09-10 11:00:00,0,0,0,426.4461433919271
2025-09-10 12:00:00,0,0,0,422.63117513020825
2025-09-10 13:00:00,0,0,0,406.517841796875
2025-09-10 14:00:00,0,0,0,400.49725911458336
2025-09-10 15:00:00,0,0,0,392.5614306640625
2025-09-10 16:00:00,0,0,0,352.6738134765626
2025-09-10 17:00:00,0,0,0,267.07867757161466
2025-09-10 18:00:00,0,1,1,169.90508463541664
2025-09-10 19:00:00,0,1,2,116.92256266276047
2025-09-10 20:00:00,0,0,2,118.44094889322912
2025-09-10 21:00:00,0,0,1,184.88640869140625
2025-09-10 22:00:00,0,0,1,286.75947021484376
2025-09-10 23:00:00,0,0,1,388.08062581380204
2025-09-11 00:00:00,0,0,0,442.00323323567704
2025-09-11 01:00:00,0,0,0,476.93180501302083
2025-09-11 02:00:00,0,0,0,486.1107511393228
2025-09-11 03:00:00,0,0,0,485.41131510416676
2025-09-11 04:00:00,0,0,0,477.78744547526037
2025-09-11 05:00:00,0,0,0,463.86848714192706
2025-09-11 06:00:00,0,0,0,445.42183919270826
2025-09-11 07:00:00,0,0,0,409.1190226236979
2025-09-11 08:00:00,0,0,0,388.13200113932294
2025-09-11 09:00:00,0,0,0,372.54291503906234
2025-09-11 10:00:00,0,0,0,364.79608235677074
2025-09-11 11:00:00,0,0,0,353.7541080729168
2025-09-11 12:00:00,0,0,0,343.0488460286458
2025-09-11 13:00:00,0,0,0,348.74298014322903
2025-09-11 14:00:00,0,0,0,315.5622119140626
2025-09-11 15:00:00,0,0,0,321.1559944661458
2025-09-11 16:00:00,0,0,0,296.0412605794272
2025-09-11 17:00:00,0,0,0,231.4614095052084
2025-09-11 18:00:00,0,0,1,144.68539062499997
2025-09-11 19:00:00,0,0,2,98.13742350260407
2025-09-11 20:00:00,0,0,2,105.82440348307296
2025-09-11 21:00:00,0,0,1,180.6533178710938
2025-09-11 22:00:00,0,0,1,289.52862141927085
2025-09-11 23:00:00,0,0,1,392.0809545898438
2025-09-12 00:00:00,0,0,0,468.9822998046875
2025-09-12 01:00:00,0,0,0,500.22051920572926
2025-09-12 02:00:00,0,0,0,506.65303385416667
2025-09-12 03:00:00,0,0,0,504.3509611002604
2025-09-12 04:00:00,0,0,0,494.37495117187495
2025-09-12 05:00:00,0,0,0,475.85563964843755
2025-09-12 06:00:00,0,0,0,455.6939420572917
2025-09-12 07:00:00,0,0,0,416.7217928059895
2025-09-12 08:00:00,0,0,0,393.61702880859366
2025-09-12 09:00:00,0,0,0,377.3940397135416
2025-09-12 10:00:00,0,0,0,386.33162760416667
2025-09-12 11:00:00,0,0,0,363.16715738932294
2025-09-12 12:00:00,0,0,0,375.33173746744797
2025-09-12 13:00:00,0,0,0,355.3990348307291
2025-09-12 14:00:00,0,0,0,375.11906412760413
2025-09-12 15:00:00,0,0,0,381.33975260416673
2025-09-12 16:00:00,0,0,0,339.9240812174478
2025-09-12 17:00:00,0,0,0,258.4135807291666
2025-09-12 18:00:00,0,0,1,165.3355818684895
2025-09-12 19:00:00,0,0,2,115.71728515625
2025-09-12 20:00:00,0,0,2,121.5991276041666
2025-09-12 21:00:00,0,0,1,194.7441487630208
2025-09-12 22:00:00,0,0,1,298.2428133138021
2025-09-12 23:00:00,0,0,1,394.7000594075521
2025-09-13 00:00:00,0,0,0,462.5667610677083
2025-09-13 01:00:00,0,0,0,490.91983723958333
2025-09-13 02:00:00,0,0,0,497.673232421875
2025-09-13 03:00:00,0,0,0,494.7110685221354
2025-09-13 04:00:00,0,0,0,484.87392740885423
2025-09-13 05:00:00,0,0,0,471.6056949869792
2025-09-13 06:00:00,0,0,0,452.1009798177083
2025-09-13 07:00:00,0,0,0,422.7136271158854
2025-09-13 08:00:00,0,0,0,396.10433512369787
2025-09-13 09:00:00,0,0,0,368.0318457031251
2025-09-13 10:00:00,0,0,0,369.23407063802097
2025-09-13 11:00:00,0,0,0,364.2514591471354
2025-09-13 12:00:00,0,0,0,381.6930004882813
2025-09-13 13:00:00,0,0,0,373.5298014322916
2025-09-13 14:00:00,0,0,0,363.15871826171883
2025-09-13 15:00:00,0,0,0,386.0274975585937
2025-09-13 16:00:00,0,0,0,347.93719075520835
2025-09-13 17:00:00,0,0,0,266.74922037760416
2025-09-13 18:00:00,0,0,0,178.6368424479167
2025-09-13 19:00:00,0,0,2,130.41216227213545
2025-09-13 20:00:00,0,0,2,137.47312093098958
2025-09-13 21:00:00,0,0,1,204.15000406901038
2025-09-13 22:00:00,0,0,1,301.16776041666674
2025-09-13 23:00:00,0,0,1,397.2209334309896
2025-09-14 00:00:00,0,0,0,479.06500081380204
2025-09-14 01:00:00,0,0,0,503.4939860026042
2025-09-14 02:00:00,0,0,0,508.60567464192707
2025-09-14 03:00:00,0,0,0,505.8081282552083
2025-09-14 04:00:00,0,0,0,495.52006998697914
2025-09-14 05:00:00,0,0,0,478.6900960286458
2025-09-14 06:00:00,0,0,0,463.23114990234376
2025-09-14 07:00:00,0,0,0,437.0385546875
2025-09-14 08:00:00,0,0,0,420.7776139322916
2025-09-14 09:00:00,0,0,0,417.3533813476563
2025-09-14 10:00:00,0,0,0,382.2644018554688
2025-09-14 11:00:00,0,0,0,392.13081136067717
2025-09-14 12:00:00,0,0,0,358.3346435546873
2025-09-14 13:00:00,0,0,0,375.52350748697927
2025-09-14 14:00:00,0,0,0,391.72848225911457
2025-09-14 15:00:00,0,0,0,377.33984375
2025-09-14 16:00:00,0,0,0,354.05622151692705
2025-09-14 17:00:00,0,0,0,283.28633707682275
2025-09-14 18:00:00,0,0,0,194.35971354166668
2025-09-14 19:00:00,0,0,2,145.13337890624996
2025-09-14 20:00:00,0,0,2,152.16765950520835
2025-09-14 21:00:00,0,0,1,214.19987711588544
2025-09-14 22:00:00,0,0,1,308.4647135416667
2025-09-14 23:00:00,0,0,1,401.5272078450521
2025-09-15 00:00:00,0,0,0,498.7258056640625
2025-09-15 01:00:00,0,0,0,518.3697025553386
2025-09-15 02:00:00,0,0,0,515.8269254557291
2025-09-15 03:00:00,0,0,0,508.38810668945314
2025-09-15 04:00:00,0,0,0,501.5630737304688
2025-09-15 05:00:00,0,0,0,489.75162109375003
2025-09-15 06:00:00,0,0,0,463.07756347656255
2025-09-15 07:00:00,0,0,0,419.3719506835937
2025-09-15 08:00:00,0,0,0,385.45366048177084
2025-09-15 09:00:00,0,0,0,359.0160123697915
2025-09-15 10:00:00,0,0,0,331.56034912109385
2025-09-15 11:00:00,0,0,0,329.4604817708332
2025-09-15 12:00:00,0,0,0,319.376475423177
2025-09-15 13:00:00,0,0,0,318.14679524739586
2025-09-15 14:00:00,0,0,0,338.3874690755208
2025-09-15 15:00:00,0,0,0,355.6718709309896
2025-09-15 16:00:00,0,0,0,336.4884309895833
2025-09-15 17:00:00,0,0,0,282.11344075520833
2025-09-15 18:00:00,0,0,0,205.81304687500005
2025-09-15 19:00:00,0,0,2,160.64572753906248
2025-09-15 20:00:00,0,0,2,166.97614908854166
2025-09-15 21:00:00,0,0,1,228.5692130533855
2025-09-15 22:00:00,0,0,1,318.41861490885424
2025-09-15 23:00:00,0,0,1,400.66421468098963
2025-09-16 00:00:00,0,0,0,470.2941560872397
2025-09-16 01:00:00,0,0,0,494.3294547526042
2025-09-16 02:00:00,0,0,0,496.06756998697915
2025-09-16 03:00:00,0,0,0,491.8847770182292
2025-09-16 04:00:00,0,0,0,485.22795491536453
2025-09-16 05:00:00,0,0,0,469.54615234375
2025-09-16 06:00:00,0,0,0,443.15170898437486
2025-09-16 07:00:00,0,0,0,403.38104248046875
2025-09-16 08:00:00,0,0,0,365.89154947916677
2025-09-16 09:00:00,0,0,0,335.0194409179687
2025-09-16 10:00:00,0,0,0,326.1236254882813
2025-09-16 11:00:00,0,0,0,329.0978222656249
2025-09-16 12:00:00,0,0,0,329.2642895507813
2025-09-16 13:00:00,0,0,0,323.8888037109375
2025-09-16 14:00:00,0,0,0,332.79775797526054
2025-09-16 15:00:00,0,0,0,344.49932698567704
2025-09-16 16:00:00,0,0,0,318.74252685546867
2025-09-16 17:00:00,0,0,0,255.63250813802085
2025-09-16 18:00:00,0,0,0,180.05850748697912
2025-09-16 19:00:00,0,0,2,131.56979085286468
2025-09-16 20:00:00,0,0,2,138.7076538085937
2025-09-16 21:00:00,0,0,1,207.8417887369792
2025-09-16 22:00:00,0,0,1,303.5910937499999
2025-09-16 23:00:00,0,0,1,394.1040372721353
2025-09-17 00:00:00,0,0,0,471.71806884765624
2025-09-17 01:00:00,0,0,0,496.3619205729167
2025-09-17 02:00:00,0,0,0,500.24966959635424
2025-09-17 03:00:00,0,0,0,495.8055192057292
2025-09-17 04:00:00,0,0,0,486.59220784505203
2025-09-17 05:00:00,0,0,0,472.0750813802083
2025-09-17 06:00:00,0,0,0,453.2708561197917
2025-09-17 07:00:00,0,0,0,436.69912516276054
2025-09-17 08:00:00,0,0,0,429.0034122721354
2025-09-17 09:00:00,0,0,0,421.8699886067709
2025-09-17 10:00:00,0,0,0,424.1921337890626
2025-09-17 11:00:00,0,0,0,437.5281640625001
2025-09-17 12:00:00,0,0,0,440.74722656250015
2025-09-17 13:00:00,0,0,0,427.3435009765624
2025-09-17 14:00:00,0,0,0,423.7514388020834
2025-09-17 15:00:00,0,0,0,418.0961669921876
2025-09-17 16:00:00,0,0,0,374.59576009114585
2025-09-17 17:00:00,0,0,0,282.96319498697926
2025-09-17 18:00:00,0,0,0,178.26984212239586
2025-09-17 19:00:00,0,0,2,124.52687825520832
2025-09-17 20:00:00,0,0,2,132.79306233723958
2025-09-17 21:00:00,0,0,1,207.33827229817712
2025-09-17 22:00:00,0,0,1,307.52863769531245
2025-09-17 23:00:00,0,0,1,399.65021972656245
2025-09-18 00:00:00,0,0,0,484.85091471354167
2025-09-18 01:00:00,0,0,0,506.2055928548177
2025-09-18 02:00:00,0,0,0,507.9522583007813
2025-09-18 03:00:00,0,0,0,505.1955338541667
2025-09-18 04:00:00,0,0,0,500.7115559895833
2025-09-18 05:00:00,0,0,0,485.98503906249994
2025-09-18 06:00:00,0,0,0,467.11873535156246
2025-09-18 07:00:00,0,0,0,450.7133813476562
2025-09-18 08:00:00,0,0,0,444.3306958007813
2025-09-18 09:00:00,0,0,0,436.82345296223957
2025-09-18 10:00:00,0,0,0,436.5277213541667
2025-09-18 11:00:00,0,0,0,458.266133626302
2025-09-18 12:00:00,0,0,0,466.3649886067708
2025-09-18 13:00:00,0,0,0,457.47126302083325
2025-09-18 14:00:00,0,0,0,457.1296166992188
2025-09-18 15:00:00,0,0,0,451.4663126627604
2025-09-18 16:00:00,0,0,0,414.34538981119795
2025-09-18 17:00:00,0,0,0,327.7592610677084
2025-09-18 18:00:00,0,0,0,226.8593250546212
2025-09-18 19:00:00,0,0,2,171.69331054687495
2025-09-18 20:00:00,0,0,1,183.91287597656253
2025-09-18 21:00:00,0,0,1,256.2032332356771
2025-09-18 22:00:00,0,0,1,343.80351318359374
2025-09-18 23:00:00,0,0,1,422.9979150390625
2025-09-19 00:00:00,0,0,0,491.93989827473956
2025-09-19 01:00:00,0,0,0,515.3390511067707
2025-09-19 02:00:00,0,0,0,518.1549910481771
2025-09-19 03:00:00,0,0,0,512.0521362304687
2025-09-19 04:00:00,0,0,0,502.82808430989587
2025-09-19 05:00:00,0,0,0,487.54559814453125
2025-09-19 06:00:00,0,0,0,468.7576904296875
2025-09-19 07:00:00,0,0,0,450.54998453776034
2025-09-19 08:00:00,0,0,0,449.65775390625004
2025-09-19 09:00:00,0,0,0,445.54988362630206
2025-09-19 10:00:00,0,0,0,452.3894905598959
2025-09-19 11:00:00,0,0,0,474.2770703125
2025-09-19 12:00:00,0,0,0,487.01249837239584
2025-09-19 13:00:00,0,0,0,479.0120654296875
2025-09-19 14:00:00,0,0,0,474.8010473632812
2025-09-19 15:00:00,0,0,0,467.07338704427093
2025-09-19 16:00:00,0,0,0,422.2657706705729
2025-09-19 17:00:00,0,0,0,333.39791015624996
2025-09-19 18:00:00,0,0,0,231.13936930338548
2025-09-19 19:00:00,0,0,1,178.94423990885423
2025-09-19 20:00:00,0,0,1,188.16440592447918
2025-09-19 21:00:00,0,0,1,259.6374373372396
2025-09-19 22:00:00,0,0,1,346.52775960286453
2025-09-19 23:00:00,0,0,1,424.15115478515634
2025-09-20 00:00:00,0,0,0,486.11813639322907
2025-09-20 01:00:00,0,0,0,509.32109944661465
2025-09-20 02:00:00,0,0,0,512.3055029296876
2025-09-20 03:00:00,0,0,0,505.13423583984377
2025-09-20 04:00:00,0,0,0,500.19685384114587
2025-09-20 05:00:00,0,0,0,487.38323323567715
2025-09-20 06:00:00,0,0,0,467.82024169921874
2025-09-20 07:00:00,0,0,0,451.90860188802094
2025-09-20 08:00:00,0,0,0,449.51178873697904
2025-09-20 09:00:00,0,0,0,446.62381835937504
2025-09-20 10:00:00,0,0,0,452.077635091146
2025-09-20 11:00:00,0,0,0,476.3159423828124
2025-09-20 12:00:00,0,0,0,487.8397078450521
2025-09-20 13:00:00,0,0,0,484.9753499211024
2025-09-20 14:00:00,0,0,0,483.3681795247396
2025-09-20 15:00:00,0,0,0,477.9705655924479
2025-09-20 16:00:00,0,0,0,440.91923421223964
2025-09-20 17:00:00,0,0,0,354.1287727864585
2025-09-20 18:00:00,0,0,0,248.5030281575522
2025-09-20 19:00:00,0,0,1,191.860108235677
2025-09-20 20:00:00,0,0,1,203.10371500651047
2025-09-20 21:00:00,0,0,1,273.29648274739577
2025-09-20 22:00:00,0,0,1,354.15326660156256
2025-09-20 23:00:00,0,0,1,427.75273763020834
2025-09-21 00:00:00,0,0,0,507.0337076822917
2025-09-21 01:00:00,0,0,0,522.4685957845052
2025-09-21 02:00:00,0,0,0,522.0435961914062
2025-09-21 03:00:00,0,0,0,516.0305981445313
2025-09-21 04:00:00,0,0,0,507.8977205403646
2025-09-21 05:00:00,0,0,0,498.0368855794271
2025-09-21 06:00:00,0,0,0,480.03825113932294
2025-09-21 07:00:00,0,0,0,463.2436482747396
2025-09-21 08:00:00,0,0,0,462.61088541666663
2025-09-21 09:00:00,0,0,0,462.9171036783855
2025-09-21 10:00:00,0,0,0,472.5986686197916
2025-09-21 11:00:00,0,0,0,497.9110864257814
2025-09-21 12:00:00,0,0,0,511.2753987630208
2025-09-21 13:00:00,0,0,0,509.5235091145835
2025-09-21 14:00:00,0,0,0,511.3340657552085
2025-09-21 15:00:00,0,0,0,501.62247558593754
2025-09-21 16:00:00,0,0,0,463.9676717122395
2025-09-21 17:00:00,0,0,0,382.48920328776035
2025-09-21 18:00:00,0,0,0,281.95464925130204
2025-09-21 19:00:00,0,0,1,227.24713867187506
2025-09-21 20:00:00,0,0,1,240.699453125
2025-09-21 21:00:00,0,0,1,311.19608642578123
2025-09-21 22:00:00,0,0,1,385.3926000976563
2025-09-21 23:00:00,0,0,1,451.0264794921875
2025-09-22 00:00:00,0,0,0,517.909296875
2025-09-22 01:00:00,0,0,0,534.4811263020833
2025-09-22 02:00:00,0,0,0,535.4886279296875
2025-09-22 03:00:00,0,0,0,532.3732698567709
2025-09-22 04:00:00,0,0,0,526.7064680989583
2025-09-22 05:00:00,0,0,0,511.76748046875
2025-09-22 06:00:00,0,0,0,491.3863688151041
2025-09-22 07:00:00,0,0,0,474.67973714192703
2025-09-22 08:00:00,0,0,0,471.28097493489577
2025-09-22 09:00:00,0,0,0,470.3418823242189
2025-09-22 10:00:00,0,0,0,478.34268391927094
2025-09-22 11:00:00,0,0,0,501.8339689127604
2025-09-22 12:00:00,0,0,0,517.3227067057292
2025-09-22 13:00:00,0,0,0,516.447530110677
2025-09-22 14:00:00,0,0,0,509.02302978515627
2025-09-22 15:00:00,0,0,0,499.75203613281246
2025-09-22 16:00:00,0,0,0,462.13981119791674
2025-09-22 17:00:00,0,0,0,379.33586100260413
2025-09-22 18:00:00,0,0,0,279.8107958984376
2025-09-22 19:00:00,0,0,1,229.45002197265626
2025-09-22 20:00:00,0,0,1,248.09353597005213
2025-09-22 21:00:00,0,0,1,318.3382958984374
2025-09-22 22:00:00,0,0,1,392.7274348958333
2025-09-22 23:00:00,0,0,1,457.00617919921876
2025-09-23 00:00:00,0,0,0,497.7066259765626
2025-09-23 01:00:00,0,0,0,516.6752514648438
2025-09-23 02:00:00,0,0,0,515.8896793619791
2025-09-23 03:00:00,0,0,0,508.9166149902344
2025-09-23 04:00:00,0,0,0,502.4614143880208
2025-09-23 05:00:00,0,0,0,491.33099365234375
2025-09-23 06:00:00,0,0,0,472.3999983723959
2025-09-23 07:00:00,0,0,0,455.78362304687494
2025-09-23 08:00:00,0,0,0,450.32857666015616
2025-09-23 09:00:00,0,0,0,449.16680989583324
2025-09-23 10:00:00,0,0,0,453.38490804036473
2025-09-23 11:00:00,0,0,0,476.24997721354157
2025-09-23 12:00:00,0,0,0,484.30927815755217
2025-09-23 13:00:00,0,0,0,482.2230110677083
2025-09-23 14:00:00,0,0,0,479.5523909505207
2025-09-23 15:00:00,0,0,0,471.22561035156264
2025-09-23 16:00:00,0,0,0,428.6133089192708
2025-09-23 17:00:00,0,0,0,343.36081298828117
2025-09-23 18:00:00,0,0,0,242.43361328125002
2025-09-23 19:00:00,0,0,1,190.35213623046877
2025-09-23 20:00:00,0,0,1,209.91139648437502
2025-09-23 21:00:00,0,0,1,285.0514843750001
2025-09-23 22:00:00,0,0,1,368.1264876302083
2025-09-23 23:00:00,0,0,1,438.4618098958333
2025-09-24 00:00:00,0,0,0,480.3620711263021
2025-09-24 01:00:00,0,0,0,503.93608317057294
2025-09-24 02:00:00,0,0,0,504.52144042968746
2025-09-24 03:00:00,0,0,0,499.739659016927
2025-09-24 04:00:00,0,0,0,493.66982747395843
2025-09-24 05:00:00,0,0,0,480.0444254557292
2025-09-24 06:00:00,0,0,0,459.967372233073
2025-09-24 07:00:00,0,0,0,440.22712402343745
2025-09-24 08:00:00,0,0,0,437.4750488281252
2025-09-24 09:00:00,0,0,0,434.4126000976562
2025-09-24 10:00:00,0,0,0,438.34689046223957
2025-09-24 11:00:00,0,0,0,460.7025032552083
2025-09-24 12:00:00,0,0,0,471.1334366861979
2025-09-24 13:00:00,0,0,0,466.3868310546875
2025-09-24 14:00:00,0,0,0,468.5853409830729
2025-09-24 15:00:00,0,0,0,460.91252604166675
2025-09-24 16:00:00,0,0,0,421.57198242187496
2025-09-24 17:00:00,0,0,0,331.39374430338535
2025-09-24 18:00:00,0,1,0,231.18381184895838
2025-09-24 19:00:00,0,1,1,183.77751302083334
2025-09-24 20:00:00,0,0,1,206.05547281901045
2025-09-24 21:00:00,0,0,1,285.73040283203125
2025-09-24 22:00:00,0,0,1,368.2329207356771
2025-09-24 23:00:00,0,0,1,439.2608447265625
2025-09-25 00:00:00,0,0,0,495.49969319661454
2025-09-25 01:00:00,0,0,0,517.0256518554687
2025-09-25 02:00:00,0,0,0,518.8423282877604
2025-09-25 03:00:00,0,0,0,513.0164388020834
2025-09-25 04:00:00,0,0,0,503.2098095703126
2025-09-25 05:00:00,0,0,0,488.427880859375
2025-09-25 06:00:00,0,0,0,466.6345393880208
2025-09-25 07:00:00,0,0,0,339.400918782552
2025-09-25 08:00:00,0,0,0,279.513671875
2025-09-25 09:00:00,0,0,0,280.8642537434896
2025-09-25 10:00:00,0,0,0,288.46026123046886
2025-09-25 11:00:00,0,0,0,307.23056396484367
2025-09-25 12:00:00,0,0,0,310.3363972981772
2025-09-25 13:00:00,0,0,0,304.61981282552074
2025-09-25 14:00:00,0,0,0,305.55694580078125
2025-09-25 15:00:00,0,0,0,297.8872290039062
2025-09-25 16:00:00,0,0,0,254.93854736328126
2025-09-25 17:00:00,0,0,1,166.69802571614582
2025-09-25 18:00:00,0,0,2,66.71884440104168
2025-09-25 19:00:00,0,0,2,23.143823242187523
2025-09-25 20:00:00,0,0,2,50.059445800781305
2025-09-25 21:00:00,0,0,2,130.61915934244792
2025-09-25 22:00:00,0,0,1,217.7496329752605
2025-09-25 23:00:00,0,0,1,289.89212565104174
2025-09-26 00:00:00,0,0,0,348.95602050781247
2025-09-26 01:00:00,0,0,0,369.98919026692715
2025-09-26 02:00:00,0,0,0,373.519043782552
2025-09-26 03:00:00,0,0,0,366.3908544921875
2025-09-26 04:00:00,0,0,0,354.5625292968749
2025-09-26 05:00:00,0,0,0,338.86832763671873
2025-09-26 06:00:00,0,0,0,355.3304858398436
2025-09-26 07:00:00,0,0,0,448.84599365234385
2025-09-26 08:00:00,0,0,0,436.020528157552
2025-09-26 09:00:00,0,0,0,434.1310815429688
2025-09-26 10:00:00,0,0,0,442.4819490559896
2025-09-26 11:00:00,0,0,0,467.8636637369791
2025-09-26 12:00:00,0,0,0,477.1157486979166
2025-09-26 13:00:00,0,0,0,470.32036946614585
2025-09-26 14:00:00,0,0,0,471.6007088216145
2025-09-26 15:00:00,0,0,0,462.79990397135407
2025-09-26 16:00:00,0,0,0,419.3124047851561
2025-09-26 17:00:00,0,0,0,330.21245930989585
2025-09-26 18:00:00,0,0,1,235.23894938151045
2025-09-26 19:00:00,0,0,1,189.51884440104163
2025-09-26 20:00:00,0,0,1,215.53228759765625
2025-09-26 21:00:00,0,0,1,297.27665283203123
2025-09-26 22:00:00,0,0,1,377.98505045572915
2025-09-26 23:00:00,0,0,1,445.1711735026041
2025-09-27 00:00:00,0,0,0,490.81880045572916
2025-09-27 01:00:00,0,0,0,508.1903344726562
2025-09-27 02:00:00,0,0,0,510.16768147786456
2025-09-27 03:00:00,0,0,0,506.09292154947923
2025-09-27 04:00:00,0,0,0,498.01931681315114
2025-09-27 05:00:00,0,0,0,484.66570800781255
2025-09-27 06:00:00,0,0,0,466.2648876953125
2025-09-27 07:00:00,0,0,0,443.31051595052077
2025-09-27 08:00:00,0,0,0,421.920663248698
2025-09-27 09:00:00,0,0,0,390.1250781250001
2025-09-27 10:00:00,0,0,0,407.8069783528647
2025-09-27 11:00:00,0,0,0,452.2001489257814
2025-09-27 12:00:00,0,0,0,444.01938883463527
2025-09-27 13:00:00,0,0,0,454.1906477864584
2025-09-27 14:00:00,0,0,0,444.51532633463535
2025-09-27 15:00:00,0,0,0,444.23357096354175
2025-09-27 16:00:00,0,0,0,419.59877360026053
2025-09-27 17:00:00,0,0,0,344.1711352539062
2025-09-27 18:00:00,0,0,1,262.7178637695313
2025-09-27 19:00:00,0,0,1,221.82770182291665
2025-09-27 20:00:00,0,0,1,243.8739054361979
2025-09-27 21:00:00,0,0,1,312.8441528320312
2025-09-27 22:00:00,0,0,1,380.5827490234375
2025-09-27 23:00:00,0,0,1,443.6588151041667
2025-09-28 00:00:00,0,0,0,499.68952555338547
2025-09-28 01:00:00,0,0,0,513.5201928710937
2025-09-28 02:00:00,0,0,0,513.7924674479167
2025-09-28 03:00:00,0,0,0,508.3142106119792
2025-09-28 04:00:00,0,0,0,503.12003946940104
2025-09-28 05:00:00,0,0,0,494.8822184244792
2025-09-28 06:00:00,0,0,0,477.85237386067706
2025-09-28 07:00:00,0,0,0,463.9407096354166
2025-09-28 08:00:00,0,0,0,463.6011027018228
2025-09-28 09:00:00,0,0,0,467.4813191731771
2025-09-28 10:00:00,0,0,0,474.210927734375
2025-09-28 11:00:00,0,0,0,499.846892903646
2025-09-28 12:00:00,0,0,0,510.87029541015613
2025-09-28 13:00:00,0,0,0,509.8295947265624
2025-09-28 14:00:00,0,0,0,505.71531331380197
2025-09-28 15:00:00,0,0,0,490.45671305338556
2025-09-28 16:00:00,0,0,0,444.16021077473965
2025-09-28 17:00:00,0,0,0,360.46016276041655
2025-09-28 18:00:00,0,0,1,271.635634765625
2025-09-28 19:00:00,0,0,1,228.33756103515623
2025-09-28 20:00:00,0,0,1,252.59171630859373
2025-09-28 21:00:00,0,0,1,322.058446451823
2025-09-28 22:00:00,0,0,1,391.0529874674479
2025-09-28 23:00:00,0,0,1,451.0357535807292
2025-09-29 00:00:00,0,0,0,507.8107657877605
2025-09-29 01:00:00,0,0,0,524.2132438151042
2025-09-29 02:00:00,0,0,0,520.7538399251301
2025-09-29 03:00:00,0,0,0,514.8385847981771
2025-09-29 04:00:00,0,0,0,507.9495621744792
2025-09-29 05:00:00,0,0,0,493.6785847981771
2025-09-29 06:00:00,0,0,0,472.5570304361979
2025-09-29 07:00:00,0,0,0,456.15988525390617
2025-09-29 08:00:00,0,0,0,449.1314583333335
2025-09-29 09:00:00,0,0,0,447.46820719401035
2025-09-29 10:00:00,0,0,0,453.489510904948
2025-09-29 11:00:00,0,0,0,479.59282063802084
2025-09-29 12:00:00,0,0,0,489.0333121744791
2025-09-29 13:00:00,0,0,0,482.3262662760417
2025-09-29 14:00:00,0,0,0,481.7885953776042
2025-09-29 15:00:00,0,0,0,474.7555240885415
2025-09-29 16:00:00,0,0,0,431.59358072916666
2025-09-29 17:00:00,0,0,0,341.0865681966145
2025-09-29 18:00:00,0,0,1,246.58674560546876
2025-09-29 19:00:00,0,0,1,205.72310384114587
2025-09-29 20:00:00,0,0,1,240.21931233723956
2025-09-29 21:00:00,0,0,1,316.69609781901045
2025-09-29 22:00:00,0,0,1,388.08745198567703
2025-09-29 23:00:00,0,0,1,449.8387239583334
2025-09-30 00:00:00,0,0,0,492.17899902343754
2025-09-30 01:00:00,0,0,0,514.8479264322917
2025-09-30 02:00:00,0,0,0,513.617998046875
2025-09-30 03:00:00,0,0,0,509.19059570312504
2025-09-30 04:00:00,0,0,0,500.2929423014323
2025-09-30 05:00:00,0,0,0,483.24434082031246
2025-09-30 06:00:00,0,0,0,454.54998697916665
2025-09-30 07:00:00,0,0,0,430.40986083984376
2025-09-30 08:00:00,0,0,0,424.16803466796864
2025-09-30 09:00:00,0,0,0,420.59748046875006
2025-09-30 10:00:00,0,0,0,426.66850911458323
2025-09-30 11:00:00,0,0,0,448.4511588541668
2025-09-30 12:00:00,0,0,0,461.07940673828125
2025-09-30 13:00:00,0,0,0,456.76140299479175
2025-09-30 14:00:00,0,0,0,458.78276448567703
2025-09-30 15:00:00,0,0,0,451.89618001302074
2025-09-30 16:00:00,0,0,0,408.2671346028644
2025-09-30 17:00:00,0,0,0,319.6843286132812
2025-09-30 18:00:00,0,0,1,226.95804524739594
2025-09-30 19:00:00,0,0,1,188.0548307291666
2025-09-30 20:00:00,0,0,1,222.64643798828126
2025-09-30 21:00:00,0,0,1,302.84578124999996
2025-09-30 22:00:00,0,0,1,382.30684000651047
2025-09-30 23:00:00,0,0,1,451.6704370117187
2025-10-01 00:00:00,0,0,0,499.01827311197917
2025-10-01 01:00:00,0,0,0,518.1618359375001
2025-10-01 02:00:00,0,0,0,517.370176595052
2025-10-01 03:00:00,0,0,0,510.00533121744786
2025-10-01 04:00:00,0,0,0,501.87588053385423
2025-10-01 05:00:00,0,0,0,488.30781412760416
2025-10-01 06:00:00,0,0,0,465.2164534505208
2025-10-01 07:00:00,0,0,0,442.44720865885415
2025-10-01 08:00:00,0,0,0,435.7862353515625
2025-10-01 09:00:00,0,0,0,432.06302978515623
2025-10-01 10:00:00,0,0,0,434.60955322265636
2025-10-01 11:00:00,0,0,0,455.73708740234383
2025-10-01 12:00:00,0,0,0,466.8075000000001
2025-10-01 13:00:00,0,0,0,469.491913248698
2025-10-01 14:00:00,0,0,0,469.2364653816869
2025-10-01 15:00:00,0,0,0,463.74702536027985
2025-10-01 16:00:00,0,0,0,424.16729410807284
2025-10-01 17:00:00,0,0,0,334.17561279296865
2025-10-01 18:00:00,0,0,1,236.3743977864583
2025-10-01 19:00:00,0,0,1,193.1353824869791
2025-10-01 20:00:00,0,0,1,229.87445638020836
2025-10-01 21:00:00,0,0,1,312.0270003255208
2025-10-01 22:00:00,0,0,1,384.63077718098964
2025-10-01 23:00:00,0,0,1,449.39975423177077
2025-10-02 00:00:00,0,0,0,489.6210913085938
2025-10-02 01:00:00,0,0,0,509.71807373046875
2025-10-02 02:00:00,0,0,0,510.63497965494787
2025-10-02 03:00:00,0,0,0,506.37531412760416
2025-10-02 04:00:00,0,0,0,496.1118188476562
2025-10-02 05:00:00,0,0,0,480.28093424479164
2025-10-02 06:00:00,0,0,0,457.2481713867187
2025-10-02 07:00:00,0,0,0,433.34591878255196
2025-10-02 08:00:00,0,0,0,425.25483723958337
2025-10-02 09:00:00,0,0,0,424.0487150065105
2025-10-02 10:00:00,0,0,0,430.1502636718749
2025-10-02 11:00:00,0,0,0,453.61076578776056
2025-10-02 12:00:00,0,0,0,468.8039656575522
2025-10-02 13:00:00,0,0,0,475.76618082682285
2025-10-02 14:00:00,0,0,0,480.79298828125
2025-10-02 15:00:00,0,0,0,477.39384765625005
2025-10-02 16:00:00,0,0,0,436.91457763671883
2025-10-02 17:00:00,0,0,0,348.0425976562499
2025-10-02 18:00:00,0,0,1,251.26158203125
2025-10-02 19:00:00,0,0,1,206.7335083007813
2025-10-02 20:00:00,0,0,1,242.23629801432287
2025-10-02 21:00:00,0,0,1,325.5481974283854
2025-10-02 22:00:00,0,0,1,394.8518172200521
2025-10-02 23:00:00,0,0,1,451.16412190755204
2025-10-03 00:00:00,0,0,0,493.0656990559895
2025-10-03 01:00:00,0,0,0,514.0314803059896
2025-10-03 02:00:00,0,0,0,517.2764176432291
2025-10-03 03:00:00,0,0,0,509.3460571289063
2025-10-03 04:00:00,0,0,0,499.34855712890624
2025-10-03 05:00:00,0,0,0,486.1981591796874
2025-10-03 06:00:00,0,0,0,461.405146484375
2025-10-03 07:00:00,0,0,0,433.54520507812504
2025-10-03 08:00:00,0,0,0,425.5674747721355
2025-10-03 09:00:00,0,0,0,422.60068766276027
2025-10-03 10:00:00,0,0,0,428.313487141927
2025-10-03 11:00:00,0,0,0,455.6986271158853
2025-10-03 12:00:00,0,0,0,474.0718025716146
2025-10-03 13:00:00,0,0,0,476.70831542968745
2025-10-03 14:00:00,0,0,0,485.5921533203125
2025-10-03 15:00:00,0,0,0,483.07720052083323
2025-10-03 16:00:00,0,0,0,443.782967936198
2025-10-03 17:00:00,0,0,0,353.01470377604164
2025-10-03 18:00:00,0,0,1,253.2597526041667
2025-10-03 19:00:00,0,0,1,207.8967578124999
2025-10-03 20:00:00,0,0,1,244.9844938151041
2025-10-03 21:00:00,0,0,1,327.77644612630206
2025-10-03 22:00:00,0,0,1,392.73379475911463
2025-10-03 23:00:00,0,0,1,447.1116910807291
2025-10-04 00:00:00,0,0,0,493.38277262369786
2025-10-04 01:00:00,0,0,0,511.9066398111979
2025-10-04 02:00:00,0,0,0,515.0275333658853
2025-10-04 03:00:00,0,0,0,509.94528645833327
2025-10-04 04:00:00,0,0,0,500.3554646809896
2025-10-04 05:00:00,0,0,0,484.51681396484366
2025-10-04 06:00:00,0,0,0,460.2608658854167
2025-10-04 07:00:00,0,0,0,434.7558626302082
2025-10-04 08:00:00,0,0,0,428.59978922526034
2025-10-04 09:00:00,0,0,0,433.32964843750005
2025-10-04 10:00:00,0,0,0,440.6425797526042
2025-10-04 11:00:00,0,0,0,470.28654703776033
2025-10-04 12:00:00,0,0,0,486.9489957130561
2025-10-04 13:00:00,0,0,0,487.5379516601563
2025-10-04 14:00:00,0,0,0,494.6788151041667
2025-10-04 15:00:00,0,0,0,490.03621907552065
2025-10-04 16:00:00,0,0,0,448.21616373697907
2025-10-04 17:00:00,0,0,0,360.4216194661458
2025-10-04 18:00:00,0,0,1,264.948603515625
2025-10-04 19:00:00,0,0,1,222.25603841145835
2025-10-04 20:00:00,0,0,1,259.0632250976562
2025-10-04 21:00:00,0,0,1,335.8561661783855
2025-10-04 22:00:00,0,0,1,400.42290445963545
2025-10-04 23:00:00,0,0,1,452.81342122395836
2025-10-05 00:00:00,0,0,0,521.0167154947917
2025-10-05 01:00:00,0,0,0,532.7064192708333
2025-10-05 02:00:00,0,0,0,530.0830354817709
2025-10-05 03:00:00,0,0,0,524.5737451171875
2025-10-05 04:00:00,0,0,0,514.2900435384114
2025-10-05 05:00:00,0,0,0,504.61163167317704
2025-10-05 06:00:00,0,0,0,478.925088704427
2025-10-05 07:00:00,0,0,0,454.9424707031251
2025-10-05 08:00:00,0,0,0,451.91085123697917
2025-10-05 09:00:00,0,0,0,449.53011474609366
2025-10-05 10:00:00,0,0,0,458.6081591796876
2025-10-05 11:00:00,0,0,0,484.21612874348966
2025-10-05 12:00:00,0,0,0,497.13249104817714
2025-10-05 13:00:00,0,0,0,500.3641536458333
2025-10-05 14:00:00,0,0,0,504.7231518554686
2025-10-05 15:00:00,0,0,0,496.6624650065105
2025-10-05 16:00:00,0,0,0,457.2939803059894
2025-10-05 17:00:00,0,0,0,370.83015869140627
2025-10-05 18:00:00,0,0,1,280.3836490885417
2025-10-05 19:00:00,0,0,1,243.4381315104166
2025-10-05 20:00:00,0,0,1,282.29352132161466
2025-10-05 21:00:00,0,0,1,352.7430135091146
2025-10-05 22:00:00,0,0,1,410.0005940755208
2025-10-05 23:00:00,0,0,1,461.44220133463546
2025-10-06 00:00:00,0,0,0,514.2401359049479
2025-10-06 01:00:00,0,0,0,530.4763016764323
2025-10-06 02:00:00,0,0,0,532.3550203450521
2025-10-06 03:00:00,0,0,0,527.0412125651042
2025-10-06 04:00:00,0,0,0,516.8544685872396
2025-10-06 05:00:00,0,0,0,501.79568196614593
2025-10-06 06:00:00,0,0,0,469.1911930338541
2025-10-06 07:00:00,0,0,0,439.1182438151043
2025-10-06 08:00:00,0,0,0,432.33406168619786
2025-10-06 09:00:00,0,0,0,433.0112312825522
2025-10-06 10:00:00,0,0,0,438.85757080078133
2025-10-06 11:00:00,0,0,0,465.94115234375
2025-10-06 12:00:00,0,0,0,479.67572347005216
2025-10-06 13:00:00,0,0,0,485.00948242187496
2025-10-06 14:00:00,0,0,0,485.3203173828124
2025-10-06 15:00:00,0,0,0,474.65525065104157
2025-10-06 16:00:00,0,0,0,432.0431917317708
2025-10-06 17:00:00,0,0,0,342.84746419270846
2025-10-06 18:00:00,0,0,1,254.73637695312493
2025-10-06 19:00:00,0,0,1,221.1139843750001
2025-10-06 20:00:00,0,0,1,267.6769889322917
2025-10-06 21:00:00,0,0,1,343.91092936197913
2025-10-06 22:00:00,0,0,1,408.53006998697913
2025-10-06 23:00:00,0,0,1,461.42390136718745
2025-10-07 00:00:00,0,0,0,497.1871549479166
2025-10-07 01:00:00,0,0,0,515.6551497395833
2025-10-07 02:00:00,0,0,0,516.5454125976562
2025-10-07 03:00:00,0,0,0,512.6121655273438
2025-10-07 04:00:00,0,0,0,508.3951318359375
2025-10-07 05:00:00,0,0,0,492.5143774414063
2025-10-07 06:00:00,0,0,0,463.0689990234374
2025-10-07 07:00:00,0,0,0,436.8066357421876
2025-10-07 08:00:00,0,0,0,426.6456502278645
2025-10-07 09:00:00,0,0,0,425.9544816080729
2025-10-07 10:00:00,0,0,0,433.1195263671875
2025-10-07 11:00:00,0,0,0,454.21652669270816
2025-10-07 12:00:00,0,0,0,469.00613688151043
2025-10-07 13:00:00,0,0,0,476.1700325520833
2025-10-07 14:00:00,0,0,0,477.4837760416667
2025-10-07 15:00:00,0,0,0,469.2099755859374
2025-10-07 16:00:00,0,0,0,424.8228002929686
2025-10-07 17:00:00,0,0,0,332.9746240234374
2025-10-07 18:00:00,0,0,1,243.01777587890626
2025-10-07 19:00:00,0,0,1,208.57707194010413
2025-10-07 20:00:00,0,0,1,254.054677734375
2025-10-07 21:00:00,0,0,1,334.89347412109373
2025-10-07 22:00:00,0,0,1,399.9971036783853
2025-10-07 23:00:00,0,0,1,456.41460611979164
2025-10-08 00:00:00,0,0,0,493.56050130208337
2025-10-08 01:00:00,0,0,0,510.75739420572916
2025-10-08 02:00:00,0,0,0,510.0539493815104
2025-10-08 03:00:00,0,0,0,504.88909830729176
2025-10-08 04:00:00,0,0,0,498.38033935546866
2025-10-08 05:00:00,0,0,0,484.6775024414062
2025-10-08 06:00:00,0,0,0,458.740498860677
2025-10-08 07:00:00,0,0,0,432.32729736328133
2025-10-08 08:00:00,0,0,0,420.7088671874999
2025-10-08 09:00:00,0,0,0,418.88568929036455
2025-10-08 10:00:00,0,0,0,426.2757112630211
2025-10-08 11:00:00,0,0,0,447.9102343750001
2025-10-08 12:00:00,0,0,0,458.6160815429687
2025-10-08 13:00:00,0,0,0,464.0526180013021
2025-10-08 14:00:00,0,0,0,470.65925048828126
2025-10-08 15:00:00,0,0,0,455.96794921874994
2025-10-08 16:00:00,0,0,0,409.2165340169272
2025-10-08 17:00:00,0,0,0,317.2154516601563
2025-10-08 18:00:00,0,0,1,226.1988427734375
2025-10-08 19:00:00,0,0,1,192.68221110026036
2025-10-08 20:00:00,0,0,1,242.83039225260416
2025-10-08 21:00:00,0,0,1,330.6528198242188
2025-10-08 22:00:00,0,0,1,396.2234008789062
2025-10-08 23:00:00,0,0,1,446.9240804036458
2025-10-09 00:00:00,0,0,0,479.82367594401035
2025-10-09 01:00:00,0,0,0,499.3935937499999
2025-10-09 02:00:00,0,0,0,502.58100097656256
2025-10-09 03:00:00,0,0,0,499.3895239257813
2025-10-09 04:00:00,0,0,0,490.26885416666664
2025-10-09 05:00:00,0,0,0,472.71234212239574
2025-10-09 06:00:00,0,0,0,448.7563484700521
2025-10-09 07:00:00,0,0,0,420.74373535156246
2025-10-09 08:00:00,0,0,0,406.9405371093749
2025-10-09 09:00:00,0,0,0,404.6832682291665
2025-10-09 10:00:00,0,0,0,407.1695166015627
2025-10-09 11:00:00,0,0,0,426.87921468098966
2025-10-09 12:00:00,0,0,0,434.25311442057296
2025-10-09 13:00:00,0,0,0,434.43357096354157
2025-10-09 14:00:00,0,0,0,439.0066861979167
2025-10-09 15:00:00,0,0,0,428.58535807291673
2025-10-09 16:00:00,0,0,0,382.43560302734386
2025-10-09 17:00:00,0,0,0,289.9512776692709
2025-10-09 18:00:00,0,0,1,205.4520133463542
2025-10-09 19:00:00,0,0,2,174.05553059895828
2025-10-09 20:00:00,0,0,1,224.0610644531249
2025-10-09 21:00:00,0,0,1,317.8002783203125
2025-10-09 22:00:00,0,0,1,389.18620361328124
2025-10-09 23:00:00,0,0,1,443.0583382161458
2025-10-10 00:00:00,0,0,0,491.53909586588554
2025-10-10 01:00:00,0,0,0,511.28864176432285
2025-10-10 02:00:00,0,0,0,515.2852368164063
2025-10-10 03:00:00,0,0,0,510.80523071289065
2025-10-10 04:00:00,0,0,0,501.85738199869786
2025-10-10 05:00:00,0,0,0,485.56415852864586
2025-10-10 06:00:00,0,0,0,458.6660205078125
2025-10-10 07:00:00,0,0,0,415.1049812825522
2025-10-10 08:00:00,0,0,0,381.2135302734375
2025-10-10 09:00:00,0,0,0,361.71856933593745
2025-10-10 10:00:00,0,0,0,346.1907869466147
2025-10-10 11:00:00,0,0,0,344.7484195963543
2025-10-10 12:00:00,0,0,0,351.6140958658855
2025-10-10 13:00:00,0,0,0,347.61740478515617
2025-10-10 14:00:00,0,0,0,373.02777832031256
2025-10-10 15:00:00,0,0,0,388.2603621419271
2025-10-10 16:00:00,0,0,0,368.3150268554689
2025-10-10 17:00:00,0,0,0,296.66132405598955
2025-10-10 18:00:00,0,0,1,223.51644856770838
2025-10-10 19:00:00,0,0,1,197.23976888020832
2025-10-10 20:00:00,0,0,1,248.77114095052082
2025-10-10 21:00:00,0,0,1,333.8262768554688
2025-10-10 22:00:00,0,0,1,400.6987101236979
2025-10-10 23:00:00,0,0,1,453.3202107747396
2025-10-11 00:00:00,0,0,0,493.96674641927086
2025-10-11 01:00:00,0,0,0,507.45365681966143
2025-10-11 02:00:00,0,0,0,509.1495222981771
2025-10-11 03:00:00,0,0,0,505.73723388671874
2025-10-11 04:00:00,0,0,0,500.2335441080729
2025-10-11 05:00:00,0,0,0,487.153564453125
2025-10-11 06:00:00,0,0,0,462.2172859700521
2025-10-11 07:00:00,0,0,0,421.9693505859375
2025-10-11 08:00:00,0,0,0,383.726533203125
2025-10-11 09:00:00,0,0,0,349.500772298177
2025-10-11 10:00:00,0,0,0,335.4735384114583
2025-10-11 11:00:00,0,0,0,336.9500651041667
2025-10-11 12:00:00,0,0,0,326.3013680013021
2025-10-11 13:00:00,0,0,0,338.5579638671875
2025-10-11 14:00:00,0,0,0,361.5430745442709
2025-10-11 15:00:00,0,0,0,392.2288932291667
2025-10-11 16:00:00,0,0,0,375.31767985026045
2025-10-11 17:00:00,0,0,0,319.5516373697917
2025-10-11 18:00:00,0,0,1,255.37574788411462
2025-10-11 19:00:00,0,0,1,229.16571207682296
2025-10-11 20:00:00,0,0,1,278.4333553059896
2025-10-11 21:00:00,0,0,1,352.72736572265626
2025-10-11 22:00:00,0,0,1,410.3847607421875
2025-10-11 23:00:00,0,0,1,459.0384505208333
2025-10-12 00:00:00,0,0,0,515.8073608398438
2025-10-12 01:00:00,0,0,0,527.6153304036458
2025-10-12 02:00:00,0,0,0,529.3468294270834
2025-10-12 03:00:00,0,0,0,526.5364282226562
2025-10-12 04:00:00,0,0,0,517.77240234375
2025-10-12 05:00:00,0,0,0,501.95404215494796
2025-10-12 06:00:00,0,0,0,476.05368408203117
2025-10-12 07:00:00,0,0,0,432.83172200520835
2025-10-12 08:00:00,0,0,0,391.30878824869797
2025-10-12 09:00:00,0,0,0,366.01983154296886
2025-10-12 10:00:00,0,0,0,362.21517496744787
2025-10-12 11:00:00,0,0,0,377.62493652343755
2025-10-12 12:00:00,0,0,0,386.6750830078124
2025-10-12 13:00:00,0,0,0,395.31718098958345
2025-10-12 14:00:00,0,0,0,407.35137776692704
2025-10-12 15:00:00,0,0,0,421.37201497395836
2025-10-12 16:00:00,0,0,0,400.1415120442707
2025-10-12 17:00:00,0,0,0,337.5711946614583
2025-10-12 18:00:00,0,0,1,268.5905509440105
2025-10-12 19:00:00,0,0,1,245.10312662760418
2025-10-12 20:00:00,0,0,1,293.2662044270834
2025-10-12 21:00:00,0,0,1,365.5307885742187
2025-10-12 22:00:00,0,0,1,420.7907421875001
2025-10-12 23:00:00,0,0,1,469.93058186848964
2025-10-13 00:00:00,0,0,0,525.9864034016927
2025-10-13 01:00:00,0,0,0,539.4134016927084
2025-10-13 02:00:00,0,0,0,539.495751546224
2025-10-13 03:00:00,0,0,0,533.8778934733073
2025-10-13 04:00:00,0,0,0,526.3087662760416
2025-10-13 05:00:00,0,0,0,511.6101220703125
2025-10-13 06:00:00,0,0,0,481.60613184697206
2025-10-13 07:00:00,0,0,0,446.15983561197913
2025-10-13 08:00:00,0,0,0,421.58183024088544
2025-10-13 09:00:00,0,0,0,403.1864062499999
2025-10-13 10:00:00,0,0,0,389.0743489583333
2025-10-13 11:00:00,0,0,0,439.58283284505205
2025-10-13 12:00:00,0,0,0,414.93148274739565
2025-10-13 13:00:00,0,0,0,445.1446647135417
2025-10-13 14:00:00,0,0,0,457.81599283854166
2025-10-13 15:00:00,0,0,0,456.7428092447917
2025-10-13 16:00:00,0,0,0,407.6056062825521
2025-10-13 17:00:00,0,0,0,320.45602376302077
2025-10-13 18:00:00,0,0,1,243.60267578125
2025-10-13 19:00:00,0,0,1,226.0313655598959
2025-10-13 20:00:00,0,0,1,283.6175602213541
2025-10-13 21:00:00,0,0,1,362.2692732747396
2025-10-13 22:00:00,0,0,1,420.9491300455728
2025-10-13 23:00:00,0,0,1,468.58990559895824
2025-10-14 00:00:00,0,0,0,367.9848429361979
2025-10-14 01:00:00,0,0,0,387.5805371093751
2025-10-14 02:00:00,0,0,0,392.2754231770833
2025-10-14 03:00:00,0,0,0,386.4693709309896
2025-10-14 04:00:00,0,0,0,380.46879801432294
2025-10-14 05:00:00,0,0,0,364.20502441406256
2025-10-14 06:00:00,0,0,0,331.43014241536457
2025-10-14 07:00:00,0,0,0,289.9499072265626
2025-10-14 08:00:00,0,0,0,263.15361246744783
2025-10-14 09:00:00,0,0,0,263.87675537109374
2025-10-14 10:00:00,0,0,0,233.73745198567713
2025-10-14 11:00:00,0,0,0,271.47721028645833
2025-10-14 12:00:00,0,0,0,267.5450724283854
2025-10-14 13:00:00,0,0,0,282.61046986725364
2025-10-14 14:00:00,0,0,0,288.15192382812506
2025-10-14 15:00:00,0,0,0,301.54447998046874
2025-10-14 16:00:00,0,0,0,268.92327473958335
2025-10-14 17:00:00,0,0,1,177.67271746446863
2025-10-14 18:00:00,0,0,2,97.70883463541657
2025-10-14 19:00:00,0,0,2,76.48219156901041
2025-10-14 20:00:00,0,0,2,137.67484781901044
2025-10-14 21:00:00,0,0,1,225.46613118489586
2025-10-14 22:00:00,0,0,1,285.8038216145833
2025-10-14 23:00:00,0,0,1,333.02762858072913
2025-10-15 00:00:00,0,0,1,362.0449552408853
2025-10-15 01:00:00,0,0,1,380.65692138671875
2025-10-15 02:00:00,0,0,1,381.5315991210938
2025-10-15 03:00:00,0,0,1,378.3165372721354
2025-10-15 04:00:00,0,0,1,370.9712239583333
2025-10-15 05:00:00,0,0,1,354.60038574218754
2025-10-15 06:00:00,0,0,1,325.02778889973956
2025-10-15 07:00:00,0,0,1,294.2312239583333
2025-10-15 08:00:00,0,0,1,284.46542724609367
2025-10-15 09:00:00,0,0,1,285.68268229166665
2025-10-15 10:00:00,0,0,1,291.4453011067708
2025-10-15 11:00:00,0,0,1,308.3914388020835
2025-10-15 12:00:00,0,0,1,315.93352213541675
2025-10-15 13:00:00,0,0,1,319.8260359700521
2025-10-15 14:00:00,0,0,1,330.72197021484385
2025-10-15 15:00:00,0,0,1,319.4330696614584
2025-10-15 16:00:00,0,0,1,266.78009928385416
2025-10-15 17:00:00,0,0,2,167.49685953776043
2025-10-15 18:00:00,0,0,3,87.83639078776048
2025-10-15 19:00:00,0,0,3,66.54938802083336
2025-10-15 20:00:00,0,0,3,125.34116373697918
2025-10-15 21:00:00,0,0,2,210.3648828125
2025-10-15 22:00:00,0,0,2,269.0931551106771
2025-10-15 23:00:00,0,0,2,318.95041178385407
2025-10-16 00:00:00,0,0,0,417.40913452148436
2025-10-16 01:00:00,0,0,0,427.66510538736986
2025-10-16 02:00:00,0,0,0,425.3048270670573
2025-10-16 03:00:00,0,0,0,417.41008300781255
2025-10-16 04:00:00,0,0,0,406.08121500651043
2025-10-16 05:00:00,0,0,0,390.44523071289063
2025-10-16 06:00:00,0,0,0,365.1866422526042
2025-10-16 07:00:00,0,0,0,327.2139713541667
2025-10-16 08:00:00,0,0,0,313.8381494140625
2025-10-16 09:00:00,0,0,0,322.34442708333324
2025-10-16 10:00:00,0,0,0,321.67267171223966
2025-10-16 11:00:00,0,0,0,298.36039306640623
2025-10-16 12:00:00,0,0,0,343.4528548177084
2025-10-16 13:00:00,0,0,0,326.27921305338543
2025-10-16 14:00:00,0,0,0,326.8374202473958
2025-10-16 15:00:00,0,0,0,351.505869140625
2025-10-16 16:00:00,0,0,0,311.48885579427076
2025-10-16 17:00:00,0,0,0,238.92343424479168
2025-10-16 18:00:00,0,0,2,168.85476643880213
2025-10-16 19:00:00,0,0,2,148.3277522786459
2025-10-16 20:00:00,0,0,1,200.12163085937505
2025-10-16 21:00:00,0,0,1,269.3128686523437
2025-10-16 22:00:00,0,0,1,318.22941813151044
2025-10-16 23:00:00,0,0,1,355.037110188802
2025-10-17 00:00:00,0,0,0,363.00265380859366
2025-10-17 01:00:00,0,0,0,382.13058308919267
2025-10-17 02:00:00,0,0,0,386.81669637044274
2025-10-17 03:00:00,0,0,0,384.37016113281254
2025-10-17 04:00:00,0,0,0,378.0123364257813
2025-10-17 05:00:00,0,0,0,360.68401041666664
2025-10-17 06:00:00,0,0,0,334.80499674479165
2025-10-17 07:00:00,0,0,0,297.07097086588544
2025-10-17 08:00:00,0,0,0,260.816396484375
2025-10-17 09:00:00,0,0,0,253.3702490234375
2025-10-17 10:00:00,0,0,0,253.05573811848967
2025-10-17 11:00:00,0,0,0,248.09858072916666
2025-10-17 12:00:00,0,0,0,267.76139404296873
2025-10-17 13:00:00,0,0,0,283.809784342448
2025-10-17 14:00:00,0,0,0,328.6703068033854
2025-10-17 15:00:00,0,0,0,317.52691569010403
2025-10-17 16:00:00,0,0,0,278.1651407877604
2025-10-17 17:00:00,0,0,0,196.99541503906255
2025-10-17 18:00:00,0,0,2,124.19851074218752
2025-10-17 19:00:00,0,0,2,102.03630371093755
2025-10-17 20:00:00,0,0,2,162.4757063802083
2025-10-17 21:00:00,0,0,1,243.62723388671873
2025-10-17 22:00:00,0,0,1,293.9316251627604
2025-10-17 23:00:00,0,0,1,332.65303548177087
2025-10-18 00:00:00,0,0,0,356.98349609375
2025-10-18 01:00:00,0,0,0,375.16080485026043
2025-10-18 02:00:00,0,0,0,376.7317106119791
2025-10-18 03:00:00,0,0,0,373.67276570638023
2025-10-18 04:00:00,0,0,0,310.66692097981775
2025-10-18 05:00:00,0,0,0,286.68758463541667
2025-10-18 06:00:00,0,0,0,262.46492187499996
2025-10-18 07:00:00,0,0,0,229.87331136067712
2025-10-18 08:00:00,0,0,0,219.2806502278646
2025-10-18 09:00:00,0,0,0,218.96515625000006
2025-10-18 10:00:00,0,0,0,229.87465250651042
2025-10-18 11:00:00,0,0,0,252.4097778320313
2025-10-18 12:00:00,0,0,0,264.5203938802083
2025-10-18 13:00:00,0,0,0,277.0137581380209
2025-10-18 14:00:00,0,0,0,285.9886149088542
2025-10-18 15:00:00,0,0,0,274.49043375651036
2025-10-18 16:00:00,0,0,0,224.38459065755217
2025-10-18 17:00:00,0,0,1,132.25748209635412
2025-10-18 18:00:00,0,0,2,58.810375162760465
2025-10-18 19:00:00,0,0,2,41.51224690755214
2025-10-18 20:00:00,0,0,2,105.75768310546869
2025-10-18 21:00:00,0,0,2,181.0614021809895
2025-10-18 22:00:00,0,0,1,228.92988199869797
2025-10-18 23:00:00,0,0,1,267.50217122395827
2025-10-19 00:00:00,0,0,0,312.31539550781247
2025-10-19 01:00:00,0,0,0,324.20707478841143
2025-10-19 02:00:00,0,0,0,322.77323649088544
2025-10-19 03:00:00,0,0,0,320.7133740234375
2025-10-19 04:00:00,0,0,0,315.550058186849
2025-10-19 05:00:00,0,0,0,302.7997676595053
2025-10-19 06:00:00,0,0,0,275.75664469401045
2025-10-19 07:00:00,0,0,0,242.43057373046872
2025-10-19 08:00:00,0,0,0,237.01055908203125
2025-10-19 09:00:00,0,0,0,240.3491284179688
2025-10-19 10:00:00,0,0,0,250.31163411458328
2025-10-19 11:00:00,0,0,0,274.5175960286459
2025-10-19 12:00:00,0,0,0,284.98393961588545
2025-10-19 13:00:00,0,0,0,291.01676676432294
2025-10-19 14:00:00,0,0,0,298.33872233072907
2025-10-19 15:00:00,0,0,0,340.81902587890625
2025-10-19 16:00:00,0,0,0,298.7529427083333
2025-10-19 17:00:00,0,0,0,205.7387980143228
2025-10-19 18:00:00,0,0,2,134.16339518229165
2025-10-19 19:00:00,0,0,2,120.2446354166666
2025-10-19 20:00:00,0,0,1,183.30202148437502
2025-10-19 21:00:00,0,0,1,257.2337467447917
2025-10-19 22:00:00,0,0,1,302.5437166341146
2025-10-19 23:00:00,0,0,1,344.5515006510417
2025-10-20 00:00:00,0,0,0,376.54022867838535
2025-10-20 01:00:00,0,0,0,390.23003946940105
2025-10-20 02:00:00,0,0,0,393.9582763671875
2025-10-20 03:00:00,0,0,0,390.5904341634115
2025-10-20 04:00:00,0,0,0,381.0738517252605
2025-10-20 05:00:00,0,0,0,367.35237223307297
2025-10-20 06:00:00,0,0,0,339.0167171223959
2025-10-20 07:00:00,0,0,0,301.8654956054687
2025-10-20 08:00:00,0,0,0,288.3516796875
2025-10-20 09:00:00,0,0,0,288.4703002929688
2025-10-20 10:00:00,0,0,0,299.8182202148437
2025-10-20 11:00:00,0,0,0,325.59488362630213
2025-10-20 12:00:00,0,0,0,334.33220214843755
2025-10-20 13:00:00,0,0,0,340.34331380208346
2025-10-20 14:00:00,0,0,0,350.07172526041666
2025-10-20 15:00:00,0,0,0,338.72953369140623
2025-10-20 16:00:00,0,0,0,288.9965706380208
2025-10-20 17:00:00,0,0,0,197.32853434244794
2025-10-20 18:00:00,0,0,2,122.05996175130201
2025-10-20 19:00:00,0,0,2,105.44296386718759
2025-10-20 20:00:00,0,0,2,172.13176432291664
2025-10-20 21:00:00,0,0,1,254.77070149739586
2025-10-20 22:00:00,0,0,1,303.22416503906254
2025-10-20 23:00:00,0,0,1,343.1990673828126
2025-10-21 00:00:00,0,0,0,366.82914632161453
2025-10-21 01:00:00,0,0,0,386.2281404622396
2025-10-21 02:00:00,0,0,0,390.43498616536453
2025-10-21 03:00:00,0,0,0,387.26228312174476
2025-10-21 04:00:00,0,0,0,376.35859334309896
2025-10-21 05:00:00,0,0,0,360.60342936197924
2025-10-21 06:00:00,0,0,0,334.6193823242188
2025-10-21 07:00:00,0,0,0,302.6987044270834
2025-10-21 08:00:00,0,0,0,294.56989908854166
2025-10-21 09:00:00,0,0,0,299.2476668294271
2025-10-21 10:00:00,0,0,0,305.0367472330729
2025-10-21 11:00:00,0,0,0,326.0526188151043
2025-10-21 12:00:00,0,0,0,339.753661295573
2025-10-21 13:00:00,0,0,0,353.35712809244797
2025-10-21 14:00:00,0,0,0,364.33171793619795
2025-10-21 15:00:00,0,0,0,345.55855305989587
2025-10-21 16:00:00,0,0,0,287.8490958658855
2025-10-21 17:00:00,0,0,0,194.87702636718757
2025-10-21 18:00:00,0,0,2,125.86417561848964
2025-10-21 19:00:00,0,0,2,111.6601497395834
2025-10-21 20:00:00,0,0,2,175.64070638020837
2025-10-21 21:00:00,0,0,1,252.31588134765627
2025-10-21 22:00:00,0,0,1,300.43938639322914
2025-10-21 23:00:00,0,0,1,340.2819555664063
2025-10-22 00:00:00,0,0,0,366.12668294270827
2025-10-22 01:00:00,0,0,0,382.9485864257812
2025-10-22 02:00:00,0,0,0,386.9398229980469
2025-10-22 03:00:00,0,0,0,383.02243326822907
2025-10-22 04:00:00,0,0,0,376.46906982421876
2025-10-22 05:00:00,0,0,0,364.6614884440104
2025-10-22 06:00:00,0,0,0,338.92950358072915
2025-10-22 07:00:00,0,0,0,305.3432454427083
2025-10-22 08:00:00,0,0,0,296.5323502604166
2025-10-22 09:00:00,0,0,0,302.2663395182291
2025-10-22 10:00:00,0,0,0,318.1815218098958
2025-10-22 11:00:00,0,0,0,345.79325927734385
2025-10-22 12:00:00,0,0,0,361.3885677083333
2025-10-22 13:00:00,0,0,0,366.64629475911465
2025-10-22 14:00:00,0,0,0,369.77163736979173
2025-10-22 15:00:00,0,0,0,354.1870483398437
2025-10-22 16:00:00,0,0,0,304.3132055664063
2025-10-22 17:00:00,0,0,0,219.19090983072908
2025-10-22 18:00:00,0,0,2,152.68083740234374
2025-10-22 19:00:00,0,0,2,140.73506266276047
2025-10-22 20:00:00,0,0,1,194.84027750651035
2025-10-22 21:00:00,0,0,1,259.7147151692709
2025-10-22 22:00:00,0,0,1,304.0825113932292
2025-10-22 23:00:00,0,0,1,342.440332845052
2025-10-23 00:00:00,0,0,0,358.0882584635417
2025-10-23 01:00:00,0,0,0,372.0416023763021
2025-10-23 02:00:00,0,0,0,374.5285762532552
2025-10-23 03:00:00,0,0,0,368.55023844401035
2025-10-23 04:00:00,0,0,0,360.17842041015626
2025-10-23 05:00:00,0,0,0,345.1470939127605
2025-10-23 06:00:00,0,0,0,315.88274088541664
2025-10-23 07:00:00,0,0,0,280.28010498046876
2025-10-23 08:00:00,0,0,0,269.2785432942709
2025-10-23 09:00:00,0,0,0,267.3432503255209
2025-10-23 10:00:00,0,0,0,275.3797526041667
2025-10-23 11:00:00,0,0,0,297.94144531250004
2025-10-23 12:00:00,0,0,0,313.2848006184897
2025-10-23 13:00:00,0,0,0,324.5550195312501
2025-10-23 14:00:00,0,0,0,334.25690348307296
2025-10-23 15:00:00,0,0,0,317.9170922851563
2025-10-23 16:00:00,0,0,0,262.4847086588542
2025-10-23 17:00:00,0,0,1,166.9681323242188
2025-10-23 18:00:00,0,0,2,93.49566731770824
2025-10-23 19:00:00,0,0,2,81.43043375651041
2025-10-23 20:00:00,0,0,2,155.10891845703134
2025-10-23 21:00:00,0,0,1,235.87138671875005
2025-10-23 22:00:00,0,0,1,280.65264322916664
2025-10-23 23:00:00,0,0,1,322.80754475911453
2025-10-24 00:00:00,0,0,0,361.26513671875
2025-10-24 01:00:00,0,0,0,375.07230997721354
2025-10-24 02:00:00,0,0,0,378.26386840820317
2025-10-24 03:00:00,0,0,0,372.70440104166664
2025-10-24 04:00:00,0,0,0,361.127431640625
2025-10-24 05:00:00,0,0,0,345.26923177083336
2025-10-24 06:00:00,0,0,0,316.12397786458337
2025-10-24 07:00:00,0,0,0,276.0078385416666
2025-10-24 08:00:00,0,0,0,264.1123095703125
2025-10-24 09:00:00,0,0,0,261.43722167968747
2025-10-24 10:00:00,0,0,0,270.7270068359376
2025-10-24 11:00:00,0,0,0,294.45817138671873
2025-10-24 12:00:00,0,0,0,306.6938663736978
2025-10-24 13:00:00,0,0,0,316.38009195963537
2025-10-24 14:00:00,0,0,0,327.8844156901041
2025-10-24 15:00:00,0,0,0,310.97783284505203
2025-10-24 16:00:00,0,0,0,256.99322184244795
2025-10-24 17:00:00,0,0,1,159.37338216145838
2025-10-24 18:00:00,0,0,2,88.96600748697915
2025-10-24 19:00:00,0,0,2,82.81337239583331
2025-10-24 20:00:00,0,0,2,160.59602620442706
2025-10-24 21:00:00,0,0,1,242.0269637044271
2025-10-24 22:00:00,0,0,1,291.02059407552076
2025-10-24 23:00:00,0,0,1,329.83808919270837
2025-10-25 00:00:00,0,0,0,362.31477783203127
2025-10-25 01:00:00,0,0,0,376.20846842447907
2025-10-25 02:00:00,0,0,0,378.01689900716144
2025-10-25 03:00:00,0,0,0,376.64191243489586
2025-10-25 04:00:00,0,0,0,369.73518636067706
2025-10-25 05:00:00,0,0,0,350.83329915364584
2025-10-25 06:00:00,0,0,0,323.3448453776041
2025-10-25 07:00:00,0,0,0,288.6646883138021
2025-10-25 08:00:00,0,0,0,279.9373461914063
2025-10-25 09:00:00,0,0,0,281.585830078125
2025-10-25 10:00:00,0,0,0,291.64263346354164
2025-10-25 11:00:00,0,0,0,315.9224820963541
2025-10-25 12:00:00,0,0,0,329.7425268554689
2025-10-25 13:00:00,0,0,0,337.2924837239584
2025-10-25 14:00:00,0,0,0,345.8637858072916
2025-10-25 15:00:00,0,0,0,331.8613647460937
2025-10-25 16:00:00,0,0,0,276.633596287959
2025-10-25 17:00:00,0,0,0,182.35038655598964
2025-10-25 18:00:00,0,0,2,115.5551822916666
2025-10-25 19:00:00,0,0,2,108.73031901041657
2025-10-25 20:00:00,0,0,2,175.7996809895833
2025-10-25 21:00:00,0,0,1,247.6695532226563
2025-10-25 22:00:00,0,0,1,289.6915120442708
2025-10-25 23:00:00,0,0,1,330.03031738281254
2025-10-26 00:00:00,0,0,0,385.07778889973963
2025-10-26 01:00:00,0,0,0,395.0023079427083
2025-10-26 02:00:00,0,0,0,392.97475748697923
2025-10-26 03:00:00,0,0,0,387.46624877929696
2025-10-26 04:00:00,0,0,0,379.73226969401037
2025-10-26 05:00:00,0,0,0,366.14678466796875
2025-10-26 06:00:00,0,0,0,334.48410074869787
2025-10-26 07:00:00,0,0,0,297.11957519531245
2025-10-26 08:00:00,0,0,0,287.6973575846355
2025-10-26 09:00:00,0,0,0,288.7420703125
2025-10-26 10:00:00,0,0,0,296.7443717447916
2025-10-26 11:00:00,0,0,0,325.27494384765623
2025-10-26 12:00:00,0,0,0,342.4820678710937
2025-10-26 13:00:00,0,0,0,351.81789143880223
2025-10-26 14:00:00,0,0,0,360.2661450195312
2025-10-26 15:00:00,0,0,0,345.4515218098959
2025-10-26 16:00:00,0,0,0,291.8108113606771
2025-10-26 17:00:00,0,0,0,201.4290779622396
2025-10-26 18:00:00,0,0,2,138.52934977213545
2025-10-26 19:00:00,0,0,2,132.71208658854164
2025-10-26 20:00:00,0,0,1,195.70260416666667
2025-10-26 21:00:00,0,0,1,259.9304239908854
2025-10-26 22:00:00,0,0,1,299.18889322916664
2025-10-26 23:00:00,0,0,1,338.19271158854167
2025-10-27 00:00:00,0,0,0,397.7557364908855
2025-10-27 01:00:00,0,0,0,407.7336555989583
2025-10-27 02:00:00,0,0,0,406.4094222005208
2025-10-27 03:00:00,0,0,0,402.44833618164057
2025-10-27 04:00:00,0,0,0,394.2022941080729
2025-10-27 05:00:00,0,0,0,378.8294620768229
2025-10-27 06:00:00,0,0,0,343.1920263671875
2025-10-27 07:00:00,0,0,0,305.55498372395834
2025-10-27 08:00:00,0,0,0,290.5840852864584
2025-10-27 09:00:00,0,0,0,284.8301961263021
2025-10-27 10:00:00,0,0,0,292.5316992187501
2025-10-27 11:00:00,0,0,0,318.219940592448
2025-10-27 12:00:00,0,0,0,331.7026147460938
2025-10-27 13:00:00,0,0,0,346.2133862304688
2025-10-27 14:00:00,0,0,0,356.75859537760425
2025-10-27 15:00:00,0,0,0,339.6183919270834
2025-10-27 16:00:00,0,0,0,284.87456217447914
2025-10-27 17:00:00,0,0,0,191.41192952473966
2025-10-27 18:00:00,0,0,2,126.85777750651039
2025-10-27 19:00:00,0,0,2,123.55632649739584
2025-10-27 20:00:00,0,0,1,195.96852539062502
2025-10-27 21:00:00,0,0,1,267.62532145182297
2025-10-27 22:00:00,0,0,1,309.7559643554688
2025-10-27 23:00:00,0,0,1,346.55855387369786
2025-10-28 00:00:00,0,0,0,372.2867366536459
2025-10-28 01:00:00,0,0,0,388.3503474934896
2025-10-28 02:00:00,0,0,0,389.31283203124997
2025-10-28 03:00:00,0,0,0,381.43010091145834
2025-10-28 04:00:00,0,0,0,374.573994140625
2025-10-28 05:00:00,0,0,0,356.63398030598955
2025-10-28 06:00:00,0,0,0,322.79060221354166
2025-10-28 07:00:00,0,0,0,280.42181803385415
2025-10-28 08:00:00,0,0,0,262.1831038411458
2025-10-28 09:00:00,0,0,0,258.546748860677
2025-10-28 10:00:00,0,0,0,266.8905029296874
2025-10-28 11:00:00,0,0,0,287.0638224283854
2025-10-28 12:00:00,0,0,0,299.5783829752604
2025-10-28 13:00:00,0,0,0,307.8891398111979
2025-10-28 14:00:00,0,0,0,320.68083496093743
2025-10-28 15:00:00,0,0,0,307.6186263020834
2025-10-28 16:00:00,0,0,0,253.46880045572914
2025-10-28 17:00:00,0,0,1,158.0678767903646
2025-10-28 18:00:00,0,0,2,92.09832600911454
2025-10-28 19:00:00,0,0,2,89.74795084635423
2025-10-28 20:00:00,0,0,2,168.76925130208326
2025-10-28 21:00:00,0,0,1,247.1330436197917
2025-10-28 22:00:00,0,0,1,291.11983072916667
2025-10-28 23:00:00,0,0,1,332.262207845052
2025-10-29 00:00:00,0,0,0,370.12802571614577
2025-10-29 01:00:00,0,0,0,384.3440877278646
2025-10-29 02:00:00,0,0,0,384.88862792968746
2025-10-29 03:00:00,0,0,0,379.76130533854166
2025-10-29 04:00:00,0,0,0,373.08307291666665
2025-10-29 05:00:00,0,0,0,357.2063899739584
2025-10-29 06:00:00,0,0,0,327.8228662109375
2025-10-29 07:00:00,0,0,0,286.51852457682287
2025-10-29 08:00:00,0,0,0,271.541768391927
2025-10-29 09:00:00,0,0,0,270.44025472005205
2025-10-29 10:00:00,0,0,0,280.5488598632812
2025-10-29 11:00:00,0,0,0,298.39494547526033
2025-10-29 12:00:00,0,0,0,311.886943359375
2025-10-29 13:00:00,0,0,0,326.0188069661458
2025-10-29 14:00:00,0,0,0,338.09575927734375
2025-10-29 15:00:00,0,0,0,323.45549072265624
2025-10-29 16:00:00,0,0,0,264.7870914713542
2025-10-29 17:00:00,0,0,1,171.75919921874993
2025-10-29 18:00:00,0,0,2,108.92886393229162
2025-10-29 19:00:00,0,0,2,104.46842447916663
2025-10-29 20:00:00,0,0,2,177.7978474934896
2025-10-29 21:00:00,0,0,1,250.27972330729176
2025-10-29 22:00:00,0,0,1,293.433974609375
2025-10-29 23:00:00,0,0,1,333.01765055338547
2025-10-30 00:00:00,0,0,0,362.4767716471355
2025-10-30 01:00:00,0,0,0,378.67671020507817
2025-10-30 02:00:00,0,0,0,381.6876017252604
2025-10-30 03:00:00,0,0,0,377.3655810546875
2025-10-30 04:00:00,0,0,0,371.44537760416665
2025-10-30 05:00:00,0,0,0,356.34040771484376
2025-10-30 06:00:00,0,0,0,327.45126790364577
2025-10-30 07:00:00,0,0,0,287.44099772135417
2025-10-30 08:00:00,0,0,0,271.36373372395826
2025-10-30 09:00:00,0,0,0,271.69232259114574
2025-10-30 10:00:00,0,0,0,279.6092431640624
2025-10-30 11:00:00,0,0,0,297.37398437499996
2025-10-30 12:00:00,0,0,0,313.7129768880209
2025-10-30 13:00:00,0,0,0,325.7740437825521
2025-10-30 14:00:00,0,0,0,337.58134033203123
2025-10-30 15:00:00,0,0,0,323.4211238606771
2025-10-30 16:00:00,0,0,0,268.0348063151042
2025-10-30 17:00:00,0,0,1,176.2768611653646
2025-10-30 18:00:00,0,1,2,112.6662516276042
2025-10-30 19:00:00,0,1,2,107.28800374348964
2025-10-30 20:00:00,0,0,1,183.3272623697917
2025-10-30 21:00:00,0,0,1,259.8730501302084
2025-10-30 22:00:00,0,0,1,299.86259684244794
2025-10-30 23:00:00,0,0,1,335.26532470703125
2025-10-31 00:00:00,0,0,0,363.1357364908854
2025-10-31 01:00:00,0,0,0,377.4215120442709
2025-10-31 02:00:00,0,0,0,378.73738077799476
2025-10-31 03:00:00,0,0,0,375.0116931152344
2025-10-31 04:00:00,0,0,0,368.3914876302083
2025-10-31 05:00:00,0,0,0,350.45806966145824
2025-10-31 06:00:00,0,0,0,325.6703149414062
2025-10-31 07:00:00,0,0,0,286.30258626302077
2025-10-31 08:00:00,0,0,0,265.6464672851563
2025-10-31 09:00:00,0,0,0,261.9267447916667
2025-10-31 10:00:00,0,0,0,270.96817057291673
2025-10-31 11:00:00,0,0,0,289.2854134114583
2025-10-31 12:00:00,0,0,0,299.44548258463533
2025-10-31 13:00:00,0,0,0,314.37042073567716
2025-10-31 14:00:00,0,0,0,329.82317382812505
2025-10-31 15:00:00,0,0,0,312.97744547526054
2025-10-31 16:00:00,0,0,0,250.6141365559896
2025-10-31 17:00:00,0,0,1,154.63666585286455
2025-10-31 18:00:00,0,1,2,96.4732690429687
2025-10-31 19:00:00,0,1,2,98.46024902343754
2025-10-31 20:00:00,0,0,1,180.4820768229166
2025-10-31 21:00:00,0,0,1,260.82635172526034
2025-10-31 22:00:00,0,0,1,304.04765950520834
2025-10-31 23:00:00,0,0,1,339.75193359375
2025-11-01 00:00:00,0,0,0,369.692509765625
2025-11-01 01:00:00,0,0,0,385.3532869466146
2025-11-01 02:00:00,0,0,0,389.3378621419271
2025-11-01 03:00:00,0,0,0,384.42402547200516
2025-11-01 04:00:00,0,0,0,374.40824584960933
2025-11-01 05:00:00,0,0,0,361.10761962890626
2025-11-01 06:00:00,0,0,0,334.23639811197916
2025-11-01 07:00:00,0,0,0,290.542451171875
2025-11-01 08:00:00,0,0,0,266.30708882304907
2025-11-01 09:00:00,0,0,0,259.3336189778646
2025-11-01 10:00:00,0,0,0,260.2673453776042
2025-11-01 11:00:00,0,0,0,270.3584895833334
2025-11-01 12:00:00,0,0,0,284.32815104166673
2025-11-01 13:00:00,0,0,0,303.14640380859373
2025-11-01 14:00:00,0,0,0,301.37238525390626
2025-11-01 15:00:00,0,0,0,286.05641520182303
2025-11-01 16:00:00,0,0,0,250.60282552083333
2025-11-01 17:00:00,0,0,1,167.58035807291662
2025-11-01 18:00:00,0,0,2,115.18439941406245
2025-11-01 19:00:00,0,0,2,115.30992187499999
2025-11-01 20:00:00,0,0,1,186.35757731119782
2025-11-01 21:00:00,0,0,1,254.25009033203116
2025-11-01 22:00:00,0,0,1,293.1925960286459
2025-11-01 23:00:00,0,0,1,329.7038793945313
2025-11-02 00:00:00,0,0,0,386.3337654622395
2025-11-02 01:00:00,0,0,0,395.51665934244784
2025-11-02 02:00:00,0,0,0,396.43328735351554
2025-11-02 03:00:00,0,0,0,390.6301521809895
2025-11-02 04:00:00,0,0,0,384.56987711588545
2025-11-02 05:00:00,0,0,0,371.44096720377604
2025-11-02 06:00:00,0,0,0,343.72979166666664
2025-11-02 07:00:00,0,0,0,305.3361531575521
2025-11-02 08:00:00,0,0,0,284.21174316406257
2025-11-02 09:00:00,0,0,0,284.6995678710937
2025-11-02 10:00:00,0,0,0,288.56267740885414
2025-11-02 11:00:00,0,0,0,318.24555826822916
2025-11-02 12:00:00,0,0,0,333.5615340169271
2025-11-02 13:00:00,0,0,0,317.43134684244797
2025-11-02 14:00:00,0,0,0,333.8297403971354
2025-11-02 15:00:00,0,0,0,322.5027945963542
2025-11-02 16:00:00,0,0,0,273.09880615234374
2025-11-02 17:00:00,0,0,0,198.27984863281256
2025-11-02 18:00:00,0,0,2,150.66666585286464
2025-11-02 19:00:00,0,0,2,151.14593587239574
2025-11-02 20:00:00,0,0,1,212.77520182291664
2025-11-02 21:00:00,0,0,1,272.32549560546875
2025-11-02 22:00:00,0,0,1,310.7123893229167
2025-11-02 23:00:00,0,0,1,348.4511905924479
2025-11-03 00:00:00,0,0,0,388.75334269205734
2025-11-03 01:00:00,0,0,0,400.02066813151043
2025-11-03 02:00:00,0,0,0,398.3363972981771
2025-11-03 03:00:00,0,0,0,394.1319466145833
2025-11-03 04:00:00,0,0,0,389.1203434244792
2025-11-03 05:00:00,0,0,0,376.1159611002604
2025-11-03 06:00:00,0,0,0,344.79694010416665
2025-11-03 07:00:00,0,0,0,296.5653499348957
2025-11-03 08:00:00,0,0,0,270.8636254882812
2025-11-03 09:00:00,0,0,0,252.5172176106771
2025-11-03 10:00:00,0,0,0,250.0340494791667
2025-11-03 11:00:00,0,0,0,259.49142089843747
2025-11-03 12:00:00,0,0,0,287.0595442708334
2025-11-03 13:00:00,0,0,0,281.7768668619791
2025-11-03 14:00:00,0,0,0,305.194482421875
2025-11-03 15:00:00,0,0,0,316.5598999023438
2025-11-03 16:00:00,0,0,0,256.9453133138021
2025-11-03 17:00:00,0,0,1,174.05791666666664
2025-11-03 18:00:00,0,0,2,119.35759602864584
2025-11-03 19:00:00,0,0,2,129.34530273437497
2025-11-03 20:00:00,0,0,1,208.46225423177077
2025-11-03 21:00:00,0,0,1,274.81378336588546
2025-11-03 22:00:00,0,0,1,310.8953898111979
2025-11-03 23:00:00,0,0,1,347.84354980468754
2025-11-04 00:00:00,0,0,0,366.1177026367187
2025-11-04 01:00:00,0,0,0,383.5793501790364
2025-11-04 02:00:00,0,0,0,383.7414388020833
2025-11-04 03:00:00,0,0,0,380.84037679036453
2025-11-04 04:00:00,0,0,0,375.8948099772135
2025-11-04 05:00:00,0,0,0,358.8741666666666
2025-11-04 06:00:00,0,0,0,327.5768929036458
2025-11-04 07:00:00,0,0,0,279.632598470052
2025-11-04 08:00:00,0,0,0,248.28204589843756
2025-11-04 09:00:00,0,0,0,251.24515380859373
2025-11-04 10:00:00,0,0,0,250.86135253906252
2025-11-04 11:00:00,0,0,0,226.15728108723954
2025-11-04 12:00:00,0,0,0,267.763417154948
2025-11-04 13:00:00,0,0,0,285.16801350911453
2025-11-04 14:00:00,0,0,0,308.07499023437504
2025-11-04 15:00:00,0,0,0,284.53800455729163
2025-11-04 16:00:00,0,0,0,234.4056201171876
2025-11-04 17:00:00,0,0,1,146.69147949218757
2025-11-04 18:00:00,0,0,2,94.48625162760413
2025-11-04 19:00:00,0,0,2,105.04153483072912
2025-11-04 20:00:00,0,0,1,187.69918538411468
2025-11-04 21:00:00,0,0,1,262.4328694661458
2025-11-04 22:00:00,0,0,1,304.1106087239583
2025-11-04 23:00:00,0,0,1,341.29692545572914
2025-11-05 00:00:00,0,0,0,366.54400390625005
2025-11-05 01:00:00,0,0,0,378.65104817708334
2025-11-05 02:00:00,0,0,0,382.39644368489587
2025-11-05 03:00:00,0,0,0,380.5173225911458
2025-11-05 04:00:00,0,0,0,374.0610282389323
2025-11-05 05:00:00,0,0,0,358.16521158854164
2025-11-05 06:00:00,0,0,0,328.9775260416667
2025-11-05 07:00:00,0,0,0,283.98700927734376
2025-11-05 08:00:00,0,0,0,254.48579671223956
2025-11-05 09:00:00,0,0,0,243.61284667968744
2025-11-05 10:00:00,0,0,0,230.9080607096355
2025-11-05 11:00:00,0,0,0,238.60079915364588
2025-11-05 12:00:00,0,0,0,267.5801684570313
2025-11-05 13:00:00,0,0,0,271.14998209635417
2025-11-05 14:00:00,0,0,0,286.58806884765636
2025-11-05 15:00:00,0,0,0,276.7764819335938
2025-11-05 16:00:00,0,0,0,228.05036702473956
2025-11-05 17:00:00,0,0,1,141.70953938802086
2025-11-05 18:00:00,0,0,2,93.00313151041667
2025-11-05 19:00:00,0,0,2,106.04720621744798
2025-11-05 20:00:00,0,0,1,189.3824324544271
2025-11-05 21:00:00,0,0,1,262.6751725260417
2025-11-05 22:00:00,0,0,1,299.9954866536459
2025-11-05 23:00:00,0,0,1,337.0549169921875
2025-11-06 00:00:00,0,0,0,373.75960042317706
2025-11-06 01:00:00,0,0,0,387.14300821940094
2025-11-06 02:00:00,0,0,0,386.67552734375
2025-11-06 03:00:00,0,0,0,381.1768790690105
2025-11-06 04:00:00,0,0,0,373.8081193033854
2025-11-06 05:00:00,0,0,0,356.16801676432294
2025-11-06 06:00:00,0,0,0,325.1619832356771
2025-11-06 07:00:00,0,0,0,280.0023274739583
2025-11-06 08:00:00,0,0,0,248.54607747395835
2025-11-06 09:00:00,0,0,0,243.36382893880204
2025-11-06 10:00:00,0,0,0,243.4395882161458
2025-11-06 11:00:00,0,0,0,261.9034440104167
2025-11-06 12:00:00,0,0,0,264.0949788411458
2025-11-06 13:00:00,0,0,0,286.8925651041667
2025-11-06 14:00:00,0,0,0,305.50565511067714
2025-11-06 15:00:00,0,0,0,295.79852213541676
2025-11-06 16:00:00,0,0,0,238.8639119466145
2025-11-06 17:00:00,0,0,1,149.06645263671874
2025-11-06 18:00:00,0,0,2,97.02254069010417
2025-11-06 19:00:00,0,0,2,107.58475748697913
2025-11-06 20:00:00,0,0,1,191.85126057942716
2025-11-06 21:00:00,0,0,1,264.25241129557287
2025-11-06 22:00:00,0,0,1,302.8605045572916
2025-11-06 23:00:00,0,0,1,339.5363907877604
2025-11-07 00:00:00,0,0,0,371.15864827473956
2025-11-07 01:00:00,0,0,0,387.3001761881511
2025-11-07 02:00:00,0,0,0,389.72295613606764
2025-11-07 03:00:00,0,0,0,387.0859147135417
2025-11-07 04:00:00,0,0,0,378.39119954427076
2025-11-07 05:00:00,0,0,0,359.91217447916665
2025-11-07 06:00:00,0,0,0,331.97502197265624
2025-11-07 07:00:00,0,0,0,284.4410245768229
2025-11-07 08:00:00,0,0,0,264.92669270833335
2025-11-07 09:00:00,0,0,0,268.7761149088542
2025-11-07 10:00:00,0,0,0,281.64936523437495
2025-11-07 11:00:00,0,0,0,301.318369140625
2025-11-07 12:00:00,0,0,0,313.00223470052083
2025-11-07 13:00:00,0,0,0,324.8663224283854
2025-11-07 14:00:00,0,0,0,335.88030354817704
2025-11-07 15:00:00,0,0,0,314.78641601562504
2025-11-07 16:00:00,0,0,0,249.64045410156245
2025-11-07 17:00:00,0,0,1,158.7351106770833
2025-11-07 18:00:00,0,0,2,109.4161442057291
2025-11-07 19:00:00,0,0,2,119.24087809244782
2025-11-07 20:00:00,0,0,1,199.0479833984375
2025-11-07 21:00:00,0,0,1,269.7343676757812
2025-11-07 22:00:00,0,0,1,306.74699707031255
2025-11-07 23:00:00,0,0,1,338.72856445312505
2025-11-08 00:00:00,0,0,0,373.92857421875
2025-11-08 01:00:00,0,0,0,388.90520914713534
2025-11-08 02:00:00,0,0,0,392.5318668619791
2025-11-08 03:00:00,0,0,0,389.04123209635407
2025-11-08 04:00:00,0,0,0,385.3360774739583
2025-11-08 05:00:00,0,0,0,368.6976261393229
2025-11-08 06:00:00,0,0,0,341.4867138671875
2025-11-08 07:00:00,0,0,0,299.44620930989583
2025-11-08 08:00:00,0,0,0,287.6798071289063
2025-11-08 09:00:00,0,0,0,295.93685221354167
2025-11-08 10:00:00,0,0,0,310.4195890299478
2025-11-08 11:00:00,0,0,0,329.11568929036457
2025-11-08 12:00:00,0,0,0,337.7674886067708
2025-11-08 13:00:00,0,0,0,350.00419840494806
2025-11-08 14:00:00,0,0,0,355.3409114583334
2025-11-08 15:00:00,0,0,0,332.11076253255214
2025-11-08 16:00:00,0,0,0,270.87850016276036
2025-11-08 17:00:00,0,0,0,185.42791992187506
2025-11-08 18:00:00,0,0,2,140.45599039713534
2025-11-08 19:00:00,0,0,2,149.33894938151036
2025-11-08 20:00:00,0,0,1,220.12088378906253
2025-11-08 21:00:00,0,0,1,277.3870914713541
2025-11-08 22:00:00,0,0,1,306.3352278645833
2025-11-08 23:00:00,0,0,1,340.7844173177084
2025-11-09 00:00:00,0,0,0,393.66472086588544
2025-11-09 01:00:00,0,0,0,403.97262044270826
2025-11-09 02:00:00,0,0,0,404.5513781738281
2025-11-09 03:00:00,0,0,0,397.08601603190107
2025-11-09 04:00:00,0,0,0,388.9094213867188
2025-11-09 05:00:00,0,0,0,370.9798396809896
2025-11-09 06:00:00,0,0,0,339.7906583658854
2025-11-09 07:00:00,0,0,0,301.8668294270833
2025-11-09 08:00:00,0,0,0,290.6050056966146
2025-11-09 09:00:00,0,0,0,296.3476798502604
2025-11-09 10:00:00,0,0,0,309.95049479166664
2025-11-09 11:00:00,0,0,0,333.21865641276054
2025-11-09 12:00:00,0,0,0,347.7086344401042
2025-11-09 13:00:00,0,0,0,361.0462825520833
2025-11-09 14:00:00,0,0,0,368.0719392903645
2025-11-09 15:00:00,0,0,0,345.04865966796876
2025-11-09 16:00:00,0,0,0,287.71297688802076
2025-11-09 17:00:00,0,0,0,203.56283121744798
2025-11-09 18:00:00,0,0,2,159.08140462239578
2025-11-09 19:00:00,0,0,2,167.74704264322907
2025-11-09 20:00:00,0,0,1,237.4969401041667
2025-11-09 21:00:00,0,0,1,293.1890950520833
2025-11-09 22:00:00,0,0,1,322.58883544921866
2025-11-09 23:00:00,0,0,1,353.8404500325521
2025-11-10 00:00:00,0,0,0,382.6152270507812
2025-11-10 01:00:00,0,0,0,396.21001627604164
2025-11-10 02:00:00,0,0,0,396.22074788411453
2025-11-10 03:00:00,0,0,0,391.1164237467449
2025-11-10 04:00:00,0,0,0,381.71236246744786
2025-11-10 05:00:00,0,0,0,359.68170084635426
2025-11-10 06:00:00,0,0,0,326.2026188151042
2025-11-10 07:00:00,0,0,0,281.8256974283855
2025-11-10 08:00:00,0,0,0,266.27335042317713
2025-11-10 09:00:00,0,0,0,268.5255151367188
2025-11-10 10:00:00,0,0,0,280.0256079101563
2025-11-10 11:00:00,0,0,0,296.19778483072923
2025-11-10 12:00:00,0,0,0,310.94100504557287
2025-11-10 13:00:00,0,0,0,326.68253580729174
2025-11-10 14:00:00,0,0,0,335.3456567382814
2025-11-10 15:00:00,0,0,0,311.70316813151044
2025-11-10 16:00:00,0,0,0,247.23225667317695
2025-11-10 17:00:00,0,0,1,160.44381835937497
2025-11-10 18:00:00,0,0,2,116.56434244791672
2025-11-10 19:00:00,0,0,2,137.86397705078127
2025-11-10 20:00:00,0,0,1,222.58076660156246
2025-11-10 21:00:00,0,0,1,287.34503173828125
2025-11-10 22:00:00,0,0,1,318.2950545247396
2025-11-10 23:00:00,0,0,1,350.2544930013021
2025-11-11 00:00:00,0,0,0,340.6913736979167
2025-11-11 01:00:00,0,0,0,361.3099031575522
2025-11-11 02:00:00,0,0,0,366.63226562499995
2025-11-11 03:00:00,0,0,0,365.0362524414063
2025-11-11 04:00:00,0,0,0,354.75966959635423
2025-11-11 05:00:00,0,0,0,334.0023331705729
2025-11-11 06:00:00,0,0,0,299.7327791341146
2025-11-11 07:00:00,0,0,0,255.36553141276045
2025-11-11 08:00:00,0,0,0,243.34854410807293
2025-11-11 09:00:00,0,0,0,250.5250065104167
2025-11-11 10:00:00,0,0,0,261.9681787109374
2025-11-11 11:00:00,0,0,0,283.8971378580728
2025-11-11 12:00:00,0,0,0,298.88777425130206
2025-11-11 13:00:00,0,0,0,314.7464632161459
2025-11-11 14:00:00,0,0,0,328.2554711914063
2025-11-11 15:00:00,0,0,0,301.4345922851563
2025-11-11 16:00:00,0,0,0,236.21660807291653
2025-11-11 17:00:00,0,0,1,148.21315429687502
2025-11-11 18:00:00,0,0,2,104.31016357421879
2025-11-11 19:00:00,0,0,2,120.5773974609375
2025-11-11 20:00:00,0,0,1,205.24887776692708
2025-11-11 21:00:00,0,0,1,273.52692382812506
2025-11-11 22:00:00,0,0,1,306.09967610677086
2025-11-11 23:00:00,0,0,1,333.76409179687494
2025-11-12 00:00:00,0,0,0,340.7865063476563
2025-11-12 01:00:00,0,0,0,356.4030965169271
2025-11-12 02:00:00,0,0,0,357.00847167968755
2025-11-12 03:00:00,0,0,0,351.2078719075521
2025-11-12 04:00:00,0,0,0,337.8148502604166
2025-11-12 05:00:00,0,0,0,314.55328694661466
2025-11-12 06:00:00,0,0,0,273.54281901041657
2025-11-12 07:00:00,0,0,0,228.47012939453123
2025-11-12 08:00:00,0,0,0,221.92204427083334
2025-11-12 09:00:00,0,0,0,234.99967854817714
2025-11-12 10:00:00,0,0,0,252.34311197916668
2025-11-12 11:00:00,0,0,0,273.18550944010417
2025-11-12 12:00:00,0,0,0,289.0373714192708
2025-11-12 13:00:00,0,0,0,309.2185807291668
2025-11-12 14:00:00,0,0,0,322.26483886718756
2025-11-12 15:00:00,0,0,0,298.2038964843749
2025-11-12 16:00:00,0,0,0,234.5844938151041
2025-11-12 17:00:00,0,0,1,149.97133789062502
2025-11-12 18:00:00,0,0,2,106.63618896484377
2025-11-12 19:00:00,0,0,2,120.27260091145831
2025-11-12 20:00:00,0,0,1,203.79620768229165
2025-11-12 21:00:00,0,0,1,269.4951033528646
2025-11-12 22:00:00,0,0,1,301.16274576822923
2025-11-12 23:00:00,0,0,1,330.2444905598958
2025-11-13 00:00:00,0,0,0,334.0251155598959
2025-11-13 01:00:00,0,0,0,349.63618326822916
2025-11-13 02:00:00,0,0,0,353.58294514973954
2025-11-13 03:00:00,0,0,0,350.7497420247396
2025-11-13 04:00:00,0,0,0,340.61604492187496
2025-11-13 05:00:00,0,0,0,311.67534179687505
2025-11-13 06:00:00,0,0,0,271.4753255208333
2025-11-13 07:00:00,0,0,0,222.64741455078126
2025-11-13 08:00:00,0,0,0,209.19232421875006
2025-11-13 09:00:00,0,0,0,215.18633707682295
2025-11-13 10:00:00,0,0,0,227.55842610677075
2025-11-13 11:00:00,0,0,0,248.9643383789063
2025-11-13 12:00:00,0,0,0,238.91655680338545
2025-11-13 13:00:00,0,0,0,246.33598144531243
2025-11-13 14:00:00,0,0,0,281.23092203776037
2025-11-13 15:00:00,0,0,0,271.527950032552
2025-11-13 16:00:00,0,0,0,220.02532226562505
2025-11-13 17:00:00,0,0,1,142.90989095052078
2025-11-13 18:00:00,0,0,2,99.81330810546876
2025-11-13 19:00:00,0,0,2,113.69051676432298
2025-11-13 20:00:00,0,0,1,196.0255126953125
2025-11-13 21:00:00,0,0,1,264.74299316406245
2025-11-13 22:00:00,0,0,1,293.5173014322917
2025-11-13 23:00:00,0,0,1,320.61529215494784
2025-11-14 00:00:00,0,0,0,349.7495255533854
2025-11-14 01:00:00,0,0,0,364.0005135091145
2025-11-14 02:00:00,0,0,0,365.25407958984374
2025-11-14 03:00:00,0,0,0,356.8798559570313
2025-11-14 04:00:00,0,0,0,345.67438964843745
2025-11-14 05:00:00,0,0,0,321.07185384114587
2025-11-14 06:00:00,0,0,0,281.1131298828126
2025-11-14 07:00:00,0,0,0,225.78029703776042
2025-11-14 08:00:00,0,0,0,205.82427897135415
2025-11-14 09:00:00,0,0,0,203.5518961588541
2025-11-14 10:00:00,0,0,0,211.9299316406251
2025-11-14 11:00:00,0,0,0,234.47882975260416
2025-11-14 12:00:00,0,0,0,258.977998046875
2025-11-14 13:00:00,0,0,0,275.41621012369785
2025-11-14 14:00:00,0,0,0,280.71254669017037
2025-11-14 15:00:00,0,0,0,271.6958276367187
2025-11-14 16:00:00,0,0,0,212.84318277994782
2025-11-14 17:00:00,0,0,1,141.35198893229165
2025-11-14 18:00:00,0,1,2,102.72321777343745
2025-11-14 19:00:00,0,1,2,121.57481038411458
2025-11-14 20:00:00,0,0,1,202.9210327148437
2025-11-14 21:00:00,0,0,1,268.6478247070313
2025-11-14 22:00:00,0,0,1,294.03436116536454
2025-11-14 23:00:00,0,0,1,321.80098551432286
2025-11-15 00:00:00,0,0,0,347.05769042968745
2025-11-15 01:00:00,0,0,0,358.54316243489586
2025-11-15 02:00:00,0,0,0,359.69427408854176
2025-11-15 03:00:00,0,0,0,354.38469238281255
2025-11-15 04:00:00,0,0,0,343.7263321940104
2025-11-15 05:00:00,0,0,0,323.5572379557292
2025-11-15 06:00:00,0,0,0,289.5522745768229
2025-11-15 07:00:00,0,0,0,247.73392659505203
2025-11-15 08:00:00,0,0,0,241.94399007161462
2025-11-15 09:00:00,0,0,0,257.10920247395825
2025-11-15 10:00:00,0,0,0,274.5939876302083
2025-11-15 11:00:00,0,0,0,297.4553255208333
2025-11-15 12:00:00,0,0,0,314.6368017578126
2025-11-15 13:00:00,0,0,0,329.76018554687505
2025-11-15 14:00:00,0,0,0,331.71017089843747
2025-11-15 15:00:00,0,0,0,308.69378906249995
2025-11-15 16:00:00,0,0,0,250.73124104817703
2025-11-15 17:00:00,0,0,0,177.51132486979157
2025-11-15 18:00:00,0,0,2,142.16608235677086
2025-11-15 19:00:00,0,0,2,153.38690348307296
2025-11-15 20:00:00,0,0,1,219.96916910807295
2025-11-15 21:00:00,0,0,1,270.94328694661453
2025-11-15 22:00:00,0,0,1,291.86126139322914
2025-11-15 23:00:00,0,0,1,316.34049967447913
2025-11-16 00:00:00,0,0,0,357.38899088541666
2025-11-16 01:00:00,0,0,0,366.76629069010414
2025-11-16 02:00:00,0,0,0,365.58732584635413
2025-11-16 03:00:00,0,0,0,358.9044099934896
2025-11-16 04:00:00,0,0,0,348.16947428385413
2025-11-16 05:00:00,0,0,0,327.5600976562499
2025-11-16 06:00:00,0,0,0,287.22721110026043
2025-11-16 07:00:00,0,0,0,240.86290201822908
2025-11-16 08:00:00,0,0,0,236.6430639648437
2025-11-16 09:00:00,0,0,0,255.6999365234375
2025-11-16 10:00:00,0,0,0,281.3452465820312
2025-11-16 11:00:00,0,0,0,307.22171956380214
2025-11-16 12:00:00,0,0,0,325.0116975911458
2025-11-16 13:00:00,0,0,0,337.11835937500007
2025-11-16 14:00:00,0,0,0,340.86823567708336
2025-11-16 15:00:00,0,0,0,315.48785156249994
2025-11-16 16:00:00,0,0,0,252.81168619791663
2025-11-16 17:00:00,0,0,1,175.14716715494797
2025-11-16 18:00:00,0,0,2,139.15480794270832
2025-11-16 19:00:00,0,0,2,153.49845214843742
2025-11-16 20:00:00,0,0,1,224.943846842448
2025-11-16 21:00:00,0,0,1,279.16740071614583
2025-11-16 22:00:00,0,0,1,304.9678043619791
2025-11-16 23:00:00,0,0,1,332.5956640625001
2025-11-17 00:00:00,0,0,0,366.55074137369786
2025-11-17 01:00:00,0,0,0,376.29937011718744
2025-11-17 02:00:00,0,0,0,374.12922281901047
2025-11-17 03:00:00,0,0,0,369.35385579427077
2025-11-17 04:00:00,0,0,0,359.0837727864583
2025-11-17 05:00:00,0,0,0,332.452723795573
2025-11-17 06:00:00,0,0,0,279.46672688802084
2025-11-17 07:00:00,0,0,0,224.27250162760413
2025-11-17 08:00:00,0,0,0,204.39289225260427
2025-11-17 09:00:00,0,0,0,203.88381429036463
2025-11-17 10:00:00,0,0,0,215.86213785807286
2025-11-17 11:00:00,0,0,0,227.82399820963542
2025-11-17 12:00:00,0,0,0,251.83390136718754
2025-11-17 13:00:00,0,0,0,254.53049072265628
2025-11-17 14:00:00,0,0,0,289.30332196769064
2025-11-17 15:00:00,0,0,0,265.6243733723959
2025-11-17 16:00:00,0,0,0,217.09407389322905
2025-11-17 17:00:00,0,0,1,139.2369425455729
2025-11-17 18:00:00,0,0,2,101.89902425130208
2025-11-17 19:00:00,0,0,2,123.69227457682291
2025-11-17 20:00:00,0,0,1,211.6357405598958
2025-11-17 21:00:00,0,0,1,275.1794604492187
2025-11-17 22:00:00,0,0,1,299.1791861979167
2025-11-17 23:00:00,0,0,1,325.23685221354174
2025-11-18 00:00:00,0,0,0,476.79068766276043
2025-11-18 01:00:00,0,0,0,489.8046484375001
2025-11-18 02:00:00,0,0,0,491.20659830729164
2025-11-18 03:00:00,0,0,0,485.00788085937506
2025-11-18 04:00:00,0,0,0,475.48946126302087
2025-11-18 05:00:00,0,0,0,450.5273347981771
2025-11-18 06:00:00,0,0,0,402.1614054361979
2025-11-18 07:00:00,0,0,0,345.2237443033855
2025-11-18 08:00:00,0,0,0,322.66289713541664
2025-11-18 09:00:00,0,0,0,330.60699707031245
2025-11-18 10:00:00,0,0,0,330.55684082031235
2025-11-18 11:00:00,0,0,0,360.5264876302083
2025-11-18 12:00:00,0,0,0,347.7239900716145
2025-11-18 13:00:00,0,0,0,385.35993245442705
2025-11-18 14:00:00,0,0,0,414.09394694010416
2025-11-18 15:00:00,0,0,0,379.1086067708334
2025-11-18 16:00:00,0,0,0,325.8732779947918
2025-11-18 17:00:00,0,0,0,247.9212874348957
2025-11-18 18:00:00,0,0,1,211.08658528645833
2025-11-18 19:00:00,0,0,1,235.094375
2025-11-18 20:00:00,0,0,1,323.3347493489583
2025-11-18 21:00:00,0,0,1,388.4414086914062
2025-11-18 22:00:00,0,0,1,415.3287109375
2025-11-18 23:00:00,0,0,1,442.17241455078124
2025-11-19 00:00:00,0,0,0,479.8311840820313
2025-11-19 01:00:00,0,0,0,491.093125
2025-11-19 02:00:00,0,0,0,490.82577148437497
2025-11-19 03:00:00,0,0,0,484.07559326171884
2025-11-19 04:00:00,0,0,0,471.90666015625004
2025-11-19 05:00:00,0,0,0,449.3505639648437
2025-11-19 06:00:00,0,0,0,407.9742268880208
2025-11-19 07:00:00,0,0,0,355.7147208658855
2025-11-19 08:00:00,0,0,0,215.74990559895832
2025-11-19 09:00:00,0,0,0,196.22929280598964
2025-11-19 10:00:00,0,0,0,213.33004801432287
2025-11-19 11:00:00,0,0,0,213.80306152343758
2025-11-19 12:00:00,0,0,0,238.78695963541657
2025-11-19 13:00:00,0,0,0,277.2415869140625
2025-11-19 14:00:00,0,0,0,291.4399088541667
2025-11-19 15:00:00,0,0,0,265.25094645182287
2025-11-19 16:00:00,0,0,0,215.2435237630208
2025-11-19 17:00:00,0,0,1,137.36210856119794
2025-11-19 18:00:00,0,0,2,103.5246606445312
2025-11-19 19:00:00,0,0,2,129.04194905598956
2025-11-19 20:00:00,0,0,1,215.72309895833337
2025-11-19 21:00:00,0,0,1,302.3520556640625
2025-11-19 22:00:00,0,0,1,424.8557275390625
2025-11-19 23:00:00,0,0,1,457.1549397786458
2025-11-20 00:00:00,0,0,0,499.5683740234375
2025-11-20 01:00:00,0,0,0,507.53401367187496
2025-11-20 02:00:00,0,0,0,506.7760034179687
2025-11-20 03:00:00,0,0,0,499.97861165364577
2025-11-20 04:00:00,0,0,0,491.5017211914062
2025-11-20 05:00:00,0,0,0,469.3893929036458
2025-11-20 06:00:00,0,0,0,432.11288899739577
2025-11-20 07:00:00,0,0,0,379.08223225911456
2025-11-20 08:00:00,0,0,0,354.6019514973957
2025-11-20 09:00:00,0,0,0,353.5727579752604
2025-11-20 10:00:00,0,0,0,363.31722005208326
2025-11-20 11:00:00,0,0,0,372.1669873046874
2025-11-20 12:00:00,0,0,0,387.8479158528646
2025-11-20 13:00:00,0,0,0,411.9467724609374
2025-11-20 14:00:00,0,0,0,426.58431152343746
2025-11-20 15:00:00,0,0,0,398.5811889648437
2025-11-20 16:00:00,0,0,0,350.2398689778647
2025-11-20 17:00:00,0,0,0,268.70834065755207
2025-11-20 18:00:00,0,0,1,232.2969002278645
2025-11-20 19:00:00,0,0,1,257.7685514322916
2025-11-20 20:00:00,0,0,1,347.10637695312494
2025-11-20 21:00:00,0,0,1,412.7596142578126
2025-11-20 22:00:00,0,0,1,438.21963216145843
2025-11-20 23:00:00,0,0,1,465.1975992838542
2025-11-21 00:00:00,0,0,0,491.5462646484375
2025-11-21 01:00:00,0,0,0,502.26813802083336
2025-11-21 02:00:00,0,0,0,502.41314046223965
2025-11-21 03:00:00,0,0,0,497.86445963541667
2025-11-21 04:00:00,0,0,0,485.24566324869784
2025-11-21 05:00:00,0,0,0,458.78646728515616
2025-11-21 06:00:00,0,0,0,420.0617692057292
2025-11-21 07:00:00,0,0,0,364.97550374348964
2025-11-21 08:00:00,0,0,0,340.94991048177076
2025-11-21 09:00:00,0,0,0,337.19186035156235
2025-11-21 10:00:00,0,0,0,332.62629882812485
2025-11-21 11:00:00,0,0,0,355.98688639322904
2025-11-21 12:00:00,0,0,0,362.4862931315106
2025-11-21 13:00:00,0,0,0,404.22690185546867
2025-11-21 14:00:00,0,0,0,418.505137532552
2025-11-21 15:00:00,0,0,0,397.72918701171875
2025-11-21 16:00:00,0,0,0,338.039834798177
2025-11-21 17:00:00,0,0,0,256.7349731445312
2025-11-21 18:00:00,0,0,1,223.2451155598958
2025-11-21 19:00:00,0,0,1,253.0491975911459
2025-11-21 20:00:00,0,0,1,345.0056046549479
2025-11-21 21:00:00,0,0,1,408.46443766276036
2025-11-21 22:00:00,0,0,1,435.3528849283854
2025-11-21 23:00:00,0,0,1,464.3267667643229
2025-11-22 00:00:00,0,0,0,492.27301920572916
2025-11-22 01:00:00,0,0,0,506.1443221028645
2025-11-22 02:00:00,0,0,0,509.14374186197915
2025-11-22 03:00:00,0,0,0,503.2422892252604
2025-11-22 04:00:00,0,0,0,493.31356119791667
2025-11-22 05:00:00,0,0,0,474.247313639323
2025-11-22 06:00:00,0,0,0,436.6175317382813
2025-11-22 07:00:00,0,0,0,384.3109358723957
2025-11-22 08:00:00,0,0,0,350.4583536783855
2025-11-22 09:00:00,0,0,0,359.74466389973963
2025-11-22 10:00:00,0,0,0,360.0424877929688
2025-11-22 11:00:00,0,0,0,393.8200463867188
2025-11-22 12:00:00,0,0,0,404.7535677083333
2025-11-22 13:00:00,0,0,0,424.0690991210938
2025-11-22 14:00:00,0,0,0,434.35136149088544
2025-11-22 15:00:00,0,0,0,410.7951774088542
2025-11-22 16:00:00,0,0,0,349.7299625651042
2025-11-22 17:00:00,0,0,0,272.2807381184896
2025-11-22 18:00:00,0,0,1,241.09885335286458
2025-11-22 19:00:00,0,0,1,268.5312524414062
2025-11-22 20:00:00,0,0,1,356.1574584960938
2025-11-22 21:00:00,0,0,1,415.9789835611979
2025-11-22 22:00:00,0,0,1,440.2943196614583
2025-11-22 23:00:00,0,0,1,467.1523681640625
2025-11-23 00:00:00,0,0,0,514.473563639323
2025-11-23 01:00:00,0,0,0,521.1572526041667
2025-11-23 02:00:00,0,0,0,518.6850826009115
2025-11-23 03:00:00,0,0,0,511.0898181152344
2025-11-23 04:00:00,0,0,0,502.969081217448
2025-11-23 05:00:00,0,0,0,482.0958186848959
2025-11-23 06:00:00,0,0,0,446.0645979817708
2025-11-23 07:00:00,0,0,0,398.46843668619795
2025-11-23 08:00:00,0,0,0,374.80392252604156
2025-11-23 09:00:00,0,0,0,355.5121809895834
2025-11-23 10:00:00,0,0,0,373.5883463541668
2025-11-23 11:00:00,0,0,0,385.65971110026044
2025-11-23 12:00:00,0,0,0,401.05111083984366
2025-11-23 13:00:00,0,0,0,408.52190185546874
2025-11-23 14:00:00,0,0,0,427.06632486979174
2025-11-23 15:00:00,0,0,0,405.2650130208333
2025-11-23 16:00:00,0,0,0,349.09624918619784
2025-11-23 17:00:00,0,0,0,277.45876627604173
2025-11-23 18:00:00,0,0,1,245.76177327473965
2025-11-23 19:00:00,0,0,1,271.9855851236979
2025-11-23 20:00:00,0,0,1,355.74357584635413
2025-11-23 21:00:00,0,0,1,413.4622737630209
2025-11-23 22:00:00,0,0,1,439.47077962239587
2025-11-23 23:00:00,0,0,1,468.86372884114587
2025-11-24 00:00:00,0,0,0,505.1485734049479
2025-11-24 01:00:00,0,0,0,518.9814990234374
2025-11-24 02:00:00,0,0,0,520.799257405599
2025-11-24 03:00:00,0,0,0,514.7170284016927
2025-11-24 04:00:00,0,0,0,506.31477416992186
2025-11-24 05:00:00,0,0,0,485.5657763671875
2025-11-24 06:00:00,0,0,0,446.8991536458333
2025-11-24 07:00:00,0,0,0,394.7926180013021
2025-11-24 08:00:00,0,0,0,362.1100065104167
2025-11-24 09:00:00,0,0,0,350.55245524088537
2025-11-24 10:00:00,0,0,0,374.9753686523436
2025-11-24 11:00:00,0,0,0,375.35392822265635
2025-11-24 12:00:00,0,0,0,379.73420817057286
2025-11-24 13:00:00,0,0,0,406.8526774088541
2025-11-24 14:00:00,0,0,0,426.5965690104167
2025-11-24 15:00:00,0,0,0,406.1287646484375
2025-11-24 16:00:00,0,0,0,349.3514233398437
2025-11-24 17:00:00,0,0,0,267.5342830403646
2025-11-24 18:00:00,0,0,1,237.122314453125
2025-11-24 19:00:00,0,0,1,268.95099121093745
2025-11-24 20:00:00,0,0,1,359.36642903645827
2025-11-24 21:00:00,0,0,1,418.3935791015625
2025-11-24 22:00:00,0,0,1,442.4644718424479
2025-11-24 23:00:00,0,0,1,470.17571533203125
2025-11-25 00:00:00,0,0,0,485.19204833984384
2025-11-25 01:00:00,0,0,0,496.0451350911459
2025-11-25 02:00:00,0,0,0,497.43829833984375
2025-11-25 03:00:00,0,0,0,493.3627677408855
2025-11-25 04:00:00,0,0,0,485.3197119140625
2025-11-25 05:00:00,0,0,0,464.2115559895833
2025-11-25 06:00:00,0,0,0,427.5486067708333
2025-11-25 07:00:00,0,0,0,380.6110594461733
2025-11-25 08:00:00,0,0,0,359.55534749348953
2025-11-25 09:00:00,0,0,0,365.31306070963547
2025-11-25 10:00:00,0,0,0,380.14990234375
2025-11-25 11:00:00,0,0,0,397.79035807291666
2025-11-25 12:00:00,0,0,0,413.32903238932295
2025-11-25 13:00:00,0,0,0,437.2170157877604
2025-11-25 14:00:00,0,0,0,449.17952392578127
2025-11-25 15:00:00,0,0,0,415.7914827473958
2025-11-25 16:00:00,0,0,0,341.3981884765626
2025-11-25 17:00:00,0,0,0,256.20795491536467
2025-11-25 18:00:00,0,0,1,231.3033487955729
2025-11-25 19:00:00,0,0,1,266.96721516927084
2025-11-25 20:00:00,0,0,1,356.45769368489584
2025-11-25 21:00:00,0,0,1,415.91367024739577
2025-11-25 22:00:00,0,0,1,439.08782714843755
2025-11-25 23:00:00,0,0,1,468.01384928385414
2025-11-26 00:00:00,0,0,0,501.70846842447907
2025-11-26 01:00:00,0,0,0,510.38396321614584
2025-11-26 02:00:00,0,0,0,513.4696053059895
2025-11-26 03:00:00,0,0,0,509.1219559733073
2025-11-26 04:00:00,0,0,0,499.698974609375
2025-11-26 05:00:00,0,0,0,482.70636555989586
2025-11-26 06:00:00,0,0,0,446.53680094401034
2025-11-26 07:00:00,0,0,0,399.256572265625
2025-11-26 08:00:00,0,0,0,375.96272054036467
2025-11-26 09:00:00,0,0,0,378.4184602864584
2025-11-26 10:00:00,0,0,0,390.86344401041674
2025-11-26 11:00:00,0,0,0,406.3708610026042
2025-11-26 12:00:00,0,0,0,420.08990641276046
2025-11-26 13:00:00,0,0,0,439.78982421875
2025-11-26 14:00:00,0,0,0,452.8919604492187
2025-11-26 15:00:00,0,0,0,422.6344124348959
2025-11-26 16:00:00,0,0,0,351.7347322591147
2025-11-26 17:00:00,0,0,0,267.7033561197917
2025-11-26 18:00:00,0,0,1,239.50893473307292
2025-11-26 19:00:00,0,0,1,275.42744384765626
2025-11-26 20:00:00,0,0,1,366.1497762044271
2025-11-26 21:00:00,0,0,1,423.09969319661457
2025-11-26 22:00:00,0,0,1,446.54990071614577
2025-11-26 23:00:00,0,0,1,472.64640055338543
2025-11-27 00:00:00,0,0,0,490.396483561198
2025-11-27 01:00:00,0,0,0,506.9160323079427
2025-11-27 02:00:00,0,0,0,508.5080175781251
2025-11-27 03:00:00,0,0,0,504.9324723307292
2025-11-27 04:00:00,0,0,0,492.47517496744797
2025-11-27 05:00:00,0,0,0,472.67983968098963
2025-11-27 06:00:00,0,0,0,436.77883870442713
2025-11-27 07:00:00,0,0,0,387.6341267903646
2025-11-27 08:00:00,0,0,0,367.35151123046876
2025-11-27 09:00:00,0,0,0,370.52730305989576
2025-11-27 10:00:00,0,0,0,387.1967333984376
2025-11-27 11:00:00,0,0,0,406.5840787760417
2025-11-27 12:00:00,0,0,0,419.5467456054689
2025-11-27 13:00:00,0,0,0,437.93964925130194
2025-11-27 14:00:00,0,0,0,450.46881184895824
2025-11-27 15:00:00,0,0,0,420.0785148111979
2025-11-27 16:00:00,0,0,0,346.7252620442707
2025-11-27 17:00:00,0,0,0,263.55766113281254
2025-11-27 18:00:00,0,0,1,239.3947721354166
2025-11-27 19:00:00,0,0,1,273.775243326823
2025-11-27 20:00:00,0,0,1,362.4700097656249
2025-11-27 21:00:00,0,0,1,419.4491300455728
2025-11-27 22:00:00,0,0,1,443.53620849609376
2025-11-27 23:00:00,0,0,1,472.4145532226562
2025-11-28 00:00:00,0,0,0,487.7606103515625
2025-11-28 01:00:00,0,0,0,502.67071126302085
2025-11-28 02:00:00,0,0,0,504.736455078125
2025-11-28 03:00:00,0,0,0,502.1302408854167
2025-11-28 04:00:00,0,0,0,493.56391682942706
2025-11-28 05:00:00,0,0,0,474.99699462890624
2025-11-28 06:00:00,0,0,0,440.05868815104157
2025-11-28 07:00:00,0,0,0,389.8006567382812
2025-11-28 08:00:00,0,0,0,353.08575195312505
2025-11-28 09:00:00,0,0,0,343.3720385742188
2025-11-28 10:00:00,0,0,0,353.55511149088534
2025-11-28 11:00:00,0,0,0,366.98955078125005
2025-11-28 12:00:00,0,0,0,377.580118001302
2025-11-28 13:00:00,0,0,0,389.09251057942697
2025-11-28 14:00:00,0,0,0,396.78596272786467
2025-11-28 15:00:00,0,0,0,380.8869873046874
2025-11-28 16:00:00,0,0,0,323.86654215494787
2025-11-28 17:00:00,0,0,0,255.1476074218749
2025-11-28 18:00:00,0,0,1,230.5886409505208
2025-11-28 19:00:00,0,0,1,265.64811197916663
2025-11-28 20:00:00,0,0,1,355.8564632161458
2025-11-28 21:00:00,0,0,1,413.7582120768228
2025-11-28 22:00:00,0,0,1,436.60747151692703
2025-11-28 23:00:00,0,0,1,459.99508544921866
2025-11-29 00:00:00,0,0,0,473.6322119140625
2025-11-29 01:00:00,0,0,0,491.0294205729167
2025-11-29 02:00:00,0,0,0,494.9354361979167
2025-11-29 03:00:00,0,0,0,492.0809407552083
2025-11-29 04:00:00,0,0,0,482.0977864583333
2025-11-29 05:00:00,0,0,0,462.88326497395826
2025-11-29 06:00:00,0,0,0,430.9850887044271
2025-11-29 07:00:00,0,0,0,384.09818929036453
2025-11-29 08:00:00,0,0,0,364.64874755859387
2025-11-29 09:00:00,0,0,0,373.56511800130215
2025-11-29 10:00:00,0,0,0,385.2059431966145
2025-11-29 11:00:00,0,0,0,402.69539550781246
2025-11-29 12:00:00,0,0,0,416.68267740885426
2025-11-29 13:00:00,0,0,0,432.782521158854
2025-11-29 14:00:00,0,0,0,441.7594140625001
2025-11-29 15:00:00,0,0,0,409.76372721354164
2025-11-29 16:00:00,0,0,0,340.1225472005208
2025-11-29 17:00:00,0,0,0,262.5714062500001
2025-11-29 18:00:00,0,0,1,240.32119791666662
2025-11-29 19:00:00,0,0,1,272.65678548177084
2025-11-29 20:00:00,0,0,1,357.78011311848957
2025-11-29 21:00:00,0,0,1,412.0207194010417
2025-11-29 22:00:00,0,0,1,434.95489908854165
2025-11-29 23:00:00,0,0,1,462.5041333007813
2025-11-30 00:00:00,0,0,0,511.59845052083324
2025-11-30 01:00:00,0,0,0,522.7923701985677
2025-11-30 02:00:00,0,0,0,522.0383862304687
2025-11-30 03:00:00,0,0,0,515.9245544433594
2025-11-30 04:00:00,0,0,0,509.3213972981771
2025-11-30 05:00:00,0,0,0,491.5781201171875
2025-11-30 06:00:00,0,0,0,454.86702555338536
2025-11-30 07:00:00,0,0,0,409.0051472981771
2025-11-30 08:00:00,0,0,0,388.67742838541653
2025-11-30 09:00:00,0,0,0,392.7134749348959
2025-11-30 10:00:00,0,0,0,403.2280232747396
2025-11-30 11:00:00,0,0,0,423.01181803385407
2025-11-30 12:00:00,0,0,0,431.35478841145846
2025-11-30 13:00:00,0,0,0,444.9206901041666
2025-11-30 14:00:00,0,0,0,448.8158260091145
2025-11-30 15:00:00,0,0,0,417.45015218098956
2025-11-30 16:00:00,0,0,0,352.67171142578127
2025-11-30 17:00:00,0,0,0,279.4921638997396
2025-11-30 18:00:00,0,0,1,257.1913208007812
2025-11-30 19:00:00,0,0,1,289.9244514973958
2025-11-30 20:00:00,0,0,1,370.45928059895834
2025-11-30 21:00:00,0,0,1,417.4855631510417
2025-11-30 22:00:00,0,0,1,438.0583748372395
2025-11-30 23:00:00,0,0,1,467.09651692708337
2025-12-01 00:00:00,0,0,0,498.1432047526042
2025-12-01 01:00:00,0,0,0,508.80951619466146
2025-12-01 02:00:00,0,0,0,510.31491129557287
2025-12-01 03:00:00,0,0,0,508.6481697591146
2025-12-01 04:00:00,0,0,0,501.63250895182296
2025-12-01 05:00:00,0,0,0,479.77580485026044
2025-12-01 06:00:00,0,0,0,442.67889322916676
2025-12-01 07:00:00,0,0,0,394.23210123697913
2025-12-01 08:00:00,0,0,0,370.22358723958337
2025-12-01 09:00:00,0,0,0,370.6620735677084
2025-12-01 10:00:00,0,0,0,383.48944091796875
2025-12-01 11:00:00,0,0,0,400.0991992187501
2025-12-01 12:00:00,0,0,0,414.90034830729155
2025-12-01 13:00:00,0,0,0,432.86432535807285
2025-12-01 14:00:00,0,0,0,442.60224446614575
2025-12-01 15:00:00,0,0,0,412.4983170572916
2025-12-01 16:00:00,0,0,0,338.63777425130206
2025-12-01 17:00:00,0,0,0,258.1910587565104
2025-12-01 18:00:00,0,0,1,235.4334659830729
2025-12-01 19:00:00,0,0,1,273.9659505208333
2025-12-01 20:00:00,0,0,1,364.75945963541676
2025-12-01 21:00:00,0,0,1,419.8724373372395
2025-12-01 22:00:00,0,0,1,442.1611474609375
2025-12-01 23:00:00,0,0,1,468.83138671874997
2025-12-02 00:00:00,0,0,0,470.81331461588536
2025-12-02 01:00:00,0,0,0,486.76522460937497
2025-12-02 02:00:00,0,0,0,492.4539794921875
2025-12-02 03:00:00,0,0,0,489.24208984375
2025-12-02 04:00:00,0,0,0,481.41898111979174
2025-12-02 05:00:00,0,0,0,462.5988745117188
2025-12-02 06:00:00,0,0,0,431.1546866861979
2025-12-02 07:00:00,0,0,0,383.564846067267
2025-12-02 08:00:00,0,0,0,355.62040445963544
2025-12-02 09:00:00,0,0,0,356.856201985677
2025-12-02 10:00:00,0,0,0,369.8278515625
2025-12-02 11:00:00,0,0,0,390.72759440104164
2025-12-02 12:00:00,0,0,0,402.83808512369797
2025-12-02 13:00:00,0,0,0,422.7528369140625
2025-12-02 14:00:00,0,0,0,431.0429142252606
2025-12-02 15:00:00,0,0,0,399.56136230468746
2025-12-02 16:00:00,0,0,0,327.0622281901042
2025-12-02 17:00:00,0,0,0,245.4659350585938
2025-12-02 18:00:00,0,0,1,225.59598307291674
2025-12-02 19:00:00,0,0,1,265.68698567708327
2025-12-02 20:00:00,0,0,1,358.0966634114583
2025-12-02 21:00:00,0,0,1,414.6853206380208
2025-12-02 22:00:00,0,0,1,438.7138338216147
2025-12-02 23:00:00,0,0,1,467.95391276041664
2025-12-03 00:00:00,0,0,0,484.911396484375
2025-12-03 01:00:00,0,0,0,499.48526529947924
2025-12-03 02:00:00,0,0,0,501.1730029296874
2025-12-03 03:00:00,0,0,0,498.6441479492188
2025-12-03 04:00:00,0,0,0,488.2565527343751
2025-12-03 05:00:00,0,0,0,468.13763020833335
2025-12-03 06:00:00,0,0,0,434.01971923828125
2025-12-03 07:00:00,0,0,0,385.7602221679688
2025-12-03 08:00:00,0,0,0,352.5578149414064
2025-12-03 09:00:00,0,0,0,350.07902750651056
2025-12-03 10:00:00,0,0,0,359.17319091796867
2025-12-03 11:00:00,0,0,0,376.3847721354166
2025-12-03 12:00:00,0,0,0,388.64631022135404
2025-12-03 13:00:00,0,0,0,412.5014615885418
2025-12-03 14:00:00,0,0,0,426.2143766276042
2025-12-03 15:00:00,0,0,0,393.4950024414063
2025-12-03 16:00:00,0,0,0,319.87859374999994
2025-12-03 17:00:00,0,0,0,239.5402970377603
2025-12-03 18:00:00,0,0,1,216.722646484375
2025-12-03 19:00:00,0,0,1,255.05044596354162
2025-12-03 20:00:00,0,0,1,346.2007975260417
2025-12-03 21:00:00,0,0,1,403.2278857421875
2025-12-03 22:00:00,0,0,1,427.0847151692708
2025-12-03 23:00:00,0,0,1,459.49590250651045
2025-12-04 00:00:00,0,0,0,479.68192301432293
2025-12-04 01:00:00,0,0,0,494.10794759114583
2025-12-04 02:00:00,0,0,0,497.4677718098958
2025-12-04 03:00:00,0,0,0,497.35404459635413
2025-12-04 04:00:00,0,0,0,491.1770068359375
2025-12-04 05:00:00,0,0,0,474.0368302408855
2025-12-04 06:00:00,0,0,0,442.1944384765625
2025-12-04 07:00:00,0,0,0,395.419667154948
2025-12-04 08:00:00,0,0,0,363.3980794270833
2025-12-04 09:00:00,0,0,0,357.2256958007813
2025-12-04 10:00:00,0,0,0,365.41535156249984
2025-12-04 11:00:00,0,0,0,379.6741585286459
2025-12-04 12:00:00,0,0,0,387.8153035481771
2025-12-04 13:00:00,0,0,0,408.82771972656246
2025-12-04 14:00:00,0,0,0,422.3481429036458
2025-12-04 15:00:00,0,0,0,390.1541902669271
2025-12-04 16:00:00,0,0,0,316.3167944335937
2025-12-04 17:00:00,0,0,0,235.12155924479157
2025-12-04 18:00:00,0,0,1,213.3067757161458
2025-12-04 19:00:00,0,0,1,254.16596842447916
2025-12-04 20:00:00,0,0,1,347.6774007161458
2025-12-04 21:00:00,0,0,1,402.5241813151042
2025-12-04 22:00:00,0,0,1,427.92092854817713
2025-12-04 23:00:00,0,0,1,456.2502416992188
2025-12-05 00:00:00,0,0,0,480.3920068359374
2025-12-05 01:00:00,0,0,0,491.55788899739593
2025-12-05 02:00:00,0,0,0,493.60842610677093
2025-12-05 03:00:00,0,0,0,492.60324544270827
2025-12-05 04:00:00,0,0,0,486.6446638997396
2025-12-05 05:00:00,0,0,0,466.6426090494791
2025-12-05 06:00:00,0,0,0,436.6543318684895
2025-12-05 07:00:00,0,0,0,388.2545166015625
2025-12-05 08:00:00,0,0,0,353.6530468750002
2025-12-05 09:00:00,0,0,0,349.75933430989585
2025-12-05 10:00:00,0,0,0,357.8451171874999
2025-12-05 11:00:00,0,0,0,371.92022216796886
2025-12-05 12:00:00,0,0,0,384.2044856770833
2025-12-05 13:00:00,0,0,0,406.03740722656244
2025-12-05 14:00:00,0,0,0,420.22858561197927
2025-12-05 15:00:00,0,0,0,388.78181152343745
2025-12-05 16:00:00,0,0,0,312.1093660481772
2025-12-05 17:00:00,0,0,0,232.07681477864583
2025-12-05 18:00:00,0,0,1,214.09939697265634
2025-12-05 19:00:00,0,0,1,256.60600341796874
2025-12-05 20:00:00,0,0,1,351.1747892252604
2025-12-05 21:00:00,0,0,1,408.48749023437495
2025-12-05 22:00:00,0,0,1,429.19694742838544
2025-12-05 23:00:00,0,0,1,456.07731363932294
2025-12-06 00:00:00,0,0,0,497.1064778645833
2025-12-06 01:00:00,0,0,0,508.017969563802
2025-12-06 02:00:00,0,0,0,508.96772623697916
2025-12-06 03:00:00,0,0,0,503.4655826822916
2025-12-06 04:00:00,0,0,0,496.88069091796876
2025-12-06 05:00:00,0,0,0,479.6974047851562
2025-12-06 06:00:00,0,0,0,451.96935546875
2025-12-06 07:00:00,0,0,0,406.5361295572916
2025-12-06 08:00:00,0,0,0,382.09516520182297
2025-12-06 09:00:00,0,0,0,384.62688802083335
2025-12-06 10:00:00,0,0,0,392.4927994791667
2025-12-06 11:00:00,0,0,0,410.75945963541676
2025-12-06 12:00:00,0,0,0,422.1349340820311
2025-12-06 13:00:00,0,0,0,436.09687906901036
2025-12-06 14:00:00,0,0,0,440.5421012369791
2025-12-06 15:00:00,0,0,0,411.2725724283855
2025-12-06 16:00:00,0,0,0,343.376250813802
2025-12-06 17:00:00,0,0,0,272.6832250976563
2025-12-06 18:00:00,0,0,1,251.86661051432282
2025-12-06 19:00:00,0,0,1,287.1182845052083
2025-12-06 20:00:00,0,0,1,368.96893391927074
2025-12-06 21:00:00,0,0,1,414.54972493489583
2025-12-06 22:00:00,0,0,1,434.59207519531253
2025-12-06 23:00:00,0,0,1,466.66549967447907
2025-12-07 00:00:00,0,0,0,523.038026529948
2025-12-07 01:00:00,0,0,0,527.6250443522135
2025-12-07 02:00:00,0,0,0,529.87703125
2025-12-07 03:00:00,0,0,0,525.9339343261719
2025-12-07 04:00:00,0,0,0,520.4989599609376
2025-12-07 05:00:00,0,0,0,499.73319986979163
2025-12-07 06:00:00,0,0,0,465.82307210286456
2025-12-07 07:00:00,0,0,0,416.96807942708335
2025-12-07 08:00:00,0,0,0,374.19694091796873
2025-12-07 09:00:00,0,0,0,360.2453906249998
2025-12-07 10:00:00,0,0,0,354.5531974283854
2025-12-07 11:00:00,0,0,0,357.44729410807304
2025-12-07 12:00:00,0,0,0,364.6323030598958
2025-12-07 13:00:00,0,0,0,377.8652001953126
2025-12-07 14:00:00,0,0,0,397.6282252217957
2025-12-07 15:00:00,0,0,0,387.16116943359384
2025-12-07 16:00:00,0,0,0,341.23798909505206
2025-12-07 17:00:00,0,0,0,279.52801106770846
2025-12-07 18:00:00,0,0,1,262.27423502604165
2025-12-07 19:00:00,0,0,1,300.0512613932292
2025-12-07 20:00:00,0,0,1,380.97126790364587
2025-12-07 21:00:00,0,0,1,428.71423828125
2025-12-07 22:00:00,0,0,1,448.2727294921875
2025-12-07 23:00:00,0,0,1,475.59114583333337
2025-12-08 00:00:00,0,0,0,512.7314245605469
2025-12-08 01:00:00,0,0,0,522.6298311360678
2025-12-08 02:00:00,0,0,0,522.1842708333334
2025-12-08 03:00:00,0,0,0,518.8264786783855
2025-12-08 04:00:00,0,0,0,512.9224275716147
2025-12-08 05:00:00,0,0,0,498.2749853515626
2025-12-08 06:00:00,0,0,0,461.6865193684896
2025-12-08 07:00:00,0,0,0,409.60295572916675
2025-12-08 08:00:00,0,0,0,354.4229679361979
2025-12-08 09:00:00,0,0,0,322.5965861002603
2025-12-08 10:00:00,0,0,0,307.0482080078125
2025-12-08 11:00:00,0,0,0,307.95623535156255
2025-12-08 12:00:00,0,0,0,318.9079931640624
2025-12-08 13:00:00,0,0,0,342.260751139323
2025-12-08 14:00:00,0,0,0,364.4271093749999
2025-12-08 15:00:00,0,0,0,360.34894368489586
2025-12-08 16:00:00,0,0,0,308.97294433593754
2025-12-08 17:00:00,0,0,0,243.97958496093747
2025-12-08 18:00:00,0,0,1,226.17880126953116
2025-12-08 19:00:00,0,0,1,273.9179337565105
2025-12-08 20:00:00,0,0,1,367.18328694661454
2025-12-08 21:00:00,0,0,1,419.9469165039062
2025-12-08 22:00:00,0,0,1,442.31149739583327
2025-12-08 23:00:00,0,0,1,468.47603190104167
2025-12-09 00:00:00,0,0,0,475.37118001302076
2025-12-09 01:00:00,0,0,0,491.47076253255204
2025-12-09 02:00:00,0,0,0,496.99898030598956
2025-12-09 03:00:00,0,0,0,494.6302197265626
2025-12-09 04:00:00,0,0,0,490.27827311197916
2025-12-09 05:00:00,0,0,0,471.8437825520833
2025-12-09 06:00:00,0,0,0,438.7199316406251
2025-12-09 07:00:00,0,0,0,391.16867513020827
2025-12-09 08:00:00,0,0,0,359.2690063476564
2025-12-09 09:00:00,0,0,0,356.4026041666666
2025-12-09 10:00:00,0,0,0,368.71661702473966
2025-12-09 11:00:00,0,0,0,383.55351562500005
2025-12-09 12:00:00,0,0,0,392.9324853515625
2025-12-09 13:00:00,0,0,0,408.3432633463542
2025-12-09 14:00:00,0,0,0,418.8277604166667
2025-12-09 15:00:00,0,0,0,385.0758357747395
2025-12-09 16:00:00,0,0,0,308.3239705403646
2025-12-09 17:00:00,0,0,0,227.11126464843744
2025-12-09 18:00:00,0,0,1,210.78343587239578
2025-12-09 19:00:00,0,0,1,261.19111165364586
2025-12-09 20:00:00,0,0,1,356.32556640625
2025-12-09 21:00:00,0,0,1,410.64592610677084
2025-12-09 22:00:00,0,0,1,433.4897526041666
2025-12-09 23:00:00,0,0,1,459.6135538736979
2025-12-10 00:00:00,0,0,0,469.6579549153646
2025-12-10 01:00:00,0,0,0,484.17450358072915
2025-12-10 02:00:00,0,0,0,486.2198649088542
2025-12-10 03:00:00,0,0,0,482.8874348958333
2025-12-10 04:00:00,0,0,0,476.5381754557292
2025-12-10 05:00:00,0,0,0,457.943466796875
2025-12-10 06:00:00,0,0,0,422.7193660481771
2025-12-10 07:00:00,0,0,0,375.5036450195313
2025-12-10 08:00:00,0,0,0,344.0362931315103
2025-12-10 09:00:00,0,0,0,342.8964567057292
2025-12-10 10:00:00,0,0,0,355.8187003580729
2025-12-10 11:00:00,0,0,0,371.42598307291655
2025-12-10 12:00:00,0,0,0,385.1343888346355
2025-12-10 13:00:00,0,0,0,407.4064680989584
2025-12-10 14:00:00,0,0,0,417.83468180338537
2025-12-10 15:00:00,0,0,0,380.65030354817713
2025-12-10 16:00:00,0,0,0,302.28645670572905
2025-12-10 17:00:00,0,0,0,222.44626139322907
2025-12-10 18:00:00,0,0,1,207.28251302083333
2025-12-10 19:00:00,0,0,1,254.94381998697907
2025-12-10 20:00:00,0,0,1,348.0848494466146
2025-12-10 21:00:00,0,0,1,402.78802164713534
2025-12-10 22:00:00,0,0,1,425.63750162760414
2025-12-10 23:00:00,0,0,1,451.20610026041663
2025-12-11 00:00:00,0,0,0,467.3032617187499
2025-12-11 01:00:00,0,0,0,482.33990966796875
2025-12-11 02:00:00,0,0,0,486.92244710286457
2025-12-11 03:00:00,0,0,0,481.69038004557297
2025-12-11 04:00:00,0,0,0,471.6237467447917
2025-12-11 05:00:00,0,0,0,450.9716772460938
2025-12-11 06:00:00,0,0,0,412.766600748698
2025-12-11 07:00:00,0,0,0,365.2793994140625
2025-12-11 08:00:00,0,0,0,341.82805094401033
2025-12-11 09:00:00,0,0,0,346.2162060546875
2025-12-11 10:00:00,0,0,0,364.5471150716146
2025-12-11 11:00:00,0,0,0,380.53767008463547
2025-12-11 12:00:00,0,0,0,396.5848225911459
2025-12-11 13:00:00,0,0,0,419.6047306315104
2025-12-11 14:00:00,0,0,0,429.65989990234357
2025-12-11 15:00:00,0,0,0,387.8228662109375
2025-12-11 16:00:00,0,0,0,305.58759114583336
2025-12-11 17:00:00,0,0,0,226.99308268229163
2025-12-11 18:00:00,0,0,1,212.39988037109367
2025-12-11 19:00:00,0,0,1,255.7029899088542
2025-12-11 20:00:00,0,0,1,347.4788907877604
2025-12-11 21:00:00,0,0,1,405.35713053385416
2025-12-11 22:00:00,0,0,1,425.58858723958326
2025-12-11 23:00:00,0,0,1,450.26226562500005
2025-12-12 00:00:00,0,0,0,470.31085774739586
2025-12-12 01:00:00,0,0,0,485.18574055989586
2025-12-12 02:00:00,0,0,0,489.90840169270837
2025-12-12 03:00:00,0,0,0,486.9227303059895
2025-12-12 04:00:00,0,0,0,477.21549804687504
2025-12-12 05:00:00,0,0,0,454.43367268880206
2025-12-12 06:00:00,0,0,0,417.5085375976562
2025-12-12 07:00:00,0,0,0,365.16461263020824
2025-12-12 08:00:00,0,0,0,342.82205891927083
2025-12-12 09:00:00,0,0,0,350.0316056315105
2025-12-12 10:00:00,0,0,0,365.88152832031255
2025-12-12 11:00:00,0,0,0,380.6253792317707
2025-12-12 12:00:00,0,0,0,392.1571077473959
2025-12-12 13:00:00,0,0,0,412.2519661458332
2025-12-12 14:00:00,0,0,0,424.58466471354154
2025-12-12 15:00:00,0,0,0,387.40206949869776
2025-12-12 16:00:00,0,0,0,306.82526692708325
2025-12-12 17:00:00,0,0,0,234.8690006510417
2025-12-12 18:00:00,0,0,1,222.74935546874997
2025-12-12 19:00:00,0,0,1,266.5395572916666
2025-12-12 20:00:00,0,0,1,358.52435465494796
2025-12-12 21:00:00,0,0,1,411.87518310546875
2025-12-12 22:00:00,0,0,1,431.0549283854166
2025-12-12 23:00:00,0,0,1,457.0915657552083
2025-12-13 00:00:00,0,0,0,481.09077718098956
2025-12-13 01:00:00,0,0,0,494.99994954427086
2025-12-13 02:00:00,0,0,0,498.7984773763021
2025-12-13 03:00:00,0,0,0,494.5780322265624
2025-12-13 04:00:00,0,0,0,483.6622395833333
2025-12-13 05:00:00,0,0,0,464.57234374999996
2025-12-13 06:00:00,0,0,0,432.0359912109375
2025-12-13 07:00:00,0,0,0,385.89068196614585
2025-12-13 08:00:00,0,0,0,367.9478938802083
2025-12-13 09:00:00,0,0,0,377.624033203125
2025-12-13 10:00:00,0,0,0,395.82291259765634
2025-12-13 11:00:00,0,0,0,417.3564379882812
2025-12-13 12:00:00,0,0,0,428.7931453450519
2025-12-13 13:00:00,0,0,0,441.55155680338544
2025-12-13 14:00:00,0,0,0,444.83601643880206
2025-12-13 15:00:00,0,0,0,412.3435009765626
2025-12-13 16:00:00,0,0,0,345.05329508463547
2025-12-13 17:00:00,0,0,0,278.76580810546875
2025-12-13 18:00:00,0,0,1,260.379775390625
2025-12-13 19:00:00,0,0,1,292.60370442708336
2025-12-13 20:00:00,0,0,1,369.3923225911458
2025-12-13 21:00:00,0,0,1,412.21820800781256
2025-12-13 22:00:00,0,0,1,424.94461995442714
2025-12-13 23:00:00,0,0,1,449.5743416341145
2025-12-14 00:00:00,0,0,0,514.2702587890625
2025-12-14 01:00:00,0,0,0,520.539189453125
2025-12-14 02:00:00,0,0,0,520.0238305664062
2025-12-14 03:00:00,0,0,0,515.3623234049479
2025-12-14 04:00:00,0,0,0,508.4488549804687
2025-12-14 05:00:00,0,0,0,491.63932291666663
2025-12-14 06:00:00,0,0,0,457.80658772786455
2025-12-14 07:00:00,0,0,0,417.0502937825521
2025-12-14 08:00:00,0,0,0,389.41230468749995
2025-12-14 09:00:00,0,0,0,378.63701822916664
2025-12-14 10:00:00,0,0,0,383.44573811848954
2025-12-14 11:00:00,0,0,0,391.00820149739593
2025-12-14 12:00:00,0,0,0,418.630889485677
2025-12-14 13:00:00,0,0,0,425.8818416341146
2025-12-14 14:00:00,0,0,0,437.48785807291665
2025-12-14 15:00:00,0,0,0,411.1136645507813
2025-12-14 16:00:00,0,0,0,366.8509741210937
2025-12-14 17:00:00,0,0,0,310.5203645833334
2025-12-14 18:00:00,0,0,1,291.58463623046873
2025-12-14 19:00:00,0,0,1,322.027246907552
2025-12-14 20:00:00,0,0,1,391.8012874348958
2025-12-14 21:00:00,0,0,1,427.0036873372395
2025-12-14 22:00:00,0,0,1,445.12249755859375
2025-12-14 23:00:00,0,0,1,474.2544059244792
2025-12-15 00:00:00,0,0,0,509.7296337890625
2025-12-15 01:00:00,0,0,0,516.2625431315104
2025-12-15 02:00:00,0,0,0,514.4803759765624
2025-12-15 03:00:00,0,0,0,511.34478271484375
2025-12-15 04:00:00,0,0,0,506.06670817057284
2025-12-15 05:00:00,0,0,0,487.8575455729167
2025-12-15 06:00:00,0,0,0,443.910547688802
2025-12-15 07:00:00,0,0,0,391.79839680989585
2025-12-15 08:00:00,0,0,0,359.7234855143229
2025-12-15 09:00:00,0,0,0,345.703583170573
2025-12-15 10:00:00,0,0,0,361.23336751302077
2025-12-15 11:00:00,0,0,0,360.0860636393229
2025-12-15 12:00:00,0,0,0,366.8867333984374
2025-12-15 13:00:00,0,0,0,393.8040885416667
2025-12-15 14:00:00,0,0,0,409.3636873372395
2025-12-15 15:00:00,0,0,0,388.6451562500001
2025-12-15 16:00:00,0,0,0,320.3726985677083
2025-12-15 17:00:00,0,0,0,246.64283447265632
2025-12-15 18:00:00,0,0,1,228.90593994140625
2025-12-15 19:00:00,0,0,1,275.53718343098956
2025-12-15 20:00:00,0,0,1,368.7595393880208
2025-12-15 21:00:00,0,0,1,418.66766357421875
2025-12-15 22:00:00,0,0,1,438.3946598307291
2025-12-15 23:00:00,0,0,1,467.4518717447917
2025-12-16 00:00:00,0,0,0,482.7643790690105
2025-12-16 01:00:00,0,0,0,497.1665055338542
2025-12-16 02:00:00,0,0,0,499.09746256510414
2025-12-16 03:00:00,0,0,0,497.94914062500004
2025-12-16 04:00:00,0,0,0,490.23337890625
2025-12-16 05:00:00,0,0,0,467.2327701822917
2025-12-16 06:00:00,0,0,0,423.22280436197923
2025-12-16 07:00:00,0,0,0,367.54352376302086
2025-12-16 08:00:00,0,0,0,321.36249023437495
2025-12-16 09:00:00,0,0,0,299.7397395833332
2025-12-16 10:00:00,0,0,0,296.484405110677
2025-12-16 11:00:00,0,0,0,302.6692895507813
2025-12-16 12:00:00,0,0,0,308.7881917317709
2025-12-16 13:00:00,0,0,0,344.48748616536454
2025-12-16 14:00:00,0,0,0,369.90754557291666
2025-12-16 15:00:00,0,0,0,355.4991617838541
2025-12-16 16:00:00,0,0,0,295.9861800130209
2025-12-16 17:00:00,0,0,0,226.4622924804687
2025-12-16 18:00:00,0,0,1,210.92266764322926
2025-12-16 19:00:00,0,0,1,261.6842106119791
2025-12-16 20:00:00,0,0,1,356.10000569661463
2025-12-16 21:00:00,0,0,1,410.32829182942703
2025-12-16 22:00:00,0,0,1,429.9968025716146
2025-12-16 23:00:00,0,0,1,454.6812972005208
2025-12-17 00:00:00,0,0,1,466.19857096354167
2025-12-17 01:00:00,0,0,1,482.6511263020834
2025-12-17 02:00:00,0,0,1,484.5202783203125
2025-12-17 03:00:00,0,0,1,480.64298583984373
2025-12-17 04:00:00,0,0,1,468.3650105794271
2025-12-17 05:00:00,0,0,1,444.04852539062495
2025-12-17 06:00:00,0,0,1,400.737685546875
2025-12-17 07:00:00,0,0,1,347.41509114583334
2025-12-17 08:00:00,0,0,1,303.42194580078126
2025-12-17 09:00:00,0,0,1,288.93013671874996
2025-12-17 10:00:00,0,0,1,290.01152425130203
2025-12-17 11:00:00,0,0,1,295.24397949218746
2025-12-17 12:00:00,0,0,1,300.9340047200519
2025-12-17 13:00:00,0,0,1,323.9116186523438
2025-12-17 14:00:00,0,0,1,354.77585205078117
2025-12-17 15:00:00,0,0,1,339.09884602864577
2025-12-17 16:00:00,0,0,1,281.5986637369791
2025-12-17 17:00:00,0,0,1,214.86702718098957
2025-12-17 18:00:00,0,0,2,201.14034016927087
2025-12-17 19:00:00,0,0,2,249.35286621093758
2025-12-17 20:00:00,0,0,2,343.7623681640624
2025-12-17 21:00:00,0,0,2,399.90409912109374
2025-12-17 22:00:00,0,0,2,422.36005940755206
2025-12-17 23:00:00,0,0,2,451.12384765625006
2025-12-18 00:00:00,0,0,0,531.4848942057291
2025-12-18 01:00:00,0,0,0,537.5237955729167
2025-12-18 02:00:00,0,0,0,534.8488716634114
2025-12-18 03:00:00,0,0,0,529.9459025065104
2025-12-18 04:00:00,0,0,0,520.5283964029948
2025-12-18 05:00:00,0,0,0,500.5507609049479
2025-12-18 06:00:00,0,0,0,461.6938232421875
2025-12-18 07:00:00,0,0,0,412.23906250000005
2025-12-18 08:00:00,0,0,0,371.5619759114584
2025-12-18 09:00:00,0,0,0,356.05475504557285
2025-12-18 10:00:00,0,0,0,351.091563313802
2025-12-18 11:00:00,0,0,0,357.924346516927
2025-12-18 12:00:00,0,0,0,374.8061767578124
2025-12-18 13:00:00,0,0,0,398.582967936198
2025-12-18 14:00:00,0,0,0,418.94780436197925
2025-12-18 15:00:00,0,0,0,398.6625659179688
2025-12-18 16:00:00,0,0,0,341.54487711588536
2025-12-18 17:00:00,0,0,0,277.64481282552083
2025-12-18 18:00:00,0,0,1,260.16776855468754
2025-12-18 19:00:00,0,0,1,300.0479524739584
2025-12-18 20:00:00,0,0,1,381.7541137695313
2025-12-18 21:00:00,0,0,1,430.76400797526037
2025-12-18 22:00:00,0,0,1,448.4235986328125
2025-12-18 23:00:00,0,0,1,471.25724527994794
2025-12-19 00:00:00,0,0,0,466.64727783203125
2025-12-19 01:00:00,0,0,0,483.64533284505205
2025-12-19 02:00:00,0,0,0,488.5470133463542
2025-12-19 03:00:00,0,0,0,485.70232991536454
2025-12-19 04:00:00,0,0,0,479.03473551432285
2025-12-19 05:00:00,0,0,0,455.54998942057296
2025-12-19 06:00:00,0,0,0,419.51104166666664
2025-12-19 07:00:00,0,0,0,372.29509847005204
2025-12-19 08:00:00,0,0,0,345.6416170247396
2025-12-19 09:00:00,0,0,0,346.9339957682291
2025-12-19 10:00:00,0,0,0,357.9333536783854
2025-12-19 11:00:00,0,0,0,378.4779516601561
2025-12-19 12:00:00,0,0,0,395.81156494140623
2025-12-19 13:00:00,0,0,0,419.0805419921876
2025-12-19 14:00:00,0,0,0,430.24477945963554
2025-12-19 15:00:00,0,0,0,392.4952824031161
2025-12-19 16:00:00,0,0,0,314.9862076822917
2025-12-19 17:00:00,0,0,0,239.6397688802084
2025-12-19 18:00:00,0,0,1,227.28339274088535
2025-12-19 19:00:00,0,0,1,270.41215006510413
2025-12-19 20:00:00,0,0,1,361.4903792317708
2025-12-19 21:00:00,0,0,1,415.5976383463542
2025-12-19 22:00:00,0,0,1,437.0008764648438
2025-12-19 23:00:00,0,0,1,464.3709611002604
2025-12-20 00:00:00,0,0,0,485.57856201171876
2025-12-20 01:00:00,0,0,0,501.75837727864587
2025-12-20 02:00:00,0,0,0,504.78545491536465
2025-12-20 03:00:00,0,0,0,503.0112125651042
2025-12-20 04:00:00,0,0,0,497.49715169270837
2025-12-20 05:00:00,0,0,0,480.67776204427093
2025-12-20 06:00:00,0,0,0,450.34052734374995
2025-12-20 07:00:00,0,0,0,400.36030110677086
2025-12-20 08:00:00,0,0,0,371.31157633463545
2025-12-20 09:00:00,0,0,0,373.7415600585937
2025-12-20 10:00:00,0,0,0,387.6213167317708
2025-12-20 11:00:00,0,0,0,404.8519327799479
2025-12-20 12:00:00,0,0,0,418.92570882161453
2025-12-20 13:00:00,0,0,0,435.50506347656255
2025-12-20 14:00:00,0,0,0,442.1115283203126
2025-12-20 15:00:00,0,0,0,409.081298828125
2025-12-20 16:00:00,0,0,0,337.43157389322914
2025-12-20 17:00:00,0,0,0,263.0281005859375
2025-12-20 18:00:00,0,0,1,249.192381998698
2025-12-20 19:00:00,0,0,1,294.862772623698
2025-12-20 20:00:00,0,0,1,381.3261547851564
2025-12-20 21:00:00,0,0,1,427.6535856119792
2025-12-20 22:00:00,0,0,1,445.20195882161465
2025-12-20 23:00:00,0,0,1,470.75311523437495
2025-12-21 00:00:00,0,0,0,520.7661999511719
2025-12-21 01:00:00,0,0,0,529.4115075683593
2025-12-21 02:00:00,0,0,0,526.7680033365885
2025-12-21 03:00:00,0,0,0,521.2037438964843
2025-12-21 04:00:00,0,0,0,514.7499267578125
2025-12-21 05:00:00,0,0,0,500.3629272460937
2025-12-21 06:00:00,0,0,0,466.59880859374994
2025-12-21 07:00:00,0,0,0,417.4712988281251
2025-12-21 08:00:00,0,0,0,388.7757967122395
2025-12-21 09:00:00,0,0,0,392.0543131510417
2025-12-21 10:00:00,0,0,0,404.57315755208333
2025-12-21 11:00:00,0,0,0,419.3134513346354
2025-12-21 12:00:00,0,0,0,429.0894783528645
2025-12-21 13:00:00,0,0,0,444.06076822916657
2025-12-21 14:00:00,0,0,0,448.38864501953117
2025-12-21 15:00:00,0,0,0,414.98944091796875
2025-12-21 16:00:00,0,0,0,346.6547810872396
2025-12-21 17:00:00,0,0,0,272.9197656250001
2025-12-21 18:00:00,0,0,1,256.54276936848953
2025-12-21 19:00:00,0,0,1,298.12590657552084
2025-12-21 20:00:00,0,0,1,376.7675431315105
2025-12-21 21:00:00,0,0,1,419.7889469401041
2025-12-21 22:00:00,0,0,1,439.2179166666666
2025-12-21 23:00:00,0,0,1,470.79431640625
2025-12-22 00:00:00,0,0,0,504.6722473144531
2025-12-22 01:00:00,0,0,0,515.2331030273438
2025-12-22 02:00:00,0,0,0,516.436131998698
2025-12-22 03:00:00,0,0,0,513.1513159179688
2025-12-22 04:00:00,0,0,0,506.97820597330735
2025-12-22 05:00:00,0,0,0,491.11896240234375
2025-12-22 06:00:00,0,0,0,456.39530924479163
2025-12-22 07:00:00,0,0,0,404.4369042968749
2025-12-22 08:00:00,0,0,0,369.8077327473959
2025-12-22 09:00:00,0,0,0,366.68186604817697
2025-12-22 10:00:00,0,0,0,376.71552978515615
2025-12-22 11:00:00,0,0,0,390.90644042968756
2025-12-22 12:00:00,0,0,0,404.78880615234357
2025-12-22 13:00:00,0,0,0,425.88434000651046
2025-12-22 14:00:00,0,0,0,432.7338004557291
2025-12-22 15:00:00,0,0,0,394.4398258463543
2025-12-22 16:00:00,0,0,0,318.05110677083326
2025-12-22 17:00:00,0,0,0,241.30631266276043
2025-12-22 18:00:00,0,0,1,228.94868815104167
2025-12-22 19:00:00,0,0,1,273.8350862630209
2025-12-22 20:00:00,0,0,1,363.36856445312503
2025-12-22 21:00:00,0,0,1,413.72466959635426
2025-12-22 22:00:00,0,0,1,437.09027343749995
2025-12-22 23:00:00,0,0,1,466.2179956054687
2025-12-23 00:00:00,0,0,0,475.7231518554688
2025-12-23 01:00:00,0,0,0,491.9107869466146
2025-12-23 02:00:00,0,0,0,493.1223046875
2025-12-23 03:00:00,0,0,0,493.78677490234384
2025-12-23 04:00:00,0,0,0,487.63371582031255
2025-12-23 05:00:00,0,0,0,470.52237630208333
2025-12-23 06:00:00,0,0,0,439.88137532552093
2025-12-23 07:00:00,0,0,0,389.72408935546866
2025-12-23 08:00:00,0,0,0,357.4776505533855
2025-12-23 09:00:00,0,0,0,354.9180777994791
2025-12-23 10:00:00,0,0,0,363.7398779296875
2025-12-23 11:00:00,0,0,0,375.3696516927082
2025-12-23 12:00:00,0,0,0,387.8950423177082
2025-12-23 13:00:00,0,0,0,409.32072347005214
2025-12-23 14:00:00,0,0,0,418.1163395182291
2025-12-23 15:00:00,0,0,0,382.69514078776047
2025-12-23 16:00:00,0,0,0,304.63212890625005
2025-12-23 17:00:00,0,0,0,226.9947688802083
2025-12-23 18:00:00,0,0,1,213.63936279296877
2025-12-23 19:00:00,0,0,1,261.20366373697914
2025-12-23 20:00:00,0,0,1,354.93597086588534
2025-12-23 21:00:00,0,0,1,408.52667480468745
2025-12-23 22:00:00,0,0,1,429.00537109375
2025-12-23 23:00:00,0,0,1,457.2899047851563
2025-12-24 00:00:00,0,0,0,463.00004475911453
2025-12-24 01:00:00,0,0,0,484.4610384114584
2025-12-24 02:00:00,0,0,0,489.49394856770834
2025-12-24 03:00:00,0,0,0,488.1668806966146
2025-12-24 04:00:00,0,0,0,480.80536783854166
2025-12-24 05:00:00,0,0,0,461.92634684244797
2025-12-24 06:00:00,0,0,0,428.53488444010407
2025-12-24 07:00:00,0,0,0,381.73519531249997
2025-12-24 08:00:00,0,0,0,358.2692740885416
2025-12-24 09:00:00,0,0,0,360.83609375000015
2025-12-24 10:00:00,0,0,0,373.7951627604166
2025-12-24 11:00:00,0,0,0,393.78849934895834
2025-12-24 12:00:00,0,0,0,405.4591113281251
2025-12-24 13:00:00,0,0,0,422.0652115885416
2025-12-24 14:00:00,0,0,0,429.42756184895825
2025-12-24 15:00:00,0,0,0,391.2811222330729
2025-12-24 16:00:00,0,0,0,320.7423445638019
2025-12-24 17:00:00,0,0,0,249.66728271484374
2025-12-24 18:00:00,0,0,1,233.94366129557284
2025-12-24 19:00:00,0,0,1,273.76095052083326
2025-12-24 20:00:00,0,0,1,359.42878173828126
2025-12-24 21:00:00,0,0,1,407.75924723307287
2025-12-24 22:00:00,0,0,1,426.8766162109374
2025-12-24 23:00:00,0,0,1,454.8449780273438
2025-12-25 00:00:00,0,0,0,458.5004768880208
2025-12-25 01:00:00,0,0,0,475.49956461588545
2025-12-25 02:00:00,0,0,0,477.3017504882812
2025-12-25 03:00:00,0,0,0,471.90702880859374
2025-12-25 04:00:00,0,0,0,459.5439518229166
2025-12-25 05:00:00,0,0,0,436.6871232096354
2025-12-25 06:00:00,0,0,0,403.2334374999999
2025-12-25 07:00:00,0,0,0,353.79903157552087
2025-12-25 08:00:00,0,0,0,327.0727693684896
2025-12-25 09:00:00,0,0,0,332.819794921875
2025-12-25 10:00:00,0,0,0,348.8639819335938
2025-12-25 11:00:00,0,0,0,365.25997233072917
2025-12-25 12:00:00,0,0,0,380.83103515625
2025-12-25 13:00:00,0,0,0,403.03289713541676
2025-12-25 14:00:00,0,0,0,412.24686991028875
2025-12-25 15:00:00,0,0,0,373.4106420898438
2025-12-25 16:00:00,0,0,0,294.36089762369784
2025-12-25 17:00:00,0,0,0,218.12566650390625
2025-12-25 18:00:00,0,0,1,201.53218750000008
2025-12-25 19:00:00,0,0,1,245.75100748697912
2025-12-25 20:00:00,0,0,1,337.69659830729165
2025-12-25 21:00:00,0,0,1,393.03718098958336
2025-12-25 22:00:00,0,0,1,415.3255777994792
2025-12-25 23:00:00,0,0,1,438.93036051432296
2025-12-26 00:00:00,0,0,0,449.79167317708334
2025-12-26 01:00:00,0,0,0,467.1883870442708
2025-12-26 02:00:00,0,0,0,470.86459228515616
2025-12-26 03:00:00,0,0,0,467.7593164062499
2025-12-26 04:00:00,0,0,0,457.87946370442705
2025-12-26 05:00:00,0,0,0,436.02395345052093
2025-12-26 06:00:00,0,0,0,399.8017513020834
2025-12-26 07:00:00,0,0,0,347.1102384440105
2025-12-26 08:00:00,0,0,0,324.55427327473967
2025-12-26 09:00:00,0,0,0,328.09573974609384
2025-12-26 10:00:00,0,0,0,344.56771158854167
2025-12-26 11:00:00,0,0,0,365.13454833984383
2025-12-26 12:00:00,0,0,0,380.95038248697915
2025-12-26 13:00:00,0,0,0,403.7332666015625
2025-12-26 14:00:00,0,0,0,408.5041251627606
2025-12-26 15:00:00,0,0,0,369.2106819661458
2025-12-26 16:00:00,0,0,0,289.3133715820313
2025-12-26 17:00:00,0,0,0,214.0104907226563
2025-12-26 18:00:00,0,0,1,199.846689453125
2025-12-26 19:00:00,0,0,1,241.09869954427086
2025-12-26 20:00:00,0,0,1,329.9709651692708
2025-12-26 21:00:00,0,0,1,384.70610514322914
2025-12-26 22:00:00,0,0,1,408.2087670898437
2025-12-26 23:00:00,0,0,1,437.310419921875
2025-12-27 00:00:00,0,0,0,462.06367838541667
2025-12-27 01:00:00,0,0,0,478.19869628906247
2025-12-27 02:00:00,0,0,0,478.0101407877604
2025-12-27 03:00:00,0,0,0,477.1375577799479
2025-12-27 04:00:00,0,0,0,467.21408365885407
2025-12-27 05:00:00,0,0,0,444.7409456380209
2025-12-27 06:00:00,0,0,0,413.7694278971354
2025-12-27 07:00:00,0,0,0,363.11772135416663
2025-12-27 08:00:00,0,0,0,342.28043863932294
2025-12-27 09:00:00,0,0,0,357.3991536458334
2025-12-27 10:00:00,0,0,0,378.2546443684896
2025-12-27 11:00:00,0,0,0,401.2873364257812
2025-12-27 12:00:00,0,0,0,414.57285970052067
2025-12-27 13:00:00,0,0,0,424.8008626302085
2025-12-27 14:00:00,0,0,0,428.7563940429686
2025-12-27 15:00:00,0,0,0,395.95944580078117
2025-12-27 16:00:00,0,0,0,327.67389973958325
2025-12-27 17:00:00,0,0,0,259.323124186198
2025-12-27 18:00:00,0,0,1,245.85796956380204
2025-12-27 19:00:00,0,0,1,278.99920572916676
2025-12-27 20:00:00,0,0,1,351.0323714192708
2025-12-27 21:00:00,0,0,1,392.513193359375
2025-12-27 22:00:00,0,0,1,407.8933219401042
2025-12-27 23:00:00,0,0,1,437.1469637044271
2025-12-28 00:00:00,0,0,0,486.36324381510417
2025-12-28 01:00:00,0,0,0,496.3560856119791
2025-12-28 02:00:00,0,0,0,497.2913549804688
2025-12-28 03:00:00,0,0,0,490.17340006510426
2025-12-28 04:00:00,0,0,0,480.7110636393229
2025-12-28 05:00:00,0,0,0,459.7219034830729
2025-12-28 06:00:00,0,0,0,419.2841560872396
2025-12-28 07:00:00,0,0,0,371.5273356119792
2025-12-28 08:00:00,0,0,0,353.37102376302096
2025-12-28 09:00:00,0,0,0,366.44332438151037
2025-12-28 10:00:00,0,0,0,387.5794384765625
2025-12-28 11:00:00,0,0,0,408.1219523111979
2025-12-28 12:00:00,0,0,0,423.50197184244803
2025-12-28 13:00:00,0,0,0,436.15925618489587
2025-12-28 14:00:00,0,0,0,438.7071492513021
2025-12-28 15:00:00,0,0,0,404.9946484375
2025-12-28 16:00:00,0,0,0,339.6175211588543
2025-12-28 17:00:00,0,0,0,271.3266918945312
2025-12-28 18:00:00,0,0,1,253.40349283854164
2025-12-28 19:00:00,0,0,1,287.87581624348957
2025-12-28 20:00:00,0,0,1,362.05624430338537
2025-12-28 21:00:00,0,0,1,402.00884928385426
2025-12-28 22:00:00,0,0,1,420.4001692708333
2025-12-28 23:00:00,0,0,1,448.094384765625
2025-12-29 00:00:00,0,0,0,504.0329915364583
2025-12-29 01:00:00,0,0,0,506.5747029622396
2025-12-29 02:00:00,0,0,0,504.52605550130215
2025-12-29 03:00:00,0,0,0,501.1092374674479
2025-12-29 04:00:00,0,0,0,491.26753011067706
2025-12-29 05:00:00,0,0,0,469.9058007812499
2025-12-29 06:00:00,0,0,0,426.99567626953126
2025-12-29 07:00:00,0,0,0,378.0274755859375
2025-12-29 08:00:00,0,0,0,350.3098323567708
2025-12-29 09:00:00,0,0,0,355.8022696940104
2025-12-29 10:00:00,0,0,0,369.88845458984383
2025-12-29 11:00:00,0,0,0,390.007354329427
2025-12-29 12:00:00,0,0,0,405.53071858723956
2025-12-29 13:00:00,0,0,0,423.8135970052083
2025-12-29 14:00:00,0,0,0,429.9386206054687
2025-12-29 15:00:00,0,0,0,397.8790576171875
2025-12-29 16:00:00,0,0,0,327.5690901692708
2025-12-29 17:00:00,0,0,0,253.74233968098963
2025-12-29 18:00:00,0,0,1,234.0771427408854
2025-12-29 19:00:00,0,0,1,278.8497469075521
2025-12-29 20:00:00,0,0,1,368.14300292968755
2025-12-29 21:00:00,0,0,1,414.5957104492188
2025-12-29 22:00:00,0,0,1,433.61283610026044
2025-12-29 23:00:00,0,0,1,460.9340608723959
2025-12-30 00:00:00,0,0,0,479.63104329427074
2025-12-30 01:00:00,0,0,0,492.159082845052
2025-12-30 02:00:00,0,0,0,491.99604329427086
2025-12-30 03:00:00,0,0,0,489.2555069986979
2025-12-30 04:00:00,0,0,0,477.80427571614587
2025-12-30 05:00:00,0,0,0,451.43855305989587
2025-12-30 06:00:00,0,0,0,400.62858317057294
2025-12-30 07:00:00,0,0,0,343.4363850911459
2025-12-30 08:00:00,0,0,0,317.0490690104166
2025-12-30 09:00:00,0,0,0,315.7151326497394
2025-12-30 10:00:00,0,0,0,325.2237467447917
2025-12-30 11:00:00,0,0,0,333.8986775716146
2025-12-30 12:00:00,0,0,0,357.75712320963544
2025-12-30 13:00:00,0,0,0,369.9652197265625
2025-12-30 14:00:00,0,0,0,390.1602937825521
2025-12-30 15:00:00,0,0,0,358.6024137369793
2025-12-30 16:00:00,0,0,0,291.0929939778646
2025-12-30 17:00:00,0,0,0,214.44748209635418
2025-12-30 18:00:00,0,0,1,198.8520540364584
2025-12-30 19:00:00,0,0,1,244.74147949218752
2025-12-30 20:00:00,0,0,1,340.8731730143229
2025-12-30 21:00:00,0,0,1,397.37117187499996
2025-12-30 22:00:00,0,0,1,421.91069091796874
2025-12-30 23:00:00,0,0,1,449.8286499023437
2025-12-31 00:00:00,0,0,0,469.1673356119792
2025-12-31 01:00:00,0,0,0,478.35209879557294
2025-12-31 02:00:00,0,0,0,479.60968261718745
2025-12-31 03:00:00,0,0,0,475.57427246093744
2025-12-31 04:00:00,0,0,0,463.9236173502603
2025-12-31 05:00:00,0,0,0,435.1251432291666
2025-12-31 06:00:00,0,0,0,387.6954125976562
2025-12-31 07:00:00,0,0,0,334.4211181640625
2025-12-31 08:00:00,0,0,0,302.42976236979166
2025-12-31 09:00:00,0,0,0,303.31085205078125
2025-12-31 10:00:00,0,0,0,321.863485514323
2025-12-31 11:00:00,0,0,0,338.51251383463546
2025-12-31 12:00:00,0,0,0,339.10957031249995
2025-12-31 13:00:00,0,0,0,377.7577864583334
2025-12-31 14:00:00,0,0,0,398.7227636718751
2025-12-31 15:00:00,0,0,0,366.1523649088542
2025-12-31 16:00:00,0,0,0,298.1975179036458
2025-12-31 17:00:00,0,0,0,221.66584879557286
2025-12-31 18:00:00,0,0,1,205.80027669270828
2025-12-31 19:00:00,0,0,1,252.34916422526044
2025-12-31 20:00:00,0,0,1,346.0253946940104
2025-12-31 21:00:00,0,0,1,400.94046712239583
2025-12-31 22:00:00,0,0,1,421.2818310546876
2025-12-31 23:00:00,0,0,1,445.64761067708343
